Location,Filename,Year,Month,Day,Hour,AQI,AQI_Class,Date,PM2.5,PM10,CO,NO2,SO2,O3
Tamil Nadu,TN_UnFSG_2023-03-02-08.30-1.jpg,2023,3,2,12,119,c_Unhealthy_for_Sensitive_Groups,2023-03-02,8.6,16.2,185.0,2.6,1.1,86.0
Bengaluru,BENGR_Mod_2023-02-24-08.30-1-166.jpg,2023,2,24,12,68,b_Moderate,2023-02-24,11.3,16.6,250.0,9.2,10.1,126.0
"Biratnagar, Nepal",BIR_UNFSG_VF_2023-02-03-15.00-2-24.jpg,2023,2,3,12,141,c_Unhealthy_for_Sensitive_Groups,2023-02-03,69.8,99.7,581.0,11.6,6.8,112.0
Mumbai,MH_UnFSG_2023-03-10-16.00-1-76.jpg,2023,3,10,12,141,c_Unhealthy_for_Sensitive_Groups,2023-03-10,51.1,75.7,577.0,42.8,39.8,185.0
"ITO, Delhi",DEL_SEV_2023-02-07-14.00-2-8.jpg,2023,2,7,12,449,f_Severe,2023-02-07,3.0,5.3,89.0,0.3,0.1,54.0
Bengaluru,BENGR_Good_2023-02-26-08.30-1-236.jpg,2023,2,26,12,48,a_Good,2023-02-26,24.5,35.4,262.0,6.6,12.6,156.0
"Biratnagar, Nepal",BIR_UNFSG_VF_2023-02-03-15.00-2-48.jpg,2023,2,3,12,141,c_Unhealthy_for_Sensitive_Groups,2023-02-03,69.8,99.7,581.0,11.6,6.8,112.0
Bengaluru,BENGR_Mod_2023-02-21-08.30-1-526.jpg,2023,2,21,12,56,b_Moderate,2023-02-21,26.0,37.8,303.0,8.9,11.2,152.0
Mumbai,MH_UnFSG_2023-02-17-19.00-2-37.jpg,2023,2,17,12,145,c_Unhealthy_for_Sensitive_Groups,2023-02-17,64.3,96.9,620.0,42.0,43.7,225.0
Mumbai,MH_UH_2023-02-11-03.30-2-49.jpg,2023,2,11,12,154,d_Unhealthy,2023-02-11,50.5,82.9,477.0,34.0,35.6,181.0
"ITO, Delhi",DEL_VUnH_2023-02-16-14.00-1-25.jpg,2023,2,16,12,268,e_Very_Unhealthy,2023-02-16,2.0,3.3,115.0,0.6,0.0,52.0
"Biratnagar, Nepal",BIR_UNH_VF_2023-02-02- 1700-3-58.jpg,2023,2,2,12,156,d_Unhealthy,2023-02-02,57.2,81.7,581.0,12.1,8.5,98.0
"Biratnagar, Nepal",BIR_MOD_2023-02-13-09.30-2.jpg,2023,2,13,12,91,b_Moderate,2023-02-13,40.7,59.3,429.0,13.7,9.2,101.0
Tamil Nadu,TN_UNH_2023-02-03-13.30-1-21.jpg,2023,2,3,12,167,d_Unhealthy,2023-02-03,26.3,38.1,500.0,65.8,1.9,18.0
"Biratnagar, Nepal",BRI_UFSG_2023-02-03- 16.00-5.jpg,2023,2,3,12,141,c_Unhealthy_for_Sensitive_Groups,2023-02-03,69.8,99.7,581.0,11.6,6.8,112.0
"ITO, Delhi",DEL_SEV_2023-02-16-18.00-2-19.jpg,2023,2,16,12,330,f_Severe,2023-02-16,2.0,3.3,115.0,0.6,0.0,52.0
"ITO, Delhi",DEL_VUH_2023-02-04-17.00-2-152.jpg,2023,2,4,12,281,e_Very_Unhealthy,2023-02-04,2.8,4.9,89.0,0.2,0.1,62.0
"ITO, Delhi",DEL_SEV_2023-02-07-14.00-4.jpg,2023,2,7,12,449,f_Severe,2023-02-07,3.0,5.3,89.0,0.3,0.1,54.0
"ITO, Delhi",DEL_SEV_2023-02-22-14.00-2-296.jpg,2023,2,22,12,450,f_Severe,2023-02-22,2.4,4.2,128.0,0.1,0.0,83.0
Tamil Nadu,TN_UnFSG_2023-03-09-09.00-1-6.jpg,2023,3,9,12,134,c_Unhealthy_for_Sensitive_Groups,2023-03-09,10.4,15.2,234.0,12.8,0.9,62.0
"Dimapur, Nagaland",Dimapur_UHFSG_2023-02-02- 09.00-3-34.jpg,2023,2,2,12,103,c_Unhealthy_for_Sensitive_Groups,2023-02-02,39.6,56.9,296.0,6.5,2.7,107.0
Tamil Nadu,TN_Good_2023-02-22-09.30-1-221.jpg,2023,2,22,12,36,a_Good,2023-02-22,8.3,12.4,216.0,13.8,2.4,52.0
Bengaluru,BENGR_Good_2023-02-28-08.30-1-131.jpg,2023,2,28,12,37,a_Good,2023-02-28,27.2,39.7,398.0,7.6,7.8,127.0
"Biratnagar, Nepal",BRI_UFSG_2023-02-03- 16.00-4.jpg,2023,2,3,12,141,c_Unhealthy_for_Sensitive_Groups,2023-02-03,69.8,99.7,581.0,11.6,6.8,112.0
"Biratnagar, Nepal",BIR_UNFSG_VF_2023-02-03-16.00-1-45.jpg,2023,2,3,12,141,c_Unhealthy_for_Sensitive_Groups,2023-02-03,69.8,99.7,581.0,11.6,6.8,112.0
"Knowledge park, Greater Noida",UP_VUN_2023-03-02-09.00-1-677.jpg,2023,3,2,12,223,e_Very_Unhealthy,2023-03-02,20.5,48.2,338.0,56.9,14.0,72.0
Bengaluru,BENGR_Good_2023-02-28-08.30-1-156.jpg,2023,2,28,12,37,a_Good,2023-02-28,27.2,39.7,398.0,7.6,7.8,127.0
"Knowledge park, Greater Noida",UP_UHFSG_2023-03-06-11.30-1-229.jpg,2023,3,6,12,104,c_Unhealthy_for_Sensitive_Groups,2023-03-06,57.3,103.8,710.0,101.0,20.8,124.0
"Biratnagar, Nepal",BIR_UNH_VF_2023-02-02- 12.00-1-5.jpg,2023,2,2,12,158,d_Unhealthy,2023-02-02,57.2,81.7,581.0,12.1,8.5,98.0
Bengaluru,BENGR_Good_2023-02-27-08.30-1-471.jpg,2023,2,27,12,47,a_Good,2023-02-27,10.8,15.8,277.0,6.9,7.3,131.0
Tamil Nadu,TN_Mod_2023-02-28-08.30-1-136.jpg,2023,2,28,12,73,b_Moderate,2023-02-28,3.8,5.7,174.0,4.3,0.9,75.0
Mumbai,MH_UN_2023-03-16-11.00-1-78.jpg,2023,3,16,12,159,d_Unhealthy,2023-03-16,59.3,90.6,871.0,64.4,81.4,199.0
"Biratnagar, Nepal",BRI_Un_2023-02-09-08.00-6.jpg,2023,2,9,12,171,d_Unhealthy,2023-02-09,94.8,138.8,596.0,11.1,12.4,122.0
"Biratnagar, Nepal",BIR_UFSG_2023-02-14- 14.30-3-45.jpg,2023,2,14,12,101,c_Unhealthy_for_Sensitive_Groups,2023-02-14,43.3,62.6,471.0,15.4,7.5,101.0
"Biratnagar, Nepal",BIR_UNH_VF_2023-02-02- 15.00-2-87.jpg,2023,2,2,12,156,d_Unhealthy,2023-02-02,57.2,81.7,581.0,12.1,8.5,98.0
"ITO, Delhi",DEL_VUnH_2023-02-16-17.00-2-111.jpg,2023,2,16,12,293,e_Very_Unhealthy,2023-02-16,2.0,3.3,115.0,0.6,0.0,52.0
"Knowledge park, Greater Noida",UP_UHFSG_2023-02-24-08.30-1-289.jpg,2023,2,24,12,141,c_Unhealthy_for_Sensitive_Groups,2023-02-24,132.7,224.4,1109.0,243.3,40.8,181.0
"Biratnagar, Nepal",BIR_UNH_VF_2023-02-02- 12.00-1-127.jpg,2023,2,2,12,158,d_Unhealthy,2023-02-02,57.2,81.7,581.0,12.1,8.5,98.0
"ITO, Delhi",DEL_SEV_2023-02-20-14.00-3-316.jpg,2023,2,20,12,363,f_Severe,2023-02-20,4.4,7.8,136.0,0.3,0.0,76.0
"New Ind Town, Faridabad",HAR_VUN_2022-10-02-10.00-1-3145.jpg,2022,10,2,12,230,e_Very_Unhealthy,2022-10-02,16.6,23.7,513.0,2.0,1.8,93.0
"Biratnagar, Nepal",BIR_UNH_VF_2023-02-02- 15.00-4-56.jpg,2023,2,2,12,156,d_Unhealthy,2023-02-02,57.2,81.7,581.0,12.1,8.5,98.0
Mumbai,MH_UnFSG_2023-02-17-13.00-2-1.jpg,2023,2,17,12,140,c_Unhealthy_for_Sensitive_Groups,2023-02-17,64.3,96.9,620.0,42.0,43.7,225.0
Bengaluru,BENGR_Mod_2023-02-24-08.30-1-21.jpg,2023,2,24,12,68,b_Moderate,2023-02-24,11.3,16.6,250.0,9.2,10.1,126.0
Tamil Nadu,TN_UnFSG_2023-03-02-08.30-1-236.jpg,2023,3,2,12,119,c_Unhealthy_for_Sensitive_Groups,2023-03-02,8.6,16.2,185.0,2.6,1.1,86.0
Mumbai,MH_UH_2023-02-14-11.30-1-29.jpg,2023,2,14,12,160,d_Unhealthy,2023-02-14,81.3,119.0,721.0,41.8,52.8,260.0
Bengaluru,BENGR_Good_2023-02-28-08.30-1-451.jpg,2023,2,28,12,37,a_Good,2023-02-28,27.2,39.7,398.0,7.6,7.8,127.0
Mumbai,MH_VUN_2023-03-05-08.30-2-361.jpg,2023,3,5,12,284,e_Very_Unhealthy,2023-03-05,278.5,401.4,1413.0,23.7,39.9,325.0
Mumbai,MH_UH_2023-02-19-12.00-1-58.jpg,2023,2,19,12,160,d_Unhealthy,2023-02-19,143.0,205.8,1159.0,48.0,73.1,327.0
"Biratnagar, Nepal",BRI_Un_2023-02-09-08.00-12.jpg,2023,2,9,12,171,d_Unhealthy,2023-02-09,94.8,138.8,596.0,11.1,12.4,122.0
"Biratnagar, Nepal",BIR_MOD_2023-02-13-09.30-5.jpg,2023,2,13,12,91,b_Moderate,2023-02-13,40.7,59.3,429.0,13.7,9.2,101.0
"Knowledge park, Greater Noida",UP_UHFSG_2023-02-24-08.30-1-301.jpg,2023,2,24,12,141,c_Unhealthy_for_Sensitive_Groups,2023-02-24,132.7,224.4,1109.0,243.3,40.8,181.0
"Biratnagar, Nepal",BIR_UNFSG_VF_2023-02-03-16.00-2-57.jpg,2023,2,3,12,141,c_Unhealthy_for_Sensitive_Groups,2023-02-03,69.8,99.7,581.0,11.6,6.8,112.0
Bengaluru,BENGR_Mod_2023-03-06-08.30-1-66.jpg,2023,3,6,12,68,b_Moderate,2023-03-06,12.6,18.6,218.0,6.5,8.2,129.0
Mumbai,MH_VUN_2023-02-25-10.00-1-66.jpg,2023,2,25,12,206,e_Very_Unhealthy,2023-02-25,64.3,98.3,654.0,37.4,50.9,173.0
Bengaluru,BENGR_Mod_2023-02-25-08.30-1-181.jpg,2023,2,25,12,73,b_Moderate,2023-02-25,19.2,27.9,256.0,7.8,9.3,142.0
Mumbai,MH_VUN_2023-03-05-08.30-1-1.jpg,2023,3,5,12,284,e_Very_Unhealthy,2023-03-05,278.5,401.4,1413.0,23.7,39.9,325.0
Mumbai,MH_UH_2023-02-19-12.00-1-4.jpg,2023,2,19,12,160,d_Unhealthy,2023-02-19,143.0,205.8,1159.0,48.0,73.1,327.0
"ITO, Delhi",DEL_SEV_2023-02-17-13.00-2-51.jpg,2023,2,17,12,372,f_Severe,2023-02-17,0.2,0.3,91.0,0.1,0.0,49.0
"Biratnagar, Nepal",BIR_UNH_VF_2023-02-02- 12.00-1-21.jpg,2023,2,2,12,158,d_Unhealthy,2023-02-02,57.2,81.7,581.0,12.1,8.5,98.0
"ITO, Delhi",DEL_VUH_2023-02-04-17.00-2-38.jpg,2023,2,4,12,281,e_Very_Unhealthy,2023-02-04,2.8,4.9,89.0,0.2,0.1,62.0
Mumbai,MH_UH_2023-02-10-14.30-1-80.jpg,2023,2,10,12,160,d_Unhealthy,2023-02-10,74.7,110.8,581.0,28.9,36.7,198.0
Bengaluru,BENGR_Good_2023-03-25-08.30-1-85.jpg,2023,3,25,12,32,a_Good,2023-03-25,26.6,39.9,248.0,8.4,5.4,133.0
"ITO, Delhi",DEL_VUnH_2023-02-16-14.00-2-3.jpg,2023,2,16,12,268,e_Very_Unhealthy,2023-02-16,2.0,3.3,115.0,0.6,0.0,52.0
"New Ind Town, Faridabad",HAR_VUN_2022-10-02-10.00-1-4913.jpg,2022,10,2,12,230,e_Very_Unhealthy,2022-10-02,16.6,23.7,513.0,2.0,1.8,93.0
"ITO, Delhi",DEL_UnH_2023-02-15-11.30-2-21.jpg,2023,2,15,12,179,d_Unhealthy,2023-02-15,2.5,3.7,124.0,1.0,0.0,54.0
Bengaluru,BENGR_Mod_2023-02-25-08.30-1-416.jpg,2023,2,25,12,73,b_Moderate,2023-02-25,19.2,27.9,256.0,7.8,9.3,142.0
Bengaluru,BENGR_UnFSG_2023-03-08-08.30-1-446.jpg,2023,3,8,12,106,c_Unhealthy_for_Sensitive_Groups,2023-03-08,16.9,24.7,244.0,5.9,5.7,120.0
Tamil Nadu,TN_UHFSG_2023-02-10-08.30-1-8.jpg,2023,2,10,12,105,c_Unhealthy_for_Sensitive_Groups,2023-02-10,3.4,5.3,152.0,3.8,0.5,78.0
"ITO, Delhi",DEL_VUnH_2023-02-16-17.00-2-89.jpg,2023,2,16,12,293,e_Very_Unhealthy,2023-02-16,2.0,3.3,115.0,0.6,0.0,52.0
Mumbai,MH_Good_2023-03-22-18.00-1-469.jpg,2023,3,22,12,47,a_Good,2023-03-22,16.2,31.8,249.0,15.6,16.8,76.0
Mumbai,MH_VUN_2023-03-05-08.30-2-376.jpg,2023,3,5,12,284,e_Very_Unhealthy,2023-03-05,278.5,401.4,1413.0,23.7,39.9,325.0
Bengaluru,BENGR_Mod_2023-03-01-08.30-1-286.jpg,2023,3,1,12,70,b_Moderate,2023-03-01,17.0,25.4,362.0,6.3,6.0,122.0
Tamil Nadu,TN_MOD_2023-02-09-08.30-1-27.jpg,2023,2,9,12,78,b_Moderate,2023-02-09,20.1,29.8,485.0,57.4,2.2,10.0
"Knowledge park, Greater Noida",UP_UHFSG_2023-02-24-08.30-1-337.jpg,2023,2,24,12,141,c_Unhealthy_for_Sensitive_Groups,2023-02-24,132.7,224.4,1109.0,243.3,40.8,181.0
Mumbai,MH_VUN_2023-03-05-08.30-2-26.jpg,2023,3,5,12,284,e_Very_Unhealthy,2023-03-05,278.5,401.4,1413.0,23.7,39.9,325.0
"Biratnagar, Nepal",BIR_UNH_VF_2023-02-02- 15.00-3-51.jpg,2023,2,2,12,156,d_Unhealthy,2023-02-02,57.2,81.7,581.0,12.1,8.5,98.0
"Biratnagar, Nepal",BIR_UFSG_2023-02-14- 14.30-1-53.jpg,2023,2,14,12,101,c_Unhealthy_for_Sensitive_Groups,2023-02-14,43.3,62.6,471.0,15.4,7.5,101.0
"ITO, Delhi",DEL_SEV_2023-02-20-14.00-1-131.jpg,2023,2,20,12,363,f_Severe,2023-02-20,4.4,7.8,136.0,0.3,0.0,76.0
Bengaluru,BENGR_Mod_2023-02-21-08.30-1-111.jpg,2023,2,21,12,56,b_Moderate,2023-02-21,26.0,37.8,303.0,8.9,11.2,152.0
Tamil Nadu,TN_Good_2023-02-20-16.30-1.jpg,2023,2,20,12,43,a_Good,2023-02-20,2.1,3.0,150.0,2.1,0.4,78.0
Tamil Nadu,TN_UnFSG_2023-03-08-08.30-1-191.jpg,2023,3,8,12,121,c_Unhealthy_for_Sensitive_Groups,2023-03-08,21.1,30.5,475.0,70.5,1.8,17.0
"Biratnagar, Nepal",BIR_UNH_VF_2023-02-02- 15.00-2-54.jpg,2023,2,2,12,156,d_Unhealthy,2023-02-02,57.2,81.7,581.0,12.1,8.5,98.0
"New Ind Town, Faridabad",HAR_VUN_2022-10-02-10.00-1-3785.jpg,2022,10,2,12,230,e_Very_Unhealthy,2022-10-02,16.6,23.7,513.0,2.0,1.8,93.0
"Biratnagar, Nepal",BIR_UNH_VF_2023-02-02- 1700-3-75.jpg,2023,2,2,12,156,d_Unhealthy,2023-02-02,57.2,81.7,581.0,12.1,8.5,98.0
"ITO, Delhi",DEL_SEV_2023-02-07-14.00-2-5.jpg,2023,2,7,12,449,f_Severe,2023-02-07,3.0,5.3,89.0,0.3,0.1,54.0
"Knowledge park, Greater Noida",UP_UHFSG_2023-02-08-08.30-1-70.jpg,2023,2,8,12,133,c_Unhealthy_for_Sensitive_Groups,2023-02-08,53.7,112.2,526.0,86.8,19.1,87.0
"ITO, Delhi",DEL_SEV_2023-02-07-14.00-2-7.jpg,2023,2,7,12,449,f_Severe,2023-02-07,3.0,5.3,89.0,0.3,0.1,54.0
"ITO, Delhi",DEL_VUnH_2023-02-16-17.00-2-85.jpg,2023,2,16,12,293,e_Very_Unhealthy,2023-02-16,2.0,3.3,115.0,0.6,0.0,52.0
"Knowledge park, Greater Noida",UP_UN_2023-03-01-08.30-1-65.jpg,2023,3,1,12,199,d_Unhealthy,2023-03-01,21.1,47.7,354.0,67.2,13.3,48.0
Mumbai,MH_VUN_2023-03-05-08.30-1-81.jpg,2023,3,5,12,284,e_Very_Unhealthy,2023-03-05,278.5,401.4,1413.0,23.7,39.9,325.0
"Biratnagar, Nepal",BIR_UFSG_2023-02-14- 14.30-2-20.jpg,2023,2,14,12,101,c_Unhealthy_for_Sensitive_Groups,2023-02-14,43.3,62.6,471.0,15.4,7.5,101.0
"Knowledge park, Greater Noida",UP_SEV_2023-02-18-11.00-1-27.jpg,2023,2,18,12,320,f_Severe,2023-02-18,24.9,48.1,246.0,27.6,8.9,84.0
"Biratnagar, Nepal",BIR_UNH_VF_2023-02-02- 1700-2-29.jpg,2023,2,2,12,156,d_Unhealthy,2023-02-02,57.2,81.7,581.0,12.1,8.5,98.0
Bengaluru,BENGR_Mod_2023-03-09-08.30-1-186.jpg,2023,3,9,12,51,b_Moderate,2023-03-09,32.7,47.8,341.0,6.8,6.3,123.0
"Biratnagar, Nepal",BIR_UNH_VF_2023-02-02- 15.00-4-14.jpg,2023,2,2,12,156,d_Unhealthy,2023-02-02,57.2,81.7,581.0,12.1,8.5,98.0
Mumbai,MH_Good_2023-03-23-17.00-1-232.jpg,2023,3,23,12,47,a_Good,2023-03-23,18.4,34.5,257.0,17.2,19.2,71.0
"Biratnagar, Nepal",BIR_UNH_VF_2023-02-03- 10.00-2-67.jpg,2023,2,3,12,163,d_Unhealthy,2023-02-03,69.8,99.7,581.0,11.6,6.8,112.0
"ITO, Delhi",DEL_VUnH_2023-02-16-17.00-1-50.jpg,2023,2,16,12,293,e_Very_Unhealthy,2023-02-16,2.0,3.3,115.0,0.6,0.0,52.0
"Biratnagar, Nepal",BIR_UFSG_2023-02-14- 14.30-3-15.jpg,2023,2,14,12,101,c_Unhealthy_for_Sensitive_Groups,2023-02-14,43.3,62.6,471.0,15.4,7.5,101.0
Bengaluru,BENGR_Mod_2023-02-21-08.30-1-291.jpg,2023,2,21,12,56,b_Moderate,2023-02-21,26.0,37.8,303.0,8.9,11.2,152.0
"ITO, Delhi",DL_VUNH_2023-02-04-17.00-1-51.jpg,2023,2,4,12,281,e_Very_Unhealthy,2023-02-04,2.8,4.9,89.0,0.2,0.1,62.0
"Knowledge park, Greater Noida",UP_UHFSG_2023-03-06-11.30-1-609.jpg,2023,3,6,12,104,c_Unhealthy_for_Sensitive_Groups,2023-03-06,57.3,103.8,710.0,101.0,20.8,124.0
Tamil Nadu,TN_Good_2023-02-21-08.30-2-56.jpg,2023,2,21,12,29,a_Good,2023-02-21,2.1,3.2,146.0,1.6,0.3,82.0
Mumbai,MH_UH_2023-02-19-12.00-1-49.jpg,2023,2,19,12,160,d_Unhealthy,2023-02-19,143.0,205.8,1159.0,48.0,73.1,327.0
"Biratnagar, Nepal",BIR_UFSG_2023-02-14- 14.30-2-33.jpg,2023,2,14,12,101,c_Unhealthy_for_Sensitive_Groups,2023-02-14,43.3,62.6,471.0,15.4,7.5,101.0
Tamil Nadu,TN_UHFSG_2023-02-02- 09.00-2-11.jpg,2023,2,2,12,107,c_Unhealthy_for_Sensitive_Groups,2023-02-02,23.7,34.2,540.0,59.0,1.5,15.0
"New Ind Town, Faridabad",HAR_VUN_2022-10-02-10.00-1-4241.jpg,2022,10,2,12,230,e_Very_Unhealthy,2022-10-02,16.6,23.7,513.0,2.0,1.8,93.0
"Biratnagar, Nepal",BRI_Un_2023-02-03- 10.00-7.jpg,2023,2,3,12,163,d_Unhealthy,2023-02-03,69.8,99.7,581.0,11.6,6.8,112.0
Mumbai,MH_UH_2023-02-10-14.30-1-38.jpg,2023,2,10,12,160,d_Unhealthy,2023-02-10,74.7,110.8,581.0,28.9,36.7,198.0
"Biratnagar, Nepal",BIR_UNH_VF_2023-02-02- 12.00-3-21.jpg,2023,2,2,12,158,d_Unhealthy,2023-02-02,57.2,81.7,581.0,12.1,8.5,98.0
Mumbai,MH_UnFSG_2023-02-17-19.00-2-21.jpg,2023,2,17,12,145,c_Unhealthy_for_Sensitive_Groups,2023-02-17,64.3,96.9,620.0,42.0,43.7,225.0
Mumbai,MH_UnFSG_2023-02-15-10.30-1-50.jpg,2023,2,15,12,143,c_Unhealthy_for_Sensitive_Groups,2023-02-15,82.2,119.0,737.0,40.3,51.8,253.0
"ITO, Delhi",DEL_SEV_2023-02-20-14.00-2-346.jpg,2023,2,20,12,363,f_Severe,2023-02-20,4.4,7.8,136.0,0.3,0.0,76.0
Bengaluru,BENGR_UnFSG_2023-03-08-08.30-1-476.jpg,2023,3,8,12,106,c_Unhealthy_for_Sensitive_Groups,2023-03-08,16.9,24.7,244.0,5.9,5.7,120.0
"Knowledge park, Greater Noida",UP_SEV_2023-02-18-14.30-1-75.jpg,2023,2,18,12,331,f_Severe,2023-02-18,24.9,48.1,246.0,27.6,8.9,84.0
"Biratnagar, Nepal",BIR_UNFSG_VF_2023-02-03-16.00-3-61.jpg,2023,2,3,12,141,c_Unhealthy_for_Sensitive_Groups,2023-02-03,69.8,99.7,581.0,11.6,6.8,112.0
"Biratnagar, Nepal",BIR_UNFSG_VF_2023-02-03-15.00-3-36.jpg,2023,2,3,12,141,c_Unhealthy_for_Sensitive_Groups,2023-02-03,69.8,99.7,581.0,11.6,6.8,112.0
"ITO, Delhi",DEL_VUH_2023-02-04-17.00-2-40.jpg,2023,2,4,12,281,e_Very_Unhealthy,2023-02-04,2.8,4.9,89.0,0.2,0.1,62.0
"Biratnagar, Nepal",BIR_MOD_2023-02-13-09.30-2-78.jpg,2023,2,13,12,91,b_Moderate,2023-02-13,40.7,59.3,429.0,13.7,9.2,101.0
"New Ind Town, Faridabad",HAR_VUN_2022-10-02-10.00-1-2665.jpg,2022,10,2,12,230,e_Very_Unhealthy,2022-10-02,16.6,23.7,513.0,2.0,1.8,93.0
Mumbai,MH_UnFSG_2023-03-10-16.00-1-11.jpg,2023,3,10,12,141,c_Unhealthy_for_Sensitive_Groups,2023-03-10,51.1,75.7,577.0,42.8,39.8,185.0
Tamil Nadu,TN_Good_2023-02-20-16.30-2-1.jpg,2023,2,20,12,43,a_Good,2023-02-20,2.1,3.0,150.0,2.1,0.4,78.0
"ITO, Delhi",DEL_SEV_2023-02-20-14.00-1-306.jpg,2023,2,20,12,363,f_Severe,2023-02-20,4.4,7.8,136.0,0.3,0.0,76.0
"New Ind Town, Faridabad",HAR_VUN_2022-10-02-10.00-1-1833.jpg,2022,10,2,12,230,e_Very_Unhealthy,2022-10-02,16.6,23.7,513.0,2.0,1.8,93.0
Mumbai,MH_UnFSG_2023-02-15-10.30-1-84.jpg,2023,2,15,12,143,c_Unhealthy_for_Sensitive_Groups,2023-02-15,82.2,119.0,737.0,40.3,51.8,253.0
Bengaluru,BENGR_Mod_2023-03-09-08.30-1-336.jpg,2023,3,9,12,51,b_Moderate,2023-03-09,32.7,47.8,341.0,6.8,6.3,123.0
Tamil Nadu,TN_UnFSG_2023-03-01-08.30-1-136.jpg,2023,3,1,12,111,c_Unhealthy_for_Sensitive_Groups,2023-03-01,11.3,16.5,244.0,12.0,2.9,66.0
"Knowledge park, Greater Noida",UP_UHFSG_2023-02-08-08.30-4.jpg,2023,2,8,12,133,c_Unhealthy_for_Sensitive_Groups,2023-02-08,53.7,112.2,526.0,86.8,19.1,87.0
Mumbai,MH_UnFSG_2023-02-15-10.30-1-18.jpg,2023,2,15,12,143,c_Unhealthy_for_Sensitive_Groups,2023-02-15,82.2,119.0,737.0,40.3,51.8,253.0
Bengaluru,BENGR_Mod_2023-03-04-08.30-1-126.jpg,2023,3,4,12,71,b_Moderate,2023-03-04,17.8,26.3,251.0,6.2,6.9,118.0
Mumbai,MH_Good_2023-03-22-18.00-1-49.jpg,2023,3,22,12,47,a_Good,2023-03-22,16.2,31.8,249.0,15.6,16.8,76.0
"ITO, Delhi",DEL_VUnH_2023-02-16-17.00-1-57.jpg,2023,2,16,12,293,e_Very_Unhealthy,2023-02-16,2.0,3.3,115.0,0.6,0.0,52.0
"Biratnagar, Nepal",BIR_UNH_VF_2023-02-02- 1700-3-41.jpg,2023,2,2,12,156,d_Unhealthy,2023-02-02,57.2,81.7,581.0,12.1,8.5,98.0
"Knowledge park, Greater Noida",UP_UHFSG_2023-02-24-08.30-1.jpg,2023,2,24,12,141,c_Unhealthy_for_Sensitive_Groups,2023-02-24,132.7,224.4,1109.0,243.3,40.8,181.0
Mumbai,MH_VUN_2023-03-05-08.30-1-46.jpg,2023,3,5,12,284,e_Very_Unhealthy,2023-03-05,278.5,401.4,1413.0,23.7,39.9,325.0
Bengaluru,BENGR_Good_2023-02-19-08.30-1-14.jpg,2023,2,19,12,41,a_Good,2023-02-19,14.6,21.7,286.0,7.9,10.9,146.0
"New Ind Town, Faridabad",HAR_VUN_2022-10-02-10.00-1-3657.jpg,2022,10,2,12,230,e_Very_Unhealthy,2022-10-02,16.6,23.7,513.0,2.0,1.8,93.0
"ITO, Delhi",DEL_SEV_2023-02-20-14.00-2-471.jpg,2023,2,20,12,363,f_Severe,2023-02-20,4.4,7.8,136.0,0.3,0.0,76.0
Mumbai,MH_UnFSG_2023-02-17-13.00-2-60.jpg,2023,2,17,12,140,c_Unhealthy_for_Sensitive_Groups,2023-02-17,64.3,96.9,620.0,42.0,43.7,225.0
Tamil Nadu,TN_UHFSG_2023-02-10-08.30-1-25.jpg,2023,2,10,12,105,c_Unhealthy_for_Sensitive_Groups,2023-02-10,3.4,5.3,152.0,3.8,0.5,78.0
Bengaluru,BENGR_UHFSG_2023-02-03-08.30-1-44.jpg,2023,2,3,12,136,c_Unhealthy_for_Sensitive_Groups,2023-02-03,19.7,31.1,321.0,13.6,3.8,86.0
Bengaluru,BENGR_Mod_2023-03-04-08.30-1-121.jpg,2023,3,4,12,71,b_Moderate,2023-03-04,17.8,26.3,251.0,6.2,6.9,118.0
"ITO, Delhi",DEL_SEV_2023-02-20-14.00-2-291.jpg,2023,2,20,12,363,f_Severe,2023-02-20,4.4,7.8,136.0,0.3,0.0,76.0
Tamil Nadu,TN_Mod_2023-02-28-08.30-1-36.jpg,2023,2,28,12,73,b_Moderate,2023-02-28,3.8,5.7,174.0,4.3,0.9,75.0
"Biratnagar, Nepal",BIR_UNFSG_VF_2023-02-03-16.00-1-25.jpg,2023,2,3,12,141,c_Unhealthy_for_Sensitive_Groups,2023-02-03,69.8,99.7,581.0,11.6,6.8,112.0
"New Ind Town, Faridabad",HAR_VUN_2022-10-02-10.00-1-505.jpg,2022,10,2,12,230,e_Very_Unhealthy,2022-10-02,16.6,23.7,513.0,2.0,1.8,93.0
"Biratnagar, Nepal",BIR_UNH_VF_2023-02-02- 12.00-3-2.jpg,2023,2,2,12,158,d_Unhealthy,2023-02-02,57.2,81.7,581.0,12.1,8.5,98.0
Tamil Nadu,TN_Good_2023-02-21-08.30-1-71.jpg,2023,2,21,12,29,a_Good,2023-02-21,2.1,3.2,146.0,1.6,0.3,82.0
"Knowledge park, Greater Noida",UP_UN_2023-03-01-08.30-1-229.jpg,2023,3,1,12,199,d_Unhealthy,2023-03-01,21.1,47.7,354.0,67.2,13.3,48.0
"ITO, Delhi",DEL_SEV_2023-02-07-14.00-2-31.jpg,2023,2,7,12,449,f_Severe,2023-02-07,3.0,5.3,89.0,0.3,0.1,54.0
Tamil Nadu,TN_Good_2023-02-22-09.30-1-151.jpg,2023,2,22,12,36,a_Good,2023-02-22,8.3,12.4,216.0,13.8,2.4,52.0
Bengaluru,BENGR_Good_2023-03-17-08.30-1-456.jpg,2023,3,17,12,15,a_Good,2023-03-17,20.8,31.4,332.0,11.4,4.1,112.0
"ITO, Delhi",DEL_SEV_2023-02-17-13.00-2-1.jpg,2023,2,17,12,372,f_Severe,2023-02-17,0.2,0.3,91.0,0.1,0.0,49.0
"Knowledge park, Greater Noida",UP_SEV_2023-02-20-08.30-1-24.jpg,2023,2,20,12,331,f_Severe,2023-02-20,26.1,49.7,219.0,20.0,5.1,100.0
"Biratnagar, Nepal",BIR_UNH_VF_2023-02-02- 12.00-2-58.jpg,2023,2,2,12,158,d_Unhealthy,2023-02-02,57.2,81.7,581.0,12.1,8.5,98.0
"ITO, Delhi",DEL_SEV_2023-02-16-18.00-1.jpg,2023,2,16,12,330,f_Severe,2023-02-16,2.0,3.3,115.0,0.6,0.0,52.0
"Biratnagar, Nepal",BIR_UNFSG_VF_2023-02-03-16.00-2-111.jpg,2023,2,3,12,141,c_Unhealthy_for_Sensitive_Groups,2023-02-03,69.8,99.7,581.0,11.6,6.8,112.0
"Biratnagar, Nepal",BIR_UH_2023-03-16-12.30-3-260.jpg,2023,3,16,12,154,d_Unhealthy,2023-03-16,68.5,98.7,456.0,5.4,8.3,132.0
"ITO, Delhi",DEL_VUH_2023-02-04-17.00-2-22.jpg,2023,2,4,12,281,e_Very_Unhealthy,2023-02-04,2.8,4.9,89.0,0.2,0.1,62.0
"ITO, Delhi",DEL_SEV_2023-02-07-14.00-1-55.jpg,2023,2,7,12,449,f_Severe,2023-02-07,3.0,5.3,89.0,0.3,0.1,54.0
Bengaluru,BENGR_Good_2023-03-25-08.30-1-13.jpg,2023,3,25,12,32,a_Good,2023-03-25,26.6,39.9,248.0,8.4,5.4,133.0
"Biratnagar, Nepal",BRI_Un_2023-02-02- 15.00-3.jpg,2023,2,2,12,156,d_Unhealthy,2023-02-02,57.2,81.7,581.0,12.1,8.5,98.0
"Knowledge park, Greater Noida",UP_UN_2023-03-01-08.30-1-189.jpg,2023,3,1,12,199,d_Unhealthy,2023-03-01,21.1,47.7,354.0,67.2,13.3,48.0
"Biratnagar, Nepal",BIR_UNH_VF_2023-02-03- 10.00-1-36.jpg,2023,2,3,12,163,d_Unhealthy,2023-02-03,69.8,99.7,581.0,11.6,6.8,112.0
"Knowledge park, Greater Noida",UP_VU_2023-02-16-08.30-7.jpg,2023,2,16,12,202,e_Very_Unhealthy,2023-02-16,57.5,88.7,480.0,90.9,20.4,80.0
Bengaluru,BENGR_UHFSG_2023-02-03-08.30-1-5.jpg,2023,2,3,12,136,c_Unhealthy_for_Sensitive_Groups,2023-02-03,19.7,31.1,321.0,13.6,3.8,86.0
"ITO, Delhi",DEL_SEV_2023-02-22-14.00-2-236.jpg,2023,2,22,12,450,f_Severe,2023-02-22,2.4,4.2,128.0,0.1,0.0,83.0
Tamil Nadu,TN_Good_2023-02-21-08.30-3-96.jpg,2023,2,21,12,29,a_Good,2023-02-21,2.1,3.2,146.0,1.6,0.3,82.0
"Biratnagar, Nepal",BIR_UNH_VF_2023-02-02- 1700-3-5.jpg,2023,2,2,12,156,d_Unhealthy,2023-02-02,57.2,81.7,581.0,12.1,8.5,98.0
Mumbai,MH_UnFSG_2023-03-08-11.00-1-261.jpg,2023,3,8,12,124,c_Unhealthy_for_Sensitive_Groups,2023-03-08,97.1,144.8,836.0,49.2,63.9,264.0
Mumbai,MH_UnFSG_2023-02-23-11.00-1-71.jpg,2023,2,23,12,130,c_Unhealthy_for_Sensitive_Groups,2023-02-23,70.5,109.9,662.0,40.6,61.8,226.0
Tamil Nadu,TN_Good_2023-02-21-08.30-2-6.jpg,2023,2,21,12,29,a_Good,2023-02-21,2.1,3.2,146.0,1.6,0.3,82.0
"Knowledge park, Greater Noida",UP_SEV_2023-02-20-08.30-3.jpg,2023,2,20,12,331,f_Severe,2023-02-20,26.1,49.7,219.0,20.0,5.1,100.0
Mumbai,MH_UN_2023-03-13-10.00-1-1.jpg,2023,3,13,12,197,d_Unhealthy,2023-03-13,346.5,501.1,2447.0,38.8,125.9,577.0
"Knowledge park, Greater Noida",UP_UHFSG_2023-03-06-11.30-1-469.jpg,2023,3,6,12,104,c_Unhealthy_for_Sensitive_Groups,2023-03-06,57.3,103.8,710.0,101.0,20.8,124.0
Mumbai,MH_UH_2023-02-18-11.00-1-29.jpg,2023,2,18,12,151,d_Unhealthy,2023-02-18,100.4,145.8,792.0,40.1,53.4,275.0
"Knowledge park, Greater Noida",UP_UHFSG_2023-03-06-11.30-1-329.jpg,2023,3,6,12,104,c_Unhealthy_for_Sensitive_Groups,2023-03-06,57.3,103.8,710.0,101.0,20.8,124.0
"Biratnagar, Nepal",BIR_UNH_VF_2023-02-02- 12.00-1-70.jpg,2023,2,2,12,158,d_Unhealthy,2023-02-02,57.2,81.7,581.0,12.1,8.5,98.0
"ITO, Delhi",DEL_SEV_2023-02-20-14.00-3-266.jpg,2023,2,20,12,363,f_Severe,2023-02-20,4.4,7.8,136.0,0.3,0.0,76.0
"ITO, Delhi",DEL_VUnH_2023-02-16-17.00-2-8.jpg,2023,2,16,12,293,e_Very_Unhealthy,2023-02-16,2.0,3.3,115.0,0.6,0.0,52.0
Tamil Nadu,TN_UnFSG_2023-03-01-08.30-1-236.jpg,2023,3,1,12,111,c_Unhealthy_for_Sensitive_Groups,2023-03-01,11.3,16.5,244.0,12.0,2.9,66.0
Tamil Nadu,TN_Good_2023-02-20-08.30-1-29.jpg,2023,2,20,12,37,a_Good,2023-02-20,2.1,3.0,150.0,2.1,0.4,78.0
Bengaluru,BENGR_Mod_2023-02-24-08.30-1-311.jpg,2023,2,24,12,68,b_Moderate,2023-02-24,11.3,16.6,250.0,9.2,10.1,126.0
Mumbai,MH_UnFSG_2023-03-08-11.00-3.jpg,2023,3,8,12,124,c_Unhealthy_for_Sensitive_Groups,2023-03-08,97.1,144.8,836.0,49.2,63.9,264.0
"Biratnagar, Nepal",BIR_UNFSG_VF_2023-02-03-15.00-2-5.jpg,2023,2,3,12,141,c_Unhealthy_for_Sensitive_Groups,2023-02-03,69.8,99.7,581.0,11.6,6.8,112.0
"ITO, Delhi",DEL_SEV_2023-02-17-13.00-2-44.jpg,2023,2,17,12,372,f_Severe,2023-02-17,0.2,0.3,91.0,0.1,0.0,49.0
"ITO, Delhi",DL_VUNH_2023-02-04-17.00-1-18.jpg,2023,2,4,12,281,e_Very_Unhealthy,2023-02-04,2.8,4.9,89.0,0.2,0.1,62.0
"Biratnagar, Nepal",BIR_UNH_VF_2023-02-02- 1700-2-60.jpg,2023,2,2,12,156,d_Unhealthy,2023-02-02,57.2,81.7,581.0,12.1,8.5,98.0
Tamil Nadu,TN_Good_2023-03-21-08.30-2-249.jpg,2023,3,21,12,27,a_Good,2023-03-21,8.3,12.3,214.0,11.7,1.2,58.0
"Biratnagar, Nepal",BIR_UNH_VF_2023-02-02- 12.00-3-27.jpg,2023,2,2,12,158,d_Unhealthy,2023-02-02,57.2,81.7,581.0,12.1,8.5,98.0
"Biratnagar, Nepal",BIR_UNFSG_VF_2023-02-03-15.00-3-38.jpg,2023,2,3,12,141,c_Unhealthy_for_Sensitive_Groups,2023-02-03,69.8,99.7,581.0,11.6,6.8,112.0
Tamil Nadu,TN_Good_2023-03-21-08.30-1-15.jpg,2023,3,21,12,27,a_Good,2023-03-21,8.3,12.3,214.0,11.7,1.2,58.0
"Knowledge park, Greater Noida",UP_SEV_2023-02-20-08.30-1-57.jpg,2023,2,20,12,331,f_Severe,2023-02-20,26.1,49.7,219.0,20.0,5.1,100.0
Mumbai,MH_Mod_2023-03-21-15.00-1-470.jpg,2023,3,21,12,92,b_Moderate,2023-03-21,15.9,32.0,246.0,16.3,15.8,72.0
"ITO, Delhi",DEL_VUnH_2023-02-16-17.00-2-131.jpg,2023,2,16,12,293,e_Very_Unhealthy,2023-02-16,2.0,3.3,115.0,0.6,0.0,52.0
"Biratnagar, Nepal",BIR_UFSG_2023-02-14- 14.30-2-27.jpg,2023,2,14,12,101,c_Unhealthy_for_Sensitive_Groups,2023-02-14,43.3,62.6,471.0,15.4,7.5,101.0
Mumbai,MH_Mod_2023-03-21-15.00-1-50.jpg,2023,3,21,12,92,b_Moderate,2023-03-21,15.9,32.0,246.0,16.3,15.8,72.0
"Knowledge park, Greater Noida",UP_UHFSG_2023-03-06-11.30-1-557.jpg,2023,3,6,12,104,c_Unhealthy_for_Sensitive_Groups,2023-03-06,57.3,103.8,710.0,101.0,20.8,124.0
Mumbai,MH_UN_2023-03-15-15.00-1-169.jpg,2023,3,15,12,162,d_Unhealthy,2023-03-15,190.5,276.6,1537.0,57.3,103.4,404.0
Tamil Nadu,TN_UNH_2023-02-03-13.30-1-27.jpg,2023,2,3,12,167,d_Unhealthy,2023-02-03,26.3,38.1,500.0,65.8,1.9,18.0
"New Ind Town, Faridabad",HAR_VUN_2022-10-02-10.00-1-4273.jpg,2022,10,2,12,230,e_Very_Unhealthy,2022-10-02,16.6,23.7,513.0,2.0,1.8,93.0
Bengaluru,BENGR_Mod_2023-03-06-08.30-1-556.jpg,2023,3,6,12,68,b_Moderate,2023-03-06,12.6,18.6,218.0,6.5,8.2,129.0
Tamil Nadu,TN_Good_2023-02-20-16.30-2-16.jpg,2023,2,20,12,43,a_Good,2023-02-20,2.1,3.0,150.0,2.1,0.4,78.0
"Biratnagar, Nepal",BIR_UNH_VF_2023-02-03- 10.00-3-53.jpg,2023,2,3,12,163,d_Unhealthy,2023-02-03,69.8,99.7,581.0,11.6,6.8,112.0
Tamil Nadu,TN_Good_2023-02-21-08.30-3-126.jpg,2023,2,21,12,29,a_Good,2023-02-21,2.1,3.2,146.0,1.6,0.3,82.0
"Dimapur, Nagaland",Dimapur_MOD_2023-02-10-08.30-2-25.jpg,2023,2,10,12,63,b_Moderate,2023-02-10,95.7,140.2,322.0,4.6,4.8,113.0
"Biratnagar, Nepal",BIR_UNFSG_VF_2023-02-03-16.00-3-62.jpg,2023,2,3,12,141,c_Unhealthy_for_Sensitive_Groups,2023-02-03,69.8,99.7,581.0,11.6,6.8,112.0
Tamil Nadu,TN_Good_2023-02-22-09.30-3-266.jpg,2023,2,22,12,36,a_Good,2023-02-22,8.3,12.4,216.0,13.8,2.4,52.0
Mumbai,MH_VUN_2023-02-25-10.00-1-326.jpg,2023,2,25,12,206,e_Very_Unhealthy,2023-02-25,64.3,98.3,654.0,37.4,50.9,173.0
Bengaluru,BENGR_Good_2023-02-27-08.30-1-341.jpg,2023,2,27,12,47,a_Good,2023-02-27,10.8,15.8,277.0,6.9,7.3,131.0
"Knowledge park, Greater Noida",UP_UN_2023-03-01-08.30-1-345.jpg,2023,3,1,12,199,d_Unhealthy,2023-03-01,21.1,47.7,354.0,67.2,13.3,48.0
Mumbai,MH_Good_2023-03-22-11.00-8.jpg,2023,3,22,12,49,a_Good,2023-03-22,16.2,31.8,249.0,15.6,16.8,76.0
Tamil Nadu,TN_Good_2023-02-27-16.30-2-1.jpg,2023,2,27,12,43,a_Good,2023-02-27,5.9,9.2,177.0,7.1,1.1,74.0
"Knowledge park, Greater Noida",UP_VUN_2023-03-02-09.00-1-117.jpg,2023,3,2,12,223,e_Very_Unhealthy,2023-03-02,20.5,48.2,338.0,56.9,14.0,72.0
"Biratnagar, Nepal",BIR_UNFSG_VF_2023-02-03-15.00-2-41.jpg,2023,2,3,12,141,c_Unhealthy_for_Sensitive_Groups,2023-02-03,69.8,99.7,581.0,11.6,6.8,112.0
Bengaluru,BENGR_Good_2023-03-21-08.30-1-428.jpg,2023,3,21,12,47,a_Good,2023-03-21,9.1,13.8,245.0,15.6,3.6,110.0
"New Ind Town, Faridabad",HAR_VUN_2022-10-02-10.00-1-1633.jpg,2022,10,2,12,230,e_Very_Unhealthy,2022-10-02,16.6,23.7,513.0,2.0,1.8,93.0
Bengaluru,BENGR_UHFSG_2023-02-03-08.30-1-28.jpg,2023,2,3,12,136,c_Unhealthy_for_Sensitive_Groups,2023-02-03,19.7,31.1,321.0,13.6,3.8,86.0
"Dimapur, Nagaland",Dimapur_UHFSG_2023-02-02- 09.00-3-48.jpg,2023,2,2,12,103,c_Unhealthy_for_Sensitive_Groups,2023-02-02,39.6,56.9,296.0,6.5,2.7,107.0
"Biratnagar, Nepal",BIR_UNFSG_VF_2023-02-03-16.00-1-22.jpg,2023,2,3,12,141,c_Unhealthy_for_Sensitive_Groups,2023-02-03,69.8,99.7,581.0,11.6,6.8,112.0
Mumbai,MH_UnFSG_2023-02-15-10.30-1-66.jpg,2023,2,15,12,143,c_Unhealthy_for_Sensitive_Groups,2023-02-15,82.2,119.0,737.0,40.3,51.8,253.0
"Knowledge park, Greater Noida",UP_SEV_2023-02-20-08.30-1-70.jpg,2023,2,20,12,331,f_Severe,2023-02-20,26.1,49.7,219.0,20.0,5.1,100.0
"Biratnagar, Nepal",BIR_MOD_2023-02-13-09.30-2-61.jpg,2023,2,13,12,91,b_Moderate,2023-02-13,40.7,59.3,429.0,13.7,9.2,101.0
"Biratnagar, Nepal",BIR_UNFSG_VF_2023-02-03-16.00-3-13.jpg,2023,2,3,12,141,c_Unhealthy_for_Sensitive_Groups,2023-02-03,69.8,99.7,581.0,11.6,6.8,112.0
"ITO, Delhi",DEL_VUH_2023-02-04-17.00-2-69.jpg,2023,2,4,12,281,e_Very_Unhealthy,2023-02-04,2.8,4.9,89.0,0.2,0.1,62.0
"Knowledge park, Greater Noida",UP_VUN_2023-02-27-10.30-1-77.jpg,2023,2,27,12,299,e_Very_Unhealthy,2023-02-27,44.7,71.7,613.0,101.2,20.5,98.0
"Biratnagar, Nepal",BRI_Un_2023-02-02- 12.00-17.jpg,2023,2,2,12,158,d_Unhealthy,2023-02-02,57.2,81.7,581.0,12.1,8.5,98.0
"New Ind Town, Faridabad",HAR_VUN_2022-10-02-10.00-1-3777.jpg,2022,10,2,12,230,e_Very_Unhealthy,2022-10-02,16.6,23.7,513.0,2.0,1.8,93.0
"New Ind Town, Faridabad",HAR_VUN_2022-10-02-10.00-1-33.jpg,2022,10,2,12,230,e_Very_Unhealthy,2022-10-02,16.6,23.7,513.0,2.0,1.8,93.0
Mumbai,MH_UnFSG_2023-03-14-13.00-1-271.jpg,2023,3,14,12,138,c_Unhealthy_for_Sensitive_Groups,2023-03-14,160.7,240.3,1639.0,42.4,85.0,345.0
Tamil Nadu,TN_UN_2023-03-06-09.00-1-266.jpg,2023,3,6,12,161,d_Unhealthy,2023-03-06,15.6,22.5,298.0,24.2,0.8,36.0
Mumbai,MH_UnFSG_2023-03-18-11.00-1-337.jpg,2023,3,18,12,114,c_Unhealthy_for_Sensitive_Groups,2023-03-18,59.0,94.8,678.0,39.3,48.8,177.0
Bengaluru,BENGR_Mod_2023-03-01-08.30-1-451.jpg,2023,3,1,12,70,b_Moderate,2023-03-01,17.0,25.4,362.0,6.3,6.0,122.0
Mumbai,MH_Good_2023-03-23-17.00-12.jpg,2023,3,23,12,47,a_Good,2023-03-23,18.4,34.5,257.0,17.2,19.2,71.0
"Biratnagar, Nepal",BIR_UNH_VF_2023-02-02- 15.00-4-68.jpg,2023,2,2,12,156,d_Unhealthy,2023-02-02,57.2,81.7,581.0,12.1,8.5,98.0
"Biratnagar, Nepal",BIR_UNFSG_VF_2023-02-03-16.00-2-19.jpg,2023,2,3,12,141,c_Unhealthy_for_Sensitive_Groups,2023-02-03,69.8,99.7,581.0,11.6,6.8,112.0
"ITO, Delhi",DEL_SEV_2023-02-07-14.00-1-22.jpg,2023,2,7,12,449,f_Severe,2023-02-07,3.0,5.3,89.0,0.3,0.1,54.0
"ITO, Delhi",DEL_VUnH_2023-02-04-17.00-1.jpg,2023,2,4,12,281,e_Very_Unhealthy,2023-02-04,2.8,4.9,89.0,0.2,0.1,62.0
"New Ind Town, Faridabad",HAR_VUN_2022-10-02-10.00-1-2521.jpg,2022,10,2,12,230,e_Very_Unhealthy,2022-10-02,16.6,23.7,513.0,2.0,1.8,93.0
"Biratnagar, Nepal",BIR_UNFSG_VF_2023-02-03-15.00-3-23.jpg,2023,2,3,12,141,c_Unhealthy_for_Sensitive_Groups,2023-02-03,69.8,99.7,581.0,11.6,6.8,112.0
Bengaluru,BENGR_Mod_2023-02-21-08.30-1-71.jpg,2023,2,21,12,56,b_Moderate,2023-02-21,26.0,37.8,303.0,8.9,11.2,152.0
"New Ind Town, Faridabad",HAR_VUN_2022-10-02-10.00-1-3409.jpg,2022,10,2,12,230,e_Very_Unhealthy,2022-10-02,16.6,23.7,513.0,2.0,1.8,93.0
"Biratnagar, Nepal",BIR_UNFSG_VF_2023-02-03-15.00-1-15.jpg,2023,2,3,12,141,c_Unhealthy_for_Sensitive_Groups,2023-02-03,69.8,99.7,581.0,11.6,6.8,112.0
"Biratnagar, Nepal",BIR_UFSG_2023-02-14- 14.30-1-10.jpg,2023,2,14,12,101,c_Unhealthy_for_Sensitive_Groups,2023-02-14,43.3,62.6,471.0,15.4,7.5,101.0
"Dimapur, Nagaland",Dimapur_UHFSG_2023-02-02- 09.00-4.jpg,2023,2,2,12,103,c_Unhealthy_for_Sensitive_Groups,2023-02-02,39.6,56.9,296.0,6.5,2.7,107.0
"ITO, Delhi",DEL_VUnH_2023-02-16-17.00-1-11.jpg,2023,2,16,12,293,e_Very_Unhealthy,2023-02-16,2.0,3.3,115.0,0.6,0.0,52.0
"Knowledge park, Greater Noida",UP_UHFSG_2023-03-06-11.30-1-513.jpg,2023,3,6,12,104,c_Unhealthy_for_Sensitive_Groups,2023-03-06,57.3,103.8,710.0,101.0,20.8,124.0
Mumbai,MH_UnFSG_2023-02-15-10.30-1-19.jpg,2023,2,15,12,143,c_Unhealthy_for_Sensitive_Groups,2023-02-15,82.2,119.0,737.0,40.3,51.8,253.0
"Dimapur, Nagaland",Dimapur_UHFSG_2023-02-02- 09.00-2-18.jpg,2023,2,2,12,103,c_Unhealthy_for_Sensitive_Groups,2023-02-02,39.6,56.9,296.0,6.5,2.7,107.0
"Knowledge park, Greater Noida",UP_VUN_2023-02-27-10.30-1-37.jpg,2023,2,27,12,299,e_Very_Unhealthy,2023-02-27,44.7,71.7,613.0,101.2,20.5,98.0
Mumbai,MH_UnFSG_2023-02-15-10.30-1-62.jpg,2023,2,15,12,143,c_Unhealthy_for_Sensitive_Groups,2023-02-15,82.2,119.0,737.0,40.3,51.8,253.0
Tamil Nadu,TN_Good_2023-02-27-16.30-2-16.jpg,2023,2,27,12,43,a_Good,2023-02-27,5.9,9.2,177.0,7.1,1.1,74.0
"New Ind Town, Faridabad",HAR_VUN_2022-10-02-10.00-1-561.jpg,2022,10,2,12,230,e_Very_Unhealthy,2022-10-02,16.6,23.7,513.0,2.0,1.8,93.0
"Knowledge park, Greater Noida",UP_UHFSG_2023-03-06-11.30-1-369.jpg,2023,3,6,12,104,c_Unhealthy_for_Sensitive_Groups,2023-03-06,57.3,103.8,710.0,101.0,20.8,124.0
Mumbai,MH_UnFSG_2023-03-14-13.00-1-253.jpg,2023,3,14,12,138,c_Unhealthy_for_Sensitive_Groups,2023-03-14,160.7,240.3,1639.0,42.4,85.0,345.0
"Biratnagar, Nepal",BIR_UNH_VF_2023-02-02- 12.00-1-119.jpg,2023,2,2,12,158,d_Unhealthy,2023-02-02,57.2,81.7,581.0,12.1,8.5,98.0
"ITO, Delhi",DEL_SEV_2023-02-20-14.00-2-596.jpg,2023,2,20,12,363,f_Severe,2023-02-20,4.4,7.8,136.0,0.3,0.0,76.0
"Biratnagar, Nepal",BIR_UNFSG_VF_2023-02-03-16.00-2-70.jpg,2023,2,3,12,141,c_Unhealthy_for_Sensitive_Groups,2023-02-03,69.8,99.7,581.0,11.6,6.8,112.0
"ITO, Delhi",DEL_SEV_2023-02-17-13.00-1-34.jpg,2023,2,17,12,372,f_Severe,2023-02-17,0.2,0.3,91.0,0.1,0.0,49.0
Bengaluru,BENGR_Mod_2023-02-25-08.30-1-591.jpg,2023,2,25,12,73,b_Moderate,2023-02-25,19.2,27.9,256.0,7.8,9.3,142.0
"Knowledge park, Greater Noida",UP_SEV_2023-02-18-11.00-1-25.jpg,2023,2,18,12,320,f_Severe,2023-02-18,24.9,48.1,246.0,27.6,8.9,84.0
"ITO, Delhi",DEL_SEV_2023-02-16-18.00-2-104.jpg,2023,2,16,12,330,f_Severe,2023-02-16,2.0,3.3,115.0,0.6,0.0,52.0
"ITO, Delhi",DEL_SEV_2023-02-17-13.00-1-63.jpg,2023,2,17,12,372,f_Severe,2023-02-17,0.2,0.3,91.0,0.1,0.0,49.0
Bengaluru,BENGR_Good_2023-02-28-08.30-1-256.jpg,2023,2,28,12,37,a_Good,2023-02-28,27.2,39.7,398.0,7.6,7.8,127.0
"ITO, Delhi",DEL_SEV_2023-02-17-13.00-1-80.jpg,2023,2,17,12,372,f_Severe,2023-02-17,0.2,0.3,91.0,0.1,0.0,49.0
"ITO, Delhi",DEL_VUH_2023-02-04-17.00-2-78.jpg,2023,2,4,12,281,e_Very_Unhealthy,2023-02-04,2.8,4.9,89.0,0.2,0.1,62.0
Bengaluru,BENGR_Good_2023-02-27-08.30-1-401.jpg,2023,2,27,12,47,a_Good,2023-02-27,10.8,15.8,277.0,6.9,7.3,131.0
"Biratnagar, Nepal",BIR_UNFSG_VF_2023-02-03-16.00-3-18.jpg,2023,2,3,12,141,c_Unhealthy_for_Sensitive_Groups,2023-02-03,69.8,99.7,581.0,11.6,6.8,112.0
Bengaluru,BENGR_Mod_2023-03-04-08.30-1-301.jpg,2023,3,4,12,71,b_Moderate,2023-03-04,17.8,26.3,251.0,6.2,6.9,118.0
Tamil Nadu,TN_Good_2023-02-20-16.30-1-6.jpg,2023,2,20,12,43,a_Good,2023-02-20,2.1,3.0,150.0,2.1,0.4,78.0
"New Ind Town, Faridabad",HAR_VUN_2022-10-02-10.00-1-3041.jpg,2022,10,2,12,230,e_Very_Unhealthy,2022-10-02,16.6,23.7,513.0,2.0,1.8,93.0
Bengaluru,BENGR_Good_2023-03-25-08.30-1-84.jpg,2023,3,25,12,32,a_Good,2023-03-25,26.6,39.9,248.0,8.4,5.4,133.0
Mumbai,MH_VUN_2023-03-05-08.30-2-1.jpg,2023,3,5,12,284,e_Very_Unhealthy,2023-03-05,278.5,401.4,1413.0,23.7,39.9,325.0
"ITO, Delhi",DEL_SEV_2023-02-20-14.00-1-81.jpg,2023,2,20,12,363,f_Severe,2023-02-20,4.4,7.8,136.0,0.3,0.0,76.0
Mumbai,MH_VUN_2023-02-25-10.00-2.jpg,2023,2,25,12,206,e_Very_Unhealthy,2023-02-25,64.3,98.3,654.0,37.4,50.9,173.0
Tamil Nadu,TN_Good_2023-02-22-09.30-3-201.jpg,2023,2,22,12,36,a_Good,2023-02-22,8.3,12.4,216.0,13.8,2.4,52.0
Bengaluru,BENGR_Mod_2023-02-25-08.30-1-646.jpg,2023,2,25,12,73,b_Moderate,2023-02-25,19.2,27.9,256.0,7.8,9.3,142.0
"ITO, Delhi",DEL_SEV_2023-02-20-14.00-3-71.jpg,2023,2,20,12,363,f_Severe,2023-02-20,4.4,7.8,136.0,0.3,0.0,76.0
Tamil Nadu,TN_MOD_2023-02-09-08.30-1-30.jpg,2023,2,9,12,78,b_Moderate,2023-02-09,20.1,29.8,485.0,57.4,2.2,10.0
"Knowledge park, Greater Noida",UP_VUN_2023-02-27-10.30-1-277.jpg,2023,2,27,12,299,e_Very_Unhealthy,2023-02-27,44.7,71.7,613.0,101.2,20.5,98.0
Mumbai,MH_UH_2023-02-19-12.00-1-46.jpg,2023,2,19,12,160,d_Unhealthy,2023-02-19,143.0,205.8,1159.0,48.0,73.1,327.0
"Biratnagar, Nepal",BIR_UNH_VF_2023-02-02- 12.00-1-1.jpg,2023,2,2,12,158,d_Unhealthy,2023-02-02,57.2,81.7,581.0,12.1,8.5,98.0
Bengaluru,BENGR_Mod_2023-02-21-08.30-1-221.jpg,2023,2,21,12,56,b_Moderate,2023-02-21,26.0,37.8,303.0,8.9,11.2,152.0
Bengaluru,BENGR_Good_2023-03-25-08.30-1-81.jpg,2023,3,25,12,32,a_Good,2023-03-25,26.6,39.9,248.0,8.4,5.4,133.0
"Knowledge park, Greater Noida",UP_VUN_2023-03-02-09.00-1-269.jpg,2023,3,2,12,223,e_Very_Unhealthy,2023-03-02,20.5,48.2,338.0,56.9,14.0,72.0
"New Ind Town, Faridabad",HAR_VUN_2022-10-02-10.00-1-3721.jpg,2022,10,2,12,230,e_Very_Unhealthy,2022-10-02,16.6,23.7,513.0,2.0,1.8,93.0
Mumbai,MH_UnFSG_2023-03-10-16.00-1-191.jpg,2023,3,10,12,141,c_Unhealthy_for_Sensitive_Groups,2023-03-10,51.1,75.7,577.0,42.8,39.8,185.0
Bengaluru,BENGR_Mod_2023-02-21-08.30-1-591.jpg,2023,2,21,12,56,b_Moderate,2023-02-21,26.0,37.8,303.0,8.9,11.2,152.0
Bengaluru,BENGR_Mod_2023-03-06-08.30-1-441.jpg,2023,3,6,12,68,b_Moderate,2023-03-06,12.6,18.6,218.0,6.5,8.2,129.0
"Knowledge park, Greater Noida",UP_SEV_2023-02-20-08.30-1-60.jpg,2023,2,20,12,331,f_Severe,2023-02-20,26.1,49.7,219.0,20.0,5.1,100.0
"Knowledge park, Greater Noida",UP_UN_2023-03-01-08.30-1-257.jpg,2023,3,1,12,199,d_Unhealthy,2023-03-01,21.1,47.7,354.0,67.2,13.3,48.0
Tamil Nadu,TN_UN_2023-03-06-09.00-2-171.jpg,2023,3,6,12,161,d_Unhealthy,2023-03-06,15.6,22.5,298.0,24.2,0.8,36.0
"ITO, Delhi",DL_VUNH_2023-02-04-17.00-1-66.jpg,2023,2,4,12,281,e_Very_Unhealthy,2023-02-04,2.8,4.9,89.0,0.2,0.1,62.0
Tamil Nadu,TN_UnFSG_2023-03-02-08.30-2-56.jpg,2023,3,2,12,119,c_Unhealthy_for_Sensitive_Groups,2023-03-02,8.6,16.2,185.0,2.6,1.1,86.0
"Biratnagar, Nepal",BIR_UFSG_2023-02-14- 14.30-1-48.jpg,2023,2,14,12,101,c_Unhealthy_for_Sensitive_Groups,2023-02-14,43.3,62.6,471.0,15.4,7.5,101.0
Bengaluru,BENGR_Mod_2023-03-09-08.30-1-446.jpg,2023,3,9,12,51,b_Moderate,2023-03-09,32.7,47.8,341.0,6.8,6.3,123.0
"ITO, Delhi",DEL_VUnH_2023-02-16-17.00-1-134.jpg,2023,2,16,12,293,e_Very_Unhealthy,2023-02-16,2.0,3.3,115.0,0.6,0.0,52.0
Tamil Nadu,TN_Good_2023-02-20-08.30-1-22.jpg,2023,2,20,12,37,a_Good,2023-02-20,2.1,3.0,150.0,2.1,0.4,78.0
Tamil Nadu,TN_Good_2023-02-21-08.30-1-51.jpg,2023,2,21,12,29,a_Good,2023-02-21,2.1,3.2,146.0,1.6,0.3,82.0
"ITO, Delhi",DEL_VUnH_2023-02-16-14.30-1-152.jpg,2023,2,16,12,245,e_Very_Unhealthy,2023-02-16,2.0,3.3,115.0,0.6,0.0,52.0
"Biratnagar, Nepal",BIR_UNFSG_VF_2023-02-03-15.00-3-55.jpg,2023,2,3,12,141,c_Unhealthy_for_Sensitive_Groups,2023-02-03,69.8,99.7,581.0,11.6,6.8,112.0
Bengaluru,BENGR_Good_2023-02-26-08.30-1-346.jpg,2023,2,26,12,48,a_Good,2023-02-26,24.5,35.4,262.0,6.6,12.6,156.0
"Biratnagar, Nepal",BIR_UNFSG_VF_2023-02-03-15.00-1-37.jpg,2023,2,3,12,141,c_Unhealthy_for_Sensitive_Groups,2023-02-03,69.8,99.7,581.0,11.6,6.8,112.0
Tamil Nadu,TN_Good_2023-02-20-16.30-1-76.jpg,2023,2,20,12,43,a_Good,2023-02-20,2.1,3.0,150.0,2.1,0.4,78.0
"Dimapur, Nagaland",Dimapur_UHFSG_2023-02-02- 09.00-2-17.jpg,2023,2,2,12,103,c_Unhealthy_for_Sensitive_Groups,2023-02-02,39.6,56.9,296.0,6.5,2.7,107.0
Tamil Nadu,TN_UnFSG_2023-03-09-09.00-2-81.jpg,2023,3,9,12,134,c_Unhealthy_for_Sensitive_Groups,2023-03-09,10.4,15.2,234.0,12.8,0.9,62.0
Mumbai,MH_UN_2023-03-16-11.00-1-141.jpg,2023,3,16,12,159,d_Unhealthy,2023-03-16,59.3,90.6,871.0,64.4,81.4,199.0
Mumbai,MH_UnFSG_2023-02-17-13.00-1-2.jpg,2023,2,17,12,140,c_Unhealthy_for_Sensitive_Groups,2023-02-17,64.3,96.9,620.0,42.0,43.7,225.0
Bengaluru,BENGR_Mod_2023-03-04-08.30-1-176.jpg,2023,3,4,12,71,b_Moderate,2023-03-04,17.8,26.3,251.0,6.2,6.9,118.0
"New Ind Town, Faridabad",HAR_VUN_2022-10-02-10.00-1-2465.jpg,2022,10,2,12,230,e_Very_Unhealthy,2022-10-02,16.6,23.7,513.0,2.0,1.8,93.0
Mumbai,MH_UN_2023-03-02-08.00-1-161.jpg,2023,3,2,12,156,d_Unhealthy,2023-03-02,165.8,246.8,1018.0,45.0,70.9,342.0
"Biratnagar, Nepal",BIR_UNH_VF_2023-02-02- 15.00-2-32.jpg,2023,2,2,12,156,d_Unhealthy,2023-02-02,57.2,81.7,581.0,12.1,8.5,98.0
"New Ind Town, Faridabad",HAR_VUN_2022-10-02-10.00-1-609.jpg,2022,10,2,12,230,e_Very_Unhealthy,2022-10-02,16.6,23.7,513.0,2.0,1.8,93.0
"Biratnagar, Nepal",BIR_UNH_VF_2023-02-02- 1700-3-33.jpg,2023,2,2,12,156,d_Unhealthy,2023-02-02,57.2,81.7,581.0,12.1,8.5,98.0
Mumbai,MH_UH_2023-02-18-11.00-1-7.jpg,2023,2,18,12,151,d_Unhealthy,2023-02-18,100.4,145.8,792.0,40.1,53.4,275.0
"Dimapur, Nagaland",Dimapur_MOD_2023-02-10-08.30-2-41.jpg,2023,2,10,12,63,b_Moderate,2023-02-10,95.7,140.2,322.0,4.6,4.8,113.0
Mumbai,MH_UN_2023-03-12-13.00-1-288.jpg,2023,3,12,12,156,d_Unhealthy,2023-03-12,240.3,345.5,1730.0,61.2,111.6,478.0
"New Ind Town, Faridabad",HAR_VUN_2022-10-02-10.00-1-1977.jpg,2022,10,2,12,230,e_Very_Unhealthy,2022-10-02,16.6,23.7,513.0,2.0,1.8,93.0
Tamil Nadu,TN_UN_2023-03-11-08.00-1-286.jpg,2023,3,11,12,152,d_Unhealthy,2023-03-11,4.6,7.8,155.0,2.7,0.9,90.0
Bengaluru,BENGR_Good_2023-03-17-08.30-1-386.jpg,2023,3,17,12,15,a_Good,2023-03-17,20.8,31.4,332.0,11.4,4.1,112.0
"ITO, Delhi",DEL_SEV_2023-02-07-14.00-2-33.jpg,2023,2,7,12,449,f_Severe,2023-02-07,3.0,5.3,89.0,0.3,0.1,54.0
Mumbai,MH_UN_2023-03-16-11.00-4.jpg,2023,3,16,12,159,d_Unhealthy,2023-03-16,59.3,90.6,871.0,64.4,81.4,199.0
"ITO, Delhi",DEL_VUnH_2023-02-16-14.00-3-44.jpg,2023,2,16,12,268,e_Very_Unhealthy,2023-02-16,2.0,3.3,115.0,0.6,0.0,52.0
Mumbai,MH_VUN_2023-03-05-08.30-2-186.jpg,2023,3,5,12,284,e_Very_Unhealthy,2023-03-05,278.5,401.4,1413.0,23.7,39.9,325.0
Bengaluru,BENGR_Good_2023-02-28-08.30-1-426.jpg,2023,2,28,12,37,a_Good,2023-02-28,27.2,39.7,398.0,7.6,7.8,127.0
"Biratnagar, Nepal",BIR_UNFSG_VF_2023-02-03-15.00-1-14.jpg,2023,2,3,12,141,c_Unhealthy_for_Sensitive_Groups,2023-02-03,69.8,99.7,581.0,11.6,6.8,112.0
Mumbai,MH_Mod_2023-03-21-15.00-1-351.jpg,2023,3,21,12,92,b_Moderate,2023-03-21,15.9,32.0,246.0,16.3,15.8,72.0
Bengaluru,BENGR_Mod_2023-02-25-08.30-1-391.jpg,2023,2,25,12,73,b_Moderate,2023-02-25,19.2,27.9,256.0,7.8,9.3,142.0
"Biratnagar, Nepal",BIR_UFSG_2023-02-14- 14.30-3-39.jpg,2023,2,14,12,101,c_Unhealthy_for_Sensitive_Groups,2023-02-14,43.3,62.6,471.0,15.4,7.5,101.0
"Biratnagar, Nepal",BIR_UNH_VF_2023-02-02- 15.00-2-78.jpg,2023,2,2,12,156,d_Unhealthy,2023-02-02,57.2,81.7,581.0,12.1,8.5,98.0
"Biratnagar, Nepal",BIR_UNH_VF_2023-02-02- 12.00-1-4.jpg,2023,2,2,12,158,d_Unhealthy,2023-02-02,57.2,81.7,581.0,12.1,8.5,98.0
"Biratnagar, Nepal",BIR_UNFSG_VF_2023-02-03-16.00-1-100.jpg,2023,2,3,12,141,c_Unhealthy_for_Sensitive_Groups,2023-02-03,69.8,99.7,581.0,11.6,6.8,112.0
"New Ind Town, Faridabad",HAR_VUN_2022-10-02-10.00-1-1545.jpg,2022,10,2,12,230,e_Very_Unhealthy,2022-10-02,16.6,23.7,513.0,2.0,1.8,93.0
Tamil Nadu,TN_Good_2023-02-21-08.30-3-166.jpg,2023,2,21,12,29,a_Good,2023-02-21,2.1,3.2,146.0,1.6,0.3,82.0
"Knowledge park, Greater Noida",UP_SEV_2023-02-18-14.30-1-112.jpg,2023,2,18,12,331,f_Severe,2023-02-18,24.9,48.1,246.0,27.6,8.9,84.0
Tamil Nadu,TN_UnFSG_2023-03-08-08.30-1-11.jpg,2023,3,8,12,121,c_Unhealthy_for_Sensitive_Groups,2023-03-08,21.1,30.5,475.0,70.5,1.8,17.0
Bengaluru,BENGR_UHFSG_2023-02-05-08.30-1-37.jpg,2023,2,3,12,111,c_Unhealthy_for_Sensitive_Groups,2023-02-03,19.7,31.1,321.0,13.6,3.8,86.0
"ITO, Delhi",DEL_SEV_2023-02-20-14.00-3-401.jpg,2023,2,20,12,363,f_Severe,2023-02-20,4.4,7.8,136.0,0.3,0.0,76.0
Bengaluru,BENGR_UnFSG_2023-03-08-08.30-1-386.jpg,2023,3,8,12,106,c_Unhealthy_for_Sensitive_Groups,2023-03-08,16.9,24.7,244.0,5.9,5.7,120.0
"ITO, Delhi",DEL_SEV_2023-02-20-14.00-2-341.jpg,2023,2,20,12,363,f_Severe,2023-02-20,4.4,7.8,136.0,0.3,0.0,76.0
"ITO, Delhi",DEL_VUnH_2023-02-16-17.00-2-2.jpg,2023,2,16,12,293,e_Very_Unhealthy,2023-02-16,2.0,3.3,115.0,0.6,0.0,52.0
Mumbai,MH_UnFSG_2023-02-23-11.00-1-211.jpg,2023,2,23,12,130,c_Unhealthy_for_Sensitive_Groups,2023-02-23,70.5,109.9,662.0,40.6,61.8,226.0
"Biratnagar, Nepal",BIR_UNH_VF_2023-02-02- 12.00-1-2.jpg,2023,2,2,12,158,d_Unhealthy,2023-02-02,57.2,81.7,581.0,12.1,8.5,98.0
Bengaluru,BENGR_Mod_2023-02-25-08.30-1-676.jpg,2023,2,25,12,73,b_Moderate,2023-02-25,19.2,27.9,256.0,7.8,9.3,142.0
"Biratnagar, Nepal",BIR_UNFSG_VF_2023-02-03-15.00-3-78.jpg,2023,2,3,12,141,c_Unhealthy_for_Sensitive_Groups,2023-02-03,69.8,99.7,581.0,11.6,6.8,112.0
"Biratnagar, Nepal",BIR_UNH_VF_2023-02-02- 1700-2-19.jpg,2023,2,2,12,156,d_Unhealthy,2023-02-02,57.2,81.7,581.0,12.1,8.5,98.0
"ITO, Delhi",DEL_SEV_2023-02-17-13.00-2-3.jpg,2023,2,17,12,372,f_Severe,2023-02-17,0.2,0.3,91.0,0.1,0.0,49.0
"Biratnagar, Nepal",BIR_MOD_2023-02-13-09.30-4-67.jpg,2023,2,13,12,91,b_Moderate,2023-02-13,40.7,59.3,429.0,13.7,9.2,101.0
"Knowledge park, Greater Noida",UP_UN_2023-03-01-08.30-1-357.jpg,2023,3,1,12,199,d_Unhealthy,2023-03-01,21.1,47.7,354.0,67.2,13.3,48.0
"ITO, Delhi",DEL_SEV_2023-02-16-18.00-2-116.jpg,2023,2,16,12,330,f_Severe,2023-02-16,2.0,3.3,115.0,0.6,0.0,52.0
Mumbai,MH_UnFSG_2023-03-08-11.00-1-246.jpg,2023,3,8,12,124,c_Unhealthy_for_Sensitive_Groups,2023-03-08,97.1,144.8,836.0,49.2,63.9,264.0
"Biratnagar, Nepal",BIR_UNFSG_VF_2023-02-03-16.00-2-75.jpg,2023,2,3,12,141,c_Unhealthy_for_Sensitive_Groups,2023-02-03,69.8,99.7,581.0,11.6,6.8,112.0
"ITO, Delhi",DEL_VUnH_2023-02-16-17.00-1-15.jpg,2023,2,16,12,293,e_Very_Unhealthy,2023-02-16,2.0,3.3,115.0,0.6,0.0,52.0
"Knowledge park, Greater Noida",UP_UN_2023-03-01-08.30-1-413.jpg,2023,3,1,12,199,d_Unhealthy,2023-03-01,21.1,47.7,354.0,67.2,13.3,48.0
Tamil Nadu,TN_UnFSG_2023-03-02-08.30-2-211.jpg,2023,3,2,12,119,c_Unhealthy_for_Sensitive_Groups,2023-03-02,8.6,16.2,185.0,2.6,1.1,86.0
"Biratnagar, Nepal",BIR_UFSG_2023-02-14- 14.30-1-4.jpg,2023,2,14,12,101,c_Unhealthy_for_Sensitive_Groups,2023-02-14,43.3,62.6,471.0,15.4,7.5,101.0
Mumbai,MH_VUN_2023-03-05-08.30-2-241.jpg,2023,3,5,12,284,e_Very_Unhealthy,2023-03-05,278.5,401.4,1413.0,23.7,39.9,325.0
Mumbai,MH_UH_2023-02-02- 09.30-1-73.jpg,2023,2,2,12,182,d_Unhealthy,2023-02-02,122.9,179.7,829.0,44.0,61.7,239.0
"Biratnagar, Nepal",BIR_UNH_VF_2023-02-03- 10.00-1-2.jpg,2023,2,3,12,163,d_Unhealthy,2023-02-03,69.8,99.7,581.0,11.6,6.8,112.0
Mumbai,MH_UH_2023-02-14-11.30-1-38.jpg,2023,2,14,12,160,d_Unhealthy,2023-02-14,81.3,119.0,721.0,41.8,52.8,260.0
Mumbai,MH_UN_2023-03-13-10.00-1-120.jpg,2023,3,13,12,197,d_Unhealthy,2023-03-13,346.5,501.1,2447.0,38.8,125.9,577.0
Bengaluru,BENGR_Good_2023-03-17-08.30-1-470.jpg,2023,3,17,12,15,a_Good,2023-03-17,20.8,31.4,332.0,11.4,4.1,112.0
Mumbai,MH_VUN_2023-03-05-08.30-2-96.jpg,2023,3,5,12,284,e_Very_Unhealthy,2023-03-05,278.5,401.4,1413.0,23.7,39.9,325.0
"Biratnagar, Nepal",BIR_UNH_VF_2023-02-02- 1700-2-5.jpg,2023,2,2,12,156,d_Unhealthy,2023-02-02,57.2,81.7,581.0,12.1,8.5,98.0
"Dimapur, Nagaland",Dimapur_UHFSG_2023-02-02- 09.00-2-64.jpg,2023,2,2,12,103,c_Unhealthy_for_Sensitive_Groups,2023-02-02,39.6,56.9,296.0,6.5,2.7,107.0
Bengaluru,BENGR_Good_2023-03-17-08.30-1-225.jpg,2023,3,17,12,15,a_Good,2023-03-17,20.8,31.4,332.0,11.4,4.1,112.0
"Biratnagar, Nepal",BIR_UNH_VF_2023-02-03- 10.00-3-51.jpg,2023,2,3,12,163,d_Unhealthy,2023-02-03,69.8,99.7,581.0,11.6,6.8,112.0
Mumbai,MH_UH_2023-02-11-03.30-1-41.jpg,2023,2,11,12,154,d_Unhealthy,2023-02-11,50.5,82.9,477.0,34.0,35.6,181.0
Mumbai,MH_UnFSG_2023-02-15-10.30-1-20.jpg,2023,2,15,12,143,c_Unhealthy_for_Sensitive_Groups,2023-02-15,82.2,119.0,737.0,40.3,51.8,253.0
"ITO, Delhi",DEL_VUnH_2023-02-16-14.30-1-46.jpg,2023,2,16,12,245,e_Very_Unhealthy,2023-02-16,2.0,3.3,115.0,0.6,0.0,52.0
"Knowledge park, Greater Noida",UP_SEV_2023-02-20-08.30-1-29.jpg,2023,2,20,12,331,f_Severe,2023-02-20,26.1,49.7,219.0,20.0,5.1,100.0
"ITO, Delhi",DEL_VUnH_2023-02-16-14.00-2-28.jpg,2023,2,16,12,268,e_Very_Unhealthy,2023-02-16,2.0,3.3,115.0,0.6,0.0,52.0
Tamil Nadu,TN_Good_2023-02-27-16.30-1-156.jpg,2023,2,27,12,43,a_Good,2023-02-27,5.9,9.2,177.0,7.1,1.1,74.0
Tamil Nadu,TN_UnFSG_2023-03-01-08.30-1-101.jpg,2023,3,1,12,111,c_Unhealthy_for_Sensitive_Groups,2023-03-01,11.3,16.5,244.0,12.0,2.9,66.0
"ITO, Delhi",DEL_SEV_2023-02-16-18.00-2-88.jpg,2023,2,16,12,330,f_Severe,2023-02-16,2.0,3.3,115.0,0.6,0.0,52.0
"ITO, Delhi",DEL_SEV_2023-02-17-13.00-2-65.jpg,2023,2,17,12,372,f_Severe,2023-02-17,0.2,0.3,91.0,0.1,0.0,49.0
"ITO, Delhi",DEL_SEV_2023-02-16-18.00-2-8.jpg,2023,2,16,12,330,f_Severe,2023-02-16,2.0,3.3,115.0,0.6,0.0,52.0
"Knowledge park, Greater Noida",UP_UHFSG_2023-02-08-08.30-1-2.jpg,2023,2,8,12,133,c_Unhealthy_for_Sensitive_Groups,2023-02-08,53.7,112.2,526.0,86.8,19.1,87.0
Mumbai,MH_VUN_2023-03-05-08.30-2-246.jpg,2023,3,5,12,284,e_Very_Unhealthy,2023-03-05,278.5,401.4,1413.0,23.7,39.9,325.0
"ITO, Delhi",DEL_SEV_2023-02-20-14.00-2-246.jpg,2023,2,20,12,363,f_Severe,2023-02-20,4.4,7.8,136.0,0.3,0.0,76.0
"Biratnagar, Nepal",BIR_UFSG_2023-02-14- 14.30-3-82.jpg,2023,2,14,12,101,c_Unhealthy_for_Sensitive_Groups,2023-02-14,43.3,62.6,471.0,15.4,7.5,101.0
Tamil Nadu,TN_Good_2023-02-20-16.30-1-181.jpg,2023,2,20,12,43,a_Good,2023-02-20,2.1,3.0,150.0,2.1,0.4,78.0
Bengaluru,BENGR_Mod_2023-02-23-08.30-1-231.jpg,2023,2,23,12,97,b_Moderate,2023-02-23,18.2,26.4,272.0,8.0,8.1,126.0
Tamil Nadu,TN_Good_2023-02-22-09.30-2-126.jpg,2023,2,22,12,36,a_Good,2023-02-22,8.3,12.4,216.0,13.8,2.4,52.0
Mumbai,MH_UnFSG_2023-03-10-16.00-1-426.jpg,2023,3,10,12,141,c_Unhealthy_for_Sensitive_Groups,2023-03-10,51.1,75.7,577.0,42.8,39.8,185.0
"New Ind Town, Faridabad",HAR_VUN_2022-10-02-10.00-1-1649.jpg,2022,10,2,12,230,e_Very_Unhealthy,2022-10-02,16.6,23.7,513.0,2.0,1.8,93.0
"Knowledge park, Greater Noida",UP_SEV_2023-02-19-14.30-1-35.jpg,2023,2,19,12,357,f_Severe,2023-02-19,26.7,50.5,247.0,25.1,8.3,99.0
Bengaluru,BENGR_Good_2023-02-28-08.30-1-311.jpg,2023,2,28,12,37,a_Good,2023-02-28,27.2,39.7,398.0,7.6,7.8,127.0
Tamil Nadu,TN_Good_2023-02-23-08.30-2-126.jpg,2023,2,23,12,43,a_Good,2023-02-23,2.9,4.1,131.0,0.9,1.6,95.0
Mumbai,MH_UH_2023-02-19-12.00-1-56.jpg,2023,2,19,12,160,d_Unhealthy,2023-02-19,143.0,205.8,1159.0,48.0,73.1,327.0
"Biratnagar, Nepal",BIR_MOD_2023-02-13-09.30-2-23.jpg,2023,2,13,12,91,b_Moderate,2023-02-13,40.7,59.3,429.0,13.7,9.2,101.0
"ITO, Delhi",DEL_SEV_2023-02-20-14.00-1-551.jpg,2023,2,20,12,363,f_Severe,2023-02-20,4.4,7.8,136.0,0.3,0.0,76.0
Mumbai,MH_UnFSG_2023-03-10-16.00-1-206.jpg,2023,3,10,12,141,c_Unhealthy_for_Sensitive_Groups,2023-03-10,51.1,75.7,577.0,42.8,39.8,185.0
Mumbai,MH_UnFSG_2023-02-17-19.00-2-5.jpg,2023,2,17,12,145,c_Unhealthy_for_Sensitive_Groups,2023-02-17,64.3,96.9,620.0,42.0,43.7,225.0
Tamil Nadu,TN_Good_2023-02-22-09.30-1-71.jpg,2023,2,22,12,36,a_Good,2023-02-22,8.3,12.4,216.0,13.8,2.4,52.0
Bengaluru,BENGR_Good_2023-02-26-08.30-1-61.jpg,2023,2,26,12,48,a_Good,2023-02-26,24.5,35.4,262.0,6.6,12.6,156.0
"ITO, Delhi",DEL_SEV_2023-02-17-13.00-1-32.jpg,2023,2,17,12,372,f_Severe,2023-02-17,0.2,0.3,91.0,0.1,0.0,49.0
Bengaluru,BENGR_Good_2023-02-27-08.30-1-411.jpg,2023,2,27,12,47,a_Good,2023-02-27,10.8,15.8,277.0,6.9,7.3,131.0
"ITO, Delhi",DEL_SEV_2023-02-22-14.00-1-151.jpg,2023,2,22,12,450,f_Severe,2023-02-22,2.4,4.2,128.0,0.1,0.0,83.0
"Biratnagar, Nepal",BIR_UNFSG_VF_2023-02-03-16.00-3-30.jpg,2023,2,3,12,141,c_Unhealthy_for_Sensitive_Groups,2023-02-03,69.8,99.7,581.0,11.6,6.8,112.0
Mumbai,MH_UnFSG_2023-03-14-13.00-5.jpg,2023,3,14,12,138,c_Unhealthy_for_Sensitive_Groups,2023-03-14,160.7,240.3,1639.0,42.4,85.0,345.0
Tamil Nadu,TN_Good_2023-02-22-09.30-1-196.jpg,2023,2,22,12,36,a_Good,2023-02-22,8.3,12.4,216.0,13.8,2.4,52.0
"ITO, Delhi",DEL_VUnH_2023-02-16-14.30-1-284.jpg,2023,2,16,12,245,e_Very_Unhealthy,2023-02-16,2.0,3.3,115.0,0.6,0.0,52.0
"Biratnagar, Nepal",BIR_UNH_VF_2023-02-03- 10.00-2-21.jpg,2023,2,3,12,163,d_Unhealthy,2023-02-03,69.8,99.7,581.0,11.6,6.8,112.0
"Biratnagar, Nepal",BIR_UNFSG_VF_2023-02-03-15.00-1-28.jpg,2023,2,3,12,141,c_Unhealthy_for_Sensitive_Groups,2023-02-03,69.8,99.7,581.0,11.6,6.8,112.0
"Knowledge park, Greater Noida",UP_UN_2023-03-01-08.30-1-33.jpg,2023,3,1,12,199,d_Unhealthy,2023-03-01,21.1,47.7,354.0,67.2,13.3,48.0
"Knowledge park, Greater Noida",UP_UN_2023-03-01-08.30-1-53.jpg,2023,3,1,12,199,d_Unhealthy,2023-03-01,21.1,47.7,354.0,67.2,13.3,48.0
Mumbai,MH_UnFSG_2023-02-15-10.30-1-11.jpg,2023,2,15,12,143,c_Unhealthy_for_Sensitive_Groups,2023-02-15,82.2,119.0,737.0,40.3,51.8,253.0
Mumbai,MH_UH_2023-02-02- 09.30-1-54.jpg,2023,2,2,12,182,d_Unhealthy,2023-02-02,122.9,179.7,829.0,44.0,61.7,239.0
Bengaluru,BENGR_UnFSG_2023-03-08-08.30-1-346.jpg,2023,3,8,12,106,c_Unhealthy_for_Sensitive_Groups,2023-03-08,16.9,24.7,244.0,5.9,5.7,120.0
"Knowledge park, Greater Noida",UP_SEV_2023-02-18-14.30-1-45.jpg,2023,2,18,12,331,f_Severe,2023-02-18,24.9,48.1,246.0,27.6,8.9,84.0
Mumbai,MH_UH_2023-02-18-11.00-1-43.jpg,2023,2,18,12,151,d_Unhealthy,2023-02-18,100.4,145.8,792.0,40.1,53.4,275.0
Bengaluru,BENGR_Good_2023-02-28-08.30-1-66.jpg,2023,2,28,12,37,a_Good,2023-02-28,27.2,39.7,398.0,7.6,7.8,127.0
"Biratnagar, Nepal",BIR_UNH_VF_2023-02-02- 12.00-3-32.jpg,2023,2,2,12,158,d_Unhealthy,2023-02-02,57.2,81.7,581.0,12.1,8.5,98.0
"ITO, Delhi",DEL_VUnH_2023-02-16-14.00-3-23.jpg,2023,2,16,12,268,e_Very_Unhealthy,2023-02-16,2.0,3.3,115.0,0.6,0.0,52.0
"ITO, Delhi",DEL_VUnH_2023-02-16-17.00-2-55.jpg,2023,2,16,12,293,e_Very_Unhealthy,2023-02-16,2.0,3.3,115.0,0.6,0.0,52.0
"Biratnagar, Nepal",BIR_UNFSG_VF_2023-02-03-15.00-1-16.jpg,2023,2,3,12,141,c_Unhealthy_for_Sensitive_Groups,2023-02-03,69.8,99.7,581.0,11.6,6.8,112.0
"Knowledge park, Greater Noida",UP_UHFSG_2023-02-24-08.30-1-421.jpg,2023,2,24,12,141,c_Unhealthy_for_Sensitive_Groups,2023-02-24,132.7,224.4,1109.0,243.3,40.8,181.0
"ITO, Delhi",DEL_SEV_2023-02-07-14.00-1-89.jpg,2023,2,7,12,449,f_Severe,2023-02-07,3.0,5.3,89.0,0.3,0.1,54.0
Tamil Nadu,TN_UNH_2023-02-03-13.30-1-37.jpg,2023,2,3,12,167,d_Unhealthy,2023-02-03,26.3,38.1,500.0,65.8,1.9,18.0
Bengaluru,BENGR_Good_2023-02-19-08.30-1-12.jpg,2023,2,19,12,41,a_Good,2023-02-19,14.6,21.7,286.0,7.9,10.9,146.0
Mumbai,MH_UnFSG_2023-03-08-11.00-1-31.jpg,2023,3,8,12,124,c_Unhealthy_for_Sensitive_Groups,2023-03-08,97.1,144.8,836.0,49.2,63.9,264.0
Mumbai,MH_UnFSG_2023-02-23-11.00-1-96.jpg,2023,2,23,12,130,c_Unhealthy_for_Sensitive_Groups,2023-02-23,70.5,109.9,662.0,40.6,61.8,226.0
Tamil Nadu,TN_UnFSG_2023-03-09-09.00-1-251.jpg,2023,3,9,12,134,c_Unhealthy_for_Sensitive_Groups,2023-03-09,10.4,15.2,234.0,12.8,0.9,62.0
"Knowledge park, Greater Noida",UP_UHFSG_2023-02-08-08.30-1-30.jpg,2023,2,8,12,133,c_Unhealthy_for_Sensitive_Groups,2023-02-08,53.7,112.2,526.0,86.8,19.1,87.0
"ITO, Delhi",DEL_VUnH_2023-02-16-17.00-2-108.jpg,2023,2,16,12,293,e_Very_Unhealthy,2023-02-16,2.0,3.3,115.0,0.6,0.0,52.0
"New Ind Town, Faridabad",HAR_VUN_2022-10-02-10.00-1-3241.jpg,2022,10,2,12,230,e_Very_Unhealthy,2022-10-02,16.6,23.7,513.0,2.0,1.8,93.0
"ITO, Delhi",DEL_SEV_2023-02-07-14.00-1-97.jpg,2023,2,7,12,449,f_Severe,2023-02-07,3.0,5.3,89.0,0.3,0.1,54.0
Tamil Nadu,TN_Good_2023-02-20-08.30-1-2.jpg,2023,2,20,12,37,a_Good,2023-02-20,2.1,3.0,150.0,2.1,0.4,78.0
"Biratnagar, Nepal",BIR_MOD_2023-02-13-09.30-3-6.jpg,2023,2,13,12,91,b_Moderate,2023-02-13,40.7,59.3,429.0,13.7,9.2,101.0
Bengaluru,BENGR_Good_2023-02-28-08.30-1-401.jpg,2023,2,28,12,37,a_Good,2023-02-28,27.2,39.7,398.0,7.6,7.8,127.0
Mumbai,MH_Good_2023-03-23-17.00-1-540.jpg,2023,3,23,12,47,a_Good,2023-03-23,18.4,34.5,257.0,17.2,19.2,71.0
Tamil Nadu,TN_UN_2023-03-06-09.00-1-206.jpg,2023,3,6,12,161,d_Unhealthy,2023-03-06,15.6,22.5,298.0,24.2,0.8,36.0
"ITO, Delhi",DEL_UnH_2023-02-15-11.30-2-9.jpg,2023,2,15,12,179,d_Unhealthy,2023-02-15,2.5,3.7,124.0,1.0,0.0,54.0
"Biratnagar, Nepal",BIR_UNFSG_VF_2023-02-03-16.00-3-68.jpg,2023,2,3,12,141,c_Unhealthy_for_Sensitive_Groups,2023-02-03,69.8,99.7,581.0,11.6,6.8,112.0
"Knowledge park, Greater Noida",UP_UN_2023-03-01-08.30-1-9.jpg,2023,3,1,12,199,d_Unhealthy,2023-03-01,21.1,47.7,354.0,67.2,13.3,48.0
"ITO, Delhi",DEL_SEV_2023-02-22-14.00-2-336.jpg,2023,2,22,12,450,f_Severe,2023-02-22,2.4,4.2,128.0,0.1,0.0,83.0
Tamil Nadu,TN_UnFSG_2023-03-01-08.30-1-66.jpg,2023,3,1,12,111,c_Unhealthy_for_Sensitive_Groups,2023-03-01,11.3,16.5,244.0,12.0,2.9,66.0
"Biratnagar, Nepal",BIR_UNH_VF_2023-02-02- 1700-3-7.jpg,2023,2,2,12,156,d_Unhealthy,2023-02-02,57.2,81.7,581.0,12.1,8.5,98.0
Mumbai,MH_UH_2023-02-19-12.00-1-9.jpg,2023,2,19,12,160,d_Unhealthy,2023-02-19,143.0,205.8,1159.0,48.0,73.1,327.0
Mumbai,MH_VUN_2023-02-25-10.00-1-56.jpg,2023,2,25,12,206,e_Very_Unhealthy,2023-02-25,64.3,98.3,654.0,37.4,50.9,173.0
Bengaluru,BENGR_Good_2023-02-28-08.30-1-556.jpg,2023,2,28,12,37,a_Good,2023-02-28,27.2,39.7,398.0,7.6,7.8,127.0
"New Ind Town, Faridabad",HAR_VUN_2022-10-02-10.00-1-3761.jpg,2022,10,2,12,230,e_Very_Unhealthy,2022-10-02,16.6,23.7,513.0,2.0,1.8,93.0
"Biratnagar, Nepal",BIR_UNH_VF_2023-02-02- 1700-2-45.jpg,2023,2,2,12,156,d_Unhealthy,2023-02-02,57.2,81.7,581.0,12.1,8.5,98.0
"Biratnagar, Nepal",BIR_UNFSG_VF_2023-02-03-16.00-2-18.jpg,2023,2,3,12,141,c_Unhealthy_for_Sensitive_Groups,2023-02-03,69.8,99.7,581.0,11.6,6.8,112.0
"Biratnagar, Nepal",BIR_UNH_VF_2023-02-03- 10.00-1-38.jpg,2023,2,3,12,163,d_Unhealthy,2023-02-03,69.8,99.7,581.0,11.6,6.8,112.0
"New Ind Town, Faridabad",HAR_VUN_2022-10-02-10.00-1-1153.jpg,2022,10,2,12,230,e_Very_Unhealthy,2022-10-02,16.6,23.7,513.0,2.0,1.8,93.0
"ITO, Delhi",DEL_VUnH_2023-02-16-17.00-2-17.jpg,2023,2,16,12,293,e_Very_Unhealthy,2023-02-16,2.0,3.3,115.0,0.6,0.0,52.0
Mumbai,MH_UH_2023-02-03- 09.30-1-52.jpg,2023,2,3,12,162,d_Unhealthy,2023-02-03,121.1,177.4,813.0,48.2,60.2,256.0
Tamil Nadu,TN_Good_2023-02-21-08.30-2-21.jpg,2023,2,21,12,29,a_Good,2023-02-21,2.1,3.2,146.0,1.6,0.3,82.0
"ITO, Delhi",DEL_VUnH_2023-02-16-14.00-1-10.jpg,2023,2,16,12,268,e_Very_Unhealthy,2023-02-16,2.0,3.3,115.0,0.6,0.0,52.0
"ITO, Delhi",DEL_SEV_2023-02-22-14.00-2-206.jpg,2023,2,22,12,450,f_Severe,2023-02-22,2.4,4.2,128.0,0.1,0.0,83.0
"Knowledge park, Greater Noida",UP_SEV_2023-02-18-11.00-1-45.jpg,2023,2,18,12,320,f_Severe,2023-02-18,24.9,48.1,246.0,27.6,8.9,84.0
Mumbai,MH_UH_2023-02-11-03.30-2-23.jpg,2023,2,11,12,154,d_Unhealthy,2023-02-11,50.5,82.9,477.0,34.0,35.6,181.0
Tamil Nadu,TN_UNH_2023-02-03-12.30-1-19.jpg,2023,2,3,12,150,d_Unhealthy,2023-02-03,26.3,38.1,500.0,65.8,1.9,18.0
Mumbai,MH_UH_2023-02-03- 09.30-1-38.jpg,2023,2,3,12,162,d_Unhealthy,2023-02-03,121.1,177.4,813.0,48.2,60.2,256.0
"New Ind Town, Faridabad",HAR_VUN_2022-10-02-10.00-1-4881.jpg,2022,10,2,12,230,e_Very_Unhealthy,2022-10-02,16.6,23.7,513.0,2.0,1.8,93.0
Tamil Nadu,TN_MOD_2023-02-09-08.30-1-28.jpg,2023,2,9,12,78,b_Moderate,2023-02-09,20.1,29.8,485.0,57.4,2.2,10.0
Bengaluru,BENGR_Mod_2023-02-24-08.30-1-226.jpg,2023,2,24,12,68,b_Moderate,2023-02-24,11.3,16.6,250.0,9.2,10.1,126.0
Mumbai,MH_UnFSG_2023-02-17-13.00-2-9.jpg,2023,2,17,12,140,c_Unhealthy_for_Sensitive_Groups,2023-02-17,64.3,96.9,620.0,42.0,43.7,225.0
Mumbai,MH_VUN_2023-03-05-08.30-2-211.jpg,2023,3,5,12,284,e_Very_Unhealthy,2023-03-05,278.5,401.4,1413.0,23.7,39.9,325.0
Mumbai,MH_UH_2023-02-10-14.30-1-7.jpg,2023,2,10,12,160,d_Unhealthy,2023-02-10,74.7,110.8,581.0,28.9,36.7,198.0
"Biratnagar, Nepal",BIR_UH_2023-03-16-12.30-4-253.jpg,2023,3,16,12,154,d_Unhealthy,2023-03-16,68.5,98.7,456.0,5.4,8.3,132.0
"ITO, Delhi",DEL_SEV_2023-02-17-13.00-2-47.jpg,2023,2,17,12,372,f_Severe,2023-02-17,0.2,0.3,91.0,0.1,0.0,49.0
"Knowledge park, Greater Noida",UP_UHFSG_2023-02-24-08.30-1-413.jpg,2023,2,24,12,141,c_Unhealthy_for_Sensitive_Groups,2023-02-24,132.7,224.4,1109.0,243.3,40.8,181.0
"Biratnagar, Nepal",BRI_UFSG_2023-02-03- 16.00-13.jpg,2023,2,3,12,141,c_Unhealthy_for_Sensitive_Groups,2023-02-03,69.8,99.7,581.0,11.6,6.8,112.0
Mumbai,MH_VUN_2023-02-25-10.00-1-311.jpg,2023,2,25,12,206,e_Very_Unhealthy,2023-02-25,64.3,98.3,654.0,37.4,50.9,173.0
Tamil Nadu,TN_UnFSG_2023-03-08-08.30-1-226.jpg,2023,3,8,12,121,c_Unhealthy_for_Sensitive_Groups,2023-03-08,21.1,30.5,475.0,70.5,1.8,17.0
Bengaluru,BENGR_Mod_2023-02-21-08.30-1-566.jpg,2023,2,21,12,56,b_Moderate,2023-02-21,26.0,37.8,303.0,8.9,11.2,152.0
Mumbai,MH_UN_2023-03-13-10.00-1-218.jpg,2023,3,13,12,197,d_Unhealthy,2023-03-13,346.5,501.1,2447.0,38.8,125.9,577.0
"ITO, Delhi",DL_VUNH_2023-02-04-17.00-1-73.jpg,2023,2,4,12,281,e_Very_Unhealthy,2023-02-04,2.8,4.9,89.0,0.2,0.1,62.0
"ITO, Delhi",DEL_VUnH_2023-02-16-14.00-2-24.jpg,2023,2,16,12,268,e_Very_Unhealthy,2023-02-16,2.0,3.3,115.0,0.6,0.0,52.0
Mumbai,MH_UH_2023-02-10-14.30-1-106.jpg,2023,2,10,12,160,d_Unhealthy,2023-02-10,74.7,110.8,581.0,28.9,36.7,198.0
Mumbai,MH_UN_2023-03-16-11.00-1-365.jpg,2023,3,16,12,159,d_Unhealthy,2023-03-16,59.3,90.6,871.0,64.4,81.4,199.0
"New Ind Town, Faridabad",HAR_VUN_2022-10-02-10.00-1-4737.jpg,2022,10,2,12,230,e_Very_Unhealthy,2022-10-02,16.6,23.7,513.0,2.0,1.8,93.0
"New Ind Town, Faridabad",HAR_VUN_2022-10-02-10.00-1-3337.jpg,2022,10,2,12,230,e_Very_Unhealthy,2022-10-02,16.6,23.7,513.0,2.0,1.8,93.0
"ITO, Delhi",DEL_UnH_2023-02-15-11.30-2-12.jpg,2023,2,15,12,179,d_Unhealthy,2023-02-15,2.5,3.7,124.0,1.0,0.0,54.0
"Knowledge park, Greater Noida",UP_SEV_2023-02-18-14.30-1-36.jpg,2023,2,18,12,331,f_Severe,2023-02-18,24.9,48.1,246.0,27.6,8.9,84.0
"Knowledge park, Greater Noida",UP_UHFSG_2023-02-08-08.30-1-17.jpg,2023,2,8,12,133,c_Unhealthy_for_Sensitive_Groups,2023-02-08,53.7,112.2,526.0,86.8,19.1,87.0
Bengaluru,BENGR_UHFSG_2023-02-05-08.30-1-9.jpg,2023,2,3,12,111,c_Unhealthy_for_Sensitive_Groups,2023-02-03,19.7,31.1,321.0,13.6,3.8,86.0
"ITO, Delhi",DEL_SEV_2023-02-20-14.00-3-36.jpg,2023,2,20,12,363,f_Severe,2023-02-20,4.4,7.8,136.0,0.3,0.0,76.0
"Biratnagar, Nepal",BIR_UNFSG_VF_2023-02-03-16.00-2-89.jpg,2023,2,3,12,141,c_Unhealthy_for_Sensitive_Groups,2023-02-03,69.8,99.7,581.0,11.6,6.8,112.0
"Knowledge park, Greater Noida",UP_UHFSG_2023-02-24-08.30-1-85.jpg,2023,2,24,12,141,c_Unhealthy_for_Sensitive_Groups,2023-02-24,132.7,224.4,1109.0,243.3,40.8,181.0
Bengaluru,BENGR_Good_2023-02-19-08.30-1-35.jpg,2023,2,19,12,41,a_Good,2023-02-19,14.6,21.7,286.0,7.9,10.9,146.0
Mumbai,MH_Good_2023-03-23-17.00-1-204.jpg,2023,3,23,12,47,a_Good,2023-03-23,18.4,34.5,257.0,17.2,19.2,71.0
Bengaluru,BENGR_Mod_2023-03-09-08.30-1-286.jpg,2023,3,9,12,51,b_Moderate,2023-03-09,32.7,47.8,341.0,6.8,6.3,123.0
"Biratnagar, Nepal",BIR_UFSG_2023-02-14- 14.30-1-3.jpg,2023,2,14,12,101,c_Unhealthy_for_Sensitive_Groups,2023-02-14,43.3,62.6,471.0,15.4,7.5,101.0
Mumbai,MH_UN_2023-03-12-13.00-1-43.jpg,2023,3,12,12,156,d_Unhealthy,2023-03-12,240.3,345.5,1730.0,61.2,111.6,478.0
"Knowledge park, Greater Noida",UP_VUN_2023-03-02-09.00-1-409.jpg,2023,3,2,12,223,e_Very_Unhealthy,2023-03-02,20.5,48.2,338.0,56.9,14.0,72.0
"Dimapur, Nagaland",Dimapur_UHFSG_2023-02-02- 09.00-3-47.jpg,2023,2,2,12,103,c_Unhealthy_for_Sensitive_Groups,2023-02-02,39.6,56.9,296.0,6.5,2.7,107.0
"ITO, Delhi",DEL_SEV_2023-02-20-14.00-2-506.jpg,2023,2,20,12,363,f_Severe,2023-02-20,4.4,7.8,136.0,0.3,0.0,76.0
"ITO, Delhi",DEL_SEV_2023-02-16-18.00-2-91.jpg,2023,2,16,12,330,f_Severe,2023-02-16,2.0,3.3,115.0,0.6,0.0,52.0
Mumbai,MH_UnFSG_2023-02-16-17.00-7.jpg,2023,2,16,12,128,c_Unhealthy_for_Sensitive_Groups,2023-02-16,80.8,118.3,643.0,38.1,47.3,247.0
Bengaluru,BENGR_UHFSG_2023-02-09-08.30-1-9.jpg,2023,2,9,12,103,c_Unhealthy_for_Sensitive_Groups,2023-02-09,28.2,41.3,282.0,10.7,8.9,132.0
"ITO, Delhi",DEL_SEV_2023-02-16-18.00-2-72.jpg,2023,2,16,12,330,f_Severe,2023-02-16,2.0,3.3,115.0,0.6,0.0,52.0
Bengaluru,BENGR_Good_2023-03-25-08.30-1-78.jpg,2023,3,25,12,32,a_Good,2023-03-25,26.6,39.9,248.0,8.4,5.4,133.0
"ITO, Delhi",DEL_SEV_2023-02-20-14.00-2-371.jpg,2023,2,20,12,363,f_Severe,2023-02-20,4.4,7.8,136.0,0.3,0.0,76.0
Bengaluru,BENGR_Good_2023-02-19-08.30-1-20.jpg,2023,2,19,12,41,a_Good,2023-02-19,14.6,21.7,286.0,7.9,10.9,146.0
"Biratnagar, Nepal",BIR_MOD_2023-02-13-09.30-1-17.jpg,2023,2,13,12,91,b_Moderate,2023-02-13,40.7,59.3,429.0,13.7,9.2,101.0
Mumbai,MH_UnFSG_2023-02-15-10.30-1-78.jpg,2023,2,15,12,143,c_Unhealthy_for_Sensitive_Groups,2023-02-15,82.2,119.0,737.0,40.3,51.8,253.0
"Biratnagar, Nepal",BIR_UFSG_2023-02-14- 14.30-2-14.jpg,2023,2,14,12,101,c_Unhealthy_for_Sensitive_Groups,2023-02-14,43.3,62.6,471.0,15.4,7.5,101.0
"ITO, Delhi",DEL_SEV_2023-02-20-14.00-3-396.jpg,2023,2,20,12,363,f_Severe,2023-02-20,4.4,7.8,136.0,0.3,0.0,76.0
"Knowledge park, Greater Noida",UP_UHFSG_2023-03-06-11.30-1-465.jpg,2023,3,6,12,104,c_Unhealthy_for_Sensitive_Groups,2023-03-06,57.3,103.8,710.0,101.0,20.8,124.0
"New Ind Town, Faridabad",HAR_VUN_2022-10-02-10.00-1-2841.jpg,2022,10,2,12,230,e_Very_Unhealthy,2022-10-02,16.6,23.7,513.0,2.0,1.8,93.0
"Biratnagar, Nepal",BIR_UNH_VF_2023-02-02- 15.00-4-77.jpg,2023,2,2,12,156,d_Unhealthy,2023-02-02,57.2,81.7,581.0,12.1,8.5,98.0
Tamil Nadu,TN_UnFSG_2023-03-03-09.00-1-151.jpg,2023,3,3,12,121,c_Unhealthy_for_Sensitive_Groups,2023-03-03,5.2,9.4,154.0,1.6,1.3,86.0
Bengaluru,BENGR_Good_2023-02-27-08.30-1-51.jpg,2023,2,27,12,47,a_Good,2023-02-27,10.8,15.8,277.0,6.9,7.3,131.0
Mumbai,MH_UH_2023-02-02- 09.30-1-6.jpg,2023,2,2,12,182,d_Unhealthy,2023-02-02,122.9,179.7,829.0,44.0,61.7,239.0
"Biratnagar, Nepal",BIR_UNFSG_VF_2023-02-03-16.00-3-59.jpg,2023,2,3,12,141,c_Unhealthy_for_Sensitive_Groups,2023-02-03,69.8,99.7,581.0,11.6,6.8,112.0
Mumbai,MH_UnFSG_2023-03-10-16.00-1-351.jpg,2023,3,10,12,141,c_Unhealthy_for_Sensitive_Groups,2023-03-10,51.1,75.7,577.0,42.8,39.8,185.0
Tamil Nadu,TN_Good_2023-02-21-08.30-1-151.jpg,2023,2,21,12,29,a_Good,2023-02-21,2.1,3.2,146.0,1.6,0.3,82.0
Bengaluru,BENGR_Mod_2023-03-06-08.30-1-591.jpg,2023,3,6,12,68,b_Moderate,2023-03-06,12.6,18.6,218.0,6.5,8.2,129.0
"Biratnagar, Nepal",BIR_MOD_2023-02-13-09.30-3-7.jpg,2023,2,13,12,91,b_Moderate,2023-02-13,40.7,59.3,429.0,13.7,9.2,101.0
"ITO, Delhi",DL_VUNH_2023-02-04-17.00-1-11.jpg,2023,2,4,12,281,e_Very_Unhealthy,2023-02-04,2.8,4.9,89.0,0.2,0.1,62.0
"New Ind Town, Faridabad",HAR_VUN_2022-10-02-10.00-1-4049.jpg,2022,10,2,12,230,e_Very_Unhealthy,2022-10-02,16.6,23.7,513.0,2.0,1.8,93.0
Tamil Nadu,TN_Good_2023-03-21-08.30-1-43.jpg,2023,3,21,12,27,a_Good,2023-03-21,8.3,12.3,214.0,11.7,1.2,58.0
Tamil Nadu,TN_UnFSG_2023-03-01-08.30-1-86.jpg,2023,3,1,12,111,c_Unhealthy_for_Sensitive_Groups,2023-03-01,11.3,16.5,244.0,12.0,2.9,66.0
Bengaluru,BENGR_Mod_2023-03-13-08.30-1-190.jpg,2023,3,13,12,53,b_Moderate,2023-03-13,27.1,39.7,365.0,8.1,8.5,111.0
"Dimapur, Nagaland",Dimapur_UHFSG_2023-02-02- 09.00-1-22.jpg,2023,2,2,12,103,c_Unhealthy_for_Sensitive_Groups,2023-02-02,39.6,56.9,296.0,6.5,2.7,107.0
Mumbai,MH_UH_2023-02-10-14.30-1-96.jpg,2023,2,10,12,160,d_Unhealthy,2023-02-10,74.7,110.8,581.0,28.9,36.7,198.0
"New Ind Town, Faridabad",HAR_VUN_2022-10-02-10.00-1-3009.jpg,2022,10,2,12,230,e_Very_Unhealthy,2022-10-02,16.6,23.7,513.0,2.0,1.8,93.0
"Biratnagar, Nepal",BIR_UNFSG_VF_2023-02-03-15.00-1-43.jpg,2023,2,3,12,141,c_Unhealthy_for_Sensitive_Groups,2023-02-03,69.8,99.7,581.0,11.6,6.8,112.0
Tamil Nadu,TN_Good_2023-02-22-09.30-2-106.jpg,2023,2,22,12,36,a_Good,2023-02-22,8.3,12.4,216.0,13.8,2.4,52.0
"Biratnagar, Nepal",BIR_UNH_VF_2023-02-02- 12.00-1-136.jpg,2023,2,2,12,158,d_Unhealthy,2023-02-02,57.2,81.7,581.0,12.1,8.5,98.0
Tamil Nadu,TN_Good_2023-02-27-16.30-1-231.jpg,2023,2,27,12,43,a_Good,2023-02-27,5.9,9.2,177.0,7.1,1.1,74.0
"Biratnagar, Nepal",BIR_MOD_2023-02-13-09.30-3-38.jpg,2023,2,13,12,91,b_Moderate,2023-02-13,40.7,59.3,429.0,13.7,9.2,101.0
"Knowledge park, Greater Noida",UP_UN_2023-03-01-08.30-1-369.jpg,2023,3,1,12,199,d_Unhealthy,2023-03-01,21.1,47.7,354.0,67.2,13.3,48.0
"ITO, Delhi",DEL_SEV_2023-02-20-14.00-2-66.jpg,2023,2,20,12,363,f_Severe,2023-02-20,4.4,7.8,136.0,0.3,0.0,76.0
Bengaluru,BENGR_Good_2023-03-21-08.30-1-120.jpg,2023,3,21,12,47,a_Good,2023-03-21,9.1,13.8,245.0,15.6,3.6,110.0
Mumbai,MH_VUN_2023-02-25-10.00-1-151.jpg,2023,2,25,12,206,e_Very_Unhealthy,2023-02-25,64.3,98.3,654.0,37.4,50.9,173.0
Mumbai,MH_UH_2023-02-03- 09.30-1-25.jpg,2023,2,3,12,162,d_Unhealthy,2023-02-03,121.1,177.4,813.0,48.2,60.2,256.0
"ITO, Delhi",DEL_VUnH_2023-02-16-17.00-2-12.jpg,2023,2,16,12,293,e_Very_Unhealthy,2023-02-16,2.0,3.3,115.0,0.6,0.0,52.0
Mumbai,MH_UH_2023-02-02- 09.30-1-14.jpg,2023,2,2,12,182,d_Unhealthy,2023-02-02,122.9,179.7,829.0,44.0,61.7,239.0
Bengaluru,BENGR_Mod_2023-02-24-08.30-1-146.jpg,2023,2,24,12,68,b_Moderate,2023-02-24,11.3,16.6,250.0,9.2,10.1,126.0
"ITO, Delhi",DEL_SEV_2023-02-16-18.00-2-100.jpg,2023,2,16,12,330,f_Severe,2023-02-16,2.0,3.3,115.0,0.6,0.0,52.0
Tamil Nadu,TN_UNH_2023-02-03-12.30-1-10.jpg,2023,2,3,12,150,d_Unhealthy,2023-02-03,26.3,38.1,500.0,65.8,1.9,18.0
"Biratnagar, Nepal",BIR_UNH_VF_2023-02-02- 12.00-1-139.jpg,2023,2,2,12,158,d_Unhealthy,2023-02-02,57.2,81.7,581.0,12.1,8.5,98.0
"New Ind Town, Faridabad",HAR_VUN_2022-10-02-10.00-1-3065.jpg,2022,10,2,12,230,e_Very_Unhealthy,2022-10-02,16.6,23.7,513.0,2.0,1.8,93.0
"Biratnagar, Nepal",BIR_UNH_VF_2023-02-02- 12.00-2-3.jpg,2023,2,2,12,158,d_Unhealthy,2023-02-02,57.2,81.7,581.0,12.1,8.5,98.0
Mumbai,MH_UnFSG_2023-02-17-13.00-2-75.jpg,2023,2,17,12,140,c_Unhealthy_for_Sensitive_Groups,2023-02-17,64.3,96.9,620.0,42.0,43.7,225.0
"Biratnagar, Nepal",BIR_MOD_2023-02-13-09.30-3-10.jpg,2023,2,13,12,91,b_Moderate,2023-02-13,40.7,59.3,429.0,13.7,9.2,101.0
"Knowledge park, Greater Noida",UP_VUN_2023-03-02-09.00-1-641.jpg,2023,3,2,12,223,e_Very_Unhealthy,2023-03-02,20.5,48.2,338.0,56.9,14.0,72.0
"Knowledge park, Greater Noida",UP_UHFSG_2023-03-06-11.30-1-169.jpg,2023,3,6,12,104,c_Unhealthy_for_Sensitive_Groups,2023-03-06,57.3,103.8,710.0,101.0,20.8,124.0
Bengaluru,BENGR_Good_2023-03-25-08.30-1-27.jpg,2023,3,25,12,32,a_Good,2023-03-25,26.6,39.9,248.0,8.4,5.4,133.0
Mumbai,MH_UN_2023-03-13-10.00-1-197.jpg,2023,3,13,12,197,d_Unhealthy,2023-03-13,346.5,501.1,2447.0,38.8,125.9,577.0
Tamil Nadu,TN_MOD_2023-02-09-08.30-2-20.jpg,2023,2,9,12,78,b_Moderate,2023-02-09,20.1,29.8,485.0,57.4,2.2,10.0
"ITO, Delhi",DEL_VUnH_2023-02-16-14.00-2-29.jpg,2023,2,16,12,268,e_Very_Unhealthy,2023-02-16,2.0,3.3,115.0,0.6,0.0,52.0
"Biratnagar, Nepal",BIR_UFSG_2023-02-14- 14.30-2-16.jpg,2023,2,14,12,101,c_Unhealthy_for_Sensitive_Groups,2023-02-14,43.3,62.6,471.0,15.4,7.5,101.0
Mumbai,MH_UnFSG_2023-02-17-19.00-2-60.jpg,2023,2,17,12,145,c_Unhealthy_for_Sensitive_Groups,2023-02-17,64.3,96.9,620.0,42.0,43.7,225.0
Tamil Nadu,TN_Good_2023-02-27-16.30-1-51.jpg,2023,2,27,12,43,a_Good,2023-02-27,5.9,9.2,177.0,7.1,1.1,74.0
Mumbai,MH_UnFSG_2023-03-10-16.00-1-51.jpg,2023,3,10,12,141,c_Unhealthy_for_Sensitive_Groups,2023-03-10,51.1,75.7,577.0,42.8,39.8,185.0
"Biratnagar, Nepal",BIR_UH_2023-03-16-12.30-4-183.jpg,2023,3,16,12,154,d_Unhealthy,2023-03-16,68.5,98.7,456.0,5.4,8.3,132.0
Mumbai,MH_UnFSG_2023-03-10-16.00-1-396.jpg,2023,3,10,12,141,c_Unhealthy_for_Sensitive_Groups,2023-03-10,51.1,75.7,577.0,42.8,39.8,185.0
Mumbai,MH_UnFSG_2023-03-10-16.00-1-176.jpg,2023,3,10,12,141,c_Unhealthy_for_Sensitive_Groups,2023-03-10,51.1,75.7,577.0,42.8,39.8,185.0
Bengaluru,BENGR_Mod_2023-02-23-08.30-1-101.jpg,2023,2,23,12,97,b_Moderate,2023-02-23,18.2,26.4,272.0,8.0,8.1,126.0
"ITO, Delhi",DL_VUNH_2023-02-04-17.00-1-62.jpg,2023,2,4,12,281,e_Very_Unhealthy,2023-02-04,2.8,4.9,89.0,0.2,0.1,62.0
"Knowledge park, Greater Noida",UP_MOD_2023-02-13-08.30-2.jpg,2023,2,13,12,76,b_Moderate,2023-02-13,68.2,107.6,509.0,91.1,18.2,133.0
Tamil Nadu,TN_UnFSG_2023-03-02-08.30-1-6.jpg,2023,3,2,12,119,c_Unhealthy_for_Sensitive_Groups,2023-03-02,8.6,16.2,185.0,2.6,1.1,86.0
"Biratnagar, Nepal",BIR_UFSG_2023-02-14- 14.30-1-41.jpg,2023,2,14,12,101,c_Unhealthy_for_Sensitive_Groups,2023-02-14,43.3,62.6,471.0,15.4,7.5,101.0
Mumbai,MH_UN_2023-03-16-11.00-1-85.jpg,2023,3,16,12,159,d_Unhealthy,2023-03-16,59.3,90.6,871.0,64.4,81.4,199.0
"Biratnagar, Nepal",BIR_UH_2023-03-16-12.30-4-162.jpg,2023,3,16,12,154,d_Unhealthy,2023-03-16,68.5,98.7,456.0,5.4,8.3,132.0
Bengaluru,BENGR_Mod_2023-02-23-08.30-1-426.jpg,2023,2,23,12,97,b_Moderate,2023-02-23,18.2,26.4,272.0,8.0,8.1,126.0
"ITO, Delhi",DEL_VUnH_2023-02-16-17.00-2-125.jpg,2023,2,16,12,293,e_Very_Unhealthy,2023-02-16,2.0,3.3,115.0,0.6,0.0,52.0
Mumbai,MH_UnFSG_2023-02-17-13.00-2-17.jpg,2023,2,17,12,140,c_Unhealthy_for_Sensitive_Groups,2023-02-17,64.3,96.9,620.0,42.0,43.7,225.0
Bengaluru,BENGR_Good_2023-02-28-08.30-1-431.jpg,2023,2,28,12,37,a_Good,2023-02-28,27.2,39.7,398.0,7.6,7.8,127.0
Tamil Nadu,TN_MOD_2023-02-09-08.30-2-2.jpg,2023,2,9,12,78,b_Moderate,2023-02-09,20.1,29.8,485.0,57.4,2.2,10.0
"Dimapur, Nagaland",Dimapur_UHFSG_2023-02-02- 09.00-2-59.jpg,2023,2,2,12,103,c_Unhealthy_for_Sensitive_Groups,2023-02-02,39.6,56.9,296.0,6.5,2.7,107.0
"Biratnagar, Nepal",BIR_UNFSG_VF_2023-02-03-15.00-2-28.jpg,2023,2,3,12,141,c_Unhealthy_for_Sensitive_Groups,2023-02-03,69.8,99.7,581.0,11.6,6.8,112.0
Tamil Nadu,TN_Good_2023-02-22-09.30-2-196.jpg,2023,2,22,12,36,a_Good,2023-02-22,8.3,12.4,216.0,13.8,2.4,52.0
Mumbai,MH_VUN_2023-03-05-08.30-2-106.jpg,2023,3,5,12,284,e_Very_Unhealthy,2023-03-05,278.5,401.4,1413.0,23.7,39.9,325.0
"New Ind Town, Faridabad",HAR_VUN_2022-10-02-10.00-1-3561.jpg,2022,10,2,12,230,e_Very_Unhealthy,2022-10-02,16.6,23.7,513.0,2.0,1.8,93.0
Bengaluru,BENGR_Good_2023-03-17-08.30-1-302.jpg,2023,3,17,12,15,a_Good,2023-03-17,20.8,31.4,332.0,11.4,4.1,112.0
Mumbai,MH_VUN_2023-02-24-15.00-1-366.jpg,2023,2,24,12,202,e_Very_Unhealthy,2023-02-24,73.3,112.7,633.0,41.2,49.7,231.0
Tamil Nadu,TN_Good_2023-02-21-08.30-2-71.jpg,2023,2,21,12,29,a_Good,2023-02-21,2.1,3.2,146.0,1.6,0.3,82.0
"ITO, Delhi",DEL_SEV_2023-02-20-14.00-3-6.jpg,2023,2,20,12,363,f_Severe,2023-02-20,4.4,7.8,136.0,0.3,0.0,76.0
Tamil Nadu,TN_UHFSG_2023-02-10-08.30-1-24.jpg,2023,2,10,12,105,c_Unhealthy_for_Sensitive_Groups,2023-02-10,3.4,5.3,152.0,3.8,0.5,78.0
"New Ind Town, Faridabad",HAR_VUN_2022-10-02-10.00-1-1689.jpg,2022,10,2,12,230,e_Very_Unhealthy,2022-10-02,16.6,23.7,513.0,2.0,1.8,93.0
"Biratnagar, Nepal",BIR_UNH_VF_2023-02-03- 10.00-3-34.jpg,2023,2,3,12,163,d_Unhealthy,2023-02-03,69.8,99.7,581.0,11.6,6.8,112.0
"New Ind Town, Faridabad",HAR_VUN_2022-10-02-10.00-1-2121.jpg,2022,10,2,12,230,e_Very_Unhealthy,2022-10-02,16.6,23.7,513.0,2.0,1.8,93.0
Mumbai,MH_UN_2023-03-13-10.00-1-141.jpg,2023,3,13,12,197,d_Unhealthy,2023-03-13,346.5,501.1,2447.0,38.8,125.9,577.0
Bengaluru,BENGR_Mod_2023-03-06-08.30-1-186.jpg,2023,3,6,12,68,b_Moderate,2023-03-06,12.6,18.6,218.0,6.5,8.2,129.0
"Knowledge park, Greater Noida",UP_SEV_2023-02-19-14.30-1-19.jpg,2023,2,19,12,357,f_Severe,2023-02-19,26.7,50.5,247.0,25.1,8.3,99.0
Bengaluru,BENGR_Mod_2023-02-24-08.30-1-56.jpg,2023,2,24,12,68,b_Moderate,2023-02-24,11.3,16.6,250.0,9.2,10.1,126.0
Tamil Nadu,TN_UNH_2023-02-03-13.30-1-16.jpg,2023,2,3,12,167,d_Unhealthy,2023-02-03,26.3,38.1,500.0,65.8,1.9,18.0
Mumbai,MH_Good_2023-03-22-11.00-1-246.jpg,2023,3,22,12,49,a_Good,2023-03-22,16.2,31.8,249.0,15.6,16.8,76.0
Mumbai,MH_UnFSG_2023-03-14-13.00-1-61.jpg,2023,3,14,12,138,c_Unhealthy_for_Sensitive_Groups,2023-03-14,160.7,240.3,1639.0,42.4,85.0,345.0
"ITO, Delhi",DEL_VUnH_2023-02-16-17.00-2-48.jpg,2023,2,16,12,293,e_Very_Unhealthy,2023-02-16,2.0,3.3,115.0,0.6,0.0,52.0
"Biratnagar, Nepal",BIR_UNH_VF_2023-02-02- 12.00-1-108.jpg,2023,2,2,12,158,d_Unhealthy,2023-02-02,57.2,81.7,581.0,12.1,8.5,98.0
Tamil Nadu,TN_UN_2023-03-06-09.00-1-151.jpg,2023,3,6,12,161,d_Unhealthy,2023-03-06,15.6,22.5,298.0,24.2,0.8,36.0
Tamil Nadu,TN_Mod_2023-02-28-08.30-1-151.jpg,2023,2,28,12,73,b_Moderate,2023-02-28,3.8,5.7,174.0,4.3,0.9,75.0
"Knowledge park, Greater Noida",UP_SEV_2023-02-20-08.30-1-63.jpg,2023,2,20,12,331,f_Severe,2023-02-20,26.1,49.7,219.0,20.0,5.1,100.0
"ITO, Delhi",DEL_VUnH_2023-02-16-14.30-1-242.jpg,2023,2,16,12,245,e_Very_Unhealthy,2023-02-16,2.0,3.3,115.0,0.6,0.0,52.0
"Biratnagar, Nepal",BIR_UNFSG_VF_2023-02-03-16.00-2-52.jpg,2023,2,3,12,141,c_Unhealthy_for_Sensitive_Groups,2023-02-03,69.8,99.7,581.0,11.6,6.8,112.0
"Biratnagar, Nepal",BIR_UNH_VF_2023-02-02- 12.00-1-15.jpg,2023,2,2,12,158,d_Unhealthy,2023-02-02,57.2,81.7,581.0,12.1,8.5,98.0
"Biratnagar, Nepal",BIR_MOD_2023-02-13-09.30-3-2.jpg,2023,2,13,12,91,b_Moderate,2023-02-13,40.7,59.3,429.0,13.7,9.2,101.0
"Biratnagar, Nepal",BIR_UNH_VF_2023-02-02- 12.00-2-85.jpg,2023,2,2,12,158,d_Unhealthy,2023-02-02,57.2,81.7,581.0,12.1,8.5,98.0
"Knowledge park, Greater Noida",UP_UHFSG_2023-02-24-08.30-1-21.jpg,2023,2,24,12,141,c_Unhealthy_for_Sensitive_Groups,2023-02-24,132.7,224.4,1109.0,243.3,40.8,181.0
Tamil Nadu,TN_Good_2023-02-22-09.30-1-231.jpg,2023,2,22,12,36,a_Good,2023-02-22,8.3,12.4,216.0,13.8,2.4,52.0
"Knowledge park, Greater Noida",UP_VUN_2023-02-27-10.30-1-261.jpg,2023,2,27,12,299,e_Very_Unhealthy,2023-02-27,44.7,71.7,613.0,101.2,20.5,98.0
Mumbai,MH_UH_2023-02-18-11.00-1-49.jpg,2023,2,18,12,151,d_Unhealthy,2023-02-18,100.4,145.8,792.0,40.1,53.4,275.0
"Biratnagar, Nepal",BIR_UNH_VF_2023-02-03- 10.00-1-31.jpg,2023,2,3,12,163,d_Unhealthy,2023-02-03,69.8,99.7,581.0,11.6,6.8,112.0
"New Ind Town, Faridabad",HAR_VUN_2022-10-02-10.00-1-3601.jpg,2022,10,2,12,230,e_Very_Unhealthy,2022-10-02,16.6,23.7,513.0,2.0,1.8,93.0
"ITO, Delhi",DEL_SEV_2023-02-07-14.00-1-113.jpg,2023,2,7,12,449,f_Severe,2023-02-07,3.0,5.3,89.0,0.3,0.1,54.0
Bengaluru,BENGR_Good_2023-03-25-08.30-1-5.jpg,2023,3,25,12,32,a_Good,2023-03-25,26.6,39.9,248.0,8.4,5.4,133.0
Mumbai,MH_Mod_2023-03-21-15.00-1-232.jpg,2023,3,21,12,92,b_Moderate,2023-03-21,15.9,32.0,246.0,16.3,15.8,72.0
"Knowledge park, Greater Noida",UP_VUN_2023-02-27-10.30-1-21.jpg,2023,2,27,12,299,e_Very_Unhealthy,2023-02-27,44.7,71.7,613.0,101.2,20.5,98.0
"ITO, Delhi",DEL_SEV_2023-02-16-18.00-1-15.jpg,2023,2,16,12,330,f_Severe,2023-02-16,2.0,3.3,115.0,0.6,0.0,52.0
"Biratnagar, Nepal",BIR_UNFSG_VF_2023-02-03-16.00-2-32.jpg,2023,2,3,12,141,c_Unhealthy_for_Sensitive_Groups,2023-02-03,69.8,99.7,581.0,11.6,6.8,112.0
"ITO, Delhi",DEL_SEV_2023-02-07-14.00-1-105.jpg,2023,2,7,12,449,f_Severe,2023-02-07,3.0,5.3,89.0,0.3,0.1,54.0
"ITO, Delhi",DEL_VUnH_2023-02-16-14.00-2-35.jpg,2023,2,16,12,268,e_Very_Unhealthy,2023-02-16,2.0,3.3,115.0,0.6,0.0,52.0
Mumbai,MH_UH_2023-02-14-11.30-1-19.jpg,2023,2,14,12,160,d_Unhealthy,2023-02-14,81.3,119.0,721.0,41.8,52.8,260.0
"ITO, Delhi",DEL_VUH_2023-02-04-17.00-2-72.jpg,2023,2,4,12,281,e_Very_Unhealthy,2023-02-04,2.8,4.9,89.0,0.2,0.1,62.0
"New Ind Town, Faridabad",HAR_VUN_2022-10-02-10.00-1-697.jpg,2022,10,2,12,230,e_Very_Unhealthy,2022-10-02,16.6,23.7,513.0,2.0,1.8,93.0
"Biratnagar, Nepal",BIR_UNH_VF_2023-02-02- 1700-3-19.jpg,2023,2,2,12,156,d_Unhealthy,2023-02-02,57.2,81.7,581.0,12.1,8.5,98.0
"ITO, Delhi",DEL_VUH_2023-02-04-17.00-2-139.jpg,2023,2,4,12,281,e_Very_Unhealthy,2023-02-04,2.8,4.9,89.0,0.2,0.1,62.0
Bengaluru,BENGR_Good_2023-03-25-08.30-1-87.jpg,2023,3,25,12,32,a_Good,2023-03-25,26.6,39.9,248.0,8.4,5.4,133.0
Mumbai,MH_VUN_2023-02-24-15.00-1-166.jpg,2023,2,24,12,202,e_Very_Unhealthy,2023-02-24,73.3,112.7,633.0,41.2,49.7,231.0
"Biratnagar, Nepal",BIR_MOD_2023-02-13-09.30-2-29.jpg,2023,2,13,12,91,b_Moderate,2023-02-13,40.7,59.3,429.0,13.7,9.2,101.0
"Knowledge park, Greater Noida",UP_VU_2023-02-16-08.30-1.jpg,2023,2,16,12,202,e_Very_Unhealthy,2023-02-16,57.5,88.7,480.0,90.9,20.4,80.0
Mumbai,MH_UN_2023-03-13-10.00-7.jpg,2023,3,13,12,197,d_Unhealthy,2023-03-13,346.5,501.1,2447.0,38.8,125.9,577.0
Mumbai,MH_UH_2023-02-02- 09.30-1-11.jpg,2023,2,2,12,182,d_Unhealthy,2023-02-02,122.9,179.7,829.0,44.0,61.7,239.0
"Biratnagar, Nepal",BIR_UFSG_2023-02-14- 14.30-1-23.jpg,2023,2,14,12,101,c_Unhealthy_for_Sensitive_Groups,2023-02-14,43.3,62.6,471.0,15.4,7.5,101.0
Bengaluru,BENGR_Mod_2023-03-09-08.30-1-421.jpg,2023,3,9,12,51,b_Moderate,2023-03-09,32.7,47.8,341.0,6.8,6.3,123.0
"Knowledge park, Greater Noida",UP_UHFSG_2023-03-06-11.30-1-177.jpg,2023,3,6,12,104,c_Unhealthy_for_Sensitive_Groups,2023-03-06,57.3,103.8,710.0,101.0,20.8,124.0
Bengaluru,BENGR_Mod_2023-02-23-08.30-1-356.jpg,2023,2,23,12,97,b_Moderate,2023-02-23,18.2,26.4,272.0,8.0,8.1,126.0
Mumbai,MH_UH_2023-02-19-12.00-1-57.jpg,2023,2,19,12,160,d_Unhealthy,2023-02-19,143.0,205.8,1159.0,48.0,73.1,327.0
"Knowledge park, Greater Noida",UP_SEV_2023-02-18-14.30-1-35.jpg,2023,2,18,12,331,f_Severe,2023-02-18,24.9,48.1,246.0,27.6,8.9,84.0
Bengaluru,BENGR_Mod_2023-02-25-08.30-1-11.jpg,2023,2,25,12,73,b_Moderate,2023-02-25,19.2,27.9,256.0,7.8,9.3,142.0
Bengaluru,BENGR_UnFSG_2023-03-08-08.30-1-341.jpg,2023,3,8,12,106,c_Unhealthy_for_Sensitive_Groups,2023-03-08,16.9,24.7,244.0,5.9,5.7,120.0
Tamil Nadu,TN_UNH_2023-02-03-13.30-1.jpg,2023,2,3,12,167,d_Unhealthy,2023-02-03,26.3,38.1,500.0,65.8,1.9,18.0
"New Ind Town, Faridabad",HAR_VUN_2022-10-02-10.00-1-4433.jpg,2022,10,2,12,230,e_Very_Unhealthy,2022-10-02,16.6,23.7,513.0,2.0,1.8,93.0
Bengaluru,BENGR_UnFSG_2023-03-08-08.30-1-151.jpg,2023,3,8,12,106,c_Unhealthy_for_Sensitive_Groups,2023-03-08,16.9,24.7,244.0,5.9,5.7,120.0
Tamil Nadu,TN_Good_2023-02-20-16.30-2-176.jpg,2023,2,20,12,43,a_Good,2023-02-20,2.1,3.0,150.0,2.1,0.4,78.0
Mumbai,MH_UH_2023-02-10-14.30-1-40.jpg,2023,2,10,12,160,d_Unhealthy,2023-02-10,74.7,110.8,581.0,28.9,36.7,198.0
"Biratnagar, Nepal",BIR_UH_2023-03-16-12.30-1-281.jpg,2023,3,16,12,154,d_Unhealthy,2023-03-16,68.5,98.7,456.0,5.4,8.3,132.0
Tamil Nadu,TN_UHFSG_2023-02-02- 09.00-2-4.jpg,2023,2,2,12,107,c_Unhealthy_for_Sensitive_Groups,2023-02-02,23.7,34.2,540.0,59.0,1.5,15.0
"Biratnagar, Nepal",BIR_UNH_VF_2023-02-03- 10.00-3-60.jpg,2023,2,3,12,163,d_Unhealthy,2023-02-03,69.8,99.7,581.0,11.6,6.8,112.0
Bengaluru,BENGR_Mod_2023-02-25-08.30-1-441.jpg,2023,2,25,12,73,b_Moderate,2023-02-25,19.2,27.9,256.0,7.8,9.3,142.0
"Biratnagar, Nepal",BIR_UNH_VF_2023-02-02- 15.00-2-39.jpg,2023,2,2,12,156,d_Unhealthy,2023-02-02,57.2,81.7,581.0,12.1,8.5,98.0
Mumbai,MH_VUN_2023-03-05-08.30-2-121.jpg,2023,3,5,12,284,e_Very_Unhealthy,2023-03-05,278.5,401.4,1413.0,23.7,39.9,325.0
"Biratnagar, Nepal",BIR_UNH_VF_2023-02-02- 15.00-3-7.jpg,2023,2,2,12,156,d_Unhealthy,2023-02-02,57.2,81.7,581.0,12.1,8.5,98.0
"ITO, Delhi",DEL_SEV_2023-02-07-14.00-1-114.jpg,2023,2,7,12,449,f_Severe,2023-02-07,3.0,5.3,89.0,0.3,0.1,54.0
"New Ind Town, Faridabad",HAR_VUN_2022-10-02-10.00-1-4065.jpg,2022,10,2,12,230,e_Very_Unhealthy,2022-10-02,16.6,23.7,513.0,2.0,1.8,93.0
Tamil Nadu,TN_Good_2023-02-27-16.30-1-86.jpg,2023,2,27,12,43,a_Good,2023-02-27,5.9,9.2,177.0,7.1,1.1,74.0
"Knowledge park, Greater Noida",UP_UHFSG_2023-02-24-08.30-1-393.jpg,2023,2,24,12,141,c_Unhealthy_for_Sensitive_Groups,2023-02-24,132.7,224.4,1109.0,243.3,40.8,181.0
Bengaluru,BENGR_Good_2023-02-27-08.30-1-201.jpg,2023,2,27,12,47,a_Good,2023-02-27,10.8,15.8,277.0,6.9,7.3,131.0
Mumbai,MH_UH_2023-02-11-03.30-1-4.jpg,2023,2,11,12,154,d_Unhealthy,2023-02-11,50.5,82.9,477.0,34.0,35.6,181.0
Tamil Nadu,TN_UHFSG_2023-02-02- 09.00-2-9.jpg,2023,2,2,12,107,c_Unhealthy_for_Sensitive_Groups,2023-02-02,23.7,34.2,540.0,59.0,1.5,15.0
"Knowledge park, Greater Noida",UP_UHFSG_2023-02-24-08.30-1-77.jpg,2023,2,24,12,141,c_Unhealthy_for_Sensitive_Groups,2023-02-24,132.7,224.4,1109.0,243.3,40.8,181.0
Tamil Nadu,TN_UN_2023-03-06-09.00-2-151.jpg,2023,3,6,12,161,d_Unhealthy,2023-03-06,15.6,22.5,298.0,24.2,0.8,36.0
"Knowledge park, Greater Noida",UP_VUN_2023-03-02-09.00-1-377.jpg,2023,3,2,12,223,e_Very_Unhealthy,2023-03-02,20.5,48.2,338.0,56.9,14.0,72.0
Bengaluru,BENGR_Good_2023-02-28-08.30-1-336.jpg,2023,2,28,12,37,a_Good,2023-02-28,27.2,39.7,398.0,7.6,7.8,127.0
"Dimapur, Nagaland",Dimapur_UHFSG_2023-02-02- 09.00-2.jpg,2023,2,2,12,103,c_Unhealthy_for_Sensitive_Groups,2023-02-02,39.6,56.9,296.0,6.5,2.7,107.0
Mumbai,MH_Good_2023-03-22-18.00-1-457.jpg,2023,3,22,12,47,a_Good,2023-03-22,16.2,31.8,249.0,15.6,16.8,76.0
Bengaluru,BENGR_Mod_2023-03-06-08.30-1-371.jpg,2023,3,6,12,68,b_Moderate,2023-03-06,12.6,18.6,218.0,6.5,8.2,129.0
"ITO, Delhi",DEL_VUnH_2023-02-16-14.30-1-258.jpg,2023,2,16,12,245,e_Very_Unhealthy,2023-02-16,2.0,3.3,115.0,0.6,0.0,52.0
"Knowledge park, Greater Noida",UP_UHFSG_2023-02-08-08.30-6.jpg,2023,2,8,12,133,c_Unhealthy_for_Sensitive_Groups,2023-02-08,53.7,112.2,526.0,86.8,19.1,87.0
"Biratnagar, Nepal",BIR_UNH_VF_2023-02-02- 12.00-1-122.jpg,2023,2,2,12,158,d_Unhealthy,2023-02-02,57.2,81.7,581.0,12.1,8.5,98.0
"New Ind Town, Faridabad",HAR_VUN_2022-10-02-10.00-1-2745.jpg,2022,10,2,12,230,e_Very_Unhealthy,2022-10-02,16.6,23.7,513.0,2.0,1.8,93.0
Bengaluru,BENGR_Mod_2023-03-09-08.30-1-26.jpg,2023,3,9,12,51,b_Moderate,2023-03-09,32.7,47.8,341.0,6.8,6.3,123.0
"Biratnagar, Nepal",BIR_UNH_VF_2023-02-03- 10.00-2-60.jpg,2023,2,3,12,163,d_Unhealthy,2023-02-03,69.8,99.7,581.0,11.6,6.8,112.0
"New Ind Town, Faridabad",HAR_VUN_2022-10-02-10.00-1-1817.jpg,2022,10,2,12,230,e_Very_Unhealthy,2022-10-02,16.6,23.7,513.0,2.0,1.8,93.0
Mumbai,MH_UnFSG_2023-02-17-19.00-2-14.jpg,2023,2,17,12,145,c_Unhealthy_for_Sensitive_Groups,2023-02-17,64.3,96.9,620.0,42.0,43.7,225.0
Tamil Nadu,TN_Good_2023-02-22-09.30-1-266.jpg,2023,2,22,12,36,a_Good,2023-02-22,8.3,12.4,216.0,13.8,2.4,52.0
Tamil Nadu,TN_Good_2023-02-27-16.30-1-6.jpg,2023,2,27,12,43,a_Good,2023-02-27,5.9,9.2,177.0,7.1,1.1,74.0
"Biratnagar, Nepal",BIR_UNH_VF_2023-02-02- 15.00-4-48.jpg,2023,2,2,12,156,d_Unhealthy,2023-02-02,57.2,81.7,581.0,12.1,8.5,98.0
Bengaluru,BENGR_Mod_2023-03-01-08.30-1-346.jpg,2023,3,1,12,70,b_Moderate,2023-03-01,17.0,25.4,362.0,6.3,6.0,122.0
Mumbai,MH_UH_2023-02-18-11.00-1-22.jpg,2023,2,18,12,151,d_Unhealthy,2023-02-18,100.4,145.8,792.0,40.1,53.4,275.0
Mumbai,MH_UH_2023-02-10-14.30-1-82.jpg,2023,2,10,12,160,d_Unhealthy,2023-02-10,74.7,110.8,581.0,28.9,36.7,198.0
Bengaluru,BENGR_Mod_2023-03-13-08.30-1-225.jpg,2023,3,13,12,53,b_Moderate,2023-03-13,27.1,39.7,365.0,8.1,8.5,111.0
Mumbai,MH_UH_2023-02-03- 09.30-1-81.jpg,2023,2,3,12,162,d_Unhealthy,2023-02-03,121.1,177.4,813.0,48.2,60.2,256.0
Tamil Nadu,TN_UnFSG_2023-03-09-09.00-1-246.jpg,2023,3,9,12,134,c_Unhealthy_for_Sensitive_Groups,2023-03-09,10.4,15.2,234.0,12.8,0.9,62.0
"Knowledge park, Greater Noida",UP_VUN_2023-03-02-09.00-1-337.jpg,2023,3,2,12,223,e_Very_Unhealthy,2023-03-02,20.5,48.2,338.0,56.9,14.0,72.0
Bengaluru,BENGR_Mod_2023-03-13-08.30-1-71.jpg,2023,3,13,12,53,b_Moderate,2023-03-13,27.1,39.7,365.0,8.1,8.5,111.0
"Biratnagar, Nepal",BIR_UH_2023-03-16-12.30-4-141.jpg,2023,3,16,12,154,d_Unhealthy,2023-03-16,68.5,98.7,456.0,5.4,8.3,132.0
"Biratnagar, Nepal",BIR_UFSG_2023-02-14- 14.30-1-20.jpg,2023,2,14,12,101,c_Unhealthy_for_Sensitive_Groups,2023-02-14,43.3,62.6,471.0,15.4,7.5,101.0
"Knowledge park, Greater Noida",UP_UHFSG_2023-02-08-08.30-1-84.jpg,2023,2,8,12,133,c_Unhealthy_for_Sensitive_Groups,2023-02-08,53.7,112.2,526.0,86.8,19.1,87.0
"Biratnagar, Nepal",BIR_UFSG_2023-02-14- 14.30-2-2.jpg,2023,2,14,12,101,c_Unhealthy_for_Sensitive_Groups,2023-02-14,43.3,62.6,471.0,15.4,7.5,101.0
Tamil Nadu,TN_Good_2023-02-20-08.30-1-34.jpg,2023,2,20,12,37,a_Good,2023-02-20,2.1,3.0,150.0,2.1,0.4,78.0
"Biratnagar, Nepal",BIR_UNH_VF_2023-02-02- 15.00-4-63.jpg,2023,2,2,12,156,d_Unhealthy,2023-02-02,57.2,81.7,581.0,12.1,8.5,98.0
"New Ind Town, Faridabad",HAR_VUN_2022-10-02-10.00-1-745.jpg,2022,10,2,12,230,e_Very_Unhealthy,2022-10-02,16.6,23.7,513.0,2.0,1.8,93.0
Tamil Nadu,TN_UNH_2023-02-03-12.30-1-36.jpg,2023,2,3,12,150,d_Unhealthy,2023-02-03,26.3,38.1,500.0,65.8,1.9,18.0
"Biratnagar, Nepal",BIR_MOD_2023-02-13-09.30-2-69.jpg,2023,2,13,12,91,b_Moderate,2023-02-13,40.7,59.3,429.0,13.7,9.2,101.0
Tamil Nadu,TN_Good_2023-02-21-08.30-1-136.jpg,2023,2,21,12,29,a_Good,2023-02-21,2.1,3.2,146.0,1.6,0.3,82.0
Bengaluru,BENGR_Mod_2023-02-25-08.30-1-106.jpg,2023,2,25,12,73,b_Moderate,2023-02-25,19.2,27.9,256.0,7.8,9.3,142.0
Mumbai,MH_UnFSG_2023-03-14-13.00-1-127.jpg,2023,3,14,12,138,c_Unhealthy_for_Sensitive_Groups,2023-03-14,160.7,240.3,1639.0,42.4,85.0,345.0
Mumbai,MH_Good_2023-03-22-11.00-1-288.jpg,2023,3,22,12,49,a_Good,2023-03-22,16.2,31.8,249.0,15.6,16.8,76.0
Tamil Nadu,TN_Good_2023-02-20-16.30-1-61.jpg,2023,2,20,12,43,a_Good,2023-02-20,2.1,3.0,150.0,2.1,0.4,78.0
"Knowledge park, Greater Noida",UP_UHFSG_2023-02-24-08.30-1-173.jpg,2023,2,24,12,141,c_Unhealthy_for_Sensitive_Groups,2023-02-24,132.7,224.4,1109.0,243.3,40.8,181.0
Tamil Nadu,TN_Good_2023-03-21-08.30-2-105.jpg,2023,3,21,12,27,a_Good,2023-03-21,8.3,12.3,214.0,11.7,1.2,58.0
"Knowledge park, Greater Noida",UP_VUN_2023-02-27-10.30-1-85.jpg,2023,2,27,12,299,e_Very_Unhealthy,2023-02-27,44.7,71.7,613.0,101.2,20.5,98.0
"New Ind Town, Faridabad",HAR_VUN_2022-10-02-10.00-1-4849.jpg,2022,10,2,12,230,e_Very_Unhealthy,2022-10-02,16.6,23.7,513.0,2.0,1.8,93.0
Bengaluru,BENGR_Mod_2023-03-01-08.30-1-221.jpg,2023,3,1,12,70,b_Moderate,2023-03-01,17.0,25.4,362.0,6.3,6.0,122.0
"Biratnagar, Nepal",BIR_UFSG_2023-02-14- 14.30-3.jpg,2023,2,14,12,101,c_Unhealthy_for_Sensitive_Groups,2023-02-14,43.3,62.6,471.0,15.4,7.5,101.0
Bengaluru,BENGR_Mod_2023-03-01-08.30-1-81.jpg,2023,3,1,12,70,b_Moderate,2023-03-01,17.0,25.4,362.0,6.3,6.0,122.0
"Biratnagar, Nepal",BIR_UNH_VF_2023-02-02- 15.00-2-2.jpg,2023,2,2,12,156,d_Unhealthy,2023-02-02,57.2,81.7,581.0,12.1,8.5,98.0
"New Ind Town, Faridabad",HAR_VUN_2022-10-02-10.00-1-3289.jpg,2022,10,2,12,230,e_Very_Unhealthy,2022-10-02,16.6,23.7,513.0,2.0,1.8,93.0
"Biratnagar, Nepal",BIR_UNH_VF_2023-02-02- 1700-3-40.jpg,2023,2,2,12,156,d_Unhealthy,2023-02-02,57.2,81.7,581.0,12.1,8.5,98.0
"ITO, Delhi",DEL_UnH_2023-02-15-11.30-2-17.jpg,2023,2,15,12,179,d_Unhealthy,2023-02-15,2.5,3.7,124.0,1.0,0.0,54.0
Tamil Nadu,TN_Good_2023-02-22-09.30-2-186.jpg,2023,2,22,12,36,a_Good,2023-02-22,8.3,12.4,216.0,13.8,2.4,52.0
Tamil Nadu,TN_MOD_2023-02-09-08.30-1-24.jpg,2023,2,9,12,78,b_Moderate,2023-02-09,20.1,29.8,485.0,57.4,2.2,10.0
"ITO, Delhi",DEL_SEV_2023-02-20-14.00-1-711.jpg,2023,2,20,12,363,f_Severe,2023-02-20,4.4,7.8,136.0,0.3,0.0,76.0
"Biratnagar, Nepal",BIR_UNH_VF_2023-02-02- 12.00-3-25.jpg,2023,2,2,12,158,d_Unhealthy,2023-02-02,57.2,81.7,581.0,12.1,8.5,98.0
Bengaluru,BENGR_Mod_2023-03-13-08.30-1-218.jpg,2023,3,13,12,53,b_Moderate,2023-03-13,27.1,39.7,365.0,8.1,8.5,111.0
"New Ind Town, Faridabad",HAR_VUN_2022-10-02-10.00-1-129.jpg,2022,10,2,12,230,e_Very_Unhealthy,2022-10-02,16.6,23.7,513.0,2.0,1.8,93.0
"Knowledge park, Greater Noida",UP_SEV_2023-02-18-14.30-1-29.jpg,2023,2,18,12,331,f_Severe,2023-02-18,24.9,48.1,246.0,27.6,8.9,84.0
Bengaluru,BENGR_Good_2023-03-25-08.30-1-33.jpg,2023,3,25,12,32,a_Good,2023-03-25,26.6,39.9,248.0,8.4,5.4,133.0
Mumbai,MH_UH_2023-02-10-14.30-1-77.jpg,2023,2,10,12,160,d_Unhealthy,2023-02-10,74.7,110.8,581.0,28.9,36.7,198.0
"New Ind Town, Faridabad",HAR_VUN_2022-10-02-10.00-1-4321.jpg,2022,10,2,12,230,e_Very_Unhealthy,2022-10-02,16.6,23.7,513.0,2.0,1.8,93.0
"Biratnagar, Nepal",BIR_UNH_VF_2023-02-03- 10.00-1-43.jpg,2023,2,3,12,163,d_Unhealthy,2023-02-03,69.8,99.7,581.0,11.6,6.8,112.0
Mumbai,MH_Good_2023-03-22-18.00-1-235.jpg,2023,3,22,12,47,a_Good,2023-03-22,16.2,31.8,249.0,15.6,16.8,76.0
"Knowledge park, Greater Noida",UP_UHFSG_2023-03-06-11.30-1-309.jpg,2023,3,6,12,104,c_Unhealthy_for_Sensitive_Groups,2023-03-06,57.3,103.8,710.0,101.0,20.8,124.0
"New Ind Town, Faridabad",HAR_VUN_2022-10-02-10.00-1-1.jpg,2022,10,2,12,230,e_Very_Unhealthy,2022-10-02,16.6,23.7,513.0,2.0,1.8,93.0
"ITO, Delhi",DEL_SEV_2023-02-16-18.00-2-46.jpg,2023,2,16,12,330,f_Severe,2023-02-16,2.0,3.3,115.0,0.6,0.0,52.0
"Biratnagar, Nepal",BIR_UNH_VF_2023-02-02- 15.00-2-4.jpg,2023,2,2,12,156,d_Unhealthy,2023-02-02,57.2,81.7,581.0,12.1,8.5,98.0
"Knowledge park, Greater Noida",UP_VUN_2023-03-02-09.00-1-229.jpg,2023,3,2,12,223,e_Very_Unhealthy,2023-03-02,20.5,48.2,338.0,56.9,14.0,72.0
"ITO, Delhi",DEL_SEV_2023-02-20-14.00-1-521.jpg,2023,2,20,12,363,f_Severe,2023-02-20,4.4,7.8,136.0,0.3,0.0,76.0
"ITO, Delhi",DEL_SEV_2023-02-20-14.00-1-246.jpg,2023,2,20,12,363,f_Severe,2023-02-20,4.4,7.8,136.0,0.3,0.0,76.0
Mumbai,MH_UH_2023-02-02- 09.30-1-47.jpg,2023,2,2,12,182,d_Unhealthy,2023-02-02,122.9,179.7,829.0,44.0,61.7,239.0
Bengaluru,BENGR_Mod_2023-03-13-08.30-1-8.jpg,2023,3,13,12,53,b_Moderate,2023-03-13,27.1,39.7,365.0,8.1,8.5,111.0
Mumbai,MH_UnFSG_2023-03-08-11.00-1-376.jpg,2023,3,8,12,124,c_Unhealthy_for_Sensitive_Groups,2023-03-08,97.1,144.8,836.0,49.2,63.9,264.0
"ITO, Delhi",DEL_VUH_2023-02-04-17.00-2-119.jpg,2023,2,4,12,281,e_Very_Unhealthy,2023-02-04,2.8,4.9,89.0,0.2,0.1,62.0
Mumbai,MH_UN_2023-03-16-11.00-1-344.jpg,2023,3,16,12,159,d_Unhealthy,2023-03-16,59.3,90.6,871.0,64.4,81.4,199.0
Tamil Nadu,TN_Good_2023-02-27-16.30-1-176.jpg,2023,2,27,12,43,a_Good,2023-02-27,5.9,9.2,177.0,7.1,1.1,74.0
"ITO, Delhi",DL_VUNH_2023-02-04-17.00-1-61.jpg,2023,2,4,12,281,e_Very_Unhealthy,2023-02-04,2.8,4.9,89.0,0.2,0.1,62.0
Bengaluru,BENGR_Mod_2023-03-04-08.30-1-446.jpg,2023,3,4,12,71,b_Moderate,2023-03-04,17.8,26.3,251.0,6.2,6.9,118.0
"ITO, Delhi",DL_VUNH_2023-02-04-17.00-1-9.jpg,2023,2,4,12,281,e_Very_Unhealthy,2023-02-04,2.8,4.9,89.0,0.2,0.1,62.0
"Biratnagar, Nepal",BIR_UNH_VF_2023-02-02- 12.00-2-92.jpg,2023,2,2,12,158,d_Unhealthy,2023-02-02,57.2,81.7,581.0,12.1,8.5,98.0
Tamil Nadu,TN_Good_2023-02-22-09.30-1-236.jpg,2023,2,22,12,36,a_Good,2023-02-22,8.3,12.4,216.0,13.8,2.4,52.0
Bengaluru,BENGR_Mod_2023-03-04-08.30-1-366.jpg,2023,3,4,12,71,b_Moderate,2023-03-04,17.8,26.3,251.0,6.2,6.9,118.0
Bengaluru,BENGR_Good_2023-03-17-08.30-1-421.jpg,2023,3,17,12,15,a_Good,2023-03-17,20.8,31.4,332.0,11.4,4.1,112.0
"Biratnagar, Nepal",BIR_UNH_VF_2023-02-02- 1700-3-8.jpg,2023,2,2,12,156,d_Unhealthy,2023-02-02,57.2,81.7,581.0,12.1,8.5,98.0
Mumbai,MH_UH_2023-02-02- 09.30-1-82.jpg,2023,2,2,12,182,d_Unhealthy,2023-02-02,122.9,179.7,829.0,44.0,61.7,239.0
"Knowledge park, Greater Noida",UP_UN_2023-03-01-08.30-1-389.jpg,2023,3,1,12,199,d_Unhealthy,2023-03-01,21.1,47.7,354.0,67.2,13.3,48.0
"Biratnagar, Nepal",BIR_UNH_VF_2023-02-02- 12.00-2-65.jpg,2023,2,2,12,158,d_Unhealthy,2023-02-02,57.2,81.7,581.0,12.1,8.5,98.0
Tamil Nadu,TN_UnFSG_2023-03-08-08.30-1-31.jpg,2023,3,8,12,121,c_Unhealthy_for_Sensitive_Groups,2023-03-08,21.1,30.5,475.0,70.5,1.8,17.0
Bengaluru,BENGR_UHFSG_2023-02-14-08.30-1-23.jpg,2023,2,14,12,102,c_Unhealthy_for_Sensitive_Groups,2023-02-14,18.2,26.3,268.0,8.6,13.0,152.0
"Biratnagar, Nepal",BIR_UNFSG_VF_2023-02-03-15.00-2-35.jpg,2023,2,3,12,141,c_Unhealthy_for_Sensitive_Groups,2023-02-03,69.8,99.7,581.0,11.6,6.8,112.0
Mumbai,MH_UnFSG_2023-03-10-16.00-1-336.jpg,2023,3,10,12,141,c_Unhealthy_for_Sensitive_Groups,2023-03-10,51.1,75.7,577.0,42.8,39.8,185.0
"Dimapur, Nagaland",Dimapur_MOD_2023-02-10-08.30-2-10.jpg,2023,2,10,12,63,b_Moderate,2023-02-10,95.7,140.2,322.0,4.6,4.8,113.0
"Biratnagar, Nepal",BIR_UFSG_2023-02-14- 14.30-3-18.jpg,2023,2,14,12,101,c_Unhealthy_for_Sensitive_Groups,2023-02-14,43.3,62.6,471.0,15.4,7.5,101.0
"Knowledge park, Greater Noida",UP_SEV_2023-02-18-11.00-1-67.jpg,2023,2,18,12,320,f_Severe,2023-02-18,24.9,48.1,246.0,27.6,8.9,84.0
Mumbai,MH_Mod_2023-03-21-15.00-1-414.jpg,2023,3,21,12,92,b_Moderate,2023-03-21,15.9,32.0,246.0,16.3,15.8,72.0
"New Ind Town, Faridabad",HAR_VUN_2022-10-02-10.00-1-3369.jpg,2022,10,2,12,230,e_Very_Unhealthy,2022-10-02,16.6,23.7,513.0,2.0,1.8,93.0
Tamil Nadu,TN_Good_2023-02-22-09.30-1-1.jpg,2023,2,22,12,36,a_Good,2023-02-22,8.3,12.4,216.0,13.8,2.4,52.0
"Knowledge park, Greater Noida",UP_UHFSG_2023-02-08-08.30-1-117.jpg,2023,2,8,12,133,c_Unhealthy_for_Sensitive_Groups,2023-02-08,53.7,112.2,526.0,86.8,19.1,87.0
"Biratnagar, Nepal",BIR_MOD_2023-02-13-09.30-3-58.jpg,2023,2,13,12,91,b_Moderate,2023-02-13,40.7,59.3,429.0,13.7,9.2,101.0
Tamil Nadu,TN_UN_2023-03-06-09.00-2-186.jpg,2023,3,6,12,161,d_Unhealthy,2023-03-06,15.6,22.5,298.0,24.2,0.8,36.0
"Knowledge park, Greater Noida",UP_VUN_2023-03-02-09.00-1-217.jpg,2023,3,2,12,223,e_Very_Unhealthy,2023-03-02,20.5,48.2,338.0,56.9,14.0,72.0
"Biratnagar, Nepal",BIR_UNH_VF_2023-02-02- 12.00-2-76.jpg,2023,2,2,12,158,d_Unhealthy,2023-02-02,57.2,81.7,581.0,12.1,8.5,98.0
Bengaluru,BENGR_Mod_2023-03-06-08.30-1-576.jpg,2023,3,6,12,68,b_Moderate,2023-03-06,12.6,18.6,218.0,6.5,8.2,129.0
Mumbai,MH_UH_2023-02-19-12.00-1-43.jpg,2023,2,19,12,160,d_Unhealthy,2023-02-19,143.0,205.8,1159.0,48.0,73.1,327.0
"Biratnagar, Nepal",BIR_UNH_VF_2023-02-02- 1700-2-39.jpg,2023,2,2,12,156,d_Unhealthy,2023-02-02,57.2,81.7,581.0,12.1,8.5,98.0
Tamil Nadu,TN_UnFSG_2023-03-03-09.00-2-1.jpg,2023,3,3,12,121,c_Unhealthy_for_Sensitive_Groups,2023-03-03,5.2,9.4,154.0,1.6,1.3,86.0
"Biratnagar, Nepal",BIR_UNH_VF_2023-02-02- 15.00-4-31.jpg,2023,2,2,12,156,d_Unhealthy,2023-02-02,57.2,81.7,581.0,12.1,8.5,98.0
Bengaluru,BENGR_UHFSG_2023-02-03-08.30-1-7.jpg,2023,2,3,12,136,c_Unhealthy_for_Sensitive_Groups,2023-02-03,19.7,31.1,321.0,13.6,3.8,86.0
"Knowledge park, Greater Noida",UP_UHFSG_2023-02-08-08.30-1-28.jpg,2023,2,8,12,133,c_Unhealthy_for_Sensitive_Groups,2023-02-08,53.7,112.2,526.0,86.8,19.1,87.0
"ITO, Delhi",DEL_SEV_2023-02-20-14.00-2-136.jpg,2023,2,20,12,363,f_Severe,2023-02-20,4.4,7.8,136.0,0.3,0.0,76.0
"Knowledge park, Greater Noida",UP_UN_2023-03-01-08.30-1-405.jpg,2023,3,1,12,199,d_Unhealthy,2023-03-01,21.1,47.7,354.0,67.2,13.3,48.0
"Biratnagar, Nepal",BIR_UNH_VF_2023-02-02- 12.00-2-23.jpg,2023,2,2,12,158,d_Unhealthy,2023-02-02,57.2,81.7,581.0,12.1,8.5,98.0
Mumbai,MH_UnFSG_2023-03-10-16.00-1-36.jpg,2023,3,10,12,141,c_Unhealthy_for_Sensitive_Groups,2023-03-10,51.1,75.7,577.0,42.8,39.8,185.0
"Knowledge park, Greater Noida",UP_UHFSG_2023-03-06-11.30-1-541.jpg,2023,3,6,12,104,c_Unhealthy_for_Sensitive_Groups,2023-03-06,57.3,103.8,710.0,101.0,20.8,124.0
"ITO, Delhi",DEL_SEV_2023-02-20-14.00-1-26.jpg,2023,2,20,12,363,f_Severe,2023-02-20,4.4,7.8,136.0,0.3,0.0,76.0
"Biratnagar, Nepal",BIR_UNFSG_VF_2023-02-03-16.00-2-93.jpg,2023,2,3,12,141,c_Unhealthy_for_Sensitive_Groups,2023-02-03,69.8,99.7,581.0,11.6,6.8,112.0
Mumbai,MH_UnFSG_2023-02-23-11.00-3.jpg,2023,2,23,12,130,c_Unhealthy_for_Sensitive_Groups,2023-02-23,70.5,109.9,662.0,40.6,61.8,226.0
Mumbai,MH_UN_2023-03-12-13.00-1-414.jpg,2023,3,12,12,156,d_Unhealthy,2023-03-12,240.3,345.5,1730.0,61.2,111.6,478.0
"Biratnagar, Nepal",BIR_UNH_VF_2023-02-02- 12.00-3-7.jpg,2023,2,2,12,158,d_Unhealthy,2023-02-02,57.2,81.7,581.0,12.1,8.5,98.0
Tamil Nadu,TN_Good_2023-02-22-09.30-3-51.jpg,2023,2,22,12,36,a_Good,2023-02-22,8.3,12.4,216.0,13.8,2.4,52.0
"ITO, Delhi",DEL_VUnH_2023-02-16-14.30-1-106.jpg,2023,2,16,12,245,e_Very_Unhealthy,2023-02-16,2.0,3.3,115.0,0.6,0.0,52.0
Bengaluru,BENGR_Good_2023-02-27-08.30-1-291.jpg,2023,2,27,12,47,a_Good,2023-02-27,10.8,15.8,277.0,6.9,7.3,131.0
Mumbai,MH_UH_2023-02-02- 09.30-1-2.jpg,2023,2,2,12,182,d_Unhealthy,2023-02-02,122.9,179.7,829.0,44.0,61.7,239.0
"ITO, Delhi",DEL_VUH_2023-02-04-17.00-2-77.jpg,2023,2,4,12,281,e_Very_Unhealthy,2023-02-04,2.8,4.9,89.0,0.2,0.1,62.0
Mumbai,MH_VUN_2023-02-25-10.00-1-351.jpg,2023,2,25,12,206,e_Very_Unhealthy,2023-02-25,64.3,98.3,654.0,37.4,50.9,173.0
Mumbai,MH_Good_2023-03-23-17.00-1-92.jpg,2023,3,23,12,47,a_Good,2023-03-23,18.4,34.5,257.0,17.2,19.2,71.0
"Biratnagar, Nepal",BIR_UH_2023-03-16-12.30-2-22.jpg,2023,3,16,12,154,d_Unhealthy,2023-03-16,68.5,98.7,456.0,5.4,8.3,132.0
"New Ind Town, Faridabad",HAR_VUN_2022-10-02-10.00-1-2033.jpg,2022,10,2,12,230,e_Very_Unhealthy,2022-10-02,16.6,23.7,513.0,2.0,1.8,93.0
"New Ind Town, Faridabad",HAR_VUN_2022-10-02-10.00-1-241.jpg,2022,10,2,12,230,e_Very_Unhealthy,2022-10-02,16.6,23.7,513.0,2.0,1.8,93.0
Mumbai,MH_Good_2023-03-22-11.00-1-316.jpg,2023,3,22,12,49,a_Good,2023-03-22,16.2,31.8,249.0,15.6,16.8,76.0
"Knowledge park, Greater Noida",UP_SEV_2023-02-18-11.00-1-7.jpg,2023,2,18,12,320,f_Severe,2023-02-18,24.9,48.1,246.0,27.6,8.9,84.0
"Biratnagar, Nepal",BIR_UNH_VF_2023-02-02- 15.00-4-65.jpg,2023,2,2,12,156,d_Unhealthy,2023-02-02,57.2,81.7,581.0,12.1,8.5,98.0
Tamil Nadu,TN_UnFSG_2023-03-03-09.00-2-91.jpg,2023,3,3,12,121,c_Unhealthy_for_Sensitive_Groups,2023-03-03,5.2,9.4,154.0,1.6,1.3,86.0
"Knowledge park, Greater Noida",UP_UHFSG_2023-03-06-11.30-1-289.jpg,2023,3,6,12,104,c_Unhealthy_for_Sensitive_Groups,2023-03-06,57.3,103.8,710.0,101.0,20.8,124.0
Mumbai,MH_Good_2023-03-22-18.00-1-151.jpg,2023,3,22,12,47,a_Good,2023-03-22,16.2,31.8,249.0,15.6,16.8,76.0
"Biratnagar, Nepal",BIR_UNH_VF_2023-02-02- 12.00-1-90.jpg,2023,2,2,12,158,d_Unhealthy,2023-02-02,57.2,81.7,581.0,12.1,8.5,98.0
"ITO, Delhi",DEL_VUnH_2023-02-16-14.30-1-194.jpg,2023,2,16,12,245,e_Very_Unhealthy,2023-02-16,2.0,3.3,115.0,0.6,0.0,52.0
"Biratnagar, Nepal",BIR_UNH_VF_2023-02-02- 12.00-2-43.jpg,2023,2,2,12,158,d_Unhealthy,2023-02-02,57.2,81.7,581.0,12.1,8.5,98.0
"Biratnagar, Nepal",BIR_UNFSG_VF_2023-02-03-16.00-2-112.jpg,2023,2,3,12,141,c_Unhealthy_for_Sensitive_Groups,2023-02-03,69.8,99.7,581.0,11.6,6.8,112.0
Mumbai,MH_UH_2023-02-10-14.30-1-103.jpg,2023,2,10,12,160,d_Unhealthy,2023-02-10,74.7,110.8,581.0,28.9,36.7,198.0
Bengaluru,BENGR_Mod_2023-03-01-08.30-1-26.jpg,2023,3,1,12,70,b_Moderate,2023-03-01,17.0,25.4,362.0,6.3,6.0,122.0
"Knowledge park, Greater Noida",UP_VUN_2023-02-27-10.30-1-257.jpg,2023,2,27,12,299,e_Very_Unhealthy,2023-02-27,44.7,71.7,613.0,101.2,20.5,98.0
"ITO, Delhi",DEL_SEV_2023-02-17-13.00-2-11.jpg,2023,2,17,12,372,f_Severe,2023-02-17,0.2,0.3,91.0,0.1,0.0,49.0
"Biratnagar, Nepal",BIR_UNFSG_VF_2023-02-03-16.00-3-45.jpg,2023,2,3,12,141,c_Unhealthy_for_Sensitive_Groups,2023-02-03,69.8,99.7,581.0,11.6,6.8,112.0
"Biratnagar, Nepal",BIR_UH_2023-03-16-12.30-1-85.jpg,2023,3,16,12,154,d_Unhealthy,2023-03-16,68.5,98.7,456.0,5.4,8.3,132.0
"ITO, Delhi",DEL_SEV_2023-02-20-14.00-3-91.jpg,2023,2,20,12,363,f_Severe,2023-02-20,4.4,7.8,136.0,0.3,0.0,76.0
"ITO, Delhi",DEL_SEV_2023-02-20-14.00-3-156.jpg,2023,2,20,12,363,f_Severe,2023-02-20,4.4,7.8,136.0,0.3,0.0,76.0
"ITO, Delhi",DEL_SEV_2023-02-17-13.00-2-12.jpg,2023,2,17,12,372,f_Severe,2023-02-17,0.2,0.3,91.0,0.1,0.0,49.0
"Biratnagar, Nepal",BIR_UNH_VF_2023-02-03- 10.00-3-12.jpg,2023,2,3,12,163,d_Unhealthy,2023-02-03,69.8,99.7,581.0,11.6,6.8,112.0
Bengaluru,BENGR_Mod_2023-03-01-08.30-1-356.jpg,2023,3,1,12,70,b_Moderate,2023-03-01,17.0,25.4,362.0,6.3,6.0,122.0
Tamil Nadu,TN_UHFSG_2023-02-10-08.30-1-36.jpg,2023,2,10,12,105,c_Unhealthy_for_Sensitive_Groups,2023-02-10,3.4,5.3,152.0,3.8,0.5,78.0
"Dimapur, Nagaland",Dimapur_UHFSG_2023-02-02- 09.00-2-67.jpg,2023,2,2,12,103,c_Unhealthy_for_Sensitive_Groups,2023-02-02,39.6,56.9,296.0,6.5,2.7,107.0
"Biratnagar, Nepal",BRI_Un_2023-02-03- 10.00-3.jpg,2023,2,3,12,163,d_Unhealthy,2023-02-03,69.8,99.7,581.0,11.6,6.8,112.0
Mumbai,MH_UnFSG_2023-03-10-16.00-1-21.jpg,2023,3,10,12,141,c_Unhealthy_for_Sensitive_Groups,2023-03-10,51.1,75.7,577.0,42.8,39.8,185.0
"Biratnagar, Nepal",BIR_UFSG_2023-02-14- 14.30-2-40.jpg,2023,2,14,12,101,c_Unhealthy_for_Sensitive_Groups,2023-02-14,43.3,62.6,471.0,15.4,7.5,101.0
Tamil Nadu,TN_UnFSG_2023-03-08-08.30-1-56.jpg,2023,3,8,12,121,c_Unhealthy_for_Sensitive_Groups,2023-03-08,21.1,30.5,475.0,70.5,1.8,17.0
"ITO, Delhi",DEL_SEV_2023-02-16-18.00-2-23.jpg,2023,2,16,12,330,f_Severe,2023-02-16,2.0,3.3,115.0,0.6,0.0,52.0
Mumbai,MH_UnFSG_2023-02-15-10.30-1-49.jpg,2023,2,15,12,143,c_Unhealthy_for_Sensitive_Groups,2023-02-15,82.2,119.0,737.0,40.3,51.8,253.0
Mumbai,MH_UH_2023-02-03- 09.30-1-44.jpg,2023,2,3,12,162,d_Unhealthy,2023-02-03,121.1,177.4,813.0,48.2,60.2,256.0
Mumbai,MH_UnFSG_2023-02-23-11.00-1-131.jpg,2023,2,23,12,130,c_Unhealthy_for_Sensitive_Groups,2023-02-23,70.5,109.9,662.0,40.6,61.8,226.0
Tamil Nadu,TN_Good_2023-02-21-08.30-1-41.jpg,2023,2,21,12,29,a_Good,2023-02-21,2.1,3.2,146.0,1.6,0.3,82.0
"Dimapur, Nagaland",Dimapur_UHFSG_2023-02-02- 09.00-3-62.jpg,2023,2,2,12,103,c_Unhealthy_for_Sensitive_Groups,2023-02-02,39.6,56.9,296.0,6.5,2.7,107.0
"ITO, Delhi",DEL_VUnH_2023-02-16-17.00-2-44.jpg,2023,2,16,12,293,e_Very_Unhealthy,2023-02-16,2.0,3.3,115.0,0.6,0.0,52.0
Mumbai,MH_UH_2023-02-10-14.30-1-58.jpg,2023,2,10,12,160,d_Unhealthy,2023-02-10,74.7,110.8,581.0,28.9,36.7,198.0
Bengaluru,BENGR_Mod_2023-02-21-08.30-1-201.jpg,2023,2,21,12,56,b_Moderate,2023-02-21,26.0,37.8,303.0,8.9,11.2,152.0
"Knowledge park, Greater Noida",UP_UHFSG_2023-02-08-08.30-1-53.jpg,2023,2,8,12,133,c_Unhealthy_for_Sensitive_Groups,2023-02-08,53.7,112.2,526.0,86.8,19.1,87.0
Bengaluru,BENGR_Good_2023-02-27-08.30-1-286.jpg,2023,2,27,12,47,a_Good,2023-02-27,10.8,15.8,277.0,6.9,7.3,131.0
"Biratnagar, Nepal",BIR_UNH_VF_2023-02-03- 10.00-3-2.jpg,2023,2,3,12,163,d_Unhealthy,2023-02-03,69.8,99.7,581.0,11.6,6.8,112.0
"Biratnagar, Nepal",BIR_UNH_VF_2023-02-02- 15.00-2-97.jpg,2023,2,2,12,156,d_Unhealthy,2023-02-02,57.2,81.7,581.0,12.1,8.5,98.0
Bengaluru,BENGR_UHFSG_2023-02-03-08.30-1-40.jpg,2023,2,3,12,136,c_Unhealthy_for_Sensitive_Groups,2023-02-03,19.7,31.1,321.0,13.6,3.8,86.0
Tamil Nadu,TN_UnFSG_2023-03-09-09.00-2-76.jpg,2023,3,9,12,134,c_Unhealthy_for_Sensitive_Groups,2023-03-09,10.4,15.2,234.0,12.8,0.9,62.0
"Biratnagar, Nepal",BIR_MOD_2023-02-13-09.30-3-74.jpg,2023,2,13,12,91,b_Moderate,2023-02-13,40.7,59.3,429.0,13.7,9.2,101.0
Mumbai,MH_UN_2023-03-16-11.00-1-337.jpg,2023,3,16,12,159,d_Unhealthy,2023-03-16,59.3,90.6,871.0,64.4,81.4,199.0
"Knowledge park, Greater Noida",UP_SEV_2023-02-18-14.30-1-66.jpg,2023,2,18,12,331,f_Severe,2023-02-18,24.9,48.1,246.0,27.6,8.9,84.0
"ITO, Delhi",DEL_SEV_2023-02-16-18.00-2-69.jpg,2023,2,16,12,330,f_Severe,2023-02-16,2.0,3.3,115.0,0.6,0.0,52.0
"ITO, Delhi",DEL_SEV_2023-02-22-14.00-2-631.jpg,2023,2,22,12,450,f_Severe,2023-02-22,2.4,4.2,128.0,0.1,0.0,83.0
"ITO, Delhi",DEL_VUnH_2023-02-16-14.30-1-254.jpg,2023,2,16,12,245,e_Very_Unhealthy,2023-02-16,2.0,3.3,115.0,0.6,0.0,52.0
"Biratnagar, Nepal",BIR_UNFSG_VF_2023-02-03-16.00-3-9.jpg,2023,2,3,12,141,c_Unhealthy_for_Sensitive_Groups,2023-02-03,69.8,99.7,581.0,11.6,6.8,112.0
Tamil Nadu,TN_Good_2023-02-20-16.30-2-66.jpg,2023,2,20,12,43,a_Good,2023-02-20,2.1,3.0,150.0,2.1,0.4,78.0
"Knowledge park, Greater Noida",UP_VU_2023-02-16-16.00-1.jpg,2023,2,16,12,260,e_Very_Unhealthy,2023-02-16,57.5,88.7,480.0,90.9,20.4,80.0
"ITO, Delhi",DEL_SEV_2023-02-22-14.00-2-81.jpg,2023,2,22,12,450,f_Severe,2023-02-22,2.4,4.2,128.0,0.1,0.0,83.0
"Knowledge park, Greater Noida",UP_VUN_2023-02-27-10.30-1-193.jpg,2023,2,27,12,299,e_Very_Unhealthy,2023-02-27,44.7,71.7,613.0,101.2,20.5,98.0
Mumbai,MH_UnFSG_2023-02-17-13.00-2-14.jpg,2023,2,17,12,140,c_Unhealthy_for_Sensitive_Groups,2023-02-17,64.3,96.9,620.0,42.0,43.7,225.0
Bengaluru,BENGR_Good_2023-02-19-08.30-1-34.jpg,2023,2,19,12,41,a_Good,2023-02-19,14.6,21.7,286.0,7.9,10.9,146.0
Mumbai,MH_VUN_2023-03-05-08.30-2-196.jpg,2023,3,5,12,284,e_Very_Unhealthy,2023-03-05,278.5,401.4,1413.0,23.7,39.9,325.0
Mumbai,MH_Mod_2023-03-21-15.00-1-456.jpg,2023,3,21,12,92,b_Moderate,2023-03-21,15.9,32.0,246.0,16.3,15.8,72.0
"ITO, Delhi",DL_VUNH_2023-02-04-17.00-1-42.jpg,2023,2,4,12,281,e_Very_Unhealthy,2023-02-04,2.8,4.9,89.0,0.2,0.1,62.0
"New Ind Town, Faridabad",HAR_VUN_2022-10-02-10.00-1-1161.jpg,2022,10,2,12,230,e_Very_Unhealthy,2022-10-02,16.6,23.7,513.0,2.0,1.8,93.0
Bengaluru,BENGR_Mod_2023-03-06-08.30-1-581.jpg,2023,3,6,12,68,b_Moderate,2023-03-06,12.6,18.6,218.0,6.5,8.2,129.0
Mumbai,MH_UH_2023-02-14-11.30-1-25.jpg,2023,2,14,12,160,d_Unhealthy,2023-02-14,81.3,119.0,721.0,41.8,52.8,260.0
"Knowledge park, Greater Noida",UP_SEV_2023-02-18-14.30-1-115.jpg,2023,2,18,12,331,f_Severe,2023-02-18,24.9,48.1,246.0,27.6,8.9,84.0
"Biratnagar, Nepal",BIR_UFSG_2023-02-14- 14.30-3-46.jpg,2023,2,14,12,101,c_Unhealthy_for_Sensitive_Groups,2023-02-14,43.3,62.6,471.0,15.4,7.5,101.0
"ITO, Delhi",DEL_VUnH_2023-02-16-14.30-1-167.jpg,2023,2,16,12,245,e_Very_Unhealthy,2023-02-16,2.0,3.3,115.0,0.6,0.0,52.0
"Biratnagar, Nepal",BIR_UNH_VF_2023-02-02- 15.00-2-20.jpg,2023,2,2,12,156,d_Unhealthy,2023-02-02,57.2,81.7,581.0,12.1,8.5,98.0
Tamil Nadu,TN_Good_2023-03-21-08.30-2-65.jpg,2023,3,21,12,27,a_Good,2023-03-21,8.3,12.3,214.0,11.7,1.2,58.0
Mumbai,MH_Good_2023-03-23-17.00-1-8.jpg,2023,3,23,12,47,a_Good,2023-03-23,18.4,34.5,257.0,17.2,19.2,71.0
Bengaluru,BENGR_Mod_2023-03-04-08.30-1-21.jpg,2023,3,4,12,71,b_Moderate,2023-03-04,17.8,26.3,251.0,6.2,6.9,118.0
"Knowledge park, Greater Noida",UP_SEV_2023-02-18-11.00-1-97.jpg,2023,2,18,12,320,f_Severe,2023-02-18,24.9,48.1,246.0,27.6,8.9,84.0
Bengaluru,BENGR_Mod_2023-03-09-08.30-1-196.jpg,2023,3,9,12,51,b_Moderate,2023-03-09,32.7,47.8,341.0,6.8,6.3,123.0
Mumbai,MH_Good_2023-03-23-17.00-1-470.jpg,2023,3,23,12,47,a_Good,2023-03-23,18.4,34.5,257.0,17.2,19.2,71.0
Mumbai,MH_UH_2023-02-19-12.00-1-66.jpg,2023,2,19,12,160,d_Unhealthy,2023-02-19,143.0,205.8,1159.0,48.0,73.1,327.0
"Biratnagar, Nepal",BIR_MOD_2023-02-13-09.30-4-18.jpg,2023,2,13,12,91,b_Moderate,2023-02-13,40.7,59.3,429.0,13.7,9.2,101.0
Mumbai,MH_UH_2023-02-19-12.00-1-45.jpg,2023,2,19,12,160,d_Unhealthy,2023-02-19,143.0,205.8,1159.0,48.0,73.1,327.0
Mumbai,MH_UH_2023-02-03- 09.30-1-78.jpg,2023,2,3,12,162,d_Unhealthy,2023-02-03,121.1,177.4,813.0,48.2,60.2,256.0
"Biratnagar, Nepal",BIR_UH_2023-03-16-12.30-10.jpg,2023,3,16,12,154,d_Unhealthy,2023-03-16,68.5,98.7,456.0,5.4,8.3,132.0
"Knowledge park, Greater Noida",UP_SEV_2023-02-18-11.00-1-108.jpg,2023,2,18,12,320,f_Severe,2023-02-18,24.9,48.1,246.0,27.6,8.9,84.0
"Biratnagar, Nepal",BIR_UFSG_2023-02-14- 14.30-2-57.jpg,2023,2,14,12,101,c_Unhealthy_for_Sensitive_Groups,2023-02-14,43.3,62.6,471.0,15.4,7.5,101.0
Mumbai,MH_UnFSG_2023-03-14-13.00-1-415.jpg,2023,3,14,12,138,c_Unhealthy_for_Sensitive_Groups,2023-03-14,160.7,240.3,1639.0,42.4,85.0,345.0
"Biratnagar, Nepal",BRI_UFSG_2023-02-03- 15.00-2.jpg,2023,2,3,12,141,c_Unhealthy_for_Sensitive_Groups,2023-02-03,69.8,99.7,581.0,11.6,6.8,112.0
Tamil Nadu,TN_Good_2023-02-23-08.30-1-21.jpg,2023,2,23,12,43,a_Good,2023-02-23,2.9,4.1,131.0,0.9,1.6,95.0
"Biratnagar, Nepal",BIR_UNH_VF_2023-02-02- 12.00-1-109.jpg,2023,2,2,12,158,d_Unhealthy,2023-02-02,57.2,81.7,581.0,12.1,8.5,98.0
"ITO, Delhi",DEL_VUnH_2023-02-16-17.00-1-34.jpg,2023,2,16,12,293,e_Very_Unhealthy,2023-02-16,2.0,3.3,115.0,0.6,0.0,52.0
"Knowledge park, Greater Noida",UP_SEV_2023-02-18-11.00-1-35.jpg,2023,2,18,12,320,f_Severe,2023-02-18,24.9,48.1,246.0,27.6,8.9,84.0
"ITO, Delhi",DEL_VUnH_2023-02-16-17.00-2-28.jpg,2023,2,16,12,293,e_Very_Unhealthy,2023-02-16,2.0,3.3,115.0,0.6,0.0,52.0
"ITO, Delhi",DEL_SEV_2023-02-20-14.00-3-356.jpg,2023,2,20,12,363,f_Severe,2023-02-20,4.4,7.8,136.0,0.3,0.0,76.0
"Biratnagar, Nepal",BIR_UNH_VF_2023-02-02- 15.00-2-12.jpg,2023,2,2,12,156,d_Unhealthy,2023-02-02,57.2,81.7,581.0,12.1,8.5,98.0
"New Ind Town, Faridabad",HAR_VUN_2022-10-02-10.00-1-5057.jpg,2022,10,2,12,230,e_Very_Unhealthy,2022-10-02,16.6,23.7,513.0,2.0,1.8,93.0
"Knowledge park, Greater Noida",UP_SEV_2023-02-18-11.00-1-68.jpg,2023,2,18,12,320,f_Severe,2023-02-18,24.9,48.1,246.0,27.6,8.9,84.0
"ITO, Delhi",DEL_SEV_2023-02-17-13.00-2-19.jpg,2023,2,17,12,372,f_Severe,2023-02-17,0.2,0.3,91.0,0.1,0.0,49.0
Bengaluru,BENGR_Mod_2023-03-06-08.30-1-426.jpg,2023,3,6,12,68,b_Moderate,2023-03-06,12.6,18.6,218.0,6.5,8.2,129.0
"Knowledge park, Greater Noida",UP_VUN_2023-03-02-09.00-1-29.jpg,2023,3,2,12,223,e_Very_Unhealthy,2023-03-02,20.5,48.2,338.0,56.9,14.0,72.0
"New Ind Town, Faridabad",HAR_VUN_2022-10-02-10.00-1-1465.jpg,2022,10,2,12,230,e_Very_Unhealthy,2022-10-02,16.6,23.7,513.0,2.0,1.8,93.0
Mumbai,MH_UH_2023-02-11-03.30-2-19.jpg,2023,2,11,12,154,d_Unhealthy,2023-02-11,50.5,82.9,477.0,34.0,35.6,181.0
Mumbai,MH_UH_2023-02-11-03.30-1-42.jpg,2023,2,11,12,154,d_Unhealthy,2023-02-11,50.5,82.9,477.0,34.0,35.6,181.0
"Knowledge park, Greater Noida",UP_SEV_2023-02-18-11.00-1-73.jpg,2023,2,18,12,320,f_Severe,2023-02-18,24.9,48.1,246.0,27.6,8.9,84.0
"Knowledge park, Greater Noida",UP_UHFSG_2023-02-08-08.30-1-41.jpg,2023,2,8,12,133,c_Unhealthy_for_Sensitive_Groups,2023-02-08,53.7,112.2,526.0,86.8,19.1,87.0
Mumbai,MH_Mod_2023-03-21-15.00-11.jpg,2023,3,21,12,92,b_Moderate,2023-03-21,15.9,32.0,246.0,16.3,15.8,72.0
"ITO, Delhi",DL_VUNH_2023-02-04-17.00-1-53.jpg,2023,2,4,12,281,e_Very_Unhealthy,2023-02-04,2.8,4.9,89.0,0.2,0.1,62.0
"Dimapur, Nagaland",Dimapur_MOD_2023-02-10-08.30-2-71.jpg,2023,2,10,12,63,b_Moderate,2023-02-10,95.7,140.2,322.0,4.6,4.8,113.0
"ITO, Delhi",DEL_SEV_2023-02-07-14.00-1-67.jpg,2023,2,7,12,449,f_Severe,2023-02-07,3.0,5.3,89.0,0.3,0.1,54.0
"Biratnagar, Nepal",BIR_MOD_2023-02-13-09.30-4-56.jpg,2023,2,13,12,91,b_Moderate,2023-02-13,40.7,59.3,429.0,13.7,9.2,101.0
"Knowledge park, Greater Noida",UP_UHFSG_2023-02-24-08.30-1-157.jpg,2023,2,24,12,141,c_Unhealthy_for_Sensitive_Groups,2023-02-24,132.7,224.4,1109.0,243.3,40.8,181.0
"New Ind Town, Faridabad",HAR_VUN_2022-10-02-10.00-1-3457.jpg,2022,10,2,12,230,e_Very_Unhealthy,2022-10-02,16.6,23.7,513.0,2.0,1.8,93.0
Mumbai,MH_UH_2023-02-03- 09.30-1-27.jpg,2023,2,3,12,162,d_Unhealthy,2023-02-03,121.1,177.4,813.0,48.2,60.2,256.0
Mumbai,MH_UN_2023-03-02-08.00-1.jpg,2023,3,2,12,156,d_Unhealthy,2023-03-02,165.8,246.8,1018.0,45.0,70.9,342.0
"Biratnagar, Nepal",BIR_UNFSG_VF_2023-02-03-16.00-1-14.jpg,2023,2,3,12,141,c_Unhealthy_for_Sensitive_Groups,2023-02-03,69.8,99.7,581.0,11.6,6.8,112.0
"New Ind Town, Faridabad",HAR_VUN_2022-10-02-10.00-1-4385.jpg,2022,10,2,12,230,e_Very_Unhealthy,2022-10-02,16.6,23.7,513.0,2.0,1.8,93.0
"ITO, Delhi",DEL_SEV_2023-02-20-14.00-2-426.jpg,2023,2,20,12,363,f_Severe,2023-02-20,4.4,7.8,136.0,0.3,0.0,76.0
Tamil Nadu,TN_UnFSG_2023-03-01-08.30-1-126.jpg,2023,3,1,12,111,c_Unhealthy_for_Sensitive_Groups,2023-03-01,11.3,16.5,244.0,12.0,2.9,66.0
"Biratnagar, Nepal",BIR_MOD_2023-02-13-09.30-2-73.jpg,2023,2,13,12,91,b_Moderate,2023-02-13,40.7,59.3,429.0,13.7,9.2,101.0
"Biratnagar, Nepal",BIR_UH_2023-03-16-12.30-1-29.jpg,2023,3,16,12,154,d_Unhealthy,2023-03-16,68.5,98.7,456.0,5.4,8.3,132.0
Bengaluru,BENGR_Good_2023-02-27-08.30-1-1.jpg,2023,2,27,12,47,a_Good,2023-02-27,10.8,15.8,277.0,6.9,7.3,131.0
"Biratnagar, Nepal",BIR_UH_2023-03-16-12.30-3-239.jpg,2023,3,16,12,154,d_Unhealthy,2023-03-16,68.5,98.7,456.0,5.4,8.3,132.0
Bengaluru,BENGR_Mod_2023-03-01-08.30-1-106.jpg,2023,3,1,12,70,b_Moderate,2023-03-01,17.0,25.4,362.0,6.3,6.0,122.0
Tamil Nadu,TN_Good_2023-02-23-08.30-2-16.jpg,2023,2,23,12,43,a_Good,2023-02-23,2.9,4.1,131.0,0.9,1.6,95.0
Bengaluru,BENGR_Mod_2023-02-25-08.30-1-506.jpg,2023,2,25,12,73,b_Moderate,2023-02-25,19.2,27.9,256.0,7.8,9.3,142.0
Tamil Nadu,TN_Good_2023-02-22-09.30-3-101.jpg,2023,2,22,12,36,a_Good,2023-02-22,8.3,12.4,216.0,13.8,2.4,52.0
Bengaluru,BENGR_Mod_2023-02-21-08.30-1-446.jpg,2023,2,21,12,56,b_Moderate,2023-02-21,26.0,37.8,303.0,8.9,11.2,152.0
Bengaluru,BENGR_Mod_2023-03-04-08.30-1-431.jpg,2023,3,4,12,71,b_Moderate,2023-03-04,17.8,26.3,251.0,6.2,6.9,118.0
Mumbai,MH_VUN_2023-03-05-08.30-2-91.jpg,2023,3,5,12,284,e_Very_Unhealthy,2023-03-05,278.5,401.4,1413.0,23.7,39.9,325.0
Tamil Nadu,TN_Good_2023-03-21-08.30-2.jpg,2023,3,21,12,27,a_Good,2023-03-21,8.3,12.3,214.0,11.7,1.2,58.0
"Biratnagar, Nepal",BIR_UNFSG_VF_2023-02-03-16.00-3-57.jpg,2023,2,3,12,141,c_Unhealthy_for_Sensitive_Groups,2023-02-03,69.8,99.7,581.0,11.6,6.8,112.0
"Biratnagar, Nepal",BIR_UNH_VF_2023-02-02- 12.00-2-30.jpg,2023,2,2,12,158,d_Unhealthy,2023-02-02,57.2,81.7,581.0,12.1,8.5,98.0
Mumbai,MH_UN_2023-03-15-15.00-1-148.jpg,2023,3,15,12,162,d_Unhealthy,2023-03-15,190.5,276.6,1537.0,57.3,103.4,404.0
Tamil Nadu,TN_UnFSG_2023-03-09-09.00-2-16.jpg,2023,3,9,12,134,c_Unhealthy_for_Sensitive_Groups,2023-03-09,10.4,15.2,234.0,12.8,0.9,62.0
"New Ind Town, Faridabad",HAR_VUN_2022-10-02-10.00-1-5009.jpg,2022,10,2,12,230,e_Very_Unhealthy,2022-10-02,16.6,23.7,513.0,2.0,1.8,93.0
"Biratnagar, Nepal",BIR_MOD_2023-02-13-09.30-2-32.jpg,2023,2,13,12,91,b_Moderate,2023-02-13,40.7,59.3,429.0,13.7,9.2,101.0
Mumbai,MH_UnFSG_2023-03-18-11.00-1-372.jpg,2023,3,18,12,114,c_Unhealthy_for_Sensitive_Groups,2023-03-18,59.0,94.8,678.0,39.3,48.8,177.0
Tamil Nadu,TN_UnFSG_2023-03-03-09.00-2-71.jpg,2023,3,3,12,121,c_Unhealthy_for_Sensitive_Groups,2023-03-03,5.2,9.4,154.0,1.6,1.3,86.0
Bengaluru,BENGR_Mod_2023-02-24-08.30-1-36.jpg,2023,2,24,12,68,b_Moderate,2023-02-24,11.3,16.6,250.0,9.2,10.1,126.0
"Biratnagar, Nepal",BIR_UNH_VF_2023-02-02- 1700-2-9.jpg,2023,2,2,12,156,d_Unhealthy,2023-02-02,57.2,81.7,581.0,12.1,8.5,98.0
"Knowledge park, Greater Noida",UP_UHFSG_2023-02-24-08.30-1-109.jpg,2023,2,24,12,141,c_Unhealthy_for_Sensitive_Groups,2023-02-24,132.7,224.4,1109.0,243.3,40.8,181.0
"Knowledge park, Greater Noida",UP_SEV_2023-02-20-08.30-1-62.jpg,2023,2,20,12,331,f_Severe,2023-02-20,26.1,49.7,219.0,20.0,5.1,100.0
"ITO, Delhi",DEL_SEV_2023-02-16-18.00-2-1.jpg,2023,2,16,12,330,f_Severe,2023-02-16,2.0,3.3,115.0,0.6,0.0,52.0
Tamil Nadu,TN_UHFSG_2023-02-02- 09.00-1-1.jpg,2023,2,2,12,107,c_Unhealthy_for_Sensitive_Groups,2023-02-02,23.7,34.2,540.0,59.0,1.5,15.0
"New Ind Town, Faridabad",HAR_VUN_2022-10-02-10.00-1-1361.jpg,2022,10,2,12,230,e_Very_Unhealthy,2022-10-02,16.6,23.7,513.0,2.0,1.8,93.0
"ITO, Delhi",DEL_SEV_2023-02-16-18.00-2-86.jpg,2023,2,16,12,330,f_Severe,2023-02-16,2.0,3.3,115.0,0.6,0.0,52.0
"ITO, Delhi",DEL_VUnH_2023-02-16-17.00-1-161.jpg,2023,2,16,12,293,e_Very_Unhealthy,2023-02-16,2.0,3.3,115.0,0.6,0.0,52.0
"ITO, Delhi",DEL_VUnH_2023-02-16-17.00-1-126.jpg,2023,2,16,12,293,e_Very_Unhealthy,2023-02-16,2.0,3.3,115.0,0.6,0.0,52.0
"Biratnagar, Nepal",BIR_UNH_VF_2023-02-02- 1700-2-17.jpg,2023,2,2,12,156,d_Unhealthy,2023-02-02,57.2,81.7,581.0,12.1,8.5,98.0
"ITO, Delhi",DEL_SEV_2023-02-16-18.00-2-110.jpg,2023,2,16,12,330,f_Severe,2023-02-16,2.0,3.3,115.0,0.6,0.0,52.0
Bengaluru,BENGR_UnFSG_2023-03-08-08.30-1-321.jpg,2023,3,8,12,106,c_Unhealthy_for_Sensitive_Groups,2023-03-08,16.9,24.7,244.0,5.9,5.7,120.0
"Knowledge park, Greater Noida",UP_VUN_2023-03-02-09.00-1-133.jpg,2023,3,2,12,223,e_Very_Unhealthy,2023-03-02,20.5,48.2,338.0,56.9,14.0,72.0
Bengaluru,BENGR_UHFSG_2023-02-15-14.30-1-13.jpg,2023,2,15,12,103,c_Unhealthy_for_Sensitive_Groups,2023-02-15,18.6,26.8,278.0,7.8,11.8,147.0
"ITO, Delhi",DEL_VUnH_2023-02-16-17.00-2-83.jpg,2023,2,16,12,293,e_Very_Unhealthy,2023-02-16,2.0,3.3,115.0,0.6,0.0,52.0
Tamil Nadu,TN_Good_2023-02-21-08.30-3-196.jpg,2023,2,21,12,29,a_Good,2023-02-21,2.1,3.2,146.0,1.6,0.3,82.0
"ITO, Delhi",DEL_VUnH_2023-02-16-14.30-1-13.jpg,2023,2,16,12,245,e_Very_Unhealthy,2023-02-16,2.0,3.3,115.0,0.6,0.0,52.0
Mumbai,MH_VUN_2023-02-24-15.00-1-231.jpg,2023,2,24,12,202,e_Very_Unhealthy,2023-02-24,73.3,112.7,633.0,41.2,49.7,231.0
"Knowledge park, Greater Noida",UP_UHFSG_2023-02-24-08.30-1-221.jpg,2023,2,24,12,141,c_Unhealthy_for_Sensitive_Groups,2023-02-24,132.7,224.4,1109.0,243.3,40.8,181.0
"New Ind Town, Faridabad",HAR_VUN_2022-10-02-10.00-1-2209.jpg,2022,10,2,12,230,e_Very_Unhealthy,2022-10-02,16.6,23.7,513.0,2.0,1.8,93.0
Mumbai,MH_UN_2023-03-15-15.00-10.jpg,2023,3,15,12,162,d_Unhealthy,2023-03-15,190.5,276.6,1537.0,57.3,103.4,404.0
"ITO, Delhi",DEL_SEV_2023-02-22-14.00-2-376.jpg,2023,2,22,12,450,f_Severe,2023-02-22,2.4,4.2,128.0,0.1,0.0,83.0
"Biratnagar, Nepal",BIR_UNH_VF_2023-02-02- 12.00-3-72.jpg,2023,2,2,12,158,d_Unhealthy,2023-02-02,57.2,81.7,581.0,12.1,8.5,98.0
Mumbai,MH_VUN_2023-02-25-10.00-1-211.jpg,2023,2,25,12,206,e_Very_Unhealthy,2023-02-25,64.3,98.3,654.0,37.4,50.9,173.0
"Biratnagar, Nepal",BIR_MOD_2023-02-13-09.30-2-2.jpg,2023,2,13,12,91,b_Moderate,2023-02-13,40.7,59.3,429.0,13.7,9.2,101.0
"ITO, Delhi",DEL_SEV_2023-02-07-14.00-1-42.jpg,2023,2,7,12,449,f_Severe,2023-02-07,3.0,5.3,89.0,0.3,0.1,54.0
"Biratnagar, Nepal",BIR_MOD_2023-02-13-09.30-4-66.jpg,2023,2,13,12,91,b_Moderate,2023-02-13,40.7,59.3,429.0,13.7,9.2,101.0
"Biratnagar, Nepal",BIR_UFSG_2023-02-14- 14.30-3-11.jpg,2023,2,14,12,101,c_Unhealthy_for_Sensitive_Groups,2023-02-14,43.3,62.6,471.0,15.4,7.5,101.0
Bengaluru,BENGR_Mod_2023-02-24-08.30-1-186.jpg,2023,2,24,12,68,b_Moderate,2023-02-24,11.3,16.6,250.0,9.2,10.1,126.0
"ITO, Delhi",DEL_SEV_2023-02-16-18.00-2-85.jpg,2023,2,16,12,330,f_Severe,2023-02-16,2.0,3.3,115.0,0.6,0.0,52.0
Tamil Nadu,TN_Good_2023-02-20-08.30-1-11.jpg,2023,2,20,12,37,a_Good,2023-02-20,2.1,3.0,150.0,2.1,0.4,78.0
"Knowledge park, Greater Noida",UP_UN_2023-03-01-08.30-1-361.jpg,2023,3,1,12,199,d_Unhealthy,2023-03-01,21.1,47.7,354.0,67.2,13.3,48.0
Bengaluru,BENGR_Good_2023-02-28-08.30-1-506.jpg,2023,2,28,12,37,a_Good,2023-02-28,27.2,39.7,398.0,7.6,7.8,127.0
Mumbai,MH_UH_2023-02-03- 09.30-1-1.jpg,2023,2,3,12,162,d_Unhealthy,2023-02-03,121.1,177.4,813.0,48.2,60.2,256.0
"Biratnagar, Nepal",BIR_MOD_2023-02-13-09.30-4-35.jpg,2023,2,13,12,91,b_Moderate,2023-02-13,40.7,59.3,429.0,13.7,9.2,101.0
Tamil Nadu,TN_UnFSG_2023-03-09-09.00-2-116.jpg,2023,3,9,12,134,c_Unhealthy_for_Sensitive_Groups,2023-03-09,10.4,15.2,234.0,12.8,0.9,62.0
"Biratnagar, Nepal",BIR_UNH_VF_2023-02-02- 12.00-1-57.jpg,2023,2,2,12,158,d_Unhealthy,2023-02-02,57.2,81.7,581.0,12.1,8.5,98.0
Bengaluru,BENGR_Good_2023-02-27-08.30-1-386.jpg,2023,2,27,12,47,a_Good,2023-02-27,10.8,15.8,277.0,6.9,7.3,131.0
Bengaluru,BENGR_UnFSG_2023-03-08-08.30-1-146.jpg,2023,3,8,12,106,c_Unhealthy_for_Sensitive_Groups,2023-03-08,16.9,24.7,244.0,5.9,5.7,120.0
"New Ind Town, Faridabad",HAR_VUN_2022-10-02-10.00-1-3833.jpg,2022,10,2,12,230,e_Very_Unhealthy,2022-10-02,16.6,23.7,513.0,2.0,1.8,93.0
Mumbai,MH_UH_2023-02-19-12.00-1-39.jpg,2023,2,19,12,160,d_Unhealthy,2023-02-19,143.0,205.8,1159.0,48.0,73.1,327.0
"Knowledge park, Greater Noida",UP_UHFSG_2023-02-14-10.00-2.jpg,2023,2,14,12,127,c_Unhealthy_for_Sensitive_Groups,2023-02-14,95.2,147.1,446.0,56.2,14.9,262.0
Bengaluru,BENGR_Mod_2023-02-24-08.30-1-76.jpg,2023,2,24,12,68,b_Moderate,2023-02-24,11.3,16.6,250.0,9.2,10.1,126.0
Tamil Nadu,TN_Good_2023-02-22-09.30-2-56.jpg,2023,2,22,12,36,a_Good,2023-02-22,8.3,12.4,216.0,13.8,2.4,52.0
"Biratnagar, Nepal",BIR_UNH_VF_2023-02-02- 15.00-4-24.jpg,2023,2,2,12,156,d_Unhealthy,2023-02-02,57.2,81.7,581.0,12.1,8.5,98.0
"ITO, Delhi",DEL_VUnH_2023-02-16-14.30-1-71.jpg,2023,2,16,12,245,e_Very_Unhealthy,2023-02-16,2.0,3.3,115.0,0.6,0.0,52.0
Mumbai,MH_UnFSG_2023-02-17-19.00-4.jpg,2023,2,17,12,145,c_Unhealthy_for_Sensitive_Groups,2023-02-17,64.3,96.9,620.0,42.0,43.7,225.0
"Biratnagar, Nepal",BIR_UNH_VF_2023-02-02- 12.00-1-48.jpg,2023,2,2,12,158,d_Unhealthy,2023-02-02,57.2,81.7,581.0,12.1,8.5,98.0
"Knowledge park, Greater Noida",UP_SEV_2023-02-18-14.30-1-37.jpg,2023,2,18,12,331,f_Severe,2023-02-18,24.9,48.1,246.0,27.6,8.9,84.0
"ITO, Delhi",DEL_SEV_2023-02-20-14.00-3-66.jpg,2023,2,20,12,363,f_Severe,2023-02-20,4.4,7.8,136.0,0.3,0.0,76.0
Mumbai,MH_UH_2023-02-03- 09.30-1-63.jpg,2023,2,3,12,162,d_Unhealthy,2023-02-03,121.1,177.4,813.0,48.2,60.2,256.0
"ITO, Delhi",DEL_VUH_2023-02-04-17.00-2-5.jpg,2023,2,4,12,281,e_Very_Unhealthy,2023-02-04,2.8,4.9,89.0,0.2,0.1,62.0
"Biratnagar, Nepal",BIR_UNH_VF_2023-02-02- 15.00-2-64.jpg,2023,2,2,12,156,d_Unhealthy,2023-02-02,57.2,81.7,581.0,12.1,8.5,98.0
"ITO, Delhi",DEL_SEV_2023-02-17-13.00-2-43.jpg,2023,2,17,12,372,f_Severe,2023-02-17,0.2,0.3,91.0,0.1,0.0,49.0
Bengaluru,BENGR_Good_2023-02-27-08.30-1-96.jpg,2023,2,27,12,47,a_Good,2023-02-27,10.8,15.8,277.0,6.9,7.3,131.0
Bengaluru,BENGR_Good_2023-02-28-08.30-1-171.jpg,2023,2,28,12,37,a_Good,2023-02-28,27.2,39.7,398.0,7.6,7.8,127.0
Bengaluru,BENGR_Mod_2023-02-23-08.30-1-581.jpg,2023,2,23,12,97,b_Moderate,2023-02-23,18.2,26.4,272.0,8.0,8.1,126.0
Tamil Nadu,TN_UnFSG_2023-03-09-09.00-2-6.jpg,2023,3,9,12,134,c_Unhealthy_for_Sensitive_Groups,2023-03-09,10.4,15.2,234.0,12.8,0.9,62.0
"New Ind Town, Faridabad",HAR_VUN_2022-10-02-10.00-1-3513.jpg,2022,10,2,12,230,e_Very_Unhealthy,2022-10-02,16.6,23.7,513.0,2.0,1.8,93.0
"New Ind Town, Faridabad",HAR_VUN_2022-10-02-10.00-1-3305.jpg,2022,10,2,12,230,e_Very_Unhealthy,2022-10-02,16.6,23.7,513.0,2.0,1.8,93.0
Tamil Nadu,TN_UnFSG_2023-03-03-09.00-2-101.jpg,2023,3,3,12,121,c_Unhealthy_for_Sensitive_Groups,2023-03-03,5.2,9.4,154.0,1.6,1.3,86.0
Bengaluru,BENGR_Mod_2023-03-04-08.30-1-361.jpg,2023,3,4,12,71,b_Moderate,2023-03-04,17.8,26.3,251.0,6.2,6.9,118.0
"ITO, Delhi",DEL_SEV_2023-02-20-14.00-2-561.jpg,2023,2,20,12,363,f_Severe,2023-02-20,4.4,7.8,136.0,0.3,0.0,76.0
"Knowledge park, Greater Noida",UP_SEV_2023-02-20-08.30-1-9.jpg,2023,2,20,12,331,f_Severe,2023-02-20,26.1,49.7,219.0,20.0,5.1,100.0
Mumbai,MH_UnFSG_2023-03-18-11.00-1-148.jpg,2023,3,18,12,114,c_Unhealthy_for_Sensitive_Groups,2023-03-18,59.0,94.8,678.0,39.3,48.8,177.0
"Knowledge park, Greater Noida",UP_VUN_2023-03-02-09.00-1-637.jpg,2023,3,2,12,223,e_Very_Unhealthy,2023-03-02,20.5,48.2,338.0,56.9,14.0,72.0
"Biratnagar, Nepal",BIR_UNH_VF_2023-02-02- 1700-3-23.jpg,2023,2,2,12,156,d_Unhealthy,2023-02-02,57.2,81.7,581.0,12.1,8.5,98.0
"Biratnagar, Nepal",BIR_UFSG_2023-02-14- 14.30-3-36.jpg,2023,2,14,12,101,c_Unhealthy_for_Sensitive_Groups,2023-02-14,43.3,62.6,471.0,15.4,7.5,101.0
Bengaluru,BENGR_UHFSG_2023-02-05-08.30-1-53.jpg,2023,2,3,12,111,c_Unhealthy_for_Sensitive_Groups,2023-02-03,19.7,31.1,321.0,13.6,3.8,86.0
"Knowledge park, Greater Noida",UP_SEV_2023-02-18-14.30-1-67.jpg,2023,2,18,12,331,f_Severe,2023-02-18,24.9,48.1,246.0,27.6,8.9,84.0
"Biratnagar, Nepal",BIR_UNH_VF_2023-02-02- 12.00-3-8.jpg,2023,2,2,12,158,d_Unhealthy,2023-02-02,57.2,81.7,581.0,12.1,8.5,98.0
Mumbai,MH_UH_2023-02-11-03.30-2-36.jpg,2023,2,11,12,154,d_Unhealthy,2023-02-11,50.5,82.9,477.0,34.0,35.6,181.0
"ITO, Delhi",DEL_SEV_2023-02-20-14.00-1-386.jpg,2023,2,20,12,363,f_Severe,2023-02-20,4.4,7.8,136.0,0.3,0.0,76.0
Bengaluru,BENGR_UHFSG_2023-02-03-08.30-1-17.jpg,2023,2,3,12,136,c_Unhealthy_for_Sensitive_Groups,2023-02-03,19.7,31.1,321.0,13.6,3.8,86.0
"Biratnagar, Nepal",BIR_UNH_VF_2023-02-02- 12.00-2-91.jpg,2023,2,2,12,158,d_Unhealthy,2023-02-02,57.2,81.7,581.0,12.1,8.5,98.0
"Biratnagar, Nepal",BIR_UFSG_2023-02-14- 14.30-3-67.jpg,2023,2,14,12,101,c_Unhealthy_for_Sensitive_Groups,2023-02-14,43.3,62.6,471.0,15.4,7.5,101.0
Mumbai,MH_UH_2023-02-19-12.00-1-33.jpg,2023,2,19,12,160,d_Unhealthy,2023-02-19,143.0,205.8,1159.0,48.0,73.1,327.0
Bengaluru,BENGR_Mod_2023-02-21-08.30-1-571.jpg,2023,2,21,12,56,b_Moderate,2023-02-21,26.0,37.8,303.0,8.9,11.2,152.0
"ITO, Delhi",DEL_VUnH_2023-02-16-17.00-1-119.jpg,2023,2,16,12,293,e_Very_Unhealthy,2023-02-16,2.0,3.3,115.0,0.6,0.0,52.0
Bengaluru,BENGR_Good_2023-02-27-08.30-1-36.jpg,2023,2,27,12,47,a_Good,2023-02-27,10.8,15.8,277.0,6.9,7.3,131.0
Bengaluru,BENGR_Mod_2023-02-21-08.30-1-126.jpg,2023,2,21,12,56,b_Moderate,2023-02-21,26.0,37.8,303.0,8.9,11.2,152.0
"Biratnagar, Nepal",BIR_UFSG_2023-02-14- 14.30-3-85.jpg,2023,2,14,12,101,c_Unhealthy_for_Sensitive_Groups,2023-02-14,43.3,62.6,471.0,15.4,7.5,101.0
"Biratnagar, Nepal",BRI_Un_2023-02-02-1700-13.jpg,2023,2,2,12,156,d_Unhealthy,2023-02-02,57.2,81.7,581.0,12.1,8.5,98.0
Mumbai,MH_UH_2023-02-14-11.30-1-13.jpg,2023,2,14,12,160,d_Unhealthy,2023-02-14,81.3,119.0,721.0,41.8,52.8,260.0
"ITO, Delhi",DEL_SEV_2023-02-20-14.00-1-701.jpg,2023,2,20,12,363,f_Severe,2023-02-20,4.4,7.8,136.0,0.3,0.0,76.0
"Biratnagar, Nepal",BIR_UH_2023-03-16-12.30-3-134.jpg,2023,3,16,12,154,d_Unhealthy,2023-03-16,68.5,98.7,456.0,5.4,8.3,132.0
"ITO, Delhi",DEL_SEV_2023-02-20-14.00-3-441.jpg,2023,2,20,12,363,f_Severe,2023-02-20,4.4,7.8,136.0,0.3,0.0,76.0
"Knowledge park, Greater Noida",UP_VUN_2023-03-02-09.00-1-277.jpg,2023,3,2,12,223,e_Very_Unhealthy,2023-03-02,20.5,48.2,338.0,56.9,14.0,72.0
Mumbai,MH_Good_2023-03-22-11.00-1-183.jpg,2023,3,22,12,49,a_Good,2023-03-22,16.2,31.8,249.0,15.6,16.8,76.0
Mumbai,MH_UH_2023-02-10-14.30-1-1.jpg,2023,2,10,12,160,d_Unhealthy,2023-02-10,74.7,110.8,581.0,28.9,36.7,198.0
"ITO, Delhi",DEL_VUnH_2023-02-16-14.30-1-176.jpg,2023,2,16,12,245,e_Very_Unhealthy,2023-02-16,2.0,3.3,115.0,0.6,0.0,52.0
"Knowledge park, Greater Noida",UP_VUN_2023-02-27-10.30-1-25.jpg,2023,2,27,12,299,e_Very_Unhealthy,2023-02-27,44.7,71.7,613.0,101.2,20.5,98.0
"ITO, Delhi",DEL_SEV_2023-02-22-14.00-2-551.jpg,2023,2,22,12,450,f_Severe,2023-02-22,2.4,4.2,128.0,0.1,0.0,83.0
"Biratnagar, Nepal",BIR_UH_2023-03-16-12.30-4-29.jpg,2023,3,16,12,154,d_Unhealthy,2023-03-16,68.5,98.7,456.0,5.4,8.3,132.0
"ITO, Delhi",DEL_VUnH_2023-02-16-17.00-2-129.jpg,2023,2,16,12,293,e_Very_Unhealthy,2023-02-16,2.0,3.3,115.0,0.6,0.0,52.0
"Biratnagar, Nepal",BRI_Un_2023-02-09-08.00-5.jpg,2023,2,9,12,171,d_Unhealthy,2023-02-09,94.8,138.8,596.0,11.1,12.4,122.0
"ITO, Delhi",DEL_SEV_2023-02-07-14.00-1-57.jpg,2023,2,7,12,449,f_Severe,2023-02-07,3.0,5.3,89.0,0.3,0.1,54.0
"Biratnagar, Nepal",BIR_UNH_VF_2023-02-03- 10.00-1-44.jpg,2023,2,3,12,163,d_Unhealthy,2023-02-03,69.8,99.7,581.0,11.6,6.8,112.0
"ITO, Delhi",DEL_SEV_2023-02-20-14.00-1-171.jpg,2023,2,20,12,363,f_Severe,2023-02-20,4.4,7.8,136.0,0.3,0.0,76.0
"Biratnagar, Nepal",BIR_UFSG_2023-02-14- 14.30-3-72.jpg,2023,2,14,12,101,c_Unhealthy_for_Sensitive_Groups,2023-02-14,43.3,62.6,471.0,15.4,7.5,101.0
"Biratnagar, Nepal",BIR_UNH_VF_2023-02-03- 10.00-1-21.jpg,2023,2,3,12,163,d_Unhealthy,2023-02-03,69.8,99.7,581.0,11.6,6.8,112.0
"Knowledge park, Greater Noida",UP_SEV_2023-02-18-14.30-1-53.jpg,2023,2,18,12,331,f_Severe,2023-02-18,24.9,48.1,246.0,27.6,8.9,84.0
Mumbai,MH_UH_2023-02-11-03.30-2-34.jpg,2023,2,11,12,154,d_Unhealthy,2023-02-11,50.5,82.9,477.0,34.0,35.6,181.0
Tamil Nadu,TN_UN_2023-03-11-08.00-1-131.jpg,2023,3,11,12,152,d_Unhealthy,2023-03-11,4.6,7.8,155.0,2.7,0.9,90.0
Bengaluru,BENGR_Good_2023-02-28-08.30-1-446.jpg,2023,2,28,12,37,a_Good,2023-02-28,27.2,39.7,398.0,7.6,7.8,127.0
Tamil Nadu,TN_UHFSG_2023-02-02- 09.00-2-14.jpg,2023,2,2,12,107,c_Unhealthy_for_Sensitive_Groups,2023-02-02,23.7,34.2,540.0,59.0,1.5,15.0
Tamil Nadu,TN_Good_2023-02-23-08.30-1-146.jpg,2023,2,23,12,43,a_Good,2023-02-23,2.9,4.1,131.0,0.9,1.6,95.0
"ITO, Delhi",DEL_SEV_2023-02-07-14.00-1-111.jpg,2023,2,7,12,449,f_Severe,2023-02-07,3.0,5.3,89.0,0.3,0.1,54.0
Tamil Nadu,TN_Good_2023-03-21-08.30-2-193.jpg,2023,3,21,12,27,a_Good,2023-03-21,8.3,12.3,214.0,11.7,1.2,58.0
Bengaluru,BENGR_Mod_2023-03-09-08.30-1-461.jpg,2023,3,9,12,51,b_Moderate,2023-03-09,32.7,47.8,341.0,6.8,6.3,123.0
"Biratnagar, Nepal",BIR_UNFSG_VF_2023-02-03-16.00-1-35.jpg,2023,2,3,12,141,c_Unhealthy_for_Sensitive_Groups,2023-02-03,69.8,99.7,581.0,11.6,6.8,112.0
Tamil Nadu,TN_Good_2023-02-20-08.30-1-14.jpg,2023,2,20,12,37,a_Good,2023-02-20,2.1,3.0,150.0,2.1,0.4,78.0
Bengaluru,BENGR_Good_2023-02-27-08.30-1-111.jpg,2023,2,27,12,47,a_Good,2023-02-27,10.8,15.8,277.0,6.9,7.3,131.0
"Dimapur, Nagaland",Dimapur_UHFSG_2023-02-02- 09.00-2-4.jpg,2023,2,2,12,103,c_Unhealthy_for_Sensitive_Groups,2023-02-02,39.6,56.9,296.0,6.5,2.7,107.0
Tamil Nadu,TN_UnFSG_2023-03-01-08.30-1-266.jpg,2023,3,1,12,111,c_Unhealthy_for_Sensitive_Groups,2023-03-01,11.3,16.5,244.0,12.0,2.9,66.0
"Dimapur, Nagaland",Dimapur_MOD_2023-02-10-08.30-2-76.jpg,2023,2,10,12,63,b_Moderate,2023-02-10,95.7,140.2,322.0,4.6,4.8,113.0
Bengaluru,BENGR_UnFSG_2023-03-08-08.30-1-351.jpg,2023,3,8,12,106,c_Unhealthy_for_Sensitive_Groups,2023-03-08,16.9,24.7,244.0,5.9,5.7,120.0
Tamil Nadu,TN_Good_2023-02-27-16.30-1-31.jpg,2023,2,27,12,43,a_Good,2023-02-27,5.9,9.2,177.0,7.1,1.1,74.0
Mumbai,MH_Mod_2023-03-21-15.00-1-120.jpg,2023,3,21,12,92,b_Moderate,2023-03-21,15.9,32.0,246.0,16.3,15.8,72.0
"Dimapur, Nagaland",Dimapur_MOD_2023-02-10-08.30-2-7.jpg,2023,2,10,12,63,b_Moderate,2023-02-10,95.7,140.2,322.0,4.6,4.8,113.0
"Biratnagar, Nepal",BIR_UNFSG_VF_2023-02-03-16.00-2-105.jpg,2023,2,3,12,141,c_Unhealthy_for_Sensitive_Groups,2023-02-03,69.8,99.7,581.0,11.6,6.8,112.0
Mumbai,MH_UH_2023-02-11-03.30-6.jpg,2023,2,11,12,154,d_Unhealthy,2023-02-11,50.5,82.9,477.0,34.0,35.6,181.0
Bengaluru,BENGR_Good_2023-02-26-08.30-1-206.jpg,2023,2,26,12,48,a_Good,2023-02-26,24.5,35.4,262.0,6.6,12.6,156.0
"Knowledge park, Greater Noida",UP_VUN_2023-03-02-09.00-1-125.jpg,2023,3,2,12,223,e_Very_Unhealthy,2023-03-02,20.5,48.2,338.0,56.9,14.0,72.0
"New Ind Town, Faridabad",HAR_VUN_2022-10-02-10.00-1-4641.jpg,2022,10,2,12,230,e_Very_Unhealthy,2022-10-02,16.6,23.7,513.0,2.0,1.8,93.0
"ITO, Delhi",DEL_VUnH_2023-02-16-14.00-3-14.jpg,2023,2,16,12,268,e_Very_Unhealthy,2023-02-16,2.0,3.3,115.0,0.6,0.0,52.0
"New Ind Town, Faridabad",HAR_VUN_2022-10-02-10.00-1-2641.jpg,2022,10,2,12,230,e_Very_Unhealthy,2022-10-02,16.6,23.7,513.0,2.0,1.8,93.0
"Knowledge park, Greater Noida",UP_SEV_2023-02-18-14.30-1-46.jpg,2023,2,18,12,331,f_Severe,2023-02-18,24.9,48.1,246.0,27.6,8.9,84.0
"New Ind Town, Faridabad",HAR_VUN_2022-10-02-10.00-1-2905.jpg,2022,10,2,12,230,e_Very_Unhealthy,2022-10-02,16.6,23.7,513.0,2.0,1.8,93.0
"Dimapur, Nagaland",Dimapur_UHFSG_2023-02-02- 09.00-1-43.jpg,2023,2,2,12,103,c_Unhealthy_for_Sensitive_Groups,2023-02-02,39.6,56.9,296.0,6.5,2.7,107.0
Bengaluru,BENGR_Mod_2023-02-21-08.30-1-266.jpg,2023,2,21,12,56,b_Moderate,2023-02-21,26.0,37.8,303.0,8.9,11.2,152.0
"Knowledge park, Greater Noida",UP_UHFSG_2023-02-24-08.30-1-177.jpg,2023,2,24,12,141,c_Unhealthy_for_Sensitive_Groups,2023-02-24,132.7,224.4,1109.0,243.3,40.8,181.0
"ITO, Delhi",DEL_SEV_2023-02-20-14.00-2-6.jpg,2023,2,20,12,363,f_Severe,2023-02-20,4.4,7.8,136.0,0.3,0.0,76.0
"New Ind Town, Faridabad",HAR_VUN_2022-10-02-10.00-1-4009.jpg,2022,10,2,12,230,e_Very_Unhealthy,2022-10-02,16.6,23.7,513.0,2.0,1.8,93.0
Bengaluru,BENGR_UHFSG_2023-02-15-14.30-1-33.jpg,2023,2,15,12,103,c_Unhealthy_for_Sensitive_Groups,2023-02-15,18.6,26.8,278.0,7.8,11.8,147.0
"Biratnagar, Nepal",BIR_UNH_VF_2023-02-02- 12.00-1-123.jpg,2023,2,2,12,158,d_Unhealthy,2023-02-02,57.2,81.7,581.0,12.1,8.5,98.0
Bengaluru,BENGR_Mod_2023-02-23-08.30-1-221.jpg,2023,2,23,12,97,b_Moderate,2023-02-23,18.2,26.4,272.0,8.0,8.1,126.0
Bengaluru,BENGR_UnFSG_2023-03-08-08.30-1-46.jpg,2023,3,8,12,106,c_Unhealthy_for_Sensitive_Groups,2023-03-08,16.9,24.7,244.0,5.9,5.7,120.0
Mumbai,MH_UH_2023-02-02- 09.30-1-15.jpg,2023,2,2,12,182,d_Unhealthy,2023-02-02,122.9,179.7,829.0,44.0,61.7,239.0
"Knowledge park, Greater Noida",UP_UHFSG_2023-02-24-08.30-1-201.jpg,2023,2,24,12,141,c_Unhealthy_for_Sensitive_Groups,2023-02-24,132.7,224.4,1109.0,243.3,40.8,181.0
"Biratnagar, Nepal",BIR_UNFSG_VF_2023-02-03-16.00-3-48.jpg,2023,2,3,12,141,c_Unhealthy_for_Sensitive_Groups,2023-02-03,69.8,99.7,581.0,11.6,6.8,112.0
"Knowledge park, Greater Noida",UP_SEV_2023-02-18-14.30-1-12.jpg,2023,2,18,12,331,f_Severe,2023-02-18,24.9,48.1,246.0,27.6,8.9,84.0
"ITO, Delhi",DEL_VUnH_2023-02-16-14.00-1-22.jpg,2023,2,16,12,268,e_Very_Unhealthy,2023-02-16,2.0,3.3,115.0,0.6,0.0,52.0
Bengaluru,BENGR_Mod_2023-02-21-08.30-1-241.jpg,2023,2,21,12,56,b_Moderate,2023-02-21,26.0,37.8,303.0,8.9,11.2,152.0
"New Ind Town, Faridabad",HAR_VUN_2022-10-02-10.00-1-2929.jpg,2022,10,2,12,230,e_Very_Unhealthy,2022-10-02,16.6,23.7,513.0,2.0,1.8,93.0
Mumbai,MH_Good_2023-03-22-18.00-1-169.jpg,2023,3,22,12,47,a_Good,2023-03-22,16.2,31.8,249.0,15.6,16.8,76.0
Bengaluru,BENGR_Mod_2023-02-25-08.30-1-216.jpg,2023,2,25,12,73,b_Moderate,2023-02-25,19.2,27.9,256.0,7.8,9.3,142.0
"Knowledge park, Greater Noida",UP_UHFSG_2023-02-08-08.30-1-122.jpg,2023,2,8,12,133,c_Unhealthy_for_Sensitive_Groups,2023-02-08,53.7,112.2,526.0,86.8,19.1,87.0
"Knowledge park, Greater Noida",UP_UHFSG_2023-02-08-08.30-1-52.jpg,2023,2,8,12,133,c_Unhealthy_for_Sensitive_Groups,2023-02-08,53.7,112.2,526.0,86.8,19.1,87.0
"Biratnagar, Nepal",BIR_UNH_VF_2023-02-02- 12.00-1-58.jpg,2023,2,2,12,158,d_Unhealthy,2023-02-02,57.2,81.7,581.0,12.1,8.5,98.0
"Knowledge park, Greater Noida",UP_SEV_2023-02-18-14.30-1-74.jpg,2023,2,18,12,331,f_Severe,2023-02-18,24.9,48.1,246.0,27.6,8.9,84.0
"ITO, Delhi",DEL_VUH_2023-02-04-17.00-2-99.jpg,2023,2,4,12,281,e_Very_Unhealthy,2023-02-04,2.8,4.9,89.0,0.2,0.1,62.0
"New Ind Town, Faridabad",HAR_VUN_2022-10-02-10.00-1-3265.jpg,2022,10,2,12,230,e_Very_Unhealthy,2022-10-02,16.6,23.7,513.0,2.0,1.8,93.0
Bengaluru,BENGR_Mod_2023-02-24-08.30-1-356.jpg,2023,2,24,12,68,b_Moderate,2023-02-24,11.3,16.6,250.0,9.2,10.1,126.0
"ITO, Delhi",DEL_SEV_2023-02-07-14.00-1-15.jpg,2023,2,7,12,449,f_Severe,2023-02-07,3.0,5.3,89.0,0.3,0.1,54.0
"Knowledge park, Greater Noida",UP_UHFSG_2023-03-06-11.30-1-385.jpg,2023,3,6,12,104,c_Unhealthy_for_Sensitive_Groups,2023-03-06,57.3,103.8,710.0,101.0,20.8,124.0
Mumbai,MH_UnFSG_2023-02-15-10.30-1-28.jpg,2023,2,15,12,143,c_Unhealthy_for_Sensitive_Groups,2023-02-15,82.2,119.0,737.0,40.3,51.8,253.0
Bengaluru,BENGR_Mod_2023-03-06-08.30-1-396.jpg,2023,3,6,12,68,b_Moderate,2023-03-06,12.6,18.6,218.0,6.5,8.2,129.0
"ITO, Delhi",DEL_VUnH_2023-02-16-17.00-2-93.jpg,2023,2,16,12,293,e_Very_Unhealthy,2023-02-16,2.0,3.3,115.0,0.6,0.0,52.0
Tamil Nadu,TN_UnFSG_2023-03-02-08.30-2-6.jpg,2023,3,2,12,119,c_Unhealthy_for_Sensitive_Groups,2023-03-02,8.6,16.2,185.0,2.6,1.1,86.0
"Knowledge park, Greater Noida",UP_UHFSG_2023-03-06-11.30-1-269.jpg,2023,3,6,12,104,c_Unhealthy_for_Sensitive_Groups,2023-03-06,57.3,103.8,710.0,101.0,20.8,124.0
"ITO, Delhi",DEL_VUH_2023-02-04-17.00-2-145.jpg,2023,2,4,12,281,e_Very_Unhealthy,2023-02-04,2.8,4.9,89.0,0.2,0.1,62.0
"Biratnagar, Nepal",BIR_MOD_2023-02-13-09.30-3-71.jpg,2023,2,13,12,91,b_Moderate,2023-02-13,40.7,59.3,429.0,13.7,9.2,101.0
"ITO, Delhi",DEL_VUnH_2023-02-16-17.00-1-35.jpg,2023,2,16,12,293,e_Very_Unhealthy,2023-02-16,2.0,3.3,115.0,0.6,0.0,52.0
"Knowledge park, Greater Noida",UP_UN_2023-03-01-08.30-1-329.jpg,2023,3,1,12,199,d_Unhealthy,2023-03-01,21.1,47.7,354.0,67.2,13.3,48.0
Mumbai,MH_UH_2023-02-10-14.30-1-3.jpg,2023,2,10,12,160,d_Unhealthy,2023-02-10,74.7,110.8,581.0,28.9,36.7,198.0
Bengaluru,BENGR_Mod_2023-02-23-08.30-1-81.jpg,2023,2,23,12,97,b_Moderate,2023-02-23,18.2,26.4,272.0,8.0,8.1,126.0
Tamil Nadu,TN_UNH_2023-02-03-12.30-1-14.jpg,2023,2,3,12,150,d_Unhealthy,2023-02-03,26.3,38.1,500.0,65.8,1.9,18.0
Bengaluru,BENGR_Mod_2023-02-25-08.30-1-71.jpg,2023,2,25,12,73,b_Moderate,2023-02-25,19.2,27.9,256.0,7.8,9.3,142.0
"Biratnagar, Nepal",BIR_UNH_VF_2023-02-03- 10.00-1-32.jpg,2023,2,3,12,163,d_Unhealthy,2023-02-03,69.8,99.7,581.0,11.6,6.8,112.0
Bengaluru,BENGR_Mod_2023-02-24-08.30-1-266.jpg,2023,2,24,12,68,b_Moderate,2023-02-24,11.3,16.6,250.0,9.2,10.1,126.0
"New Ind Town, Faridabad",HAR_VUN_2022-10-02-10.00-1-233.jpg,2022,10,2,12,230,e_Very_Unhealthy,2022-10-02,16.6,23.7,513.0,2.0,1.8,93.0
Tamil Nadu,TN_UN_2023-03-11-08.00-1-146.jpg,2023,3,11,12,152,d_Unhealthy,2023-03-11,4.6,7.8,155.0,2.7,0.9,90.0
"Knowledge park, Greater Noida",UP_UHFSG_2023-02-24-08.30-1-113.jpg,2023,2,24,12,141,c_Unhealthy_for_Sensitive_Groups,2023-02-24,132.7,224.4,1109.0,243.3,40.8,181.0
"Dimapur, Nagaland",Dimapur_UHFSG_2023-02-02- 09.00-3-63.jpg,2023,2,2,12,103,c_Unhealthy_for_Sensitive_Groups,2023-02-02,39.6,56.9,296.0,6.5,2.7,107.0
Mumbai,MH_Good_2023-03-23-17.00-1-449.jpg,2023,3,23,12,47,a_Good,2023-03-23,18.4,34.5,257.0,17.2,19.2,71.0
"New Ind Town, Faridabad",HAR_VUN_2022-10-02-10.00-1-3217.jpg,2022,10,2,12,230,e_Very_Unhealthy,2022-10-02,16.6,23.7,513.0,2.0,1.8,93.0
"ITO, Delhi",DEL_UnH_2023-02-15-11.30-2-42.jpg,2023,2,15,12,179,d_Unhealthy,2023-02-15,2.5,3.7,124.0,1.0,0.0,54.0
"Biratnagar, Nepal",BIR_UNH_VF_2023-02-02- 12.00-1-117.jpg,2023,2,2,12,158,d_Unhealthy,2023-02-02,57.2,81.7,581.0,12.1,8.5,98.0
"ITO, Delhi",DL_VUNH_2023-02-04-17.00-1-54.jpg,2023,2,4,12,281,e_Very_Unhealthy,2023-02-04,2.8,4.9,89.0,0.2,0.1,62.0
"Biratnagar, Nepal",BIR_UNH_VF_2023-02-03- 10.00-1-61.jpg,2023,2,3,12,163,d_Unhealthy,2023-02-03,69.8,99.7,581.0,11.6,6.8,112.0
"New Ind Town, Faridabad",HAR_VUN_2022-10-02-10.00-1-3649.jpg,2022,10,2,12,230,e_Very_Unhealthy,2022-10-02,16.6,23.7,513.0,2.0,1.8,93.0
"Knowledge park, Greater Noida",UP_SEV_2023-02-18-11.00-1-113.jpg,2023,2,18,12,320,f_Severe,2023-02-18,24.9,48.1,246.0,27.6,8.9,84.0
"Biratnagar, Nepal",BIR_UNH_VF_2023-02-03- 10.00-2-24.jpg,2023,2,3,12,163,d_Unhealthy,2023-02-03,69.8,99.7,581.0,11.6,6.8,112.0
"ITO, Delhi",DEL_SEV_2023-02-17-13.00-1.jpg,2023,2,17,12,372,f_Severe,2023-02-17,0.2,0.3,91.0,0.1,0.0,49.0
Tamil Nadu,TN_UHFSG_2023-02-02- 09.00-1-6.jpg,2023,2,2,12,107,c_Unhealthy_for_Sensitive_Groups,2023-02-02,23.7,34.2,540.0,59.0,1.5,15.0
Mumbai,MH_UnFSG_2023-03-10-16.00-1-161.jpg,2023,3,10,12,141,c_Unhealthy_for_Sensitive_Groups,2023-03-10,51.1,75.7,577.0,42.8,39.8,185.0
"ITO, Delhi",DEL_SEV_2023-02-16-18.00-2-20.jpg,2023,2,16,12,330,f_Severe,2023-02-16,2.0,3.3,115.0,0.6,0.0,52.0
Tamil Nadu,TN_Good_2023-02-27-16.30-1-61.jpg,2023,2,27,12,43,a_Good,2023-02-27,5.9,9.2,177.0,7.1,1.1,74.0
Mumbai,MH_UN_2023-03-02-08.00-1-36.jpg,2023,3,2,12,156,d_Unhealthy,2023-03-02,165.8,246.8,1018.0,45.0,70.9,342.0
"ITO, Delhi",DEL_UnH_2023-02-15-11.30-1-36.jpg,2023,2,15,12,179,d_Unhealthy,2023-02-15,2.5,3.7,124.0,1.0,0.0,54.0
"Biratnagar, Nepal",BIR_UNH_VF_2023-02-02- 12.00-1-10.jpg,2023,2,2,12,158,d_Unhealthy,2023-02-02,57.2,81.7,581.0,12.1,8.5,98.0
Mumbai,MH_UnFSG_2023-02-17-13.00-2-72.jpg,2023,2,17,12,140,c_Unhealthy_for_Sensitive_Groups,2023-02-17,64.3,96.9,620.0,42.0,43.7,225.0
"Knowledge park, Greater Noida",UP_SEV_2023-02-18-14.30-1-110.jpg,2023,2,18,12,331,f_Severe,2023-02-18,24.9,48.1,246.0,27.6,8.9,84.0
Mumbai,MH_VUN_2023-03-05-08.30-2-111.jpg,2023,3,5,12,284,e_Very_Unhealthy,2023-03-05,278.5,401.4,1413.0,23.7,39.9,325.0
"ITO, Delhi",DEL_SEV_2023-02-17-13.00-1-64.jpg,2023,2,17,12,372,f_Severe,2023-02-17,0.2,0.3,91.0,0.1,0.0,49.0
Bengaluru,BENGR_UHFSG_2023-02-05-08.30-1-61.jpg,2023,2,3,12,111,c_Unhealthy_for_Sensitive_Groups,2023-02-03,19.7,31.1,321.0,13.6,3.8,86.0
"ITO, Delhi",DEL_VUnH_2023-02-16-14.30-1-227.jpg,2023,2,16,12,245,e_Very_Unhealthy,2023-02-16,2.0,3.3,115.0,0.6,0.0,52.0
"Biratnagar, Nepal",BIR_UNH_VF_2023-02-03- 10.00-2-4.jpg,2023,2,3,12,163,d_Unhealthy,2023-02-03,69.8,99.7,581.0,11.6,6.8,112.0
Mumbai,MH_UnFSG_2023-02-15-10.30-1-72.jpg,2023,2,15,12,143,c_Unhealthy_for_Sensitive_Groups,2023-02-15,82.2,119.0,737.0,40.3,51.8,253.0
"Knowledge park, Greater Noida",UP_UN_2023-03-01-08.30-1-353.jpg,2023,3,1,12,199,d_Unhealthy,2023-03-01,21.1,47.7,354.0,67.2,13.3,48.0
Mumbai,MH_UnFSG_2023-02-17-13.00-2-16.jpg,2023,2,17,12,140,c_Unhealthy_for_Sensitive_Groups,2023-02-17,64.3,96.9,620.0,42.0,43.7,225.0
Bengaluru,BENGR_Mod_2023-02-24-08.30-1-201.jpg,2023,2,24,12,68,b_Moderate,2023-02-24,11.3,16.6,250.0,9.2,10.1,126.0
Mumbai,MH_UN_2023-03-16-11.00-1-330.jpg,2023,3,16,12,159,d_Unhealthy,2023-03-16,59.3,90.6,871.0,64.4,81.4,199.0
"Knowledge park, Greater Noida",UP_SEV_2023-02-18-11.00-1-80.jpg,2023,2,18,12,320,f_Severe,2023-02-18,24.9,48.1,246.0,27.6,8.9,84.0
Mumbai,MH_UH_2023-02-02- 09.30-1-58.jpg,2023,2,2,12,182,d_Unhealthy,2023-02-02,122.9,179.7,829.0,44.0,61.7,239.0
Mumbai,MH_Good_2023-03-22-18.00-1-181.jpg,2023,3,22,12,47,a_Good,2023-03-22,16.2,31.8,249.0,15.6,16.8,76.0
"New Ind Town, Faridabad",HAR_VUN_2022-10-02-10.00-1-4809.jpg,2022,10,2,12,230,e_Very_Unhealthy,2022-10-02,16.6,23.7,513.0,2.0,1.8,93.0
Mumbai,MH_UnFSG_2023-03-08-11.00-1-251.jpg,2023,3,8,12,124,c_Unhealthy_for_Sensitive_Groups,2023-03-08,97.1,144.8,836.0,49.2,63.9,264.0
"Knowledge park, Greater Noida",UP_SEV_2023-02-18-11.00-1-102.jpg,2023,2,18,12,320,f_Severe,2023-02-18,24.9,48.1,246.0,27.6,8.9,84.0
"ITO, Delhi",DEL_VUnH_2023-02-16-17.00-2-19.jpg,2023,2,16,12,293,e_Very_Unhealthy,2023-02-16,2.0,3.3,115.0,0.6,0.0,52.0
"Biratnagar, Nepal",BIR_UNH_VF_2023-02-02- 15.00-2-16.jpg,2023,2,2,12,156,d_Unhealthy,2023-02-02,57.2,81.7,581.0,12.1,8.5,98.0
Tamil Nadu,TN_UnFSG_2023-03-08-08.30-1-216.jpg,2023,3,8,12,121,c_Unhealthy_for_Sensitive_Groups,2023-03-08,21.1,30.5,475.0,70.5,1.8,17.0
"Knowledge park, Greater Noida",UP_SEV_2023-02-20-08.30-1-7.jpg,2023,2,20,12,331,f_Severe,2023-02-20,26.1,49.7,219.0,20.0,5.1,100.0
Mumbai,MH_UnFSG_2023-02-17-13.00-2-31.jpg,2023,2,17,12,140,c_Unhealthy_for_Sensitive_Groups,2023-02-17,64.3,96.9,620.0,42.0,43.7,225.0
"Knowledge park, Greater Noida",UP_UHFSG_2023-03-06-11.30-1-117.jpg,2023,3,6,12,104,c_Unhealthy_for_Sensitive_Groups,2023-03-06,57.3,103.8,710.0,101.0,20.8,124.0
"ITO, Delhi",DEL_VUH_2023-02-04-17.00-2-138.jpg,2023,2,4,12,281,e_Very_Unhealthy,2023-02-04,2.8,4.9,89.0,0.2,0.1,62.0
Mumbai,MH_UnFSG_2023-02-17-13.00-2-40.jpg,2023,2,17,12,140,c_Unhealthy_for_Sensitive_Groups,2023-02-17,64.3,96.9,620.0,42.0,43.7,225.0
"Biratnagar, Nepal",BIR_UH_2023-03-16-12.30-4-309.jpg,2023,3,16,12,154,d_Unhealthy,2023-03-16,68.5,98.7,456.0,5.4,8.3,132.0
"Knowledge park, Greater Noida",UP_UHFSG_2023-03-06-11.30-1-517.jpg,2023,3,6,12,104,c_Unhealthy_for_Sensitive_Groups,2023-03-06,57.3,103.8,710.0,101.0,20.8,124.0
"New Ind Town, Faridabad",HAR_VUN_2022-10-02-10.00-1-4945.jpg,2022,10,2,12,230,e_Very_Unhealthy,2022-10-02,16.6,23.7,513.0,2.0,1.8,93.0
Tamil Nadu,TN_UnFSG_2023-03-08-08.30-1-61.jpg,2023,3,8,12,121,c_Unhealthy_for_Sensitive_Groups,2023-03-08,21.1,30.5,475.0,70.5,1.8,17.0
"Biratnagar, Nepal",BIR_UNH_VF_2023-02-02- 1700-3-70.jpg,2023,2,2,12,156,d_Unhealthy,2023-02-02,57.2,81.7,581.0,12.1,8.5,98.0
Bengaluru,BENGR_Mod_2023-02-25-08.30-1-246.jpg,2023,2,25,12,73,b_Moderate,2023-02-25,19.2,27.9,256.0,7.8,9.3,142.0
Tamil Nadu,TN_UHFSG_2023-02-10-08.30-1-13.jpg,2023,2,10,12,105,c_Unhealthy_for_Sensitive_Groups,2023-02-10,3.4,5.3,152.0,3.8,0.5,78.0
"ITO, Delhi",DEL_VUnH_2023-02-16-14.30-1-6.jpg,2023,2,16,12,245,e_Very_Unhealthy,2023-02-16,2.0,3.3,115.0,0.6,0.0,52.0
Bengaluru,BENGR_Mod_2023-02-21-08.30-1-131.jpg,2023,2,21,12,56,b_Moderate,2023-02-21,26.0,37.8,303.0,8.9,11.2,152.0
Bengaluru,BENGR_UHFSG_2023-02-14-08.30-1-20.jpg,2023,2,14,12,102,c_Unhealthy_for_Sensitive_Groups,2023-02-14,18.2,26.3,268.0,8.6,13.0,152.0
Bengaluru,BENGR_Mod_2023-02-23-08.30-1-536.jpg,2023,2,23,12,97,b_Moderate,2023-02-23,18.2,26.4,272.0,8.0,8.1,126.0
Bengaluru,BENGR_Good_2023-02-28-08.30-1-321.jpg,2023,2,28,12,37,a_Good,2023-02-28,27.2,39.7,398.0,7.6,7.8,127.0
"Knowledge park, Greater Noida",UP_SEV_2023-02-18-14.30-1-113.jpg,2023,2,18,12,331,f_Severe,2023-02-18,24.9,48.1,246.0,27.6,8.9,84.0
"Biratnagar, Nepal",BIR_UNFSG_VF_2023-02-03-16.00-1-33.jpg,2023,2,3,12,141,c_Unhealthy_for_Sensitive_Groups,2023-02-03,69.8,99.7,581.0,11.6,6.8,112.0
Bengaluru,BENGR_Mod_2023-03-04-08.30-1-31.jpg,2023,3,4,12,71,b_Moderate,2023-03-04,17.8,26.3,251.0,6.2,6.9,118.0
"Knowledge park, Greater Noida",UP_SEV_2023-02-18-14.30-1-38.jpg,2023,2,18,12,331,f_Severe,2023-02-18,24.9,48.1,246.0,27.6,8.9,84.0
"Biratnagar, Nepal",BIR_UNH_VF_2023-02-03- 10.00-3-25.jpg,2023,2,3,12,163,d_Unhealthy,2023-02-03,69.8,99.7,581.0,11.6,6.8,112.0
Tamil Nadu,TN_UnFSG_2023-03-03-09.00-2-241.jpg,2023,3,3,12,121,c_Unhealthy_for_Sensitive_Groups,2023-03-03,5.2,9.4,154.0,1.6,1.3,86.0
Tamil Nadu,TN_Good_2023-02-21-08.30-2-61.jpg,2023,2,21,12,29,a_Good,2023-02-21,2.1,3.2,146.0,1.6,0.3,82.0
"Biratnagar, Nepal",BIR_UFSG_2023-02-14- 14.30-3-10.jpg,2023,2,14,12,101,c_Unhealthy_for_Sensitive_Groups,2023-02-14,43.3,62.6,471.0,15.4,7.5,101.0
Tamil Nadu,TN_Good_2023-02-20-08.30-1-12.jpg,2023,2,20,12,37,a_Good,2023-02-20,2.1,3.0,150.0,2.1,0.4,78.0
"Biratnagar, Nepal",BIR_MOD_2023-02-13-09.30-2-36.jpg,2023,2,13,12,91,b_Moderate,2023-02-13,40.7,59.3,429.0,13.7,9.2,101.0
Tamil Nadu,TN_UnFSG_2023-03-02-08.30-2-216.jpg,2023,3,2,12,119,c_Unhealthy_for_Sensitive_Groups,2023-03-02,8.6,16.2,185.0,2.6,1.1,86.0
Mumbai,MH_VUN_2023-02-25-10.00-1-111.jpg,2023,2,25,12,206,e_Very_Unhealthy,2023-02-25,64.3,98.3,654.0,37.4,50.9,173.0
"ITO, Delhi",DL_VUNH_2023-02-04-17.00-1-78.jpg,2023,2,4,12,281,e_Very_Unhealthy,2023-02-04,2.8,4.9,89.0,0.2,0.1,62.0
Mumbai,MH_UH_2023-02-19-12.00-1-37.jpg,2023,2,19,12,160,d_Unhealthy,2023-02-19,143.0,205.8,1159.0,48.0,73.1,327.0
"Biratnagar, Nepal",BIR_UNH_VF_2023-02-02- 12.00-1-133.jpg,2023,2,2,12,158,d_Unhealthy,2023-02-02,57.2,81.7,581.0,12.1,8.5,98.0
"Knowledge park, Greater Noida",UP_SEV_2023-02-19-14.30-1-45.jpg,2023,2,19,12,357,f_Severe,2023-02-19,26.7,50.5,247.0,25.1,8.3,99.0
Tamil Nadu,TN_Good_2023-02-27-16.30-1-1.jpg,2023,2,27,12,43,a_Good,2023-02-27,5.9,9.2,177.0,7.1,1.1,74.0
Mumbai,MH_VUN_2023-02-25-10.00-1-196.jpg,2023,2,25,12,206,e_Very_Unhealthy,2023-02-25,64.3,98.3,654.0,37.4,50.9,173.0
Tamil Nadu,TN_Good_2023-02-21-08.30-3-36.jpg,2023,2,21,12,29,a_Good,2023-02-21,2.1,3.2,146.0,1.6,0.3,82.0
"Biratnagar, Nepal",BIR_UH_2023-03-16-12.30-2-85.jpg,2023,3,16,12,154,d_Unhealthy,2023-03-16,68.5,98.7,456.0,5.4,8.3,132.0
Mumbai,MH_UnFSG_2023-03-14-13.00-1-1.jpg,2023,3,14,12,138,c_Unhealthy_for_Sensitive_Groups,2023-03-14,160.7,240.3,1639.0,42.4,85.0,345.0
Bengaluru,BENGR_Mod_2023-02-25-08.30-1-261.jpg,2023,2,25,12,73,b_Moderate,2023-02-25,19.2,27.9,256.0,7.8,9.3,142.0
"ITO, Delhi",DEL_SEV_2023-02-20-14.00-1-291.jpg,2023,2,20,12,363,f_Severe,2023-02-20,4.4,7.8,136.0,0.3,0.0,76.0
"New Ind Town, Faridabad",HAR_VUN_2022-10-02-10.00-1-3729.jpg,2022,10,2,12,230,e_Very_Unhealthy,2022-10-02,16.6,23.7,513.0,2.0,1.8,93.0
Tamil Nadu,TN_Good_2023-02-23-08.30-1-91.jpg,2023,2,23,12,43,a_Good,2023-02-23,2.9,4.1,131.0,0.9,1.6,95.0
"Biratnagar, Nepal",BIR_UNH_VF_2023-02-02- 15.00-3-32.jpg,2023,2,2,12,156,d_Unhealthy,2023-02-02,57.2,81.7,581.0,12.1,8.5,98.0
"New Ind Town, Faridabad",HAR_VUN_2022-10-02-10.00-1-4233.jpg,2022,10,2,12,230,e_Very_Unhealthy,2022-10-02,16.6,23.7,513.0,2.0,1.8,93.0
Mumbai,MH_UH_2023-02-18-11.00-1-35.jpg,2023,2,18,12,151,d_Unhealthy,2023-02-18,100.4,145.8,792.0,40.1,53.4,275.0
Mumbai,MH_Good_2023-03-22-11.00-1-29.jpg,2023,3,22,12,49,a_Good,2023-03-22,16.2,31.8,249.0,15.6,16.8,76.0
Bengaluru,BENGR_UnFSG_2023-03-08-08.30-1-26.jpg,2023,3,8,12,106,c_Unhealthy_for_Sensitive_Groups,2023-03-08,16.9,24.7,244.0,5.9,5.7,120.0
"Knowledge park, Greater Noida",UP_SEV_2023-02-20-08.30-1-61.jpg,2023,2,20,12,331,f_Severe,2023-02-20,26.1,49.7,219.0,20.0,5.1,100.0
Mumbai,MH_UN_2023-03-12-13.00-1-253.jpg,2023,3,12,12,156,d_Unhealthy,2023-03-12,240.3,345.5,1730.0,61.2,111.6,478.0
Mumbai,MH_UH_2023-02-03- 09.30-1-19.jpg,2023,2,3,12,162,d_Unhealthy,2023-02-03,121.1,177.4,813.0,48.2,60.2,256.0
"ITO, Delhi",DEL_VUnH_2023-02-16-14.00-2-19.jpg,2023,2,16,12,268,e_Very_Unhealthy,2023-02-16,2.0,3.3,115.0,0.6,0.0,52.0
"Knowledge park, Greater Noida",UP_SEV_2023-02-18-11.00-1-43.jpg,2023,2,18,12,320,f_Severe,2023-02-18,24.9,48.1,246.0,27.6,8.9,84.0
Tamil Nadu,TN_UN_2023-03-11-08.00-1-206.jpg,2023,3,11,12,152,d_Unhealthy,2023-03-11,4.6,7.8,155.0,2.7,0.9,90.0
"ITO, Delhi",DEL_VUnH_2023-02-16-17.00-1-129.jpg,2023,2,16,12,293,e_Very_Unhealthy,2023-02-16,2.0,3.3,115.0,0.6,0.0,52.0
Mumbai,MH_UnFSG_2023-03-10-16.00-1-131.jpg,2023,3,10,12,141,c_Unhealthy_for_Sensitive_Groups,2023-03-10,51.1,75.7,577.0,42.8,39.8,185.0
"Knowledge park, Greater Noida",UP_VUN_2023-03-02-09.00-1-437.jpg,2023,3,2,12,223,e_Very_Unhealthy,2023-03-02,20.5,48.2,338.0,56.9,14.0,72.0
"Biratnagar, Nepal",BIR_UNH_VF_2023-02-02- 12.00-2-37.jpg,2023,2,2,12,158,d_Unhealthy,2023-02-02,57.2,81.7,581.0,12.1,8.5,98.0
"Knowledge park, Greater Noida",UP_UN_2023-03-01-08.30-1-453.jpg,2023,3,1,12,199,d_Unhealthy,2023-03-01,21.1,47.7,354.0,67.2,13.3,48.0
"New Ind Town, Faridabad",HAR_VUN_2022-10-02-10.00-1-3825.jpg,2022,10,2,12,230,e_Very_Unhealthy,2022-10-02,16.6,23.7,513.0,2.0,1.8,93.0
Bengaluru,BENGR_Mod_2023-02-25-08.30-1-281.jpg,2023,2,25,12,73,b_Moderate,2023-02-25,19.2,27.9,256.0,7.8,9.3,142.0
Bengaluru,BENGR_Good_2023-03-25-08.30-1-62.jpg,2023,3,25,12,32,a_Good,2023-03-25,26.6,39.9,248.0,8.4,5.4,133.0
"ITO, Delhi",DEL_UnH_2023-02-15-11.30-1-50.jpg,2023,2,15,12,179,d_Unhealthy,2023-02-15,2.5,3.7,124.0,1.0,0.0,54.0
Mumbai,MH_UN_2023-03-12-13.00-1-337.jpg,2023,3,12,12,156,d_Unhealthy,2023-03-12,240.3,345.5,1730.0,61.2,111.6,478.0
Bengaluru,BENGR_Mod_2023-03-09-08.30-1-426.jpg,2023,3,9,12,51,b_Moderate,2023-03-09,32.7,47.8,341.0,6.8,6.3,123.0
Mumbai,MH_UH_2023-02-19-12.00-1-29.jpg,2023,2,19,12,160,d_Unhealthy,2023-02-19,143.0,205.8,1159.0,48.0,73.1,327.0
Mumbai,MH_UnFSG_2023-03-18-11.00-1-288.jpg,2023,3,18,12,114,c_Unhealthy_for_Sensitive_Groups,2023-03-18,59.0,94.8,678.0,39.3,48.8,177.0
Bengaluru,BENGR_UHFSG_2023-02-09-08.30-1-1.jpg,2023,2,9,12,103,c_Unhealthy_for_Sensitive_Groups,2023-02-09,28.2,41.3,282.0,10.7,8.9,132.0
Bengaluru,BENGR_UHFSG_2023-02-05-08.30-1-40.jpg,2023,2,3,12,111,c_Unhealthy_for_Sensitive_Groups,2023-02-03,19.7,31.1,321.0,13.6,3.8,86.0
"Knowledge park, Greater Noida",UP_UN_2023-03-01-08.30-1-197.jpg,2023,3,1,12,199,d_Unhealthy,2023-03-01,21.1,47.7,354.0,67.2,13.3,48.0
"ITO, Delhi",DEL_SEV_2023-02-22-14.00-2-211.jpg,2023,2,22,12,450,f_Severe,2023-02-22,2.4,4.2,128.0,0.1,0.0,83.0
Bengaluru,BENGR_Mod_2023-03-04-08.30-1-91.jpg,2023,3,4,12,71,b_Moderate,2023-03-04,17.8,26.3,251.0,6.2,6.9,118.0
"Knowledge park, Greater Noida",UP_VUN_2023-03-02-09.00-1-45.jpg,2023,3,2,12,223,e_Very_Unhealthy,2023-03-02,20.5,48.2,338.0,56.9,14.0,72.0
"Knowledge park, Greater Noida",UP_UHFSG_2023-02-24-08.30-1-193.jpg,2023,2,24,12,141,c_Unhealthy_for_Sensitive_Groups,2023-02-24,132.7,224.4,1109.0,243.3,40.8,181.0
"Knowledge park, Greater Noida",UP_UHFSG_2023-02-24-08.30-1-261.jpg,2023,2,24,12,141,c_Unhealthy_for_Sensitive_Groups,2023-02-24,132.7,224.4,1109.0,243.3,40.8,181.0
Tamil Nadu,TN_UN_2023-03-06-09.00-1-101.jpg,2023,3,6,12,161,d_Unhealthy,2023-03-06,15.6,22.5,298.0,24.2,0.8,36.0
"Knowledge park, Greater Noida",UP_UHFSG_2023-03-06-11.30-1-473.jpg,2023,3,6,12,104,c_Unhealthy_for_Sensitive_Groups,2023-03-06,57.3,103.8,710.0,101.0,20.8,124.0
Tamil Nadu,TN_Good_2023-02-20-16.30-1-196.jpg,2023,2,20,12,43,a_Good,2023-02-20,2.1,3.0,150.0,2.1,0.4,78.0
Tamil Nadu,TN_UHFSG_2023-02-10-08.30-1-41.jpg,2023,2,10,12,105,c_Unhealthy_for_Sensitive_Groups,2023-02-10,3.4,5.3,152.0,3.8,0.5,78.0
"ITO, Delhi",DEL_SEV_2023-02-20-14.00-2-116.jpg,2023,2,20,12,363,f_Severe,2023-02-20,4.4,7.8,136.0,0.3,0.0,76.0
"Dimapur, Nagaland",Dimapur_UHFSG_2023-02-02- 09.00-3-38.jpg,2023,2,2,12,103,c_Unhealthy_for_Sensitive_Groups,2023-02-02,39.6,56.9,296.0,6.5,2.7,107.0
Mumbai,MH_UnFSG_2023-03-14-13.00-1-283.jpg,2023,3,14,12,138,c_Unhealthy_for_Sensitive_Groups,2023-03-14,160.7,240.3,1639.0,42.4,85.0,345.0
Bengaluru,BENGR_Mod_2023-02-21-08.30-1-136.jpg,2023,2,21,12,56,b_Moderate,2023-02-21,26.0,37.8,303.0,8.9,11.2,152.0
"ITO, Delhi",DEL_VUnH_2023-02-04-17.00-5.jpg,2023,2,4,12,281,e_Very_Unhealthy,2023-02-04,2.8,4.9,89.0,0.2,0.1,62.0
Tamil Nadu,TN_Good_2023-02-21-08.30-1-86.jpg,2023,2,21,12,29,a_Good,2023-02-21,2.1,3.2,146.0,1.6,0.3,82.0
"Dimapur, Nagaland",Dimapur_UHFSG_2023-02-02- 09.00-1-19.jpg,2023,2,2,12,103,c_Unhealthy_for_Sensitive_Groups,2023-02-02,39.6,56.9,296.0,6.5,2.7,107.0
"ITO, Delhi",DEL_SEV_2023-02-07-14.00-1-81.jpg,2023,2,7,12,449,f_Severe,2023-02-07,3.0,5.3,89.0,0.3,0.1,54.0
Tamil Nadu,TN_Good_2023-02-23-08.30-2-11.jpg,2023,2,23,12,43,a_Good,2023-02-23,2.9,4.1,131.0,0.9,1.6,95.0
"New Ind Town, Faridabad",HAR_VUN_2022-10-02-10.00-1-2449.jpg,2022,10,2,12,230,e_Very_Unhealthy,2022-10-02,16.6,23.7,513.0,2.0,1.8,93.0
"ITO, Delhi",DEL_VUH_2023-02-04-17.00-2-90.jpg,2023,2,4,12,281,e_Very_Unhealthy,2023-02-04,2.8,4.9,89.0,0.2,0.1,62.0
Tamil Nadu,TN_Good_2023-02-23-08.30-2-141.jpg,2023,2,23,12,43,a_Good,2023-02-23,2.9,4.1,131.0,0.9,1.6,95.0
"ITO, Delhi",DEL_VUnH_2023-02-16-14.30-1-62.jpg,2023,2,16,12,245,e_Very_Unhealthy,2023-02-16,2.0,3.3,115.0,0.6,0.0,52.0
Mumbai,MH_UnFSG_2023-02-17-19.00-2-39.jpg,2023,2,17,12,145,c_Unhealthy_for_Sensitive_Groups,2023-02-17,64.3,96.9,620.0,42.0,43.7,225.0
"Knowledge park, Greater Noida",UP_UHFSG_2023-02-24-08.30-2.jpg,2023,2,24,12,141,c_Unhealthy_for_Sensitive_Groups,2023-02-24,132.7,224.4,1109.0,243.3,40.8,181.0
"Knowledge park, Greater Noida",UP_VUN_2023-02-27-10.30-1-165.jpg,2023,2,27,12,299,e_Very_Unhealthy,2023-02-27,44.7,71.7,613.0,101.2,20.5,98.0
"Biratnagar, Nepal",BIR_UNH_VF_2023-02-02- 15.00-4-29.jpg,2023,2,2,12,156,d_Unhealthy,2023-02-02,57.2,81.7,581.0,12.1,8.5,98.0
"Biratnagar, Nepal",BIR_UNH_VF_2023-02-02- 12.00-1-98.jpg,2023,2,2,12,158,d_Unhealthy,2023-02-02,57.2,81.7,581.0,12.1,8.5,98.0
"New Ind Town, Faridabad",HAR_VUN_2022-10-02-10.00-1-2145.jpg,2022,10,2,12,230,e_Very_Unhealthy,2022-10-02,16.6,23.7,513.0,2.0,1.8,93.0
Mumbai,MH_UnFSG_2023-02-17-13.00-2-52.jpg,2023,2,17,12,140,c_Unhealthy_for_Sensitive_Groups,2023-02-17,64.3,96.9,620.0,42.0,43.7,225.0
Mumbai,MH_UN_2023-03-02-08.00-1-56.jpg,2023,3,2,12,156,d_Unhealthy,2023-03-02,165.8,246.8,1018.0,45.0,70.9,342.0
Bengaluru,BENGR_Mod_2023-03-01-08.30-1-366.jpg,2023,3,1,12,70,b_Moderate,2023-03-01,17.0,25.4,362.0,6.3,6.0,122.0
Mumbai,MH_UnFSG_2023-03-14-13.00-2.jpg,2023,3,14,12,138,c_Unhealthy_for_Sensitive_Groups,2023-03-14,160.7,240.3,1639.0,42.4,85.0,345.0
"Biratnagar, Nepal",BIR_UFSG_2023-02-14- 14.30-3-62.jpg,2023,2,14,12,101,c_Unhealthy_for_Sensitive_Groups,2023-02-14,43.3,62.6,471.0,15.4,7.5,101.0
"Biratnagar, Nepal",BIR_MOD_2023-02-13-09.30-4-7.jpg,2023,2,13,12,91,b_Moderate,2023-02-13,40.7,59.3,429.0,13.7,9.2,101.0
"ITO, Delhi",DEL_VUnH_2023-02-16-17.00-1-86.jpg,2023,2,16,12,293,e_Very_Unhealthy,2023-02-16,2.0,3.3,115.0,0.6,0.0,52.0
Bengaluru,BENGR_UnFSG_2023-03-08-08.30-1-286.jpg,2023,3,8,12,106,c_Unhealthy_for_Sensitive_Groups,2023-03-08,16.9,24.7,244.0,5.9,5.7,120.0
Bengaluru,BENGR_Mod_2023-02-25-08.30-1-581.jpg,2023,2,25,12,73,b_Moderate,2023-02-25,19.2,27.9,256.0,7.8,9.3,142.0
"Biratnagar, Nepal",BIR_UFSG_2023-02-14- 14.30-3-83.jpg,2023,2,14,12,101,c_Unhealthy_for_Sensitive_Groups,2023-02-14,43.3,62.6,471.0,15.4,7.5,101.0
Tamil Nadu,TN_UnFSG_2023-03-01-08.30-1-1.jpg,2023,3,1,12,111,c_Unhealthy_for_Sensitive_Groups,2023-03-01,11.3,16.5,244.0,12.0,2.9,66.0
"New Ind Town, Faridabad",HAR_VUN_2022-10-02-10.00-1-1521.jpg,2022,10,2,12,230,e_Very_Unhealthy,2022-10-02,16.6,23.7,513.0,2.0,1.8,93.0
"Biratnagar, Nepal",BIR_UNH_VF_2023-02-02- 1700-2-47.jpg,2023,2,2,12,156,d_Unhealthy,2023-02-02,57.2,81.7,581.0,12.1,8.5,98.0
Mumbai,MH_UnFSG_2023-02-15-10.30-1-67.jpg,2023,2,15,12,143,c_Unhealthy_for_Sensitive_Groups,2023-02-15,82.2,119.0,737.0,40.3,51.8,253.0
Mumbai,MH_UnFSG_2023-03-14-13.00-1-109.jpg,2023,3,14,12,138,c_Unhealthy_for_Sensitive_Groups,2023-03-14,160.7,240.3,1639.0,42.4,85.0,345.0
"New Ind Town, Faridabad",HAR_VUN_2022-10-02-10.00-1-4209.jpg,2022,10,2,12,230,e_Very_Unhealthy,2022-10-02,16.6,23.7,513.0,2.0,1.8,93.0
"ITO, Delhi",DEL_VUnH_2023-02-16-14.30-1-28.jpg,2023,2,16,12,245,e_Very_Unhealthy,2023-02-16,2.0,3.3,115.0,0.6,0.0,52.0
"ITO, Delhi",DL_VUNH_2023-02-04-17.00-1-33.jpg,2023,2,4,12,281,e_Very_Unhealthy,2023-02-04,2.8,4.9,89.0,0.2,0.1,62.0
"Biratnagar, Nepal",BIR_UH_2023-03-16-12.30-14.jpg,2023,3,16,12,154,d_Unhealthy,2023-03-16,68.5,98.7,456.0,5.4,8.3,132.0
"ITO, Delhi",DEL_SEV_2023-02-17-13.00-1-78.jpg,2023,2,17,12,372,f_Severe,2023-02-17,0.2,0.3,91.0,0.1,0.0,49.0
"Dimapur, Nagaland",Dimapur_MOD_2023-02-10-08.30-2-77.jpg,2023,2,10,12,63,b_Moderate,2023-02-10,95.7,140.2,322.0,4.6,4.8,113.0
"ITO, Delhi",DEL_SEV_2023-02-07-14.00-1-18.jpg,2023,2,7,12,449,f_Severe,2023-02-07,3.0,5.3,89.0,0.3,0.1,54.0
"Knowledge park, Greater Noida",UP_VUN_2023-02-27-10.30-1-45.jpg,2023,2,27,12,299,e_Very_Unhealthy,2023-02-27,44.7,71.7,613.0,101.2,20.5,98.0
Tamil Nadu,TN_Good_2023-02-21-08.30-1-31.jpg,2023,2,21,12,29,a_Good,2023-02-21,2.1,3.2,146.0,1.6,0.3,82.0
Tamil Nadu,TN_UN_2023-03-06-09.00-1-201.jpg,2023,3,6,12,161,d_Unhealthy,2023-03-06,15.6,22.5,298.0,24.2,0.8,36.0
Mumbai,MH_UnFSG_2023-03-10-16.00-1-71.jpg,2023,3,10,12,141,c_Unhealthy_for_Sensitive_Groups,2023-03-10,51.1,75.7,577.0,42.8,39.8,185.0
"Biratnagar, Nepal",BIR_UNH_VF_2023-02-02- 12.00-2-86.jpg,2023,2,2,12,158,d_Unhealthy,2023-02-02,57.2,81.7,581.0,12.1,8.5,98.0
Mumbai,MH_UN_2023-03-02-08.00-1-286.jpg,2023,3,2,12,156,d_Unhealthy,2023-03-02,165.8,246.8,1018.0,45.0,70.9,342.0
Mumbai,MH_VUN_2023-03-05-08.30-2-311.jpg,2023,3,5,12,284,e_Very_Unhealthy,2023-03-05,278.5,401.4,1413.0,23.7,39.9,325.0
"Knowledge park, Greater Noida",UP_UN_2023-03-01-08.30-1-377.jpg,2023,3,1,12,199,d_Unhealthy,2023-03-01,21.1,47.7,354.0,67.2,13.3,48.0
"Biratnagar, Nepal",BIR_UNH_VF_2023-02-03- 10.00-2-38.jpg,2023,2,3,12,163,d_Unhealthy,2023-02-03,69.8,99.7,581.0,11.6,6.8,112.0
Bengaluru,BENGR_Mod_2023-03-06-08.30-1-461.jpg,2023,3,6,12,68,b_Moderate,2023-03-06,12.6,18.6,218.0,6.5,8.2,129.0
"ITO, Delhi",DEL_SEV_2023-02-17-13.00-1-3.jpg,2023,2,17,12,372,f_Severe,2023-02-17,0.2,0.3,91.0,0.1,0.0,49.0
Bengaluru,BENGR_Mod_2023-03-09-08.30-1-486.jpg,2023,3,9,12,51,b_Moderate,2023-03-09,32.7,47.8,341.0,6.8,6.3,123.0
Mumbai,MH_UH_2023-02-03- 09.30-1-17.jpg,2023,2,3,12,162,d_Unhealthy,2023-02-03,121.1,177.4,813.0,48.2,60.2,256.0
Bengaluru,BENGR_Mod_2023-03-04-08.30-1-326.jpg,2023,3,4,12,71,b_Moderate,2023-03-04,17.8,26.3,251.0,6.2,6.9,118.0
"Biratnagar, Nepal",BIR_UNFSG_VF_2023-02-03-15.00-1-44.jpg,2023,2,3,12,141,c_Unhealthy_for_Sensitive_Groups,2023-02-03,69.8,99.7,581.0,11.6,6.8,112.0
"ITO, Delhi",DEL_UnH_2023-02-15-11.30-1-49.jpg,2023,2,15,12,179,d_Unhealthy,2023-02-15,2.5,3.7,124.0,1.0,0.0,54.0
Bengaluru,BENGR_Mod_2023-02-23-08.30-1-66.jpg,2023,2,23,12,97,b_Moderate,2023-02-23,18.2,26.4,272.0,8.0,8.1,126.0
"Knowledge park, Greater Noida",UP_UN_2023-03-01-08.30-1-149.jpg,2023,3,1,12,199,d_Unhealthy,2023-03-01,21.1,47.7,354.0,67.2,13.3,48.0
"New Ind Town, Faridabad",HAR_VUN_2022-10-02-10.00-1-3249.jpg,2022,10,2,12,230,e_Very_Unhealthy,2022-10-02,16.6,23.7,513.0,2.0,1.8,93.0
"ITO, Delhi",DEL_VUH_2023-02-04-17.00-2-1.jpg,2023,2,4,12,281,e_Very_Unhealthy,2023-02-04,2.8,4.9,89.0,0.2,0.1,62.0
"Biratnagar, Nepal",BIR_MOD_2023-02-13-09.30-2-39.jpg,2023,2,13,12,91,b_Moderate,2023-02-13,40.7,59.3,429.0,13.7,9.2,101.0
"ITO, Delhi",DEL_VUH_2023-02-04-17.00-2-82.jpg,2023,2,4,12,281,e_Very_Unhealthy,2023-02-04,2.8,4.9,89.0,0.2,0.1,62.0
"ITO, Delhi",DEL_SEV_2023-02-20-14.00-2-361.jpg,2023,2,20,12,363,f_Severe,2023-02-20,4.4,7.8,136.0,0.3,0.0,76.0
"Knowledge park, Greater Noida",UP_VUN_2023-02-27-10.30-6.jpg,2023,2,27,12,299,e_Very_Unhealthy,2023-02-27,44.7,71.7,613.0,101.2,20.5,98.0
Bengaluru,BENGR_Mod_2023-02-23-08.30-1-156.jpg,2023,2,23,12,97,b_Moderate,2023-02-23,18.2,26.4,272.0,8.0,8.1,126.0
Tamil Nadu,TN_UHFSG_2023-02-10-08.30-1-27.jpg,2023,2,10,12,105,c_Unhealthy_for_Sensitive_Groups,2023-02-10,3.4,5.3,152.0,3.8,0.5,78.0
"ITO, Delhi",DEL_SEV_2023-02-16-18.00-2-50.jpg,2023,2,16,12,330,f_Severe,2023-02-16,2.0,3.3,115.0,0.6,0.0,52.0
"ITO, Delhi",DEL_SEV_2023-02-07-14.00-1-8.jpg,2023,2,7,12,449,f_Severe,2023-02-07,3.0,5.3,89.0,0.3,0.1,54.0
Bengaluru,BENGR_Good_2023-02-26-08.30-1-361.jpg,2023,2,26,12,48,a_Good,2023-02-26,24.5,35.4,262.0,6.6,12.6,156.0
"Knowledge park, Greater Noida",UP_VUN_2023-03-02-09.00-1-261.jpg,2023,3,2,12,223,e_Very_Unhealthy,2023-03-02,20.5,48.2,338.0,56.9,14.0,72.0
Mumbai,MH_UnFSG_2023-03-10-16.00-1-331.jpg,2023,3,10,12,141,c_Unhealthy_for_Sensitive_Groups,2023-03-10,51.1,75.7,577.0,42.8,39.8,185.0
Tamil Nadu,TN_UHFSG_2023-02-02- 09.00-2-5.jpg,2023,2,2,12,107,c_Unhealthy_for_Sensitive_Groups,2023-02-02,23.7,34.2,540.0,59.0,1.5,15.0
Mumbai,MH_UnFSG_2023-02-15-10.30-1-43.jpg,2023,2,15,12,143,c_Unhealthy_for_Sensitive_Groups,2023-02-15,82.2,119.0,737.0,40.3,51.8,253.0
"ITO, Delhi",DEL_VUH_2023-02-04-17.00-2-30.jpg,2023,2,4,12,281,e_Very_Unhealthy,2023-02-04,2.8,4.9,89.0,0.2,0.1,62.0
"ITO, Delhi",DEL_SEV_2023-02-16-18.00-2-49.jpg,2023,2,16,12,330,f_Severe,2023-02-16,2.0,3.3,115.0,0.6,0.0,52.0
"ITO, Delhi",DEL_SEV_2023-02-20-14.00-1-456.jpg,2023,2,20,12,363,f_Severe,2023-02-20,4.4,7.8,136.0,0.3,0.0,76.0
Mumbai,MH_Mod_2023-03-21-15.00-10.jpg,2023,3,21,12,92,b_Moderate,2023-03-21,15.9,32.0,246.0,16.3,15.8,72.0
"Knowledge park, Greater Noida",UP_UHFSG_2023-02-08-08.30-1-113.jpg,2023,2,8,12,133,c_Unhealthy_for_Sensitive_Groups,2023-02-08,53.7,112.2,526.0,86.8,19.1,87.0
"Biratnagar, Nepal",BRI_Un_2023-02-02- 15.00-6.jpg,2023,2,2,12,156,d_Unhealthy,2023-02-02,57.2,81.7,581.0,12.1,8.5,98.0
"Knowledge park, Greater Noida",UP_SEV_2023-02-20-08.30-1-47.jpg,2023,2,20,12,331,f_Severe,2023-02-20,26.1,49.7,219.0,20.0,5.1,100.0
"Biratnagar, Nepal",BIR_UNFSG_VF_2023-02-03-16.00-3-41.jpg,2023,2,3,12,141,c_Unhealthy_for_Sensitive_Groups,2023-02-03,69.8,99.7,581.0,11.6,6.8,112.0
"ITO, Delhi",DEL_VUnH_2023-02-16-17.00-1-114.jpg,2023,2,16,12,293,e_Very_Unhealthy,2023-02-16,2.0,3.3,115.0,0.6,0.0,52.0
"Knowledge park, Greater Noida",UP_VUN_2023-03-02-09.00-1-585.jpg,2023,3,2,12,223,e_Very_Unhealthy,2023-03-02,20.5,48.2,338.0,56.9,14.0,72.0
"ITO, Delhi",DEL_VUnH_2023-02-16-14.30-1-271.jpg,2023,2,16,12,245,e_Very_Unhealthy,2023-02-16,2.0,3.3,115.0,0.6,0.0,52.0
"Knowledge park, Greater Noida",UP_VUN_2023-02-27-10.30-1-297.jpg,2023,2,27,12,299,e_Very_Unhealthy,2023-02-27,44.7,71.7,613.0,101.2,20.5,98.0
"Biratnagar, Nepal",BIR_UNH_VF_2023-02-03- 10.00-3-10.jpg,2023,2,3,12,163,d_Unhealthy,2023-02-03,69.8,99.7,581.0,11.6,6.8,112.0
Mumbai,MH_UnFSG_2023-02-23-11.00-1-126.jpg,2023,2,23,12,130,c_Unhealthy_for_Sensitive_Groups,2023-02-23,70.5,109.9,662.0,40.6,61.8,226.0
Tamil Nadu,TN_Good_2023-02-27-16.30-1-66.jpg,2023,2,27,12,43,a_Good,2023-02-27,5.9,9.2,177.0,7.1,1.1,74.0
Bengaluru,BENGR_Mod_2023-02-25-08.30-1-346.jpg,2023,2,25,12,73,b_Moderate,2023-02-25,19.2,27.9,256.0,7.8,9.3,142.0
Mumbai,MH_Good_2023-03-22-18.00-1-85.jpg,2023,3,22,12,47,a_Good,2023-03-22,16.2,31.8,249.0,15.6,16.8,76.0
Mumbai,MH_UH_2023-02-03- 09.30-1-57.jpg,2023,2,3,12,162,d_Unhealthy,2023-02-03,121.1,177.4,813.0,48.2,60.2,256.0
"Knowledge park, Greater Noida",UP_UHFSG_2023-02-08-08.30-1-6.jpg,2023,2,8,12,133,c_Unhealthy_for_Sensitive_Groups,2023-02-08,53.7,112.2,526.0,86.8,19.1,87.0
Tamil Nadu,TN_Good_2023-02-20-16.30-2-141.jpg,2023,2,20,12,43,a_Good,2023-02-20,2.1,3.0,150.0,2.1,0.4,78.0
"Biratnagar, Nepal",BIR_UNH_VF_2023-02-02- 1700-3-69.jpg,2023,2,2,12,156,d_Unhealthy,2023-02-02,57.2,81.7,581.0,12.1,8.5,98.0
Tamil Nadu,TN_UN_2023-03-11-08.00-1-111.jpg,2023,3,11,12,152,d_Unhealthy,2023-03-11,4.6,7.8,155.0,2.7,0.9,90.0
Mumbai,MH_VUN_2023-02-24-15.00-1-211.jpg,2023,2,24,12,202,e_Very_Unhealthy,2023-02-24,73.3,112.7,633.0,41.2,49.7,231.0
"Biratnagar, Nepal",BIR_UNH_VF_2023-02-02- 12.00-3-56.jpg,2023,2,2,12,158,d_Unhealthy,2023-02-02,57.2,81.7,581.0,12.1,8.5,98.0
Bengaluru,BENGR_UHFSG_2023-02-03-08.30-1-10.jpg,2023,2,3,12,136,c_Unhealthy_for_Sensitive_Groups,2023-02-03,19.7,31.1,321.0,13.6,3.8,86.0
"ITO, Delhi",DEL_SEV_2023-02-17-13.00-1-1.jpg,2023,2,17,12,372,f_Severe,2023-02-17,0.2,0.3,91.0,0.1,0.0,49.0
"Knowledge park, Greater Noida",UP_SEV_2023-02-18-14.30-1-98.jpg,2023,2,18,12,331,f_Severe,2023-02-18,24.9,48.1,246.0,27.6,8.9,84.0
Mumbai,MH_UH_2023-02-03- 09.30-1-60.jpg,2023,2,3,12,162,d_Unhealthy,2023-02-03,121.1,177.4,813.0,48.2,60.2,256.0
Bengaluru,BENGR_Good_2023-02-19-08.30-1-15.jpg,2023,2,19,12,41,a_Good,2023-02-19,14.6,21.7,286.0,7.9,10.9,146.0
Mumbai,MH_VUN_2023-02-25-10.00-1-246.jpg,2023,2,25,12,206,e_Very_Unhealthy,2023-02-25,64.3,98.3,654.0,37.4,50.9,173.0
"Dimapur, Nagaland",Dimapur_UHFSG_2023-02-02- 09.00-2-6.jpg,2023,2,2,12,103,c_Unhealthy_for_Sensitive_Groups,2023-02-02,39.6,56.9,296.0,6.5,2.7,107.0
Bengaluru,BENGR_UHFSG_2023-02-03-08.30-1-3.jpg,2023,2,3,12,136,c_Unhealthy_for_Sensitive_Groups,2023-02-03,19.7,31.1,321.0,13.6,3.8,86.0
"Biratnagar, Nepal",BRI_Un_2023-02-02- 12.00-1.jpg,2023,2,2,12,158,d_Unhealthy,2023-02-02,57.2,81.7,581.0,12.1,8.5,98.0
"Biratnagar, Nepal",BIR_UH_2023-03-16-12.30-4-204.jpg,2023,3,16,12,154,d_Unhealthy,2023-03-16,68.5,98.7,456.0,5.4,8.3,132.0
"ITO, Delhi",DEL_SEV_2023-02-17-13.00-1-57.jpg,2023,2,17,12,372,f_Severe,2023-02-17,0.2,0.3,91.0,0.1,0.0,49.0
Mumbai,MH_UnFSG_2023-02-17-13.00-2-77.jpg,2023,2,17,12,140,c_Unhealthy_for_Sensitive_Groups,2023-02-17,64.3,96.9,620.0,42.0,43.7,225.0
"New Ind Town, Faridabad",HAR_VUN_2022-10-02-10.00-1-2537.jpg,2022,10,2,12,230,e_Very_Unhealthy,2022-10-02,16.6,23.7,513.0,2.0,1.8,93.0
"Biratnagar, Nepal",BIR_UNFSG_VF_2023-02-03-15.00-3-18.jpg,2023,2,3,12,141,c_Unhealthy_for_Sensitive_Groups,2023-02-03,69.8,99.7,581.0,11.6,6.8,112.0
Tamil Nadu,TN_UnFSG_2023-03-02-08.30-2-1.jpg,2023,3,2,12,119,c_Unhealthy_for_Sensitive_Groups,2023-03-02,8.6,16.2,185.0,2.6,1.1,86.0
"ITO, Delhi",DEL_SEV_2023-02-20-14.00-1-536.jpg,2023,2,20,12,363,f_Severe,2023-02-20,4.4,7.8,136.0,0.3,0.0,76.0
Mumbai,MH_UnFSG_2023-03-08-11.00-1-266.jpg,2023,3,8,12,124,c_Unhealthy_for_Sensitive_Groups,2023-03-08,97.1,144.8,836.0,49.2,63.9,264.0
Tamil Nadu,TN_UN_2023-03-06-09.00-2-101.jpg,2023,3,6,12,161,d_Unhealthy,2023-03-06,15.6,22.5,298.0,24.2,0.8,36.0
"Knowledge park, Greater Noida",UP_SEV_2023-02-20-08.30-1-33.jpg,2023,2,20,12,331,f_Severe,2023-02-20,26.1,49.7,219.0,20.0,5.1,100.0
Mumbai,MH_UnFSG_2023-02-15-10.30-1-46.jpg,2023,2,15,12,143,c_Unhealthy_for_Sensitive_Groups,2023-02-15,82.2,119.0,737.0,40.3,51.8,253.0
Bengaluru,BENGR_Mod_2023-02-23-08.30-1-71.jpg,2023,2,23,12,97,b_Moderate,2023-02-23,18.2,26.4,272.0,8.0,8.1,126.0
"Biratnagar, Nepal",BIR_MOD_2023-02-13-09.30-1-10.jpg,2023,2,13,12,91,b_Moderate,2023-02-13,40.7,59.3,429.0,13.7,9.2,101.0
Bengaluru,BENGR_Mod_2023-02-24-08.30-1-161.jpg,2023,2,24,12,68,b_Moderate,2023-02-24,11.3,16.6,250.0,9.2,10.1,126.0
"Knowledge park, Greater Noida",UP_UN_2023-03-01-08.30-1-417.jpg,2023,3,1,12,199,d_Unhealthy,2023-03-01,21.1,47.7,354.0,67.2,13.3,48.0
Tamil Nadu,TN_Good_2023-02-27-16.30-1-16.jpg,2023,2,27,12,43,a_Good,2023-02-27,5.9,9.2,177.0,7.1,1.1,74.0
Tamil Nadu,TN_UnFSG_2023-03-01-08.30-1-76.jpg,2023,3,1,12,111,c_Unhealthy_for_Sensitive_Groups,2023-03-01,11.3,16.5,244.0,12.0,2.9,66.0
Mumbai,MH_UH_2023-02-19-12.00-1-67.jpg,2023,2,19,12,160,d_Unhealthy,2023-02-19,143.0,205.8,1159.0,48.0,73.1,327.0
Tamil Nadu,TN_UnFSG_2023-03-03-09.00-2-276.jpg,2023,3,3,12,121,c_Unhealthy_for_Sensitive_Groups,2023-03-03,5.2,9.4,154.0,1.6,1.3,86.0
Bengaluru,BENGR_Good_2023-03-25-08.30-1-1.jpg,2023,3,25,12,32,a_Good,2023-03-25,26.6,39.9,248.0,8.4,5.4,133.0
"Biratnagar, Nepal",BIR_UNH_VF_2023-02-03- 10.00-1-3.jpg,2023,2,3,12,163,d_Unhealthy,2023-02-03,69.8,99.7,581.0,11.6,6.8,112.0
Tamil Nadu,TN_UN_2023-03-06-09.00-1-286.jpg,2023,3,6,12,161,d_Unhealthy,2023-03-06,15.6,22.5,298.0,24.2,0.8,36.0
"Knowledge park, Greater Noida",UP_UHFSG_2023-03-06-11.30-1-145.jpg,2023,3,6,12,104,c_Unhealthy_for_Sensitive_Groups,2023-03-06,57.3,103.8,710.0,101.0,20.8,124.0
"ITO, Delhi",DEL_SEV_2023-02-20-14.00-3-281.jpg,2023,2,20,12,363,f_Severe,2023-02-20,4.4,7.8,136.0,0.3,0.0,76.0
Bengaluru,BENGR_Good_2023-02-28-08.30-1-6.jpg,2023,2,28,12,37,a_Good,2023-02-28,27.2,39.7,398.0,7.6,7.8,127.0
Mumbai,MH_UH_2023-02-18-11.00-1-42.jpg,2023,2,18,12,151,d_Unhealthy,2023-02-18,100.4,145.8,792.0,40.1,53.4,275.0
"Biratnagar, Nepal",BIR_UNFSG_VF_2023-02-03-15.00-3-29.jpg,2023,2,3,12,141,c_Unhealthy_for_Sensitive_Groups,2023-02-03,69.8,99.7,581.0,11.6,6.8,112.0
"Knowledge park, Greater Noida",UP_VUN_2023-03-02-09.00-1-57.jpg,2023,3,2,12,223,e_Very_Unhealthy,2023-03-02,20.5,48.2,338.0,56.9,14.0,72.0
Tamil Nadu,TN_UnFSG_2023-03-09-09.00-1-81.jpg,2023,3,9,12,134,c_Unhealthy_for_Sensitive_Groups,2023-03-09,10.4,15.2,234.0,12.8,0.9,62.0
"Knowledge park, Greater Noida",UP_UHFSG_2023-03-06-11.30-1-573.jpg,2023,3,6,12,104,c_Unhealthy_for_Sensitive_Groups,2023-03-06,57.3,103.8,710.0,101.0,20.8,124.0
"ITO, Delhi",DEL_VUnH_2023-02-16-14.30-1-189.jpg,2023,2,16,12,245,e_Very_Unhealthy,2023-02-16,2.0,3.3,115.0,0.6,0.0,52.0
Tamil Nadu,TN_Good_2023-02-21-08.30-3-181.jpg,2023,2,21,12,29,a_Good,2023-02-21,2.1,3.2,146.0,1.6,0.3,82.0
"New Ind Town, Faridabad",HAR_VUN_2022-10-02-10.00-1-1305.jpg,2022,10,2,12,230,e_Very_Unhealthy,2022-10-02,16.6,23.7,513.0,2.0,1.8,93.0
"ITO, Delhi",DEL_VUnH_2023-02-16-17.00-2-65.jpg,2023,2,16,12,293,e_Very_Unhealthy,2023-02-16,2.0,3.3,115.0,0.6,0.0,52.0
Mumbai,MH_VUN_2023-02-25-10.00-1-171.jpg,2023,2,25,12,206,e_Very_Unhealthy,2023-02-25,64.3,98.3,654.0,37.4,50.9,173.0
"ITO, Delhi",DEL_VUnH_2023-02-16-17.00-2-47.jpg,2023,2,16,12,293,e_Very_Unhealthy,2023-02-16,2.0,3.3,115.0,0.6,0.0,52.0
"ITO, Delhi",DEL_VUH_2023-02-04-17.00-2-121.jpg,2023,2,4,12,281,e_Very_Unhealthy,2023-02-04,2.8,4.9,89.0,0.2,0.1,62.0
"ITO, Delhi",DEL_UnH_2023-02-15-11.30-2-14.jpg,2023,2,15,12,179,d_Unhealthy,2023-02-15,2.5,3.7,124.0,1.0,0.0,54.0
"New Ind Town, Faridabad",HAR_VUN_2022-10-02-10.00-1-5113.jpg,2022,10,2,12,230,e_Very_Unhealthy,2022-10-02,16.6,23.7,513.0,2.0,1.8,93.0
Mumbai,MH_UN_2023-03-02-08.00-1-146.jpg,2023,3,2,12,156,d_Unhealthy,2023-03-02,165.8,246.8,1018.0,45.0,70.9,342.0
Bengaluru,BENGR_Mod_2023-02-21-08.30-1-586.jpg,2023,2,21,12,56,b_Moderate,2023-02-21,26.0,37.8,303.0,8.9,11.2,152.0
Mumbai,MH_UN_2023-03-12-13.00-1-274.jpg,2023,3,12,12,156,d_Unhealthy,2023-03-12,240.3,345.5,1730.0,61.2,111.6,478.0
"Biratnagar, Nepal",BIR_UNFSG_VF_2023-02-03-15.00-2-21.jpg,2023,2,3,12,141,c_Unhealthy_for_Sensitive_Groups,2023-02-03,69.8,99.7,581.0,11.6,6.8,112.0
Bengaluru,BENGR_Mod_2023-02-23-08.30-1-106.jpg,2023,2,23,12,97,b_Moderate,2023-02-23,18.2,26.4,272.0,8.0,8.1,126.0
"ITO, Delhi",DEL_VUH_2023-02-04-17.00-2-101.jpg,2023,2,4,12,281,e_Very_Unhealthy,2023-02-04,2.8,4.9,89.0,0.2,0.1,62.0
"Knowledge park, Greater Noida",UP_SEV_2023-02-20-08.30-1-18.jpg,2023,2,20,12,331,f_Severe,2023-02-20,26.1,49.7,219.0,20.0,5.1,100.0
Bengaluru,BENGR_Mod_2023-02-25-08.30-1-186.jpg,2023,2,25,12,73,b_Moderate,2023-02-25,19.2,27.9,256.0,7.8,9.3,142.0
"New Ind Town, Faridabad",HAR_VUN_2022-10-02-10.00-1-2177.jpg,2022,10,2,12,230,e_Very_Unhealthy,2022-10-02,16.6,23.7,513.0,2.0,1.8,93.0
Tamil Nadu,TN_UnFSG_2023-03-02-08.30-2-26.jpg,2023,3,2,12,119,c_Unhealthy_for_Sensitive_Groups,2023-03-02,8.6,16.2,185.0,2.6,1.1,86.0
Tamil Nadu,TN_Good_2023-02-27-16.30-2-26.jpg,2023,2,27,12,43,a_Good,2023-02-27,5.9,9.2,177.0,7.1,1.1,74.0
"Knowledge park, Greater Noida",UP_VUN_2023-03-02-09.00-1-669.jpg,2023,3,2,12,223,e_Very_Unhealthy,2023-03-02,20.5,48.2,338.0,56.9,14.0,72.0
Mumbai,MH_UnFSG_2023-02-17-13.00-2-38.jpg,2023,2,17,12,140,c_Unhealthy_for_Sensitive_Groups,2023-02-17,64.3,96.9,620.0,42.0,43.7,225.0
"Knowledge park, Greater Noida",UP_UHFSG_2023-03-06-11.30-1-13.jpg,2023,3,6,12,104,c_Unhealthy_for_Sensitive_Groups,2023-03-06,57.3,103.8,710.0,101.0,20.8,124.0
Mumbai,MH_UnFSG_2023-03-18-11.00-1-99.jpg,2023,3,18,12,114,c_Unhealthy_for_Sensitive_Groups,2023-03-18,59.0,94.8,678.0,39.3,48.8,177.0
Tamil Nadu,TN_Good_2023-02-23-08.30-1-76.jpg,2023,2,23,12,43,a_Good,2023-02-23,2.9,4.1,131.0,0.9,1.6,95.0
"Biratnagar, Nepal",BRI_Un_2023-02-02-1700-10.jpg,2023,2,2,12,156,d_Unhealthy,2023-02-02,57.2,81.7,581.0,12.1,8.5,98.0
"Biratnagar, Nepal",BIR_UNH_VF_2023-02-03- 10.00-3-49.jpg,2023,2,3,12,163,d_Unhealthy,2023-02-03,69.8,99.7,581.0,11.6,6.8,112.0
Mumbai,MH_UH_2023-02-10-14.30-1-25.jpg,2023,2,10,12,160,d_Unhealthy,2023-02-10,74.7,110.8,581.0,28.9,36.7,198.0
"ITO, Delhi",DEL_UnH_2023-02-15-11.30-1-63.jpg,2023,2,15,12,179,d_Unhealthy,2023-02-15,2.5,3.7,124.0,1.0,0.0,54.0
"ITO, Delhi",DEL_SEV_2023-02-22-14.00-1-21.jpg,2023,2,22,12,450,f_Severe,2023-02-22,2.4,4.2,128.0,0.1,0.0,83.0
Tamil Nadu,TN_Good_2023-02-27-16.30-1-236.jpg,2023,2,27,12,43,a_Good,2023-02-27,5.9,9.2,177.0,7.1,1.1,74.0
Mumbai,MH_UnFSG_2023-03-14-13.00-1-361.jpg,2023,3,14,12,138,c_Unhealthy_for_Sensitive_Groups,2023-03-14,160.7,240.3,1639.0,42.4,85.0,345.0
"Biratnagar, Nepal",BIR_UNH_VF_2023-02-02- 12.00-3-18.jpg,2023,2,2,12,158,d_Unhealthy,2023-02-02,57.2,81.7,581.0,12.1,8.5,98.0
Mumbai,MH_UH_2023-02-14-11.30-1-68.jpg,2023,2,14,12,160,d_Unhealthy,2023-02-14,81.3,119.0,721.0,41.8,52.8,260.0
Tamil Nadu,TN_Good_2023-02-22-09.30-1-56.jpg,2023,2,22,12,36,a_Good,2023-02-22,8.3,12.4,216.0,13.8,2.4,52.0
"Knowledge park, Greater Noida",UP_SEV_2023-02-20-08.30-1-34.jpg,2023,2,20,12,331,f_Severe,2023-02-20,26.1,49.7,219.0,20.0,5.1,100.0
Mumbai,MH_Good_2023-03-23-17.00-1-113.jpg,2023,3,23,12,47,a_Good,2023-03-23,18.4,34.5,257.0,17.2,19.2,71.0
"Biratnagar, Nepal",BIR_UNFSG_VF_2023-02-03-15.00-3-69.jpg,2023,2,3,12,141,c_Unhealthy_for_Sensitive_Groups,2023-02-03,69.8,99.7,581.0,11.6,6.8,112.0
Mumbai,MH_UnFSG_2023-03-18-11.00-1-57.jpg,2023,3,18,12,114,c_Unhealthy_for_Sensitive_Groups,2023-03-18,59.0,94.8,678.0,39.3,48.8,177.0
"Biratnagar, Nepal",BIR_UNFSG_VF_2023-02-03-15.00-3-43.jpg,2023,2,3,12,141,c_Unhealthy_for_Sensitive_Groups,2023-02-03,69.8,99.7,581.0,11.6,6.8,112.0
"Biratnagar, Nepal",BIR_UH_2023-03-16-12.30-4-274.jpg,2023,3,16,12,154,d_Unhealthy,2023-03-16,68.5,98.7,456.0,5.4,8.3,132.0
Bengaluru,BENGR_UHFSG_2023-02-05-08.30-1-39.jpg,2023,2,3,12,111,c_Unhealthy_for_Sensitive_Groups,2023-02-03,19.7,31.1,321.0,13.6,3.8,86.0
"Dimapur, Nagaland",Dimapur_MOD_2023-02-10-08.30-2.jpg,2023,2,10,12,63,b_Moderate,2023-02-10,95.7,140.2,322.0,4.6,4.8,113.0
Tamil Nadu,TN_Good_2023-02-22-09.30-1-21.jpg,2023,2,22,12,36,a_Good,2023-02-22,8.3,12.4,216.0,13.8,2.4,52.0
"Biratnagar, Nepal",BIR_UNFSG_VF_2023-02-03-16.00-2-90.jpg,2023,2,3,12,141,c_Unhealthy_for_Sensitive_Groups,2023-02-03,69.8,99.7,581.0,11.6,6.8,112.0
"ITO, Delhi",DEL_VUnH_2023-02-16-14.30-1-143.jpg,2023,2,16,12,245,e_Very_Unhealthy,2023-02-16,2.0,3.3,115.0,0.6,0.0,52.0
"ITO, Delhi",DEL_VUnH_2023-02-16-14.00-3-38.jpg,2023,2,16,12,268,e_Very_Unhealthy,2023-02-16,2.0,3.3,115.0,0.6,0.0,52.0
"Knowledge park, Greater Noida",UP_UHFSG_2023-03-06-11.30-1-149.jpg,2023,3,6,12,104,c_Unhealthy_for_Sensitive_Groups,2023-03-06,57.3,103.8,710.0,101.0,20.8,124.0
"Biratnagar, Nepal",BIR_UNFSG_VF_2023-02-03-16.00-2-67.jpg,2023,2,3,12,141,c_Unhealthy_for_Sensitive_Groups,2023-02-03,69.8,99.7,581.0,11.6,6.8,112.0
Tamil Nadu,TN_Good_2023-02-23-08.30-2-196.jpg,2023,2,23,12,43,a_Good,2023-02-23,2.9,4.1,131.0,0.9,1.6,95.0
"ITO, Delhi",DEL_VUnH_2023-02-16-14.00-1-8.jpg,2023,2,16,12,268,e_Very_Unhealthy,2023-02-16,2.0,3.3,115.0,0.6,0.0,52.0
"ITO, Delhi",DEL_VUnH_2023-02-16-14.00-1-24.jpg,2023,2,16,12,268,e_Very_Unhealthy,2023-02-16,2.0,3.3,115.0,0.6,0.0,52.0
Bengaluru,BENGR_Good_2023-02-28-08.30-1-126.jpg,2023,2,28,12,37,a_Good,2023-02-28,27.2,39.7,398.0,7.6,7.8,127.0
"ITO, Delhi",DL_VUNH_2023-02-04-17.00-1-34.jpg,2023,2,4,12,281,e_Very_Unhealthy,2023-02-04,2.8,4.9,89.0,0.2,0.1,62.0
Bengaluru,BENGR_UHFSG_2023-02-03-08.30-1-9.jpg,2023,2,3,12,136,c_Unhealthy_for_Sensitive_Groups,2023-02-03,19.7,31.1,321.0,13.6,3.8,86.0
Mumbai,MH_UnFSG_2023-02-17-19.00-2-58.jpg,2023,2,17,12,145,c_Unhealthy_for_Sensitive_Groups,2023-02-17,64.3,96.9,620.0,42.0,43.7,225.0
"Biratnagar, Nepal",BIR_UNFSG_VF_2023-02-03-16.00-2-28.jpg,2023,2,3,12,141,c_Unhealthy_for_Sensitive_Groups,2023-02-03,69.8,99.7,581.0,11.6,6.8,112.0
"ITO, Delhi",DEL_VUH_2023-02-04-17.00-2-11.jpg,2023,2,4,12,281,e_Very_Unhealthy,2023-02-04,2.8,4.9,89.0,0.2,0.1,62.0
"Knowledge park, Greater Noida",UP_SEV_2023-02-18-14.30-1-96.jpg,2023,2,18,12,331,f_Severe,2023-02-18,24.9,48.1,246.0,27.6,8.9,84.0
"New Ind Town, Faridabad",HAR_VUN_2022-10-02-10.00-1-3057.jpg,2022,10,2,12,230,e_Very_Unhealthy,2022-10-02,16.6,23.7,513.0,2.0,1.8,93.0
"Biratnagar, Nepal",BIR_UNH_VF_2023-02-02- 15.00-2-85.jpg,2023,2,2,12,156,d_Unhealthy,2023-02-02,57.2,81.7,581.0,12.1,8.5,98.0
Mumbai,MH_UH_2023-02-11-03.30-2-29.jpg,2023,2,11,12,154,d_Unhealthy,2023-02-11,50.5,82.9,477.0,34.0,35.6,181.0
"Biratnagar, Nepal",BIR_UNH_VF_2023-02-02- 15.00-3-19.jpg,2023,2,2,12,156,d_Unhealthy,2023-02-02,57.2,81.7,581.0,12.1,8.5,98.0
"Dimapur, Nagaland",Dimapur_UHFSG_2023-02-02- 09.00-1-9.jpg,2023,2,2,12,103,c_Unhealthy_for_Sensitive_Groups,2023-02-02,39.6,56.9,296.0,6.5,2.7,107.0
"ITO, Delhi",DL_VUNH_2023-02-04-17.00-1-74.jpg,2023,2,4,12,281,e_Very_Unhealthy,2023-02-04,2.8,4.9,89.0,0.2,0.1,62.0
"Knowledge park, Greater Noida",UP_VUN_2023-03-02-09.00-1-601.jpg,2023,3,2,12,223,e_Very_Unhealthy,2023-03-02,20.5,48.2,338.0,56.9,14.0,72.0
"Biratnagar, Nepal",BIR_UNH_VF_2023-02-02- 12.00-1-7.jpg,2023,2,2,12,158,d_Unhealthy,2023-02-02,57.2,81.7,581.0,12.1,8.5,98.0
"New Ind Town, Faridabad",HAR_VUN_2022-10-02-10.00-1-2633.jpg,2022,10,2,12,230,e_Very_Unhealthy,2022-10-02,16.6,23.7,513.0,2.0,1.8,93.0
"New Ind Town, Faridabad",HAR_VUN_2022-10-02-10.00-1-833.jpg,2022,10,2,12,230,e_Very_Unhealthy,2022-10-02,16.6,23.7,513.0,2.0,1.8,93.0
"New Ind Town, Faridabad",HAR_VUN_2022-10-02-10.00-1-2417.jpg,2022,10,2,12,230,e_Very_Unhealthy,2022-10-02,16.6,23.7,513.0,2.0,1.8,93.0
"ITO, Delhi",DEL_SEV_2023-02-22-14.00-2-466.jpg,2023,2,22,12,450,f_Severe,2023-02-22,2.4,4.2,128.0,0.1,0.0,83.0
"Biratnagar, Nepal",BIR_UNH_VF_2023-02-02- 1700-2-3.jpg,2023,2,2,12,156,d_Unhealthy,2023-02-02,57.2,81.7,581.0,12.1,8.5,98.0
Tamil Nadu,TN_UN_2023-03-11-08.00-1-56.jpg,2023,3,11,12,152,d_Unhealthy,2023-03-11,4.6,7.8,155.0,2.7,0.9,90.0
Mumbai,MH_Mod_2023-03-21-15.00-1-344.jpg,2023,3,21,12,92,b_Moderate,2023-03-21,15.9,32.0,246.0,16.3,15.8,72.0
Mumbai,MH_UH_2023-02-11-03.30-2-38.jpg,2023,2,11,12,154,d_Unhealthy,2023-02-11,50.5,82.9,477.0,34.0,35.6,181.0
"New Ind Town, Faridabad",HAR_VUN_2022-10-02-10.00-1-1137.jpg,2022,10,2,12,230,e_Very_Unhealthy,2022-10-02,16.6,23.7,513.0,2.0,1.8,93.0
"ITO, Delhi",DEL_SEV_2023-02-22-14.00-2-36.jpg,2023,2,22,12,450,f_Severe,2023-02-22,2.4,4.2,128.0,0.1,0.0,83.0
"ITO, Delhi",DEL_VUnH_2023-02-16-14.30-1-212.jpg,2023,2,16,12,245,e_Very_Unhealthy,2023-02-16,2.0,3.3,115.0,0.6,0.0,52.0
"New Ind Town, Faridabad",HAR_VUN_2022-10-02-10.00-1-329.jpg,2022,10,2,12,230,e_Very_Unhealthy,2022-10-02,16.6,23.7,513.0,2.0,1.8,93.0
"Knowledge park, Greater Noida",UP_SEV_2023-02-20-08.30-1-39.jpg,2023,2,20,12,331,f_Severe,2023-02-20,26.1,49.7,219.0,20.0,5.1,100.0
"Biratnagar, Nepal",BIR_UNH_VF_2023-02-02- 1700-2-8.jpg,2023,2,2,12,156,d_Unhealthy,2023-02-02,57.2,81.7,581.0,12.1,8.5,98.0
Mumbai,MH_UnFSG_2023-02-17-13.00-2-42.jpg,2023,2,17,12,140,c_Unhealthy_for_Sensitive_Groups,2023-02-17,64.3,96.9,620.0,42.0,43.7,225.0
Bengaluru,BENGR_Mod_2023-02-23-08.30-1-476.jpg,2023,2,23,12,97,b_Moderate,2023-02-23,18.2,26.4,272.0,8.0,8.1,126.0
"Biratnagar, Nepal",BIR_UNH_VF_2023-02-02- 1700-3-9.jpg,2023,2,2,12,156,d_Unhealthy,2023-02-02,57.2,81.7,581.0,12.1,8.5,98.0
Mumbai,MH_UnFSG_2023-03-08-11.00-1-151.jpg,2023,3,8,12,124,c_Unhealthy_for_Sensitive_Groups,2023-03-08,97.1,144.8,836.0,49.2,63.9,264.0
"Biratnagar, Nepal",BIR_MOD_2023-02-13-09.30-3.jpg,2023,2,13,12,91,b_Moderate,2023-02-13,40.7,59.3,429.0,13.7,9.2,101.0
"Dimapur, Nagaland",Dimapur_MOD_2023-02-10-08.30-2-21.jpg,2023,2,10,12,63,b_Moderate,2023-02-10,95.7,140.2,322.0,4.6,4.8,113.0
Tamil Nadu,TN_UnFSG_2023-03-09-09.00-1-186.jpg,2023,3,9,12,134,c_Unhealthy_for_Sensitive_Groups,2023-03-09,10.4,15.2,234.0,12.8,0.9,62.0
Bengaluru,BENGR_UHFSG_2023-02-05-08.30-1-50.jpg,2023,2,3,12,111,c_Unhealthy_for_Sensitive_Groups,2023-02-03,19.7,31.1,321.0,13.6,3.8,86.0
"ITO, Delhi",DEL_VUnH_2023-02-16-17.00-1-110.jpg,2023,2,16,12,293,e_Very_Unhealthy,2023-02-16,2.0,3.3,115.0,0.6,0.0,52.0
Mumbai,MH_UH_2023-02-03- 09.30-1-59.jpg,2023,2,3,12,162,d_Unhealthy,2023-02-03,121.1,177.4,813.0,48.2,60.2,256.0
Mumbai,MH_UH_2023-02-03- 09.30-1-16.jpg,2023,2,3,12,162,d_Unhealthy,2023-02-03,121.1,177.4,813.0,48.2,60.2,256.0
Bengaluru,BENGR_Good_2023-03-25-08.30-1-17.jpg,2023,3,25,12,32,a_Good,2023-03-25,26.6,39.9,248.0,8.4,5.4,133.0
"Biratnagar, Nepal",BIR_UH_2023-03-16-12.30-4-36.jpg,2023,3,16,12,154,d_Unhealthy,2023-03-16,68.5,98.7,456.0,5.4,8.3,132.0
"ITO, Delhi",DEL_VUnH_2023-02-16-14.30-1-52.jpg,2023,2,16,12,245,e_Very_Unhealthy,2023-02-16,2.0,3.3,115.0,0.6,0.0,52.0
"Knowledge park, Greater Noida",UP_SEV_2023-02-18-11.00-1-115.jpg,2023,2,18,12,320,f_Severe,2023-02-18,24.9,48.1,246.0,27.6,8.9,84.0
Mumbai,MH_UH_2023-02-02- 09.30-1-76.jpg,2023,2,2,12,182,d_Unhealthy,2023-02-02,122.9,179.7,829.0,44.0,61.7,239.0
Bengaluru,BENGR_Good_2023-02-28-08.30-1-186.jpg,2023,2,28,12,37,a_Good,2023-02-28,27.2,39.7,398.0,7.6,7.8,127.0
"ITO, Delhi",DEL_VUnH_2023-02-04-17.00-4.jpg,2023,2,4,12,281,e_Very_Unhealthy,2023-02-04,2.8,4.9,89.0,0.2,0.1,62.0
"ITO, Delhi",DEL_VUH_2023-02-04-17.00-2-134.jpg,2023,2,4,12,281,e_Very_Unhealthy,2023-02-04,2.8,4.9,89.0,0.2,0.1,62.0
"ITO, Delhi",DEL_VUH_2023-02-04-17.00-2-104.jpg,2023,2,4,12,281,e_Very_Unhealthy,2023-02-04,2.8,4.9,89.0,0.2,0.1,62.0
Mumbai,MH_UN_2023-03-15-15.00-12.jpg,2023,3,15,12,162,d_Unhealthy,2023-03-15,190.5,276.6,1537.0,57.3,103.4,404.0
"Knowledge park, Greater Noida",UP_SEV_2023-02-18-11.00-1-98.jpg,2023,2,18,12,320,f_Severe,2023-02-18,24.9,48.1,246.0,27.6,8.9,84.0
"Knowledge park, Greater Noida",UP_SEV_2023-02-18-14.30-1-105.jpg,2023,2,18,12,331,f_Severe,2023-02-18,24.9,48.1,246.0,27.6,8.9,84.0
"Knowledge park, Greater Noida",UP_UHFSG_2023-02-24-08.30-1-153.jpg,2023,2,24,12,141,c_Unhealthy_for_Sensitive_Groups,2023-02-24,132.7,224.4,1109.0,243.3,40.8,181.0
"Knowledge park, Greater Noida",UP_UHFSG_2023-02-08-08.30-1-82.jpg,2023,2,8,12,133,c_Unhealthy_for_Sensitive_Groups,2023-02-08,53.7,112.2,526.0,86.8,19.1,87.0
"ITO, Delhi",DEL_SEV_2023-02-20-14.00-1-216.jpg,2023,2,20,12,363,f_Severe,2023-02-20,4.4,7.8,136.0,0.3,0.0,76.0
"Knowledge park, Greater Noida",UP_SEV_2023-02-19-14.30-1-12.jpg,2023,2,19,12,357,f_Severe,2023-02-19,26.7,50.5,247.0,25.1,8.3,99.0
"Knowledge park, Greater Noida",UP_VUN_2023-02-27-10.30-1-1.jpg,2023,2,27,12,299,e_Very_Unhealthy,2023-02-27,44.7,71.7,613.0,101.2,20.5,98.0
"ITO, Delhi",DEL_VUnH_2023-02-16-17.00-1-97.jpg,2023,2,16,12,293,e_Very_Unhealthy,2023-02-16,2.0,3.3,115.0,0.6,0.0,52.0
Tamil Nadu,TN_Good_2023-02-21-08.30-2-211.jpg,2023,2,21,12,29,a_Good,2023-02-21,2.1,3.2,146.0,1.6,0.3,82.0
"Biratnagar, Nepal",BIR_UFSG_2023-02-14- 14.30-3-47.jpg,2023,2,14,12,101,c_Unhealthy_for_Sensitive_Groups,2023-02-14,43.3,62.6,471.0,15.4,7.5,101.0
"Dimapur, Nagaland",Dimapur_UHFSG_2023-02-02- 09.00-2-31.jpg,2023,2,2,12,103,c_Unhealthy_for_Sensitive_Groups,2023-02-02,39.6,56.9,296.0,6.5,2.7,107.0
"ITO, Delhi",DEL_VUnH_2023-02-16-14.30-1-131.jpg,2023,2,16,12,245,e_Very_Unhealthy,2023-02-16,2.0,3.3,115.0,0.6,0.0,52.0
"Biratnagar, Nepal",BIR_UNH_VF_2023-02-02- 12.00-3-28.jpg,2023,2,2,12,158,d_Unhealthy,2023-02-02,57.2,81.7,581.0,12.1,8.5,98.0
"Biratnagar, Nepal",BIR_UNH_VF_2023-02-03- 10.00-3-38.jpg,2023,2,3,12,163,d_Unhealthy,2023-02-03,69.8,99.7,581.0,11.6,6.8,112.0
"Biratnagar, Nepal",BIR_MOD_2023-02-13-09.30-4-25.jpg,2023,2,13,12,91,b_Moderate,2023-02-13,40.7,59.3,429.0,13.7,9.2,101.0
Tamil Nadu,TN_Mod_2023-02-28-08.30-1-101.jpg,2023,2,28,12,73,b_Moderate,2023-02-28,3.8,5.7,174.0,4.3,0.9,75.0
"Dimapur, Nagaland",Dimapur_UHFSG_2023-02-02- 09.00-1-2.jpg,2023,2,2,12,103,c_Unhealthy_for_Sensitive_Groups,2023-02-02,39.6,56.9,296.0,6.5,2.7,107.0
"Biratnagar, Nepal",BIR_UNFSG_VF_2023-02-03-15.00-2-46.jpg,2023,2,3,12,141,c_Unhealthy_for_Sensitive_Groups,2023-02-03,69.8,99.7,581.0,11.6,6.8,112.0
Tamil Nadu,TN_Good_2023-02-27-16.30-1-196.jpg,2023,2,27,12,43,a_Good,2023-02-27,5.9,9.2,177.0,7.1,1.1,74.0
Mumbai,MH_UnFSG_2023-03-14-13.00-1-163.jpg,2023,3,14,12,138,c_Unhealthy_for_Sensitive_Groups,2023-03-14,160.7,240.3,1639.0,42.4,85.0,345.0
"ITO, Delhi",DEL_SEV_2023-02-22-14.00-1-191.jpg,2023,2,22,12,450,f_Severe,2023-02-22,2.4,4.2,128.0,0.1,0.0,83.0
Bengaluru,BENGR_Good_2023-02-27-08.30-1-156.jpg,2023,2,27,12,47,a_Good,2023-02-27,10.8,15.8,277.0,6.9,7.3,131.0
Mumbai,MH_Mod_2023-03-21-15.00-4.jpg,2023,3,21,12,92,b_Moderate,2023-03-21,15.9,32.0,246.0,16.3,15.8,72.0
Mumbai,MH_UN_2023-03-15-15.00-1-435.jpg,2023,3,15,12,162,d_Unhealthy,2023-03-15,190.5,276.6,1537.0,57.3,103.4,404.0
Mumbai,MH_VUN_2023-02-25-10.00-1-51.jpg,2023,2,25,12,206,e_Very_Unhealthy,2023-02-25,64.3,98.3,654.0,37.4,50.9,173.0
Mumbai,MH_VUN_2023-02-25-10.00-1-71.jpg,2023,2,25,12,206,e_Very_Unhealthy,2023-02-25,64.3,98.3,654.0,37.4,50.9,173.0
"New Ind Town, Faridabad",HAR_VUN_2022-10-02-10.00-1-1017.jpg,2022,10,2,12,230,e_Very_Unhealthy,2022-10-02,16.6,23.7,513.0,2.0,1.8,93.0
"Knowledge park, Greater Noida",UP_UHFSG_2023-02-08-08.30-1-83.jpg,2023,2,8,12,133,c_Unhealthy_for_Sensitive_Groups,2023-02-08,53.7,112.2,526.0,86.8,19.1,87.0
Bengaluru,BENGR_Good_2023-02-28-08.30-1-636.jpg,2023,2,28,12,37,a_Good,2023-02-28,27.2,39.7,398.0,7.6,7.8,127.0
"Biratnagar, Nepal",BIR_UNH_VF_2023-02-02- 15.00-4-19.jpg,2023,2,2,12,156,d_Unhealthy,2023-02-02,57.2,81.7,581.0,12.1,8.5,98.0
Tamil Nadu,TN_Good_2023-02-22-09.30-2-161.jpg,2023,2,22,12,36,a_Good,2023-02-22,8.3,12.4,216.0,13.8,2.4,52.0
"ITO, Delhi",DEL_SEV_2023-02-20-14.00-2-181.jpg,2023,2,20,12,363,f_Severe,2023-02-20,4.4,7.8,136.0,0.3,0.0,76.0
"Biratnagar, Nepal",BIR_UNH_VF_2023-02-02- 15.00-2-36.jpg,2023,2,2,12,156,d_Unhealthy,2023-02-02,57.2,81.7,581.0,12.1,8.5,98.0
"Knowledge park, Greater Noida",UP_VUN_2023-03-02-09.00-1-245.jpg,2023,3,2,12,223,e_Very_Unhealthy,2023-03-02,20.5,48.2,338.0,56.9,14.0,72.0
Tamil Nadu,TN_UnFSG_2023-03-01-08.30-1-196.jpg,2023,3,1,12,111,c_Unhealthy_for_Sensitive_Groups,2023-03-01,11.3,16.5,244.0,12.0,2.9,66.0
"ITO, Delhi",DEL_SEV_2023-02-20-14.00-3-286.jpg,2023,2,20,12,363,f_Severe,2023-02-20,4.4,7.8,136.0,0.3,0.0,76.0
"New Ind Town, Faridabad",HAR_VUN_2022-10-02-10.00-1-3625.jpg,2022,10,2,12,230,e_Very_Unhealthy,2022-10-02,16.6,23.7,513.0,2.0,1.8,93.0
"Biratnagar, Nepal",BIR_UNH_VF_2023-02-03- 10.00-2-29.jpg,2023,2,3,12,163,d_Unhealthy,2023-02-03,69.8,99.7,581.0,11.6,6.8,112.0
"ITO, Delhi",DEL_SEV_2023-02-20-14.00-2-501.jpg,2023,2,20,12,363,f_Severe,2023-02-20,4.4,7.8,136.0,0.3,0.0,76.0
"ITO, Delhi",DEL_SEV_2023-02-16-18.00-2-42.jpg,2023,2,16,12,330,f_Severe,2023-02-16,2.0,3.3,115.0,0.6,0.0,52.0
"Dimapur, Nagaland",Dimapur_UHFSG_2023-02-02- 09.00-1-34.jpg,2023,2,2,12,103,c_Unhealthy_for_Sensitive_Groups,2023-02-02,39.6,56.9,296.0,6.5,2.7,107.0
Mumbai,MH_UH_2023-02-02- 09.30-1-80.jpg,2023,2,2,12,182,d_Unhealthy,2023-02-02,122.9,179.7,829.0,44.0,61.7,239.0
"New Ind Town, Faridabad",HAR_VUN_2022-10-02-10.00-1-4801.jpg,2022,10,2,12,230,e_Very_Unhealthy,2022-10-02,16.6,23.7,513.0,2.0,1.8,93.0
"Dimapur, Nagaland",Dimapur_MOD_2023-02-10-08.30-1-3.jpg,2023,2,10,12,63,b_Moderate,2023-02-10,95.7,140.2,322.0,4.6,4.8,113.0
"ITO, Delhi",DEL_VUnH_2023-02-16-14.00-3-2.jpg,2023,2,16,12,268,e_Very_Unhealthy,2023-02-16,2.0,3.3,115.0,0.6,0.0,52.0
Mumbai,MH_UH_2023-02-03- 09.30-1-71.jpg,2023,2,3,12,162,d_Unhealthy,2023-02-03,121.1,177.4,813.0,48.2,60.2,256.0
"Knowledge park, Greater Noida",UP_SEV_2023-02-18-14.30-1-61.jpg,2023,2,18,12,331,f_Severe,2023-02-18,24.9,48.1,246.0,27.6,8.9,84.0
Bengaluru,BENGR_Good_2023-02-27-08.30-1-316.jpg,2023,2,27,12,47,a_Good,2023-02-27,10.8,15.8,277.0,6.9,7.3,131.0
"Biratnagar, Nepal",BIR_UNH_VF_2023-02-03- 10.00-3-71.jpg,2023,2,3,12,163,d_Unhealthy,2023-02-03,69.8,99.7,581.0,11.6,6.8,112.0
"ITO, Delhi",DEL_SEV_2023-02-22-14.00-2-626.jpg,2023,2,22,12,450,f_Severe,2023-02-22,2.4,4.2,128.0,0.1,0.0,83.0
"ITO, Delhi",DEL_SEV_2023-02-07-14.00-1-39.jpg,2023,2,7,12,449,f_Severe,2023-02-07,3.0,5.3,89.0,0.3,0.1,54.0
Bengaluru,BENGR_UHFSG_2023-02-05-08.30-1-22.jpg,2023,2,3,12,111,c_Unhealthy_for_Sensitive_Groups,2023-02-03,19.7,31.1,321.0,13.6,3.8,86.0
"Biratnagar, Nepal",BIR_MOD_2023-02-13-09.30-3-69.jpg,2023,2,13,12,91,b_Moderate,2023-02-13,40.7,59.3,429.0,13.7,9.2,101.0
"ITO, Delhi",DEL_SEV_2023-02-16-18.00-2-66.jpg,2023,2,16,12,330,f_Severe,2023-02-16,2.0,3.3,115.0,0.6,0.0,52.0
"Knowledge park, Greater Noida",UP_UHFSG_2023-03-06-11.30-1-613.jpg,2023,3,6,12,104,c_Unhealthy_for_Sensitive_Groups,2023-03-06,57.3,103.8,710.0,101.0,20.8,124.0
"Biratnagar, Nepal",BIR_UNH_VF_2023-02-02- 15.00-3-30.jpg,2023,2,2,12,156,d_Unhealthy,2023-02-02,57.2,81.7,581.0,12.1,8.5,98.0
Mumbai,MH_UnFSG_2023-03-10-16.00-1-211.jpg,2023,3,10,12,141,c_Unhealthy_for_Sensitive_Groups,2023-03-10,51.1,75.7,577.0,42.8,39.8,185.0
"ITO, Delhi",DEL_VUH_2023-02-04-17.00-2-112.jpg,2023,2,4,12,281,e_Very_Unhealthy,2023-02-04,2.8,4.9,89.0,0.2,0.1,62.0
Mumbai,MH_UH_2023-02-03- 09.30-1-34.jpg,2023,2,3,12,162,d_Unhealthy,2023-02-03,121.1,177.4,813.0,48.2,60.2,256.0
Bengaluru,BENGR_Mod_2023-02-25-08.30-1-276.jpg,2023,2,25,12,73,b_Moderate,2023-02-25,19.2,27.9,256.0,7.8,9.3,142.0
"Biratnagar, Nepal",BIR_UNFSG_VF_2023-02-03-16.00-2-48.jpg,2023,2,3,12,141,c_Unhealthy_for_Sensitive_Groups,2023-02-03,69.8,99.7,581.0,11.6,6.8,112.0
Bengaluru,BENGR_Mod_2023-02-21-08.30-1-596.jpg,2023,2,21,12,56,b_Moderate,2023-02-21,26.0,37.8,303.0,8.9,11.2,152.0
Bengaluru,BENGR_Mod_2023-03-13-08.30-1-155.jpg,2023,3,13,12,53,b_Moderate,2023-03-13,27.1,39.7,365.0,8.1,8.5,111.0
"ITO, Delhi",DEL_SEV_2023-02-22-14.00-2-26.jpg,2023,2,22,12,450,f_Severe,2023-02-22,2.4,4.2,128.0,0.1,0.0,83.0
"New Ind Town, Faridabad",HAR_VUN_2022-10-02-10.00-1-2713.jpg,2022,10,2,12,230,e_Very_Unhealthy,2022-10-02,16.6,23.7,513.0,2.0,1.8,93.0
"ITO, Delhi",DEL_VUH_2023-02-04-17.00-2-114.jpg,2023,2,4,12,281,e_Very_Unhealthy,2023-02-04,2.8,4.9,89.0,0.2,0.1,62.0
Bengaluru,BENGR_Mod_2023-02-23-08.30-1-96.jpg,2023,2,23,12,97,b_Moderate,2023-02-23,18.2,26.4,272.0,8.0,8.1,126.0
"Biratnagar, Nepal",BIR_MOD_2023-02-13-09.30-1-31.jpg,2023,2,13,12,91,b_Moderate,2023-02-13,40.7,59.3,429.0,13.7,9.2,101.0
"Knowledge park, Greater Noida",UP_SEV_2023-02-18-11.00-1-71.jpg,2023,2,18,12,320,f_Severe,2023-02-18,24.9,48.1,246.0,27.6,8.9,84.0
"New Ind Town, Faridabad",HAR_VUN_2022-10-02-10.00-1-3953.jpg,2022,10,2,12,230,e_Very_Unhealthy,2022-10-02,16.6,23.7,513.0,2.0,1.8,93.0
Bengaluru,BENGR_Good_2023-03-21-08.30-1-484.jpg,2023,3,21,12,47,a_Good,2023-03-21,9.1,13.8,245.0,15.6,3.6,110.0
Tamil Nadu,TN_Mod_2023-02-28-08.30-1-166.jpg,2023,2,28,12,73,b_Moderate,2023-02-28,3.8,5.7,174.0,4.3,0.9,75.0
"Dimapur, Nagaland",Dimapur_UHFSG_2023-02-02- 09.00-2-1.jpg,2023,2,2,12,103,c_Unhealthy_for_Sensitive_Groups,2023-02-02,39.6,56.9,296.0,6.5,2.7,107.0
Bengaluru,BENGR_Good_2023-03-21-08.30-1-225.jpg,2023,3,21,12,47,a_Good,2023-03-21,9.1,13.8,245.0,15.6,3.6,110.0
Mumbai,MH_VUN_2023-02-25-10.00-1-6.jpg,2023,2,25,12,206,e_Very_Unhealthy,2023-02-25,64.3,98.3,654.0,37.4,50.9,173.0
"ITO, Delhi",DEL_VUnH_2023-02-16-14.30-1-253.jpg,2023,2,16,12,245,e_Very_Unhealthy,2023-02-16,2.0,3.3,115.0,0.6,0.0,52.0
"Knowledge park, Greater Noida",UP_SEV_2023-02-18-11.00-1-106.jpg,2023,2,18,12,320,f_Severe,2023-02-18,24.9,48.1,246.0,27.6,8.9,84.0
Mumbai,MH_VUN_2023-02-24-15.00-1-341.jpg,2023,2,24,12,202,e_Very_Unhealthy,2023-02-24,73.3,112.7,633.0,41.2,49.7,231.0
Mumbai,MH_UH_2023-02-19-12.00-1-3.jpg,2023,2,19,12,160,d_Unhealthy,2023-02-19,143.0,205.8,1159.0,48.0,73.1,327.0
"ITO, Delhi",DEL_SEV_2023-02-16-18.00-2-77.jpg,2023,2,16,12,330,f_Severe,2023-02-16,2.0,3.3,115.0,0.6,0.0,52.0
Tamil Nadu,TN_UnFSG_2023-03-09-09.00-1-241.jpg,2023,3,9,12,134,c_Unhealthy_for_Sensitive_Groups,2023-03-09,10.4,15.2,234.0,12.8,0.9,62.0
"ITO, Delhi",DEL_VUnH_2023-02-16-14.30-1-257.jpg,2023,2,16,12,245,e_Very_Unhealthy,2023-02-16,2.0,3.3,115.0,0.6,0.0,52.0
"Knowledge park, Greater Noida",UP_SEV_2023-02-19-14.30-1-30.jpg,2023,2,19,12,357,f_Severe,2023-02-19,26.7,50.5,247.0,25.1,8.3,99.0
"Knowledge park, Greater Noida",UP_VUN_2023-03-02-09.00-1-501.jpg,2023,3,2,12,223,e_Very_Unhealthy,2023-03-02,20.5,48.2,338.0,56.9,14.0,72.0
Mumbai,MH_Good_2023-03-22-11.00-1-267.jpg,2023,3,22,12,49,a_Good,2023-03-22,16.2,31.8,249.0,15.6,16.8,76.0
"Biratnagar, Nepal",BIR_UNFSG_VF_2023-02-03-16.00-2-21.jpg,2023,2,3,12,141,c_Unhealthy_for_Sensitive_Groups,2023-02-03,69.8,99.7,581.0,11.6,6.8,112.0
Tamil Nadu,TN_Good_2023-02-23-08.30-1-106.jpg,2023,2,23,12,43,a_Good,2023-02-23,2.9,4.1,131.0,0.9,1.6,95.0
Bengaluru,BENGR_Mod_2023-03-04-08.30-1-291.jpg,2023,3,4,12,71,b_Moderate,2023-03-04,17.8,26.3,251.0,6.2,6.9,118.0
"ITO, Delhi",DEL_VUnH_2023-02-16-14.30-1-255.jpg,2023,2,16,12,245,e_Very_Unhealthy,2023-02-16,2.0,3.3,115.0,0.6,0.0,52.0
Bengaluru,BENGR_Mod_2023-03-13-08.30-1-106.jpg,2023,3,13,12,53,b_Moderate,2023-03-13,27.1,39.7,365.0,8.1,8.5,111.0
Mumbai,MH_UnFSG_2023-02-17-19.00-2-40.jpg,2023,2,17,12,145,c_Unhealthy_for_Sensitive_Groups,2023-02-17,64.3,96.9,620.0,42.0,43.7,225.0
Bengaluru,BENGR_Mod_2023-02-21-08.30-1-156.jpg,2023,2,21,12,56,b_Moderate,2023-02-21,26.0,37.8,303.0,8.9,11.2,152.0
"Biratnagar, Nepal",BIR_UNH_VF_2023-02-03- 10.00-3-3.jpg,2023,2,3,12,163,d_Unhealthy,2023-02-03,69.8,99.7,581.0,11.6,6.8,112.0
Mumbai,MH_UnFSG_2023-03-18-11.00-1-190.jpg,2023,3,18,12,114,c_Unhealthy_for_Sensitive_Groups,2023-03-18,59.0,94.8,678.0,39.3,48.8,177.0
"ITO, Delhi",DEL_SEV_2023-02-22-14.00-2-391.jpg,2023,2,22,12,450,f_Severe,2023-02-22,2.4,4.2,128.0,0.1,0.0,83.0
Tamil Nadu,TN_Good_2023-02-23-08.30-2-146.jpg,2023,2,23,12,43,a_Good,2023-02-23,2.9,4.1,131.0,0.9,1.6,95.0
"Biratnagar, Nepal",BIR_UNFSG_VF_2023-02-03-16.00-3-66.jpg,2023,2,3,12,141,c_Unhealthy_for_Sensitive_Groups,2023-02-03,69.8,99.7,581.0,11.6,6.8,112.0
"ITO, Delhi",DEL_SEV_2023-02-20-14.00-2-51.jpg,2023,2,20,12,363,f_Severe,2023-02-20,4.4,7.8,136.0,0.3,0.0,76.0
"Biratnagar, Nepal",BRI_Un_2023-02-03- 10.00-6.jpg,2023,2,3,12,163,d_Unhealthy,2023-02-03,69.8,99.7,581.0,11.6,6.8,112.0
Mumbai,MH_UnFSG_2023-03-08-11.00-1-306.jpg,2023,3,8,12,124,c_Unhealthy_for_Sensitive_Groups,2023-03-08,97.1,144.8,836.0,49.2,63.9,264.0
"Biratnagar, Nepal",BIR_UNH_VF_2023-02-02- 12.00-1-45.jpg,2023,2,2,12,158,d_Unhealthy,2023-02-02,57.2,81.7,581.0,12.1,8.5,98.0
Mumbai,MH_UH_2023-02-14-11.30-1-10.jpg,2023,2,14,12,160,d_Unhealthy,2023-02-14,81.3,119.0,721.0,41.8,52.8,260.0
"New Ind Town, Faridabad",HAR_VUN_2022-10-02-10.00-1-3641.jpg,2022,10,2,12,230,e_Very_Unhealthy,2022-10-02,16.6,23.7,513.0,2.0,1.8,93.0
Mumbai,MH_UH_2023-02-11-03.30-1-28.jpg,2023,2,11,12,154,d_Unhealthy,2023-02-11,50.5,82.9,477.0,34.0,35.6,181.0
Tamil Nadu,TN_UN_2023-03-11-08.00-1-236.jpg,2023,3,11,12,152,d_Unhealthy,2023-03-11,4.6,7.8,155.0,2.7,0.9,90.0
"Dimapur, Nagaland",Dimapur_UHFSG_2023-02-02- 09.00-3-35.jpg,2023,2,2,12,103,c_Unhealthy_for_Sensitive_Groups,2023-02-02,39.6,56.9,296.0,6.5,2.7,107.0
"Dimapur, Nagaland",Dimapur_UHFSG_2023-02-02- 09.00-1-28.jpg,2023,2,2,12,103,c_Unhealthy_for_Sensitive_Groups,2023-02-02,39.6,56.9,296.0,6.5,2.7,107.0
"ITO, Delhi",DEL_UnH_2023-02-15-11.30-2-4.jpg,2023,2,15,12,179,d_Unhealthy,2023-02-15,2.5,3.7,124.0,1.0,0.0,54.0
"Knowledge park, Greater Noida",UP_VUN_2023-03-02-09.00-1-697.jpg,2023,3,2,12,223,e_Very_Unhealthy,2023-03-02,20.5,48.2,338.0,56.9,14.0,72.0
"Biratnagar, Nepal",BIR_UNH_VF_2023-02-02- 12.00-1-105.jpg,2023,2,2,12,158,d_Unhealthy,2023-02-02,57.2,81.7,581.0,12.1,8.5,98.0
Mumbai,MH_VUN_2023-03-05-08.30-2-116.jpg,2023,3,5,12,284,e_Very_Unhealthy,2023-03-05,278.5,401.4,1413.0,23.7,39.9,325.0
"ITO, Delhi",DEL_SEV_2023-02-07-14.00-2-28.jpg,2023,2,7,12,449,f_Severe,2023-02-07,3.0,5.3,89.0,0.3,0.1,54.0
"Dimapur, Nagaland",Dimapur_UHFSG_2023-02-02- 09.00-1-10.jpg,2023,2,2,12,103,c_Unhealthy_for_Sensitive_Groups,2023-02-02,39.6,56.9,296.0,6.5,2.7,107.0
"Knowledge park, Greater Noida",UP_VUN_2023-02-27-10.30-1-213.jpg,2023,2,27,12,299,e_Very_Unhealthy,2023-02-27,44.7,71.7,613.0,101.2,20.5,98.0
"Dimapur, Nagaland",Dimapur_MOD_2023-02-10-08.30-2-20.jpg,2023,2,10,12,63,b_Moderate,2023-02-10,95.7,140.2,322.0,4.6,4.8,113.0
Mumbai,MH_VUN_2023-02-25-10.00-1-16.jpg,2023,2,25,12,206,e_Very_Unhealthy,2023-02-25,64.3,98.3,654.0,37.4,50.9,173.0
"New Ind Town, Faridabad",HAR_VUN_2022-10-02-10.00-1-2777.jpg,2022,10,2,12,230,e_Very_Unhealthy,2022-10-02,16.6,23.7,513.0,2.0,1.8,93.0
Mumbai,MH_UH_2023-02-18-11.00-1-32.jpg,2023,2,18,12,151,d_Unhealthy,2023-02-18,100.4,145.8,792.0,40.1,53.4,275.0
Bengaluru,BENGR_Mod_2023-02-23-08.30-1-456.jpg,2023,2,23,12,97,b_Moderate,2023-02-23,18.2,26.4,272.0,8.0,8.1,126.0
"Biratnagar, Nepal",BIR_UNH_VF_2023-02-02- 15.00-2-45.jpg,2023,2,2,12,156,d_Unhealthy,2023-02-02,57.2,81.7,581.0,12.1,8.5,98.0
Mumbai,MH_UH_2023-02-18-11.00-1-26.jpg,2023,2,18,12,151,d_Unhealthy,2023-02-18,100.4,145.8,792.0,40.1,53.4,275.0
Bengaluru,BENGR_Mod_2023-03-13-08.30-1-330.jpg,2023,3,13,12,53,b_Moderate,2023-03-13,27.1,39.7,365.0,8.1,8.5,111.0
Tamil Nadu,TN_Good_2023-02-20-16.30-1-81.jpg,2023,2,20,12,43,a_Good,2023-02-20,2.1,3.0,150.0,2.1,0.4,78.0
Mumbai,MH_VUN_2023-03-05-08.30-2-181.jpg,2023,3,5,12,284,e_Very_Unhealthy,2023-03-05,278.5,401.4,1413.0,23.7,39.9,325.0
"ITO, Delhi",DEL_VUnH_2023-02-16-14.30-1-268.jpg,2023,2,16,12,245,e_Very_Unhealthy,2023-02-16,2.0,3.3,115.0,0.6,0.0,52.0
"Knowledge park, Greater Noida",UP_UHFSG_2023-02-08-08.30-1-69.jpg,2023,2,8,12,133,c_Unhealthy_for_Sensitive_Groups,2023-02-08,53.7,112.2,526.0,86.8,19.1,87.0
"ITO, Delhi",DEL_VUnH_2023-02-16-17.00-1-94.jpg,2023,2,16,12,293,e_Very_Unhealthy,2023-02-16,2.0,3.3,115.0,0.6,0.0,52.0
Tamil Nadu,TN_Good_2023-03-21-08.30-2-161.jpg,2023,3,21,12,27,a_Good,2023-03-21,8.3,12.3,214.0,11.7,1.2,58.0
Bengaluru,BENGR_Good_2023-02-26-08.30-1-6.jpg,2023,2,26,12,48,a_Good,2023-02-26,24.5,35.4,262.0,6.6,12.6,156.0
Tamil Nadu,TN_UnFSG_2023-03-02-08.30-1-111.jpg,2023,3,2,12,119,c_Unhealthy_for_Sensitive_Groups,2023-03-02,8.6,16.2,185.0,2.6,1.1,86.0
Bengaluru,BENGR_UHFSG_2023-02-09-08.30-1-26.jpg,2023,2,9,12,103,c_Unhealthy_for_Sensitive_Groups,2023-02-09,28.2,41.3,282.0,10.7,8.9,132.0
Tamil Nadu,TN_UnFSG_2023-03-03-09.00-2-256.jpg,2023,3,3,12,121,c_Unhealthy_for_Sensitive_Groups,2023-03-03,5.2,9.4,154.0,1.6,1.3,86.0
"ITO, Delhi",DEL_VUnH_2023-02-16-14.30-1-76.jpg,2023,2,16,12,245,e_Very_Unhealthy,2023-02-16,2.0,3.3,115.0,0.6,0.0,52.0
Bengaluru,BENGR_Good_2023-02-27-08.30-1-306.jpg,2023,2,27,12,47,a_Good,2023-02-27,10.8,15.8,277.0,6.9,7.3,131.0
"Biratnagar, Nepal",BIR_MOD_2023-02-13-09.30-3-17.jpg,2023,2,13,12,91,b_Moderate,2023-02-13,40.7,59.3,429.0,13.7,9.2,101.0
Mumbai,MH_UH_2023-02-02- 09.30-1-71.jpg,2023,2,2,12,182,d_Unhealthy,2023-02-02,122.9,179.7,829.0,44.0,61.7,239.0
"Knowledge park, Greater Noida",UP_UHFSG_2023-03-06-11.30-1-453.jpg,2023,3,6,12,104,c_Unhealthy_for_Sensitive_Groups,2023-03-06,57.3,103.8,710.0,101.0,20.8,124.0
Tamil Nadu,TN_Good_2023-02-20-16.30-1-191.jpg,2023,2,20,12,43,a_Good,2023-02-20,2.1,3.0,150.0,2.1,0.4,78.0
"ITO, Delhi",DEL_SEV_2023-02-17-13.00-1-61.jpg,2023,2,17,12,372,f_Severe,2023-02-17,0.2,0.3,91.0,0.1,0.0,49.0
"ITO, Delhi",DEL_VUH_2023-02-04-17.00-2-92.jpg,2023,2,4,12,281,e_Very_Unhealthy,2023-02-04,2.8,4.9,89.0,0.2,0.1,62.0
Mumbai,MH_UH_2023-02-02- 09.30-1-19.jpg,2023,2,2,12,182,d_Unhealthy,2023-02-02,122.9,179.7,829.0,44.0,61.7,239.0
"Dimapur, Nagaland",Dimapur_UHFSG_2023-02-02- 09.00-1-52.jpg,2023,2,2,12,103,c_Unhealthy_for_Sensitive_Groups,2023-02-02,39.6,56.9,296.0,6.5,2.7,107.0
Tamil Nadu,TN_Good_2023-02-23-08.30-2-256.jpg,2023,2,23,12,43,a_Good,2023-02-23,2.9,4.1,131.0,0.9,1.6,95.0
"ITO, Delhi",DEL_SEV_2023-02-20-14.00-1-41.jpg,2023,2,20,12,363,f_Severe,2023-02-20,4.4,7.8,136.0,0.3,0.0,76.0
"Biratnagar, Nepal",BIR_UH_2023-03-16-12.30-7.jpg,2023,3,16,12,154,d_Unhealthy,2023-03-16,68.5,98.7,456.0,5.4,8.3,132.0
Mumbai,MH_Mod_2023-03-21-15.00-1-36.jpg,2023,3,21,12,92,b_Moderate,2023-03-21,15.9,32.0,246.0,16.3,15.8,72.0
"New Ind Town, Faridabad",HAR_VUN_2022-10-02-10.00-1-1673.jpg,2022,10,2,12,230,e_Very_Unhealthy,2022-10-02,16.6,23.7,513.0,2.0,1.8,93.0
"New Ind Town, Faridabad",HAR_VUN_2022-10-02-10.00-1-3817.jpg,2022,10,2,12,230,e_Very_Unhealthy,2022-10-02,16.6,23.7,513.0,2.0,1.8,93.0
Bengaluru,BENGR_Good_2023-03-25-08.30-1-28.jpg,2023,3,25,12,32,a_Good,2023-03-25,26.6,39.9,248.0,8.4,5.4,133.0
Mumbai,MH_UH_2023-02-11-03.30-2-50.jpg,2023,2,11,12,154,d_Unhealthy,2023-02-11,50.5,82.9,477.0,34.0,35.6,181.0
Bengaluru,BENGR_Mod_2023-02-21-08.30-1-436.jpg,2023,2,21,12,56,b_Moderate,2023-02-21,26.0,37.8,303.0,8.9,11.2,152.0
Mumbai,MH_Good_2023-03-22-11.00-1-239.jpg,2023,3,22,12,49,a_Good,2023-03-22,16.2,31.8,249.0,15.6,16.8,76.0
Bengaluru,BENGR_UnFSG_2023-03-08-08.30-1-36.jpg,2023,3,8,12,106,c_Unhealthy_for_Sensitive_Groups,2023-03-08,16.9,24.7,244.0,5.9,5.7,120.0
"New Ind Town, Faridabad",HAR_VUN_2022-10-02-10.00-1-865.jpg,2022,10,2,12,230,e_Very_Unhealthy,2022-10-02,16.6,23.7,513.0,2.0,1.8,93.0
"ITO, Delhi",DEL_VUnH_2023-02-16-17.00-1-61.jpg,2023,2,16,12,293,e_Very_Unhealthy,2023-02-16,2.0,3.3,115.0,0.6,0.0,52.0
"New Ind Town, Faridabad",HAR_VUN_2022-10-02-10.00-1-3713.jpg,2022,10,2,12,230,e_Very_Unhealthy,2022-10-02,16.6,23.7,513.0,2.0,1.8,93.0
"ITO, Delhi",DEL_SEV_2023-02-20-14.00-1-56.jpg,2023,2,20,12,363,f_Severe,2023-02-20,4.4,7.8,136.0,0.3,0.0,76.0
Bengaluru,BENGR_Mod_2023-03-09-08.30-1-81.jpg,2023,3,9,12,51,b_Moderate,2023-03-09,32.7,47.8,341.0,6.8,6.3,123.0
"Knowledge park, Greater Noida",UP_UHFSG_2023-02-24-08.30-1-97.jpg,2023,2,24,12,141,c_Unhealthy_for_Sensitive_Groups,2023-02-24,132.7,224.4,1109.0,243.3,40.8,181.0
Tamil Nadu,TN_UnFSG_2023-03-03-09.00-2-46.jpg,2023,3,3,12,121,c_Unhealthy_for_Sensitive_Groups,2023-03-03,5.2,9.4,154.0,1.6,1.3,86.0
"New Ind Town, Faridabad",HAR_VUN_2022-10-02-10.00-1-2393.jpg,2022,10,2,12,230,e_Very_Unhealthy,2022-10-02,16.6,23.7,513.0,2.0,1.8,93.0
"New Ind Town, Faridabad",HAR_VUN_2022-10-02-10.00-1-3577.jpg,2022,10,2,12,230,e_Very_Unhealthy,2022-10-02,16.6,23.7,513.0,2.0,1.8,93.0
"Knowledge park, Greater Noida",UP_UHFSG_2023-03-06-11.30-1-501.jpg,2023,3,6,12,104,c_Unhealthy_for_Sensitive_Groups,2023-03-06,57.3,103.8,710.0,101.0,20.8,124.0
"ITO, Delhi",DEL_VUH_2023-02-04-17.00-2-8.jpg,2023,2,4,12,281,e_Very_Unhealthy,2023-02-04,2.8,4.9,89.0,0.2,0.1,62.0
"Biratnagar, Nepal",BIR_UNFSG_VF_2023-02-03-15.00-3-10.jpg,2023,2,3,12,141,c_Unhealthy_for_Sensitive_Groups,2023-02-03,69.8,99.7,581.0,11.6,6.8,112.0
Tamil Nadu,TN_UNH_2023-02-03-12.30-1-35.jpg,2023,2,3,12,150,d_Unhealthy,2023-02-03,26.3,38.1,500.0,65.8,1.9,18.0
"Knowledge park, Greater Noida",UP_UHFSG_2023-02-24-08.30-1-141.jpg,2023,2,24,12,141,c_Unhealthy_for_Sensitive_Groups,2023-02-24,132.7,224.4,1109.0,243.3,40.8,181.0
Mumbai,MH_Good_2023-03-22-18.00-1.jpg,2023,3,22,12,47,a_Good,2023-03-22,16.2,31.8,249.0,15.6,16.8,76.0
"Knowledge park, Greater Noida",UP_SEV_2023-02-18-11.00-1-79.jpg,2023,2,18,12,320,f_Severe,2023-02-18,24.9,48.1,246.0,27.6,8.9,84.0
"New Ind Town, Faridabad",HAR_VUN_2022-10-02-10.00-1-1009.jpg,2022,10,2,12,230,e_Very_Unhealthy,2022-10-02,16.6,23.7,513.0,2.0,1.8,93.0
Mumbai,MH_UN_2023-03-15-15.00-1-260.jpg,2023,3,15,12,162,d_Unhealthy,2023-03-15,190.5,276.6,1537.0,57.3,103.4,404.0
Tamil Nadu,TN_UN_2023-03-06-09.00-2-91.jpg,2023,3,6,12,161,d_Unhealthy,2023-03-06,15.6,22.5,298.0,24.2,0.8,36.0
Mumbai,MH_VUN_2023-02-24-15.00-1-1.jpg,2023,2,24,12,202,e_Very_Unhealthy,2023-02-24,73.3,112.7,633.0,41.2,49.7,231.0
Bengaluru,BENGR_UHFSG_2023-02-15-14.30-1-7.jpg,2023,2,15,12,103,c_Unhealthy_for_Sensitive_Groups,2023-02-15,18.6,26.8,278.0,7.8,11.8,147.0
"Knowledge park, Greater Noida",UP_UN_2023-03-01-08.30-6.jpg,2023,3,1,12,199,d_Unhealthy,2023-03-01,21.1,47.7,354.0,67.2,13.3,48.0
"Knowledge park, Greater Noida",UP_VUN_2023-03-02-09.00-1-557.jpg,2023,3,2,12,223,e_Very_Unhealthy,2023-03-02,20.5,48.2,338.0,56.9,14.0,72.0
Bengaluru,BENGR_Mod_2023-02-23-08.30-1-406.jpg,2023,2,23,12,97,b_Moderate,2023-02-23,18.2,26.4,272.0,8.0,8.1,126.0
Tamil Nadu,TN_UN_2023-03-11-08.00-1-126.jpg,2023,3,11,12,152,d_Unhealthy,2023-03-11,4.6,7.8,155.0,2.7,0.9,90.0
Bengaluru,BENGR_UHFSG_2023-02-09-08.30-1-44.jpg,2023,2,9,12,103,c_Unhealthy_for_Sensitive_Groups,2023-02-09,28.2,41.3,282.0,10.7,8.9,132.0
"New Ind Town, Faridabad",HAR_VUN_2022-10-02-10.00-1-2489.jpg,2022,10,2,12,230,e_Very_Unhealthy,2022-10-02,16.6,23.7,513.0,2.0,1.8,93.0
"ITO, Delhi",DEL_VUnH_2023-02-16-14.30-1-262.jpg,2023,2,16,12,245,e_Very_Unhealthy,2023-02-16,2.0,3.3,115.0,0.6,0.0,52.0
"ITO, Delhi",DEL_VUnH_2023-02-16-14.00-5.jpg,2023,2,16,12,268,e_Very_Unhealthy,2023-02-16,2.0,3.3,115.0,0.6,0.0,52.0
"Biratnagar, Nepal",BIR_UNFSG_VF_2023-02-03-16.00-2-97.jpg,2023,2,3,12,141,c_Unhealthy_for_Sensitive_Groups,2023-02-03,69.8,99.7,581.0,11.6,6.8,112.0
Mumbai,MH_UnFSG_2023-03-10-16.00-1-256.jpg,2023,3,10,12,141,c_Unhealthy_for_Sensitive_Groups,2023-03-10,51.1,75.7,577.0,42.8,39.8,185.0
"New Ind Town, Faridabad",HAR_VUN_2022-10-02-10.00-1-2481.jpg,2022,10,2,12,230,e_Very_Unhealthy,2022-10-02,16.6,23.7,513.0,2.0,1.8,93.0
Bengaluru,BENGR_Mod_2023-03-01-08.30-1-406.jpg,2023,3,1,12,70,b_Moderate,2023-03-01,17.0,25.4,362.0,6.3,6.0,122.0
Mumbai,MH_Mod_2023-03-21-15.00-1-99.jpg,2023,3,21,12,92,b_Moderate,2023-03-21,15.9,32.0,246.0,16.3,15.8,72.0
"Knowledge park, Greater Noida",UP_SEV_2023-02-18-11.00-1-28.jpg,2023,2,18,12,320,f_Severe,2023-02-18,24.9,48.1,246.0,27.6,8.9,84.0
"ITO, Delhi",DEL_SEV_2023-02-16-18.00-1-3.jpg,2023,2,16,12,330,f_Severe,2023-02-16,2.0,3.3,115.0,0.6,0.0,52.0
Bengaluru,BENGR_Good_2023-02-27-08.30-1-416.jpg,2023,2,27,12,47,a_Good,2023-02-27,10.8,15.8,277.0,6.9,7.3,131.0
"Biratnagar, Nepal",BIR_UNH_VF_2023-02-02- 1700-2-41.jpg,2023,2,2,12,156,d_Unhealthy,2023-02-02,57.2,81.7,581.0,12.1,8.5,98.0
Bengaluru,BENGR_Mod_2023-03-01-08.30-1-56.jpg,2023,3,1,12,70,b_Moderate,2023-03-01,17.0,25.4,362.0,6.3,6.0,122.0
"Biratnagar, Nepal",BIR_UNFSG_VF_2023-02-03-16.00-1-32.jpg,2023,2,3,12,141,c_Unhealthy_for_Sensitive_Groups,2023-02-03,69.8,99.7,581.0,11.6,6.8,112.0
"ITO, Delhi",DEL_SEV_2023-02-20-14.00-1-176.jpg,2023,2,20,12,363,f_Severe,2023-02-20,4.4,7.8,136.0,0.3,0.0,76.0
"Biratnagar, Nepal",BIR_UNH_VF_2023-02-02- 15.00-2-88.jpg,2023,2,2,12,156,d_Unhealthy,2023-02-02,57.2,81.7,581.0,12.1,8.5,98.0
"ITO, Delhi",DEL_SEV_2023-02-17-13.00-1-68.jpg,2023,2,17,12,372,f_Severe,2023-02-17,0.2,0.3,91.0,0.1,0.0,49.0
"Biratnagar, Nepal",BIR_UNH_VF_2023-02-02- 15.00-2-99.jpg,2023,2,2,12,156,d_Unhealthy,2023-02-02,57.2,81.7,581.0,12.1,8.5,98.0
Tamil Nadu,TN_UnFSG_2023-03-09-09.00-1-176.jpg,2023,3,9,12,134,c_Unhealthy_for_Sensitive_Groups,2023-03-09,10.4,15.2,234.0,12.8,0.9,62.0
Tamil Nadu,TN_UN_2023-03-06-09.00-1-166.jpg,2023,3,6,12,161,d_Unhealthy,2023-03-06,15.6,22.5,298.0,24.2,0.8,36.0
"Biratnagar, Nepal",BIR_UNFSG_VF_2023-02-03-16.00-3-27.jpg,2023,2,3,12,141,c_Unhealthy_for_Sensitive_Groups,2023-02-03,69.8,99.7,581.0,11.6,6.8,112.0
"New Ind Town, Faridabad",HAR_VUN_2022-10-02-10.00-1-4393.jpg,2022,10,2,12,230,e_Very_Unhealthy,2022-10-02,16.6,23.7,513.0,2.0,1.8,93.0
Bengaluru,BENGR_UnFSG_2023-03-08-08.30-1-406.jpg,2023,3,8,12,106,c_Unhealthy_for_Sensitive_Groups,2023-03-08,16.9,24.7,244.0,5.9,5.7,120.0
Mumbai,MH_VUN_2023-03-05-08.30-4.jpg,2023,3,5,12,284,e_Very_Unhealthy,2023-03-05,278.5,401.4,1413.0,23.7,39.9,325.0
"New Ind Town, Faridabad",HAR_VUN_2022-10-02-10.00-1-4969.jpg,2022,10,2,12,230,e_Very_Unhealthy,2022-10-02,16.6,23.7,513.0,2.0,1.8,93.0
"Biratnagar, Nepal",BIR_UH_2023-03-16-12.30-4-190.jpg,2023,3,16,12,154,d_Unhealthy,2023-03-16,68.5,98.7,456.0,5.4,8.3,132.0
Mumbai,MH_Good_2023-03-23-17.00-1-120.jpg,2023,3,23,12,47,a_Good,2023-03-23,18.4,34.5,257.0,17.2,19.2,71.0
"Biratnagar, Nepal",BIR_UNH_VF_2023-02-02- 1700-3-3.jpg,2023,2,2,12,156,d_Unhealthy,2023-02-02,57.2,81.7,581.0,12.1,8.5,98.0
Bengaluru,BENGR_Mod_2023-02-25-08.30-1-576.jpg,2023,2,25,12,73,b_Moderate,2023-02-25,19.2,27.9,256.0,7.8,9.3,142.0
Tamil Nadu,TN_Good_2023-02-22-09.30-1-276.jpg,2023,2,22,12,36,a_Good,2023-02-22,8.3,12.4,216.0,13.8,2.4,52.0
Bengaluru,BENGR_Good_2023-03-21-08.30-1-57.jpg,2023,3,21,12,47,a_Good,2023-03-21,9.1,13.8,245.0,15.6,3.6,110.0
Tamil Nadu,TN_UNH_2023-02-03-13.30-1-3.jpg,2023,2,3,12,167,d_Unhealthy,2023-02-03,26.3,38.1,500.0,65.8,1.9,18.0
Mumbai,MH_UnFSG_2023-03-10-16.00-1-411.jpg,2023,3,10,12,141,c_Unhealthy_for_Sensitive_Groups,2023-03-10,51.1,75.7,577.0,42.8,39.8,185.0
"ITO, Delhi",DEL_SEV_2023-02-20-14.00-2-336.jpg,2023,2,20,12,363,f_Severe,2023-02-20,4.4,7.8,136.0,0.3,0.0,76.0
Tamil Nadu,TN_UN_2023-03-06-09.00-1-96.jpg,2023,3,6,12,161,d_Unhealthy,2023-03-06,15.6,22.5,298.0,24.2,0.8,36.0
"ITO, Delhi",DEL_SEV_2023-02-20-14.00-3-181.jpg,2023,2,20,12,363,f_Severe,2023-02-20,4.4,7.8,136.0,0.3,0.0,76.0
"Knowledge park, Greater Noida",UP_SEV_2023-02-18-14.30-1-68.jpg,2023,2,18,12,331,f_Severe,2023-02-18,24.9,48.1,246.0,27.6,8.9,84.0
"ITO, Delhi",DEL_VUnH_2023-02-16-14.30-1-274.jpg,2023,2,16,12,245,e_Very_Unhealthy,2023-02-16,2.0,3.3,115.0,0.6,0.0,52.0
"Biratnagar, Nepal",BIR_UNFSG_VF_2023-02-03-16.00-1-79.jpg,2023,2,3,12,141,c_Unhealthy_for_Sensitive_Groups,2023-02-03,69.8,99.7,581.0,11.6,6.8,112.0
"ITO, Delhi",DEL_UnH_2023-02-15-11.30-1-32.jpg,2023,2,15,12,179,d_Unhealthy,2023-02-15,2.5,3.7,124.0,1.0,0.0,54.0
"ITO, Delhi",DEL_VUnH_2023-02-16-17.00-1-6.jpg,2023,2,16,12,293,e_Very_Unhealthy,2023-02-16,2.0,3.3,115.0,0.6,0.0,52.0
"Biratnagar, Nepal",BIR_UH_2023-03-16-12.30-13.jpg,2023,3,16,12,154,d_Unhealthy,2023-03-16,68.5,98.7,456.0,5.4,8.3,132.0
"ITO, Delhi",DEL_SEV_2023-02-17-13.00-1-76.jpg,2023,2,17,12,372,f_Severe,2023-02-17,0.2,0.3,91.0,0.1,0.0,49.0
Mumbai,MH_UN_2023-03-16-11.00-1-302.jpg,2023,3,16,12,159,d_Unhealthy,2023-03-16,59.3,90.6,871.0,64.4,81.4,199.0
"Biratnagar, Nepal",BIR_UNFSG_VF_2023-02-03-16.00-3-75.jpg,2023,2,3,12,141,c_Unhealthy_for_Sensitive_Groups,2023-02-03,69.8,99.7,581.0,11.6,6.8,112.0
"ITO, Delhi",DL_VUNH_2023-02-04-17.00-1-13.jpg,2023,2,4,12,281,e_Very_Unhealthy,2023-02-04,2.8,4.9,89.0,0.2,0.1,62.0
"Knowledge park, Greater Noida",UP_SEV_2023-02-18-11.00-1-54.jpg,2023,2,18,12,320,f_Severe,2023-02-18,24.9,48.1,246.0,27.6,8.9,84.0
"ITO, Delhi",DEL_VUnH_2023-02-16-14.30-1-68.jpg,2023,2,16,12,245,e_Very_Unhealthy,2023-02-16,2.0,3.3,115.0,0.6,0.0,52.0
Mumbai,MH_UN_2023-03-02-08.00-4.jpg,2023,3,2,12,156,d_Unhealthy,2023-03-02,165.8,246.8,1018.0,45.0,70.9,342.0
Tamil Nadu,TN_UnFSG_2023-03-01-08.30-1-191.jpg,2023,3,1,12,111,c_Unhealthy_for_Sensitive_Groups,2023-03-01,11.3,16.5,244.0,12.0,2.9,66.0
"Biratnagar, Nepal",BIR_UNFSG_VF_2023-02-03-16.00-3-67.jpg,2023,2,3,12,141,c_Unhealthy_for_Sensitive_Groups,2023-02-03,69.8,99.7,581.0,11.6,6.8,112.0
"ITO, Delhi",DL_VUNH_2023-02-04-17.00-1-2.jpg,2023,2,4,12,281,e_Very_Unhealthy,2023-02-04,2.8,4.9,89.0,0.2,0.1,62.0
Tamil Nadu,TN_UnFSG_2023-03-09-09.00-1-116.jpg,2023,3,9,12,134,c_Unhealthy_for_Sensitive_Groups,2023-03-09,10.4,15.2,234.0,12.8,0.9,62.0
"ITO, Delhi",DEL_SEV_2023-02-07-14.00-1-41.jpg,2023,2,7,12,449,f_Severe,2023-02-07,3.0,5.3,89.0,0.3,0.1,54.0
Mumbai,MH_UH_2023-02-10-14.30-1-10.jpg,2023,2,10,12,160,d_Unhealthy,2023-02-10,74.7,110.8,581.0,28.9,36.7,198.0
Bengaluru,BENGR_UHFSG_2023-02-15-14.30-1-3.jpg,2023,2,15,12,103,c_Unhealthy_for_Sensitive_Groups,2023-02-15,18.6,26.8,278.0,7.8,11.8,147.0
Bengaluru,BENGR_Mod_2023-02-23-08.30-1-146.jpg,2023,2,23,12,97,b_Moderate,2023-02-23,18.2,26.4,272.0,8.0,8.1,126.0
"Biratnagar, Nepal",BIR_UNH_VF_2023-02-02- 12.00-3-65.jpg,2023,2,2,12,158,d_Unhealthy,2023-02-02,57.2,81.7,581.0,12.1,8.5,98.0
Bengaluru,BENGR_Mod_2023-03-06-08.30-1-21.jpg,2023,3,6,12,68,b_Moderate,2023-03-06,12.6,18.6,218.0,6.5,8.2,129.0
"Biratnagar, Nepal",BIR_UNH_VF_2023-02-02- 12.00-3-57.jpg,2023,2,2,12,158,d_Unhealthy,2023-02-02,57.2,81.7,581.0,12.1,8.5,98.0
"Biratnagar, Nepal",BIR_UNH_VF_2023-02-02- 12.00-2-78.jpg,2023,2,2,12,158,d_Unhealthy,2023-02-02,57.2,81.7,581.0,12.1,8.5,98.0
Bengaluru,BENGR_Mod_2023-03-13-08.30-1-92.jpg,2023,3,13,12,53,b_Moderate,2023-03-13,27.1,39.7,365.0,8.1,8.5,111.0
Tamil Nadu,TN_Mod_2023-02-28-08.30-1-1.jpg,2023,2,28,12,73,b_Moderate,2023-02-28,3.8,5.7,174.0,4.3,0.9,75.0
"Dimapur, Nagaland",Dimapur_UHFSG_2023-02-02- 09.00-2-19.jpg,2023,2,2,12,103,c_Unhealthy_for_Sensitive_Groups,2023-02-02,39.6,56.9,296.0,6.5,2.7,107.0
"Knowledge park, Greater Noida",UP_UHFSG_2023-02-08-08.30-1-57.jpg,2023,2,8,12,133,c_Unhealthy_for_Sensitive_Groups,2023-02-08,53.7,112.2,526.0,86.8,19.1,87.0
"ITO, Delhi",DEL_SEV_2023-02-20-14.00-2-546.jpg,2023,2,20,12,363,f_Severe,2023-02-20,4.4,7.8,136.0,0.3,0.0,76.0
"New Ind Town, Faridabad",HAR_VUN_2022-10-02-10.00-1-2593.jpg,2022,10,2,12,230,e_Very_Unhealthy,2022-10-02,16.6,23.7,513.0,2.0,1.8,93.0
Bengaluru,BENGR_Mod_2023-02-23-08.30-1-26.jpg,2023,2,23,12,97,b_Moderate,2023-02-23,18.2,26.4,272.0,8.0,8.1,126.0
Bengaluru,BENGR_UHFSG_2023-02-15-14.30-1-2.jpg,2023,2,15,12,103,c_Unhealthy_for_Sensitive_Groups,2023-02-15,18.6,26.8,278.0,7.8,11.8,147.0
"Biratnagar, Nepal",BIR_UNFSG_VF_2023-02-03-16.00-3-7.jpg,2023,2,3,12,141,c_Unhealthy_for_Sensitive_Groups,2023-02-03,69.8,99.7,581.0,11.6,6.8,112.0
"ITO, Delhi",DEL_SEV_2023-02-20-14.00-1-361.jpg,2023,2,20,12,363,f_Severe,2023-02-20,4.4,7.8,136.0,0.3,0.0,76.0
Tamil Nadu,TN_Good_2023-02-22-09.30-2-146.jpg,2023,2,22,12,36,a_Good,2023-02-22,8.3,12.4,216.0,13.8,2.4,52.0
Tamil Nadu,TN_MOD_2023-02-09-08.30-2-5.jpg,2023,2,9,12,78,b_Moderate,2023-02-09,20.1,29.8,485.0,57.4,2.2,10.0
"Biratnagar, Nepal",BIR_UNH_VF_2023-02-02- 15.00-2-74.jpg,2023,2,2,12,156,d_Unhealthy,2023-02-02,57.2,81.7,581.0,12.1,8.5,98.0
Tamil Nadu,TN_UN_2023-03-11-08.00-1-21.jpg,2023,3,11,12,152,d_Unhealthy,2023-03-11,4.6,7.8,155.0,2.7,0.9,90.0
Mumbai,MH_UnFSG_2023-02-17-19.00-2-32.jpg,2023,2,17,12,145,c_Unhealthy_for_Sensitive_Groups,2023-02-17,64.3,96.9,620.0,42.0,43.7,225.0
"New Ind Town, Faridabad",HAR_VUN_2022-10-02-10.00-1-945.jpg,2022,10,2,12,230,e_Very_Unhealthy,2022-10-02,16.6,23.7,513.0,2.0,1.8,93.0
Tamil Nadu,TN_Good_2023-02-21-08.30-3-66.jpg,2023,2,21,12,29,a_Good,2023-02-21,2.1,3.2,146.0,1.6,0.3,82.0
Tamil Nadu,TN_UnFSG_2023-03-02-08.30-1-91.jpg,2023,3,2,12,119,c_Unhealthy_for_Sensitive_Groups,2023-03-02,8.6,16.2,185.0,2.6,1.1,86.0
Mumbai,MH_UN_2023-03-13-10.00-1-71.jpg,2023,3,13,12,197,d_Unhealthy,2023-03-13,346.5,501.1,2447.0,38.8,125.9,577.0
Mumbai,MH_UH_2023-02-11-03.30-1-12.jpg,2023,2,11,12,154,d_Unhealthy,2023-02-11,50.5,82.9,477.0,34.0,35.6,181.0
Tamil Nadu,TN_UnFSG_2023-03-09-09.00-1-171.jpg,2023,3,9,12,134,c_Unhealthy_for_Sensitive_Groups,2023-03-09,10.4,15.2,234.0,12.8,0.9,62.0
"New Ind Town, Faridabad",HAR_VUN_2022-10-02-10.00-1-1769.jpg,2022,10,2,12,230,e_Very_Unhealthy,2022-10-02,16.6,23.7,513.0,2.0,1.8,93.0
"Knowledge park, Greater Noida",UP_SEV_2023-02-18-14.30-1-73.jpg,2023,2,18,12,331,f_Severe,2023-02-18,24.9,48.1,246.0,27.6,8.9,84.0
"New Ind Town, Faridabad",HAR_VUN_2022-10-02-10.00-1-3689.jpg,2022,10,2,12,230,e_Very_Unhealthy,2022-10-02,16.6,23.7,513.0,2.0,1.8,93.0
Tamil Nadu,TN_UnFSG_2023-03-03-09.00-2-36.jpg,2023,3,3,12,121,c_Unhealthy_for_Sensitive_Groups,2023-03-03,5.2,9.4,154.0,1.6,1.3,86.0
"ITO, Delhi",DEL_SEV_2023-02-16-18.00-2-67.jpg,2023,2,16,12,330,f_Severe,2023-02-16,2.0,3.3,115.0,0.6,0.0,52.0
"Knowledge park, Greater Noida",UP_VUN_2023-03-02-09.00-1-237.jpg,2023,3,2,12,223,e_Very_Unhealthy,2023-03-02,20.5,48.2,338.0,56.9,14.0,72.0
"ITO, Delhi",DEL_SEV_2023-02-20-14.00-1-6.jpg,2023,2,20,12,363,f_Severe,2023-02-20,4.4,7.8,136.0,0.3,0.0,76.0
"Biratnagar, Nepal",BIR_UNH_VF_2023-02-03- 10.00-2-42.jpg,2023,2,3,12,163,d_Unhealthy,2023-02-03,69.8,99.7,581.0,11.6,6.8,112.0
"Dimapur, Nagaland",Dimapur_UHFSG_2023-02-02- 09.00-1-18.jpg,2023,2,2,12,103,c_Unhealthy_for_Sensitive_Groups,2023-02-02,39.6,56.9,296.0,6.5,2.7,107.0
"Biratnagar, Nepal",BIR_UNFSG_VF_2023-02-03-15.00-3-74.jpg,2023,2,3,12,141,c_Unhealthy_for_Sensitive_Groups,2023-02-03,69.8,99.7,581.0,11.6,6.8,112.0
"Knowledge park, Greater Noida",UP_SEV_2023-02-18-11.00-1-49.jpg,2023,2,18,12,320,f_Severe,2023-02-18,24.9,48.1,246.0,27.6,8.9,84.0
Mumbai,MH_UN_2023-03-02-08.00-1-126.jpg,2023,3,2,12,156,d_Unhealthy,2023-03-02,165.8,246.8,1018.0,45.0,70.9,342.0
Bengaluru,BENGR_UnFSG_2023-03-08-08.30-1-121.jpg,2023,3,8,12,106,c_Unhealthy_for_Sensitive_Groups,2023-03-08,16.9,24.7,244.0,5.9,5.7,120.0
Tamil Nadu,TN_UnFSG_2023-03-02-08.30-1-161.jpg,2023,3,2,12,119,c_Unhealthy_for_Sensitive_Groups,2023-03-02,8.6,16.2,185.0,2.6,1.1,86.0
Mumbai,MH_Good_2023-03-22-11.00-1-15.jpg,2023,3,22,12,49,a_Good,2023-03-22,16.2,31.8,249.0,15.6,16.8,76.0
Mumbai,MH_VUN_2023-03-05-08.30-2-286.jpg,2023,3,5,12,284,e_Very_Unhealthy,2023-03-05,278.5,401.4,1413.0,23.7,39.9,325.0
"Knowledge park, Greater Noida",UP_UHFSG_2023-02-08-08.30-1-110.jpg,2023,2,8,12,133,c_Unhealthy_for_Sensitive_Groups,2023-02-08,53.7,112.2,526.0,86.8,19.1,87.0
Bengaluru,BENGR_UnFSG_2023-03-08-08.30-1-451.jpg,2023,3,8,12,106,c_Unhealthy_for_Sensitive_Groups,2023-03-08,16.9,24.7,244.0,5.9,5.7,120.0
Tamil Nadu,TN_UnFSG_2023-03-03-09.00-1-41.jpg,2023,3,3,12,121,c_Unhealthy_for_Sensitive_Groups,2023-03-03,5.2,9.4,154.0,1.6,1.3,86.0
"Biratnagar, Nepal",BRI_Un_2023-02-09-08.00-13.jpg,2023,2,9,12,171,d_Unhealthy,2023-02-09,94.8,138.8,596.0,11.1,12.4,122.0
"ITO, Delhi",DL_VUNH_2023-02-04-17.00-1-27.jpg,2023,2,4,12,281,e_Very_Unhealthy,2023-02-04,2.8,4.9,89.0,0.2,0.1,62.0
"ITO, Delhi",DEL_SEV_2023-02-20-14.00-2-1.jpg,2023,2,20,12,363,f_Severe,2023-02-20,4.4,7.8,136.0,0.3,0.0,76.0
Tamil Nadu,TN_Good_2023-02-20-08.30-1.jpg,2023,2,20,12,37,a_Good,2023-02-20,2.1,3.0,150.0,2.1,0.4,78.0
"ITO, Delhi",DEL_UnH_2023-02-15-11.30-1-10.jpg,2023,2,15,12,179,d_Unhealthy,2023-02-15,2.5,3.7,124.0,1.0,0.0,54.0
Bengaluru,BENGR_Mod_2023-03-13-08.30-1-302.jpg,2023,3,13,12,53,b_Moderate,2023-03-13,27.1,39.7,365.0,8.1,8.5,111.0
"ITO, Delhi",DEL_SEV_2023-02-20-14.00-2-141.jpg,2023,2,20,12,363,f_Severe,2023-02-20,4.4,7.8,136.0,0.3,0.0,76.0
"Biratnagar, Nepal",BIR_MOD_2023-02-13-09.30-4-40.jpg,2023,2,13,12,91,b_Moderate,2023-02-13,40.7,59.3,429.0,13.7,9.2,101.0
Bengaluru,BENGR_Good_2023-02-28-08.30-1-296.jpg,2023,2,28,12,37,a_Good,2023-02-28,27.2,39.7,398.0,7.6,7.8,127.0
"New Ind Town, Faridabad",HAR_VUN_2022-10-02-10.00-1-817.jpg,2022,10,2,12,230,e_Very_Unhealthy,2022-10-02,16.6,23.7,513.0,2.0,1.8,93.0
Mumbai,MH_UH_2023-02-03- 09.30-1-20.jpg,2023,2,3,12,162,d_Unhealthy,2023-02-03,121.1,177.4,813.0,48.2,60.2,256.0
"Knowledge park, Greater Noida",UP_VUN_2023-02-27-10.30-1-105.jpg,2023,2,27,12,299,e_Very_Unhealthy,2023-02-27,44.7,71.7,613.0,101.2,20.5,98.0
"Knowledge park, Greater Noida",UP_UHFSG_2023-02-08-08.30-1-18.jpg,2023,2,8,12,133,c_Unhealthy_for_Sensitive_Groups,2023-02-08,53.7,112.2,526.0,86.8,19.1,87.0
"ITO, Delhi",DEL_UnH_2023-02-15-11.30-1-16.jpg,2023,2,15,12,179,d_Unhealthy,2023-02-15,2.5,3.7,124.0,1.0,0.0,54.0
Bengaluru,BENGR_Good_2023-02-26-08.30-1-196.jpg,2023,2,26,12,48,a_Good,2023-02-26,24.5,35.4,262.0,6.6,12.6,156.0
Bengaluru,BENGR_Good_2023-02-28-08.30-1-206.jpg,2023,2,28,12,37,a_Good,2023-02-28,27.2,39.7,398.0,7.6,7.8,127.0
Mumbai,MH_Good_2023-03-22-11.00-1-92.jpg,2023,3,22,12,49,a_Good,2023-03-22,16.2,31.8,249.0,15.6,16.8,76.0
"Knowledge park, Greater Noida",UP_UN_2023-03-01-08.30-1-113.jpg,2023,3,1,12,199,d_Unhealthy,2023-03-01,21.1,47.7,354.0,67.2,13.3,48.0
Mumbai,MH_UH_2023-02-10-14.30-1-41.jpg,2023,2,10,12,160,d_Unhealthy,2023-02-10,74.7,110.8,581.0,28.9,36.7,198.0
"ITO, Delhi",DEL_SEV_2023-02-20-14.00-2-56.jpg,2023,2,20,12,363,f_Severe,2023-02-20,4.4,7.8,136.0,0.3,0.0,76.0
Tamil Nadu,TN_Good_2023-02-21-08.30-3-71.jpg,2023,2,21,12,29,a_Good,2023-02-21,2.1,3.2,146.0,1.6,0.3,82.0
Mumbai,MH_UH_2023-02-10-14.30-1-19.jpg,2023,2,10,12,160,d_Unhealthy,2023-02-10,74.7,110.8,581.0,28.9,36.7,198.0
"ITO, Delhi",DEL_SEV_2023-02-17-13.00-2-17.jpg,2023,2,17,12,372,f_Severe,2023-02-17,0.2,0.3,91.0,0.1,0.0,49.0
"ITO, Delhi",DEL_SEV_2023-02-17-13.00-1-14.jpg,2023,2,17,12,372,f_Severe,2023-02-17,0.2,0.3,91.0,0.1,0.0,49.0
Mumbai,MH_UnFSG_2023-02-17-19.00-2-44.jpg,2023,2,17,12,145,c_Unhealthy_for_Sensitive_Groups,2023-02-17,64.3,96.9,620.0,42.0,43.7,225.0
Bengaluru,BENGR_Good_2023-02-19-08.30-1-28.jpg,2023,2,19,12,41,a_Good,2023-02-19,14.6,21.7,286.0,7.9,10.9,146.0
Mumbai,MH_VUN_2023-02-25-10.00-1-161.jpg,2023,2,25,12,206,e_Very_Unhealthy,2023-02-25,64.3,98.3,654.0,37.4,50.9,173.0
"Dimapur, Nagaland",Dimapur_MOD_2023-02-10-08.30-2-68.jpg,2023,2,10,12,63,b_Moderate,2023-02-10,95.7,140.2,322.0,4.6,4.8,113.0
"ITO, Delhi",DEL_SEV_2023-02-20-14.00-3-16.jpg,2023,2,20,12,363,f_Severe,2023-02-20,4.4,7.8,136.0,0.3,0.0,76.0
Bengaluru,BENGR_UnFSG_2023-03-08-08.30-1-296.jpg,2023,3,8,12,106,c_Unhealthy_for_Sensitive_Groups,2023-03-08,16.9,24.7,244.0,5.9,5.7,120.0
Mumbai,MH_UN_2023-03-16-11.00-1-50.jpg,2023,3,16,12,159,d_Unhealthy,2023-03-16,59.3,90.6,871.0,64.4,81.4,199.0
Mumbai,MH_UN_2023-03-02-08.00-1-191.jpg,2023,3,2,12,156,d_Unhealthy,2023-03-02,165.8,246.8,1018.0,45.0,70.9,342.0
Tamil Nadu,TN_UNH_2023-02-03-13.30-1-41.jpg,2023,2,3,12,167,d_Unhealthy,2023-02-03,26.3,38.1,500.0,65.8,1.9,18.0
Bengaluru,BENGR_Good_2023-02-19-08.30-1-23.jpg,2023,2,19,12,41,a_Good,2023-02-19,14.6,21.7,286.0,7.9,10.9,146.0
Mumbai,MH_Good_2023-03-23-17.00-1-71.jpg,2023,3,23,12,47,a_Good,2023-03-23,18.4,34.5,257.0,17.2,19.2,71.0
"ITO, Delhi",DEL_VUnH_2023-02-16-14.30-1-234.jpg,2023,2,16,12,245,e_Very_Unhealthy,2023-02-16,2.0,3.3,115.0,0.6,0.0,52.0
Bengaluru,BENGR_Mod_2023-03-06-08.30-1-286.jpg,2023,3,6,12,68,b_Moderate,2023-03-06,12.6,18.6,218.0,6.5,8.2,129.0
Mumbai,MH_UH_2023-02-10-14.30-1-68.jpg,2023,2,10,12,160,d_Unhealthy,2023-02-10,74.7,110.8,581.0,28.9,36.7,198.0
"ITO, Delhi",DEL_SEV_2023-02-07-14.00-1-29.jpg,2023,2,7,12,449,f_Severe,2023-02-07,3.0,5.3,89.0,0.3,0.1,54.0
Mumbai,MH_UN_2023-03-15-15.00-1-407.jpg,2023,3,15,12,162,d_Unhealthy,2023-03-15,190.5,276.6,1537.0,57.3,103.4,404.0
"Biratnagar, Nepal",BIR_UNFSG_VF_2023-02-03-15.00-2-4.jpg,2023,2,3,12,141,c_Unhealthy_for_Sensitive_Groups,2023-02-03,69.8,99.7,581.0,11.6,6.8,112.0
"ITO, Delhi",DEL_VUnH_2023-02-16-17.00-1-60.jpg,2023,2,16,12,293,e_Very_Unhealthy,2023-02-16,2.0,3.3,115.0,0.6,0.0,52.0
"ITO, Delhi",DEL_VUnH_2023-02-16-17.00-1-24.jpg,2023,2,16,12,293,e_Very_Unhealthy,2023-02-16,2.0,3.3,115.0,0.6,0.0,52.0
"Knowledge park, Greater Noida",UP_UHFSG_2023-02-24-08.30-1-81.jpg,2023,2,24,12,141,c_Unhealthy_for_Sensitive_Groups,2023-02-24,132.7,224.4,1109.0,243.3,40.8,181.0
Tamil Nadu,TN_Good_2023-02-22-09.30-3-66.jpg,2023,2,22,12,36,a_Good,2023-02-22,8.3,12.4,216.0,13.8,2.4,52.0
Bengaluru,BENGR_Mod_2023-02-21-08.30-1-491.jpg,2023,2,21,12,56,b_Moderate,2023-02-21,26.0,37.8,303.0,8.9,11.2,152.0
"Biratnagar, Nepal",BIR_UNH_VF_2023-02-03- 10.00-3-19.jpg,2023,2,3,12,163,d_Unhealthy,2023-02-03,69.8,99.7,581.0,11.6,6.8,112.0
Tamil Nadu,TN_UHFSG_2023-02-10-08.30-1-39.jpg,2023,2,10,12,105,c_Unhealthy_for_Sensitive_Groups,2023-02-10,3.4,5.3,152.0,3.8,0.5,78.0
Bengaluru,BENGR_UHFSG_2023-02-03-08.30-1-21.jpg,2023,2,3,12,136,c_Unhealthy_for_Sensitive_Groups,2023-02-03,19.7,31.1,321.0,13.6,3.8,86.0
Mumbai,MH_UH_2023-02-02- 09.30-1-70.jpg,2023,2,2,12,182,d_Unhealthy,2023-02-02,122.9,179.7,829.0,44.0,61.7,239.0
Mumbai,MH_Good_2023-03-22-11.00-1-127.jpg,2023,3,22,12,49,a_Good,2023-03-22,16.2,31.8,249.0,15.6,16.8,76.0
"ITO, Delhi",DEL_SEV_2023-02-20-14.00-1-406.jpg,2023,2,20,12,363,f_Severe,2023-02-20,4.4,7.8,136.0,0.3,0.0,76.0
Mumbai,MH_UnFSG_2023-03-08-11.00-1-111.jpg,2023,3,8,12,124,c_Unhealthy_for_Sensitive_Groups,2023-03-08,97.1,144.8,836.0,49.2,63.9,264.0
"New Ind Town, Faridabad",HAR_VUN_2022-10-02-10.00-1-2577.jpg,2022,10,2,12,230,e_Very_Unhealthy,2022-10-02,16.6,23.7,513.0,2.0,1.8,93.0
Mumbai,MH_UnFSG_2023-03-18-11.00-1-155.jpg,2023,3,18,12,114,c_Unhealthy_for_Sensitive_Groups,2023-03-18,59.0,94.8,678.0,39.3,48.8,177.0
"Knowledge park, Greater Noida",UP_UHFSG_2023-03-06-11.30-1-161.jpg,2023,3,6,12,104,c_Unhealthy_for_Sensitive_Groups,2023-03-06,57.3,103.8,710.0,101.0,20.8,124.0
Tamil Nadu,TN_UN_2023-03-11-08.00-1-6.jpg,2023,3,11,12,152,d_Unhealthy,2023-03-11,4.6,7.8,155.0,2.7,0.9,90.0
"Biratnagar, Nepal",BIR_UNH_VF_2023-02-02- 12.00-1-103.jpg,2023,2,2,12,158,d_Unhealthy,2023-02-02,57.2,81.7,581.0,12.1,8.5,98.0
Mumbai,MH_UnFSG_2023-03-14-13.00-1-19.jpg,2023,3,14,12,138,c_Unhealthy_for_Sensitive_Groups,2023-03-14,160.7,240.3,1639.0,42.4,85.0,345.0
Mumbai,MH_VUN_2023-02-25-10.00-1-121.jpg,2023,2,25,12,206,e_Very_Unhealthy,2023-02-25,64.3,98.3,654.0,37.4,50.9,173.0
Tamil Nadu,TN_UN_2023-03-06-09.00-1-186.jpg,2023,3,6,12,161,d_Unhealthy,2023-03-06,15.6,22.5,298.0,24.2,0.8,36.0
"Knowledge park, Greater Noida",UP_VUN_2023-03-02-09.00-1-257.jpg,2023,3,2,12,223,e_Very_Unhealthy,2023-03-02,20.5,48.2,338.0,56.9,14.0,72.0
Tamil Nadu,TN_UNH_2023-02-03-13.30-1-30.jpg,2023,2,3,12,167,d_Unhealthy,2023-02-03,26.3,38.1,500.0,65.8,1.9,18.0
Tamil Nadu,TN_Good_2023-02-20-16.30-1-126.jpg,2023,2,20,12,43,a_Good,2023-02-20,2.1,3.0,150.0,2.1,0.4,78.0
Mumbai,MH_Good_2023-03-22-18.00-1-379.jpg,2023,3,22,12,47,a_Good,2023-03-22,16.2,31.8,249.0,15.6,16.8,76.0
"ITO, Delhi",DEL_SEV_2023-02-22-14.00-2-51.jpg,2023,2,22,12,450,f_Severe,2023-02-22,2.4,4.2,128.0,0.1,0.0,83.0
Tamil Nadu,TN_Good_2023-02-20-08.30-1-5.jpg,2023,2,20,12,37,a_Good,2023-02-20,2.1,3.0,150.0,2.1,0.4,78.0
"New Ind Town, Faridabad",HAR_VUN_2022-10-02-10.00-1-225.jpg,2022,10,2,12,230,e_Very_Unhealthy,2022-10-02,16.6,23.7,513.0,2.0,1.8,93.0
Tamil Nadu,TN_UNH_2023-02-03-12.30-1-48.jpg,2023,2,3,12,150,d_Unhealthy,2023-02-03,26.3,38.1,500.0,65.8,1.9,18.0
"Biratnagar, Nepal",BIR_MOD_2023-02-13-09.30-2-47.jpg,2023,2,13,12,91,b_Moderate,2023-02-13,40.7,59.3,429.0,13.7,9.2,101.0
"Biratnagar, Nepal",BIR_UH_2023-03-16-12.30-2-43.jpg,2023,3,16,12,154,d_Unhealthy,2023-03-16,68.5,98.7,456.0,5.4,8.3,132.0
"Biratnagar, Nepal",BIR_MOD_2023-02-13-09.30-2-64.jpg,2023,2,13,12,91,b_Moderate,2023-02-13,40.7,59.3,429.0,13.7,9.2,101.0
Bengaluru,BENGR_UHFSG_2023-02-05-08.30-1-1.jpg,2023,2,3,12,111,c_Unhealthy_for_Sensitive_Groups,2023-02-03,19.7,31.1,321.0,13.6,3.8,86.0
"ITO, Delhi",DEL_SEV_2023-02-16-18.00-1-16.jpg,2023,2,16,12,330,f_Severe,2023-02-16,2.0,3.3,115.0,0.6,0.0,52.0
Tamil Nadu,TN_Good_2023-02-23-08.30-2-31.jpg,2023,2,23,12,43,a_Good,2023-02-23,2.9,4.1,131.0,0.9,1.6,95.0
Mumbai,MH_UH_2023-02-18-11.00-1-2.jpg,2023,2,18,12,151,d_Unhealthy,2023-02-18,100.4,145.8,792.0,40.1,53.4,275.0
"Biratnagar, Nepal",BIR_UFSG_2023-02-14- 14.30-8.jpg,2023,2,14,12,101,c_Unhealthy_for_Sensitive_Groups,2023-02-14,43.3,62.6,471.0,15.4,7.5,101.0
"Biratnagar, Nepal",BIR_UNH_VF_2023-02-02- 15.00-2-44.jpg,2023,2,2,12,156,d_Unhealthy,2023-02-02,57.2,81.7,581.0,12.1,8.5,98.0
"Biratnagar, Nepal",BIR_UFSG_2023-02-14- 14.30-3-24.jpg,2023,2,14,12,101,c_Unhealthy_for_Sensitive_Groups,2023-02-14,43.3,62.6,471.0,15.4,7.5,101.0
"ITO, Delhi",DEL_VUnH_2023-02-16-17.00-1-26.jpg,2023,2,16,12,293,e_Very_Unhealthy,2023-02-16,2.0,3.3,115.0,0.6,0.0,52.0
"ITO, Delhi",DEL_VUH_2023-02-04-17.00-2-27.jpg,2023,2,4,12,281,e_Very_Unhealthy,2023-02-04,2.8,4.9,89.0,0.2,0.1,62.0
Mumbai,MH_Mod_2023-03-21-15.00-8.jpg,2023,3,21,12,92,b_Moderate,2023-03-21,15.9,32.0,246.0,16.3,15.8,72.0
"Biratnagar, Nepal",BIR_UNH_VF_2023-02-03- 10.00-2-25.jpg,2023,2,3,12,163,d_Unhealthy,2023-02-03,69.8,99.7,581.0,11.6,6.8,112.0
"Biratnagar, Nepal",BIR_UNH_VF_2023-02-02- 1700-3-77.jpg,2023,2,2,12,156,d_Unhealthy,2023-02-02,57.2,81.7,581.0,12.1,8.5,98.0
"Biratnagar, Nepal",BIR_UNH_VF_2023-02-02- 15.00-2-6.jpg,2023,2,2,12,156,d_Unhealthy,2023-02-02,57.2,81.7,581.0,12.1,8.5,98.0
"ITO, Delhi",DL_VUNH_2023-02-04-17.00-1-39.jpg,2023,2,4,12,281,e_Very_Unhealthy,2023-02-04,2.8,4.9,89.0,0.2,0.1,62.0
"Biratnagar, Nepal",BIR_UH_2023-03-16-12.30-4-288.jpg,2023,3,16,12,154,d_Unhealthy,2023-03-16,68.5,98.7,456.0,5.4,8.3,132.0
"Biratnagar, Nepal",BIR_UNH_VF_2023-02-02- 12.00-3-13.jpg,2023,2,2,12,158,d_Unhealthy,2023-02-02,57.2,81.7,581.0,12.1,8.5,98.0
"Biratnagar, Nepal",BIR_UNH_VF_2023-02-02- 12.00-1-68.jpg,2023,2,2,12,158,d_Unhealthy,2023-02-02,57.2,81.7,581.0,12.1,8.5,98.0
"Biratnagar, Nepal",BIR_UNH_VF_2023-02-02- 15.00-2-84.jpg,2023,2,2,12,156,d_Unhealthy,2023-02-02,57.2,81.7,581.0,12.1,8.5,98.0
"Biratnagar, Nepal",BIR_UNH_VF_2023-02-03- 10.00-3-4.jpg,2023,2,3,12,163,d_Unhealthy,2023-02-03,69.8,99.7,581.0,11.6,6.8,112.0
"Biratnagar, Nepal",BIR_UFSG_2023-02-14- 14.30-1-58.jpg,2023,2,14,12,101,c_Unhealthy_for_Sensitive_Groups,2023-02-14,43.3,62.6,471.0,15.4,7.5,101.0
Mumbai,MH_UnFSG_2023-02-17-19.00-2-27.jpg,2023,2,17,12,145,c_Unhealthy_for_Sensitive_Groups,2023-02-17,64.3,96.9,620.0,42.0,43.7,225.0
Tamil Nadu,TN_UnFSG_2023-03-08-08.30-1-201.jpg,2023,3,8,12,121,c_Unhealthy_for_Sensitive_Groups,2023-03-08,21.1,30.5,475.0,70.5,1.8,17.0
"Knowledge park, Greater Noida",UP_SEV_2023-02-20-08.30-1-3.jpg,2023,2,20,12,331,f_Severe,2023-02-20,26.1,49.7,219.0,20.0,5.1,100.0
"ITO, Delhi",DEL_VUnH_2023-02-16-14.30-1-163.jpg,2023,2,16,12,245,e_Very_Unhealthy,2023-02-16,2.0,3.3,115.0,0.6,0.0,52.0
"ITO, Delhi",DEL_VUnH_2023-02-16-17.00-1-52.jpg,2023,2,16,12,293,e_Very_Unhealthy,2023-02-16,2.0,3.3,115.0,0.6,0.0,52.0
Mumbai,MH_UN_2023-03-16-11.00-1-8.jpg,2023,3,16,12,159,d_Unhealthy,2023-03-16,59.3,90.6,871.0,64.4,81.4,199.0
Tamil Nadu,TN_UHFSG_2023-02-02- 09.00-1-11.jpg,2023,2,2,12,107,c_Unhealthy_for_Sensitive_Groups,2023-02-02,23.7,34.2,540.0,59.0,1.5,15.0
"Dimapur, Nagaland",Dimapur_UHFSG_2023-02-02- 09.00-2-23.jpg,2023,2,2,12,103,c_Unhealthy_for_Sensitive_Groups,2023-02-02,39.6,56.9,296.0,6.5,2.7,107.0
"Knowledge park, Greater Noida",UP_UHFSG_2023-02-08-08.30-1-104.jpg,2023,2,8,12,133,c_Unhealthy_for_Sensitive_Groups,2023-02-08,53.7,112.2,526.0,86.8,19.1,87.0
Mumbai,MH_UnFSG_2023-02-15-10.30-1-6.jpg,2023,2,15,12,143,c_Unhealthy_for_Sensitive_Groups,2023-02-15,82.2,119.0,737.0,40.3,51.8,253.0
Tamil Nadu,TN_Good_2023-02-22-09.30-1-256.jpg,2023,2,22,12,36,a_Good,2023-02-22,8.3,12.4,216.0,13.8,2.4,52.0
Mumbai,MH_UnFSG_2023-02-23-11.00-1-201.jpg,2023,2,23,12,130,c_Unhealthy_for_Sensitive_Groups,2023-02-23,70.5,109.9,662.0,40.6,61.8,226.0
Mumbai,MH_UnFSG_2023-02-17-19.00-2-10.jpg,2023,2,17,12,145,c_Unhealthy_for_Sensitive_Groups,2023-02-17,64.3,96.9,620.0,42.0,43.7,225.0
Mumbai,MH_VUN_2023-03-05-08.30-1-11.jpg,2023,3,5,12,284,e_Very_Unhealthy,2023-03-05,278.5,401.4,1413.0,23.7,39.9,325.0
"Biratnagar, Nepal",BIR_UNFSG_VF_2023-02-03-16.00-2-6.jpg,2023,2,3,12,141,c_Unhealthy_for_Sensitive_Groups,2023-02-03,69.8,99.7,581.0,11.6,6.8,112.0
Tamil Nadu,TN_MOD_2023-02-09-08.30-2-31.jpg,2023,2,9,12,78,b_Moderate,2023-02-09,20.1,29.8,485.0,57.4,2.2,10.0
Mumbai,MH_VUN_2023-02-24-15.00-1-236.jpg,2023,2,24,12,202,e_Very_Unhealthy,2023-02-24,73.3,112.7,633.0,41.2,49.7,231.0
"Biratnagar, Nepal",BIR_UNH_VF_2023-02-02- 12.00-1-76.jpg,2023,2,2,12,158,d_Unhealthy,2023-02-02,57.2,81.7,581.0,12.1,8.5,98.0
"Biratnagar, Nepal",BIR_UNFSG_VF_2023-02-03-15.00-1-5.jpg,2023,2,3,12,141,c_Unhealthy_for_Sensitive_Groups,2023-02-03,69.8,99.7,581.0,11.6,6.8,112.0
"New Ind Town, Faridabad",HAR_VUN_2022-10-02-10.00-1-4697.jpg,2022,10,2,12,230,e_Very_Unhealthy,2022-10-02,16.6,23.7,513.0,2.0,1.8,93.0
Tamil Nadu,TN_Good_2023-02-20-16.30-2-71.jpg,2023,2,20,12,43,a_Good,2023-02-20,2.1,3.0,150.0,2.1,0.4,78.0
Bengaluru,BENGR_UHFSG_2023-02-05-08.30-1-62.jpg,2023,2,3,12,111,c_Unhealthy_for_Sensitive_Groups,2023-02-03,19.7,31.1,321.0,13.6,3.8,86.0
Mumbai,MH_UH_2023-02-02- 09.30-1-45.jpg,2023,2,2,12,182,d_Unhealthy,2023-02-02,122.9,179.7,829.0,44.0,61.7,239.0
"Biratnagar, Nepal",BIR_UNFSG_VF_2023-02-03-15.00-2-7.jpg,2023,2,3,12,141,c_Unhealthy_for_Sensitive_Groups,2023-02-03,69.8,99.7,581.0,11.6,6.8,112.0
"Knowledge park, Greater Noida",UP_SEV_2023-02-18-11.00-1-38.jpg,2023,2,18,12,320,f_Severe,2023-02-18,24.9,48.1,246.0,27.6,8.9,84.0
Mumbai,MH_Good_2023-03-22-18.00-1-7.jpg,2023,3,22,12,47,a_Good,2023-03-22,16.2,31.8,249.0,15.6,16.8,76.0
Tamil Nadu,TN_Good_2023-02-21-08.30-3-51.jpg,2023,2,21,12,29,a_Good,2023-02-21,2.1,3.2,146.0,1.6,0.3,82.0
Mumbai,MH_UN_2023-03-15-15.00-1-386.jpg,2023,3,15,12,162,d_Unhealthy,2023-03-15,190.5,276.6,1537.0,57.3,103.4,404.0
Tamil Nadu,TN_Good_2023-02-22-09.30-1-246.jpg,2023,2,22,12,36,a_Good,2023-02-22,8.3,12.4,216.0,13.8,2.4,52.0
"ITO, Delhi",DEL_VUnH_2023-02-16-17.00-2-80.jpg,2023,2,16,12,293,e_Very_Unhealthy,2023-02-16,2.0,3.3,115.0,0.6,0.0,52.0
Mumbai,MH_UH_2023-02-11-03.30-2-45.jpg,2023,2,11,12,154,d_Unhealthy,2023-02-11,50.5,82.9,477.0,34.0,35.6,181.0
"Knowledge park, Greater Noida",UP_SEV_2023-02-19-14.30-1-21.jpg,2023,2,19,12,357,f_Severe,2023-02-19,26.7,50.5,247.0,25.1,8.3,99.0
Mumbai,MH_UN_2023-03-02-08.00-1-6.jpg,2023,3,2,12,156,d_Unhealthy,2023-03-02,165.8,246.8,1018.0,45.0,70.9,342.0
"ITO, Delhi",DEL_SEV_2023-02-20-14.00-2-611.jpg,2023,2,20,12,363,f_Severe,2023-02-20,4.4,7.8,136.0,0.3,0.0,76.0
Tamil Nadu,TN_UN_2023-03-06-09.00-1-271.jpg,2023,3,6,12,161,d_Unhealthy,2023-03-06,15.6,22.5,298.0,24.2,0.8,36.0
"ITO, Delhi",DEL_VUH_2023-02-04-17.00-2-117.jpg,2023,2,4,12,281,e_Very_Unhealthy,2023-02-04,2.8,4.9,89.0,0.2,0.1,62.0
"ITO, Delhi",DEL_VUH_2023-02-04-17.00-2-85.jpg,2023,2,4,12,281,e_Very_Unhealthy,2023-02-04,2.8,4.9,89.0,0.2,0.1,62.0
"Biratnagar, Nepal",BIR_UNH_VF_2023-02-03- 10.00-2-16.jpg,2023,2,3,12,163,d_Unhealthy,2023-02-03,69.8,99.7,581.0,11.6,6.8,112.0
"New Ind Town, Faridabad",HAR_VUN_2022-10-02-10.00-1-2785.jpg,2022,10,2,12,230,e_Very_Unhealthy,2022-10-02,16.6,23.7,513.0,2.0,1.8,93.0
Mumbai,MH_UH_2023-02-10-14.30-1-52.jpg,2023,2,10,12,160,d_Unhealthy,2023-02-10,74.7,110.8,581.0,28.9,36.7,198.0
Tamil Nadu,TN_UNH_2023-02-03-13.30-1-39.jpg,2023,2,3,12,167,d_Unhealthy,2023-02-03,26.3,38.1,500.0,65.8,1.9,18.0
"ITO, Delhi",DEL_SEV_2023-02-22-14.00-2-721.jpg,2023,2,22,12,450,f_Severe,2023-02-22,2.4,4.2,128.0,0.1,0.0,83.0
"ITO, Delhi",DEL_SEV_2023-02-17-13.00-1-36.jpg,2023,2,17,12,372,f_Severe,2023-02-17,0.2,0.3,91.0,0.1,0.0,49.0
"ITO, Delhi",DEL_SEV_2023-02-16-18.00-2-26.jpg,2023,2,16,12,330,f_Severe,2023-02-16,2.0,3.3,115.0,0.6,0.0,52.0
Bengaluru,BENGR_Good_2023-03-17-08.30-1-148.jpg,2023,3,17,12,15,a_Good,2023-03-17,20.8,31.4,332.0,11.4,4.1,112.0
"Biratnagar, Nepal",BIR_UNH_VF_2023-02-02- 15.00-3-56.jpg,2023,2,2,12,156,d_Unhealthy,2023-02-02,57.2,81.7,581.0,12.1,8.5,98.0
"ITO, Delhi",DEL_SEV_2023-02-20-14.00-2-241.jpg,2023,2,20,12,363,f_Severe,2023-02-20,4.4,7.8,136.0,0.3,0.0,76.0
Tamil Nadu,TN_Good_2023-02-20-16.30-2-156.jpg,2023,2,20,12,43,a_Good,2023-02-20,2.1,3.0,150.0,2.1,0.4,78.0
"New Ind Town, Faridabad",HAR_VUN_2022-10-02-10.00-1-3321.jpg,2022,10,2,12,230,e_Very_Unhealthy,2022-10-02,16.6,23.7,513.0,2.0,1.8,93.0
Bengaluru,BENGR_Good_2023-02-19-08.30-1-1.jpg,2023,2,19,12,41,a_Good,2023-02-19,14.6,21.7,286.0,7.9,10.9,146.0
"Knowledge park, Greater Noida",UP_UHFSG_2023-03-06-11.30-1-237.jpg,2023,3,6,12,104,c_Unhealthy_for_Sensitive_Groups,2023-03-06,57.3,103.8,710.0,101.0,20.8,124.0
"Biratnagar, Nepal",BIR_UNH_VF_2023-02-02- 12.00-2-81.jpg,2023,2,2,12,158,d_Unhealthy,2023-02-02,57.2,81.7,581.0,12.1,8.5,98.0
Tamil Nadu,TN_UNH_2023-02-03-12.30-1-7.jpg,2023,2,3,12,150,d_Unhealthy,2023-02-03,26.3,38.1,500.0,65.8,1.9,18.0
Mumbai,MH_UN_2023-03-15-15.00-1-463.jpg,2023,3,15,12,162,d_Unhealthy,2023-03-15,190.5,276.6,1537.0,57.3,103.4,404.0
"ITO, Delhi",DEL_VUH_2023-02-04-17.00-2-47.jpg,2023,2,4,12,281,e_Very_Unhealthy,2023-02-04,2.8,4.9,89.0,0.2,0.1,62.0
Bengaluru,BENGR_Good_2023-03-21-08.30-1-449.jpg,2023,3,21,12,47,a_Good,2023-03-21,9.1,13.8,245.0,15.6,3.6,110.0
Mumbai,MH_UH_2023-02-02- 09.30-1-33.jpg,2023,2,2,12,182,d_Unhealthy,2023-02-02,122.9,179.7,829.0,44.0,61.7,239.0
Tamil Nadu,TN_UnFSG_2023-03-09-09.00-2-66.jpg,2023,3,9,12,134,c_Unhealthy_for_Sensitive_Groups,2023-03-09,10.4,15.2,234.0,12.8,0.9,62.0
"Biratnagar, Nepal",BIR_UNH_VF_2023-02-03- 10.00-2-59.jpg,2023,2,3,12,163,d_Unhealthy,2023-02-03,69.8,99.7,581.0,11.6,6.8,112.0
Mumbai,MH_UN_2023-03-16-11.00-1-316.jpg,2023,3,16,12,159,d_Unhealthy,2023-03-16,59.3,90.6,871.0,64.4,81.4,199.0
Tamil Nadu,TN_Good_2023-02-21-08.30-1-16.jpg,2023,2,21,12,29,a_Good,2023-02-21,2.1,3.2,146.0,1.6,0.3,82.0
"Knowledge park, Greater Noida",UP_UHFSG_2023-02-08-08.30-1-51.jpg,2023,2,8,12,133,c_Unhealthy_for_Sensitive_Groups,2023-02-08,53.7,112.2,526.0,86.8,19.1,87.0
"Biratnagar, Nepal",BIR_UNH_VF_2023-02-02- 15.00-4-3.jpg,2023,2,2,12,156,d_Unhealthy,2023-02-02,57.2,81.7,581.0,12.1,8.5,98.0
Bengaluru,BENGR_Good_2023-03-21-08.30-1-148.jpg,2023,3,21,12,47,a_Good,2023-03-21,9.1,13.8,245.0,15.6,3.6,110.0
Tamil Nadu,TN_UnFSG_2023-03-09-09.00-2-1.jpg,2023,3,9,12,134,c_Unhealthy_for_Sensitive_Groups,2023-03-09,10.4,15.2,234.0,12.8,0.9,62.0
"ITO, Delhi",DEL_SEV_2023-02-07-14.00-2-13.jpg,2023,2,7,12,449,f_Severe,2023-02-07,3.0,5.3,89.0,0.3,0.1,54.0
Tamil Nadu,TN_UHFSG_2023-02-02- 09.00-1-10.jpg,2023,2,2,12,107,c_Unhealthy_for_Sensitive_Groups,2023-02-02,23.7,34.2,540.0,59.0,1.5,15.0
"ITO, Delhi",DEL_VUnH_2023-02-16-17.00-2-58.jpg,2023,2,16,12,293,e_Very_Unhealthy,2023-02-16,2.0,3.3,115.0,0.6,0.0,52.0
"Dimapur, Nagaland",Dimapur_MOD_2023-02-10-08.30-2-72.jpg,2023,2,10,12,63,b_Moderate,2023-02-10,95.7,140.2,322.0,4.6,4.8,113.0
"Knowledge park, Greater Noida",UP_SEV_2023-02-19-14.30-1-25.jpg,2023,2,19,12,357,f_Severe,2023-02-19,26.7,50.5,247.0,25.1,8.3,99.0
"Biratnagar, Nepal",BIR_UNH_VF_2023-02-02- 15.00-2-86.jpg,2023,2,2,12,156,d_Unhealthy,2023-02-02,57.2,81.7,581.0,12.1,8.5,98.0
"Biratnagar, Nepal",BIR_UNH_VF_2023-02-02- 15.00-2-79.jpg,2023,2,2,12,156,d_Unhealthy,2023-02-02,57.2,81.7,581.0,12.1,8.5,98.0
"Biratnagar, Nepal",BIR_UNFSG_VF_2023-02-03-15.00-1-4.jpg,2023,2,3,12,141,c_Unhealthy_for_Sensitive_Groups,2023-02-03,69.8,99.7,581.0,11.6,6.8,112.0
"Biratnagar, Nepal",BIR_UH_2023-03-16-12.30-2-141.jpg,2023,3,16,12,154,d_Unhealthy,2023-03-16,68.5,98.7,456.0,5.4,8.3,132.0
"Dimapur, Nagaland",Dimapur_MOD_2023-02-10-08.30-1-30.jpg,2023,2,10,12,63,b_Moderate,2023-02-10,95.7,140.2,322.0,4.6,4.8,113.0
"Knowledge park, Greater Noida",UP_UN_2023-03-01-08.30-1-397.jpg,2023,3,1,12,199,d_Unhealthy,2023-03-01,21.1,47.7,354.0,67.2,13.3,48.0
Mumbai,MH_Good_2023-03-23-17.00-1-526.jpg,2023,3,23,12,47,a_Good,2023-03-23,18.4,34.5,257.0,17.2,19.2,71.0
"ITO, Delhi",DEL_VUH_2023-02-04-17.00-2-61.jpg,2023,2,4,12,281,e_Very_Unhealthy,2023-02-04,2.8,4.9,89.0,0.2,0.1,62.0
"ITO, Delhi",DEL_VUnH_2023-02-16-14.00-2-10.jpg,2023,2,16,12,268,e_Very_Unhealthy,2023-02-16,2.0,3.3,115.0,0.6,0.0,52.0
"Biratnagar, Nepal",BIR_UH_2023-03-16-12.30-4.jpg,2023,3,16,12,154,d_Unhealthy,2023-03-16,68.5,98.7,456.0,5.4,8.3,132.0
Tamil Nadu,TN_UnFSG_2023-03-09-09.00-2-146.jpg,2023,3,9,12,134,c_Unhealthy_for_Sensitive_Groups,2023-03-09,10.4,15.2,234.0,12.8,0.9,62.0
"Knowledge park, Greater Noida",UP_UN_2023-03-01-08.30-1-93.jpg,2023,3,1,12,199,d_Unhealthy,2023-03-01,21.1,47.7,354.0,67.2,13.3,48.0
Tamil Nadu,TN_UnFSG_2023-03-09-09.00-1-166.jpg,2023,3,9,12,134,c_Unhealthy_for_Sensitive_Groups,2023-03-09,10.4,15.2,234.0,12.8,0.9,62.0
Tamil Nadu,TN_UN_2023-03-06-09.00-1-111.jpg,2023,3,6,12,161,d_Unhealthy,2023-03-06,15.6,22.5,298.0,24.2,0.8,36.0
Mumbai,MH_UnFSG_2023-02-15-10.30-1-8.jpg,2023,2,15,12,143,c_Unhealthy_for_Sensitive_Groups,2023-02-15,82.2,119.0,737.0,40.3,51.8,253.0
Tamil Nadu,TN_UNH_2023-02-03-12.30-1-6.jpg,2023,2,3,12,150,d_Unhealthy,2023-02-03,26.3,38.1,500.0,65.8,1.9,18.0
"Biratnagar, Nepal",BIR_UNH_VF_2023-02-02- 15.00-3-35.jpg,2023,2,2,12,156,d_Unhealthy,2023-02-02,57.2,81.7,581.0,12.1,8.5,98.0
"ITO, Delhi",DL_VUNH_2023-02-04-17.00-1-44.jpg,2023,2,4,12,281,e_Very_Unhealthy,2023-02-04,2.8,4.9,89.0,0.2,0.1,62.0
Bengaluru,BENGR_Good_2023-02-26-08.30-1-276.jpg,2023,2,26,12,48,a_Good,2023-02-26,24.5,35.4,262.0,6.6,12.6,156.0
Bengaluru,BENGR_Good_2023-03-21-08.30-1-141.jpg,2023,3,21,12,47,a_Good,2023-03-21,9.1,13.8,245.0,15.6,3.6,110.0
Tamil Nadu,TN_Good_2023-02-22-09.30-3-191.jpg,2023,2,22,12,36,a_Good,2023-02-22,8.3,12.4,216.0,13.8,2.4,52.0
Mumbai,MH_UnFSG_2023-02-15-10.30-1-4.jpg,2023,2,15,12,143,c_Unhealthy_for_Sensitive_Groups,2023-02-15,82.2,119.0,737.0,40.3,51.8,253.0
Tamil Nadu,TN_UnFSG_2023-03-08-08.30-1-116.jpg,2023,3,8,12,121,c_Unhealthy_for_Sensitive_Groups,2023-03-08,21.1,30.5,475.0,70.5,1.8,17.0
Tamil Nadu,TN_UNH_2023-02-03-13.30-1-14.jpg,2023,2,3,12,167,d_Unhealthy,2023-02-03,26.3,38.1,500.0,65.8,1.9,18.0
"Knowledge park, Greater Noida",UP_SEV_2023-02-18-14.30-1-59.jpg,2023,2,18,12,331,f_Severe,2023-02-18,24.9,48.1,246.0,27.6,8.9,84.0
Tamil Nadu,TN_UnFSG_2023-03-08-08.30-1-266.jpg,2023,3,8,12,121,c_Unhealthy_for_Sensitive_Groups,2023-03-08,21.1,30.5,475.0,70.5,1.8,17.0
Tamil Nadu,TN_UnFSG_2023-03-01-08.30-1-301.jpg,2023,3,1,12,111,c_Unhealthy_for_Sensitive_Groups,2023-03-01,11.3,16.5,244.0,12.0,2.9,66.0
"Dimapur, Nagaland",Dimapur_UHFSG_2023-02-02- 09.00-1-51.jpg,2023,2,2,12,103,c_Unhealthy_for_Sensitive_Groups,2023-02-02,39.6,56.9,296.0,6.5,2.7,107.0
"Biratnagar, Nepal",BIR_MOD_2023-02-13-09.30-1-32.jpg,2023,2,13,12,91,b_Moderate,2023-02-13,40.7,59.3,429.0,13.7,9.2,101.0
Mumbai,MH_UnFSG_2023-03-10-16.00-1-16.jpg,2023,3,10,12,141,c_Unhealthy_for_Sensitive_Groups,2023-03-10,51.1,75.7,577.0,42.8,39.8,185.0
Tamil Nadu,TN_UnFSG_2023-03-02-08.30-1-251.jpg,2023,3,2,12,119,c_Unhealthy_for_Sensitive_Groups,2023-03-02,8.6,16.2,185.0,2.6,1.1,86.0
Bengaluru,BENGR_Good_2023-02-26-08.30-1-261.jpg,2023,2,26,12,48,a_Good,2023-02-26,24.5,35.4,262.0,6.6,12.6,156.0
"ITO, Delhi",DEL_SEV_2023-02-16-18.00-2-16.jpg,2023,2,16,12,330,f_Severe,2023-02-16,2.0,3.3,115.0,0.6,0.0,52.0
Mumbai,MH_UH_2023-02-14-11.30-1-54.jpg,2023,2,14,12,160,d_Unhealthy,2023-02-14,81.3,119.0,721.0,41.8,52.8,260.0
Tamil Nadu,TN_UnFSG_2023-03-02-08.30-1-171.jpg,2023,3,2,12,119,c_Unhealthy_for_Sensitive_Groups,2023-03-02,8.6,16.2,185.0,2.6,1.1,86.0
Mumbai,MH_UnFSG_2023-03-14-13.00-1-301.jpg,2023,3,14,12,138,c_Unhealthy_for_Sensitive_Groups,2023-03-14,160.7,240.3,1639.0,42.4,85.0,345.0
Mumbai,MH_UH_2023-02-02- 09.30-1-77.jpg,2023,2,2,12,182,d_Unhealthy,2023-02-02,122.9,179.7,829.0,44.0,61.7,239.0
Tamil Nadu,TN_Mod_2023-02-28-08.30-1-76.jpg,2023,2,28,12,73,b_Moderate,2023-02-28,3.8,5.7,174.0,4.3,0.9,75.0
Bengaluru,BENGR_Mod_2023-03-06-08.30-1-551.jpg,2023,3,6,12,68,b_Moderate,2023-03-06,12.6,18.6,218.0,6.5,8.2,129.0
Bengaluru,BENGR_UHFSG_2023-02-15-14.30-1-38.jpg,2023,2,15,12,103,c_Unhealthy_for_Sensitive_Groups,2023-02-15,18.6,26.8,278.0,7.8,11.8,147.0
"ITO, Delhi",DEL_VUH_2023-02-04-17.00-2-68.jpg,2023,2,4,12,281,e_Very_Unhealthy,2023-02-04,2.8,4.9,89.0,0.2,0.1,62.0
Bengaluru,BENGR_Mod_2023-02-24-08.30-1-436.jpg,2023,2,24,12,68,b_Moderate,2023-02-24,11.3,16.6,250.0,9.2,10.1,126.0
"ITO, Delhi",DEL_VUnH_2023-02-16-14.30-1-248.jpg,2023,2,16,12,245,e_Very_Unhealthy,2023-02-16,2.0,3.3,115.0,0.6,0.0,52.0
Tamil Nadu,TN_Good_2023-02-21-08.30-2-151.jpg,2023,2,21,12,29,a_Good,2023-02-21,2.1,3.2,146.0,1.6,0.3,82.0
Bengaluru,BENGR_Good_2023-02-28-08.30-1-326.jpg,2023,2,28,12,37,a_Good,2023-02-28,27.2,39.7,398.0,7.6,7.8,127.0
"Knowledge park, Greater Noida",UP_SEV_2023-02-18-14.30-1-89.jpg,2023,2,18,12,331,f_Severe,2023-02-18,24.9,48.1,246.0,27.6,8.9,84.0
"Biratnagar, Nepal",BIR_UH_2023-03-16-12.30-4-281.jpg,2023,3,16,12,154,d_Unhealthy,2023-03-16,68.5,98.7,456.0,5.4,8.3,132.0
Tamil Nadu,TN_UnFSG_2023-03-02-08.30-1-216.jpg,2023,3,2,12,119,c_Unhealthy_for_Sensitive_Groups,2023-03-02,8.6,16.2,185.0,2.6,1.1,86.0
Mumbai,MH_UH_2023-02-11-03.30-1-6.jpg,2023,2,11,12,154,d_Unhealthy,2023-02-11,50.5,82.9,477.0,34.0,35.6,181.0
"Knowledge park, Greater Noida",UP_SEV_2023-02-18-11.00-1-17.jpg,2023,2,18,12,320,f_Severe,2023-02-18,24.9,48.1,246.0,27.6,8.9,84.0
"ITO, Delhi",DEL_SEV_2023-02-07-14.00-2-37.jpg,2023,2,7,12,449,f_Severe,2023-02-07,3.0,5.3,89.0,0.3,0.1,54.0
"Dimapur, Nagaland",Dimapur_MOD_2023-02-10-08.30-2-3.jpg,2023,2,10,12,63,b_Moderate,2023-02-10,95.7,140.2,322.0,4.6,4.8,113.0
Tamil Nadu,TN_Good_2023-03-21-08.30-1-36.jpg,2023,3,21,12,27,a_Good,2023-03-21,8.3,12.3,214.0,11.7,1.2,58.0
"Biratnagar, Nepal",BIR_UNH_VF_2023-02-02- 15.00-4-2.jpg,2023,2,2,12,156,d_Unhealthy,2023-02-02,57.2,81.7,581.0,12.1,8.5,98.0
Mumbai,MH_VUN_2023-02-24-15.00-1-16.jpg,2023,2,24,12,202,e_Very_Unhealthy,2023-02-24,73.3,112.7,633.0,41.2,49.7,231.0
"Biratnagar, Nepal",BIR_UNFSG_VF_2023-02-03-15.00-3-3.jpg,2023,2,3,12,141,c_Unhealthy_for_Sensitive_Groups,2023-02-03,69.8,99.7,581.0,11.6,6.8,112.0
Bengaluru,BENGR_Mod_2023-02-21-08.30-1-441.jpg,2023,2,21,12,56,b_Moderate,2023-02-21,26.0,37.8,303.0,8.9,11.2,152.0
Bengaluru,BENGR_Good_2023-03-21-08.30-1-183.jpg,2023,3,21,12,47,a_Good,2023-03-21,9.1,13.8,245.0,15.6,3.6,110.0
Bengaluru,BENGR_Good_2023-03-25-08.30-1-61.jpg,2023,3,25,12,32,a_Good,2023-03-25,26.6,39.9,248.0,8.4,5.4,133.0
"ITO, Delhi",DEL_SEV_2023-02-22-14.00-2-151.jpg,2023,2,22,12,450,f_Severe,2023-02-22,2.4,4.2,128.0,0.1,0.0,83.0
"Biratnagar, Nepal",BIR_UNH_VF_2023-02-02- 1700-2-18.jpg,2023,2,2,12,156,d_Unhealthy,2023-02-02,57.2,81.7,581.0,12.1,8.5,98.0
Bengaluru,BENGR_Mod_2023-03-06-08.30-1-101.jpg,2023,3,6,12,68,b_Moderate,2023-03-06,12.6,18.6,218.0,6.5,8.2,129.0
Tamil Nadu,TN_UnFSG_2023-03-09-09.00-2-111.jpg,2023,3,9,12,134,c_Unhealthy_for_Sensitive_Groups,2023-03-09,10.4,15.2,234.0,12.8,0.9,62.0
Tamil Nadu,TN_UnFSG_2023-03-03-09.00-1-71.jpg,2023,3,3,12,121,c_Unhealthy_for_Sensitive_Groups,2023-03-03,5.2,9.4,154.0,1.6,1.3,86.0
Bengaluru,BENGR_Mod_2023-02-23-08.30-1-141.jpg,2023,2,23,12,97,b_Moderate,2023-02-23,18.2,26.4,272.0,8.0,8.1,126.0
"Knowledge park, Greater Noida",UP_SEV_2023-02-18-14.30-1-95.jpg,2023,2,18,12,331,f_Severe,2023-02-18,24.9,48.1,246.0,27.6,8.9,84.0
Mumbai,MH_UH_2023-02-02- 09.30-1-85.jpg,2023,2,2,12,182,d_Unhealthy,2023-02-02,122.9,179.7,829.0,44.0,61.7,239.0
Tamil Nadu,TN_UnFSG_2023-03-03-09.00-2-156.jpg,2023,3,3,12,121,c_Unhealthy_for_Sensitive_Groups,2023-03-03,5.2,9.4,154.0,1.6,1.3,86.0
"ITO, Delhi",DL_VUNH_2023-02-04-17.00-1-28.jpg,2023,2,4,12,281,e_Very_Unhealthy,2023-02-04,2.8,4.9,89.0,0.2,0.1,62.0
Mumbai,MH_UN_2023-03-02-08.00-1-276.jpg,2023,3,2,12,156,d_Unhealthy,2023-03-02,165.8,246.8,1018.0,45.0,70.9,342.0
Bengaluru,BENGR_UHFSG_2023-02-09-08.30-1-7.jpg,2023,2,9,12,103,c_Unhealthy_for_Sensitive_Groups,2023-02-09,28.2,41.3,282.0,10.7,8.9,132.0
"New Ind Town, Faridabad",HAR_VUN_2022-10-02-10.00-1-1801.jpg,2022,10,2,12,230,e_Very_Unhealthy,2022-10-02,16.6,23.7,513.0,2.0,1.8,93.0
Mumbai,MH_UN_2023-03-16-11.00-1-43.jpg,2023,3,16,12,159,d_Unhealthy,2023-03-16,59.3,90.6,871.0,64.4,81.4,199.0
"Biratnagar, Nepal",BIR_UNFSG_VF_2023-02-03-15.00-3-77.jpg,2023,2,3,12,141,c_Unhealthy_for_Sensitive_Groups,2023-02-03,69.8,99.7,581.0,11.6,6.8,112.0
"Dimapur, Nagaland",Dimapur_UHFSG_2023-02-02- 09.00-3-75.jpg,2023,2,2,12,103,c_Unhealthy_for_Sensitive_Groups,2023-02-02,39.6,56.9,296.0,6.5,2.7,107.0
"Knowledge park, Greater Noida",UP_UHFSG_2023-02-08-08.30-1-81.jpg,2023,2,8,12,133,c_Unhealthy_for_Sensitive_Groups,2023-02-08,53.7,112.2,526.0,86.8,19.1,87.0
"New Ind Town, Faridabad",HAR_VUN_2022-10-02-10.00-1-3497.jpg,2022,10,2,12,230,e_Very_Unhealthy,2022-10-02,16.6,23.7,513.0,2.0,1.8,93.0
"ITO, Delhi",DEL_SEV_2023-02-20-14.00-1-276.jpg,2023,2,20,12,363,f_Severe,2023-02-20,4.4,7.8,136.0,0.3,0.0,76.0
"ITO, Delhi",DEL_VUnH_2023-02-04-17.00-8.jpg,2023,2,4,12,281,e_Very_Unhealthy,2023-02-04,2.8,4.9,89.0,0.2,0.1,62.0
"New Ind Town, Faridabad",HAR_VUN_2022-10-02-10.00-1-4545.jpg,2022,10,2,12,230,e_Very_Unhealthy,2022-10-02,16.6,23.7,513.0,2.0,1.8,93.0
Tamil Nadu,TN_UnFSG_2023-03-08-08.30-1-101.jpg,2023,3,8,12,121,c_Unhealthy_for_Sensitive_Groups,2023-03-08,21.1,30.5,475.0,70.5,1.8,17.0
Tamil Nadu,TN_Good_2023-02-22-09.30-3-186.jpg,2023,2,22,12,36,a_Good,2023-02-22,8.3,12.4,216.0,13.8,2.4,52.0
"New Ind Town, Faridabad",HAR_VUN_2022-10-02-10.00-1-2297.jpg,2022,10,2,12,230,e_Very_Unhealthy,2022-10-02,16.6,23.7,513.0,2.0,1.8,93.0
Tamil Nadu,TN_Good_2023-02-22-09.30-2-211.jpg,2023,2,22,12,36,a_Good,2023-02-22,8.3,12.4,216.0,13.8,2.4,52.0
"ITO, Delhi",DL_VUNH_2023-02-04-17.00-1-77.jpg,2023,2,4,12,281,e_Very_Unhealthy,2023-02-04,2.8,4.9,89.0,0.2,0.1,62.0
Tamil Nadu,TN_Good_2023-02-21-08.30-1-141.jpg,2023,2,21,12,29,a_Good,2023-02-21,2.1,3.2,146.0,1.6,0.3,82.0
Mumbai,MH_VUN_2023-03-05-08.30-2-256.jpg,2023,3,5,12,284,e_Very_Unhealthy,2023-03-05,278.5,401.4,1413.0,23.7,39.9,325.0
"Biratnagar, Nepal",BIR_UFSG_2023-02-14- 14.30-3-31.jpg,2023,2,14,12,101,c_Unhealthy_for_Sensitive_Groups,2023-02-14,43.3,62.6,471.0,15.4,7.5,101.0
"Biratnagar, Nepal",BIR_UH_2023-03-16-12.30-1-1.jpg,2023,3,16,12,154,d_Unhealthy,2023-03-16,68.5,98.7,456.0,5.4,8.3,132.0
Bengaluru,BENGR_UHFSG_2023-02-09-08.30-1-2.jpg,2023,2,9,12,103,c_Unhealthy_for_Sensitive_Groups,2023-02-09,28.2,41.3,282.0,10.7,8.9,132.0
Mumbai,MH_UnFSG_2023-02-23-11.00-1-231.jpg,2023,2,23,12,130,c_Unhealthy_for_Sensitive_Groups,2023-02-23,70.5,109.9,662.0,40.6,61.8,226.0
"Biratnagar, Nepal",BIR_UNH_VF_2023-02-03- 10.00-2-31.jpg,2023,2,3,12,163,d_Unhealthy,2023-02-03,69.8,99.7,581.0,11.6,6.8,112.0
"New Ind Town, Faridabad",HAR_VUN_2022-10-02-10.00-1-4585.jpg,2022,10,2,12,230,e_Very_Unhealthy,2022-10-02,16.6,23.7,513.0,2.0,1.8,93.0
Bengaluru,BENGR_Mod_2023-02-23-08.30-1-411.jpg,2023,2,23,12,97,b_Moderate,2023-02-23,18.2,26.4,272.0,8.0,8.1,126.0
"Biratnagar, Nepal",BIR_UNH_VF_2023-02-02- 1700-3-16.jpg,2023,2,2,12,156,d_Unhealthy,2023-02-02,57.2,81.7,581.0,12.1,8.5,98.0
Mumbai,MH_Mod_2023-03-21-15.00-1-134.jpg,2023,3,21,12,92,b_Moderate,2023-03-21,15.9,32.0,246.0,16.3,15.8,72.0
"New Ind Town, Faridabad",HAR_VUN_2022-10-02-10.00-1-2369.jpg,2022,10,2,12,230,e_Very_Unhealthy,2022-10-02,16.6,23.7,513.0,2.0,1.8,93.0
Bengaluru,BENGR_Mod_2023-02-25-08.30-1-551.jpg,2023,2,25,12,73,b_Moderate,2023-02-25,19.2,27.9,256.0,7.8,9.3,142.0
"Biratnagar, Nepal",BIR_UNH_VF_2023-02-02- 15.00-2-62.jpg,2023,2,2,12,156,d_Unhealthy,2023-02-02,57.2,81.7,581.0,12.1,8.5,98.0
"ITO, Delhi",DEL_UnH_2023-02-15-11.30-2-28.jpg,2023,2,15,12,179,d_Unhealthy,2023-02-15,2.5,3.7,124.0,1.0,0.0,54.0
Bengaluru,BENGR_Mod_2023-02-25-08.30-1-6.jpg,2023,2,25,12,73,b_Moderate,2023-02-25,19.2,27.9,256.0,7.8,9.3,142.0
"Knowledge park, Greater Noida",UP_SEV_2023-02-20-08.30-1-56.jpg,2023,2,20,12,331,f_Severe,2023-02-20,26.1,49.7,219.0,20.0,5.1,100.0
Bengaluru,BENGR_Good_2023-02-28-08.30-1-136.jpg,2023,2,28,12,37,a_Good,2023-02-28,27.2,39.7,398.0,7.6,7.8,127.0
"ITO, Delhi",DEL_SEV_2023-02-17-13.00-1-53.jpg,2023,2,17,12,372,f_Severe,2023-02-17,0.2,0.3,91.0,0.1,0.0,49.0
"Biratnagar, Nepal",BRI_UFSG_2023-02-03- 15.00-7.jpg,2023,2,3,12,141,c_Unhealthy_for_Sensitive_Groups,2023-02-03,69.8,99.7,581.0,11.6,6.8,112.0
Mumbai,MH_UnFSG_2023-03-14-13.00-1-373.jpg,2023,3,14,12,138,c_Unhealthy_for_Sensitive_Groups,2023-03-14,160.7,240.3,1639.0,42.4,85.0,345.0
Mumbai,MH_Good_2023-03-23-17.00-1-358.jpg,2023,3,23,12,47,a_Good,2023-03-23,18.4,34.5,257.0,17.2,19.2,71.0
"Biratnagar, Nepal",BIR_UNH_VF_2023-02-02- 15.00-2-48.jpg,2023,2,2,12,156,d_Unhealthy,2023-02-02,57.2,81.7,581.0,12.1,8.5,98.0
Bengaluru,BENGR_Good_2023-03-21-08.30-1-281.jpg,2023,3,21,12,47,a_Good,2023-03-21,9.1,13.8,245.0,15.6,3.6,110.0
"ITO, Delhi",DEL_VUnH_2023-02-16-14.30-1-104.jpg,2023,2,16,12,245,e_Very_Unhealthy,2023-02-16,2.0,3.3,115.0,0.6,0.0,52.0
"ITO, Delhi",DEL_SEV_2023-02-20-14.00-2-171.jpg,2023,2,20,12,363,f_Severe,2023-02-20,4.4,7.8,136.0,0.3,0.0,76.0
"Biratnagar, Nepal",BIR_UNFSG_VF_2023-02-03-16.00-2-39.jpg,2023,2,3,12,141,c_Unhealthy_for_Sensitive_Groups,2023-02-03,69.8,99.7,581.0,11.6,6.8,112.0
"ITO, Delhi",DEL_SEV_2023-02-20-14.00-3-241.jpg,2023,2,20,12,363,f_Severe,2023-02-20,4.4,7.8,136.0,0.3,0.0,76.0
"ITO, Delhi",DEL_SEV_2023-02-20-14.00-1-111.jpg,2023,2,20,12,363,f_Severe,2023-02-20,4.4,7.8,136.0,0.3,0.0,76.0
Mumbai,MH_UnFSG_2023-02-15-10.30-1-37.jpg,2023,2,15,12,143,c_Unhealthy_for_Sensitive_Groups,2023-02-15,82.2,119.0,737.0,40.3,51.8,253.0
Tamil Nadu,TN_Good_2023-02-20-08.30-1-50.jpg,2023,2,20,12,37,a_Good,2023-02-20,2.1,3.0,150.0,2.1,0.4,78.0
Bengaluru,BENGR_Mod_2023-02-24-08.30-1-361.jpg,2023,2,24,12,68,b_Moderate,2023-02-24,11.3,16.6,250.0,9.2,10.1,126.0
"Knowledge park, Greater Noida",UP_UHFSG_2023-02-08-08.30-1-54.jpg,2023,2,8,12,133,c_Unhealthy_for_Sensitive_Groups,2023-02-08,53.7,112.2,526.0,86.8,19.1,87.0
"Biratnagar, Nepal",BIR_UNH_VF_2023-02-03- 10.00-2-23.jpg,2023,2,3,12,163,d_Unhealthy,2023-02-03,69.8,99.7,581.0,11.6,6.8,112.0
"ITO, Delhi",DEL_VUH_2023-02-04-17.00-2-26.jpg,2023,2,4,12,281,e_Very_Unhealthy,2023-02-04,2.8,4.9,89.0,0.2,0.1,62.0
Tamil Nadu,TN_Good_2023-02-22-09.30-1-241.jpg,2023,2,22,12,36,a_Good,2023-02-22,8.3,12.4,216.0,13.8,2.4,52.0
Mumbai,MH_UH_2023-02-03- 09.30-1-8.jpg,2023,2,3,12,162,d_Unhealthy,2023-02-03,121.1,177.4,813.0,48.2,60.2,256.0
"Dimapur, Nagaland",Dimapur_MOD_2023-02-10-08.30-2-5.jpg,2023,2,10,12,63,b_Moderate,2023-02-10,95.7,140.2,322.0,4.6,4.8,113.0
Bengaluru,BENGR_Good_2023-02-19-08.30-1-29.jpg,2023,2,19,12,41,a_Good,2023-02-19,14.6,21.7,286.0,7.9,10.9,146.0
"ITO, Delhi",DEL_UnH_2023-02-15-11.30-2-2.jpg,2023,2,15,12,179,d_Unhealthy,2023-02-15,2.5,3.7,124.0,1.0,0.0,54.0
Bengaluru,BENGR_Good_2023-03-25-08.30-1-53.jpg,2023,3,25,12,32,a_Good,2023-03-25,26.6,39.9,248.0,8.4,5.4,133.0
Tamil Nadu,TN_UNH_2023-02-03-13.30-1-29.jpg,2023,2,3,12,167,d_Unhealthy,2023-02-03,26.3,38.1,500.0,65.8,1.9,18.0
Tamil Nadu,TN_Good_2023-02-22-09.30-3-236.jpg,2023,2,22,12,36,a_Good,2023-02-22,8.3,12.4,216.0,13.8,2.4,52.0
"ITO, Delhi",DEL_VUnH_2023-02-16-14.30-1-187.jpg,2023,2,16,12,245,e_Very_Unhealthy,2023-02-16,2.0,3.3,115.0,0.6,0.0,52.0
"ITO, Delhi",DEL_VUnH_2023-02-04-17.00-2.jpg,2023,2,4,12,281,e_Very_Unhealthy,2023-02-04,2.8,4.9,89.0,0.2,0.1,62.0
"New Ind Town, Faridabad",HAR_VUN_2022-10-02-10.00-1-4665.jpg,2022,10,2,12,230,e_Very_Unhealthy,2022-10-02,16.6,23.7,513.0,2.0,1.8,93.0
"Knowledge park, Greater Noida",UP_SEV_2023-02-18-14.30-1-71.jpg,2023,2,18,12,331,f_Severe,2023-02-18,24.9,48.1,246.0,27.6,8.9,84.0
"ITO, Delhi",DEL_SEV_2023-02-22-14.00-1-116.jpg,2023,2,22,12,450,f_Severe,2023-02-22,2.4,4.2,128.0,0.1,0.0,83.0
Bengaluru,BENGR_Good_2023-03-17-08.30-1-162.jpg,2023,3,17,12,15,a_Good,2023-03-17,20.8,31.4,332.0,11.4,4.1,112.0
Mumbai,MH_UnFSG_2023-02-17-13.00-2-13.jpg,2023,2,17,12,140,c_Unhealthy_for_Sensitive_Groups,2023-02-17,64.3,96.9,620.0,42.0,43.7,225.0
"ITO, Delhi",DEL_SEV_2023-02-17-13.00-2-5.jpg,2023,2,17,12,372,f_Severe,2023-02-17,0.2,0.3,91.0,0.1,0.0,49.0
"Biratnagar, Nepal",BIR_UNH_VF_2023-02-03- 10.00-3-62.jpg,2023,2,3,12,163,d_Unhealthy,2023-02-03,69.8,99.7,581.0,11.6,6.8,112.0
Mumbai,MH_UH_2023-02-02- 09.30-1-41.jpg,2023,2,2,12,182,d_Unhealthy,2023-02-02,122.9,179.7,829.0,44.0,61.7,239.0
Tamil Nadu,TN_Good_2023-02-21-08.30-2-126.jpg,2023,2,21,12,29,a_Good,2023-02-21,2.1,3.2,146.0,1.6,0.3,82.0
Tamil Nadu,TN_UnFSG_2023-03-03-09.00-1-181.jpg,2023,3,3,12,121,c_Unhealthy_for_Sensitive_Groups,2023-03-03,5.2,9.4,154.0,1.6,1.3,86.0
"Biratnagar, Nepal",BIR_UNH_VF_2023-02-02- 15.00-4-7.jpg,2023,2,2,12,156,d_Unhealthy,2023-02-02,57.2,81.7,581.0,12.1,8.5,98.0
Tamil Nadu,TN_Good_2023-02-27-16.30-1-106.jpg,2023,2,27,12,43,a_Good,2023-02-27,5.9,9.2,177.0,7.1,1.1,74.0
"Biratnagar, Nepal",BIR_UNFSG_VF_2023-02-03-16.00-2-35.jpg,2023,2,3,12,141,c_Unhealthy_for_Sensitive_Groups,2023-02-03,69.8,99.7,581.0,11.6,6.8,112.0
"New Ind Town, Faridabad",HAR_VUN_2022-10-02-10.00-1-2673.jpg,2022,10,2,12,230,e_Very_Unhealthy,2022-10-02,16.6,23.7,513.0,2.0,1.8,93.0
"ITO, Delhi",DEL_SEV_2023-02-20-14.00-1-301.jpg,2023,2,20,12,363,f_Severe,2023-02-20,4.4,7.8,136.0,0.3,0.0,76.0
"Biratnagar, Nepal",BIR_UNFSG_VF_2023-02-03-16.00-1-34.jpg,2023,2,3,12,141,c_Unhealthy_for_Sensitive_Groups,2023-02-03,69.8,99.7,581.0,11.6,6.8,112.0
Tamil Nadu,TN_Good_2023-02-27-16.30-1-116.jpg,2023,2,27,12,43,a_Good,2023-02-27,5.9,9.2,177.0,7.1,1.1,74.0
Mumbai,MH_UN_2023-03-02-08.00-1-231.jpg,2023,3,2,12,156,d_Unhealthy,2023-03-02,165.8,246.8,1018.0,45.0,70.9,342.0
Tamil Nadu,TN_UN_2023-03-06-09.00-1-226.jpg,2023,3,6,12,161,d_Unhealthy,2023-03-06,15.6,22.5,298.0,24.2,0.8,36.0
Mumbai,MH_UnFSG_2023-02-17-19.00-2-11.jpg,2023,2,17,12,145,c_Unhealthy_for_Sensitive_Groups,2023-02-17,64.3,96.9,620.0,42.0,43.7,225.0
"ITO, Delhi",DL_VUNH_2023-02-04-17.00-1-52.jpg,2023,2,4,12,281,e_Very_Unhealthy,2023-02-04,2.8,4.9,89.0,0.2,0.1,62.0
"Biratnagar, Nepal",BIR_UNFSG_VF_2023-02-03-16.00-1-78.jpg,2023,2,3,12,141,c_Unhealthy_for_Sensitive_Groups,2023-02-03,69.8,99.7,581.0,11.6,6.8,112.0
"Biratnagar, Nepal",BRI_UFSG_2023-02-03- 15.00-4.jpg,2023,2,3,12,141,c_Unhealthy_for_Sensitive_Groups,2023-02-03,69.8,99.7,581.0,11.6,6.8,112.0
"ITO, Delhi",DEL_VUnH_2023-02-16-17.00-1-2.jpg,2023,2,16,12,293,e_Very_Unhealthy,2023-02-16,2.0,3.3,115.0,0.6,0.0,52.0
"Knowledge park, Greater Noida",UP_UHFSG_2023-03-06-11.30-1-433.jpg,2023,3,6,12,104,c_Unhealthy_for_Sensitive_Groups,2023-03-06,57.3,103.8,710.0,101.0,20.8,124.0
"Biratnagar, Nepal",BIR_UNH_VF_2023-02-02- 12.00-2-93.jpg,2023,2,2,12,158,d_Unhealthy,2023-02-02,57.2,81.7,581.0,12.1,8.5,98.0
"ITO, Delhi",DEL_SEV_2023-02-07-14.00-2-40.jpg,2023,2,7,12,449,f_Severe,2023-02-07,3.0,5.3,89.0,0.3,0.1,54.0
"Knowledge park, Greater Noida",UP_UN_2023-03-01-08.30-1-297.jpg,2023,3,1,12,199,d_Unhealthy,2023-03-01,21.1,47.7,354.0,67.2,13.3,48.0
Tamil Nadu,TN_UnFSG_2023-03-02-08.30-1-151.jpg,2023,3,2,12,119,c_Unhealthy_for_Sensitive_Groups,2023-03-02,8.6,16.2,185.0,2.6,1.1,86.0
"Knowledge park, Greater Noida",UP_UHFSG_2023-03-06-11.30-1-345.jpg,2023,3,6,12,104,c_Unhealthy_for_Sensitive_Groups,2023-03-06,57.3,103.8,710.0,101.0,20.8,124.0
"Biratnagar, Nepal",BIR_UNH_VF_2023-02-02- 12.00-1-95.jpg,2023,2,2,12,158,d_Unhealthy,2023-02-02,57.2,81.7,581.0,12.1,8.5,98.0
Tamil Nadu,TN_Good_2023-02-22-09.30-1-116.jpg,2023,2,22,12,36,a_Good,2023-02-22,8.3,12.4,216.0,13.8,2.4,52.0
"Biratnagar, Nepal",BIR_UNH_VF_2023-02-03- 10.00-3-28.jpg,2023,2,3,12,163,d_Unhealthy,2023-02-03,69.8,99.7,581.0,11.6,6.8,112.0
"Knowledge park, Greater Noida",UP_SEV_2023-02-18-14.30-1-107.jpg,2023,2,18,12,331,f_Severe,2023-02-18,24.9,48.1,246.0,27.6,8.9,84.0
"Biratnagar, Nepal",BIR_UNH_VF_2023-02-03- 10.00-3-40.jpg,2023,2,3,12,163,d_Unhealthy,2023-02-03,69.8,99.7,581.0,11.6,6.8,112.0
"Knowledge park, Greater Noida",UP_UHFSG_2023-02-24-08.30-1-121.jpg,2023,2,24,12,141,c_Unhealthy_for_Sensitive_Groups,2023-02-24,132.7,224.4,1109.0,243.3,40.8,181.0
Tamil Nadu,TN_UN_2023-03-06-09.00-1-11.jpg,2023,3,6,12,161,d_Unhealthy,2023-03-06,15.6,22.5,298.0,24.2,0.8,36.0
Mumbai,MH_UnFSG_2023-03-14-13.00-1-13.jpg,2023,3,14,12,138,c_Unhealthy_for_Sensitive_Groups,2023-03-14,160.7,240.3,1639.0,42.4,85.0,345.0
Bengaluru,BENGR_Mod_2023-02-23-08.30-1-451.jpg,2023,2,23,12,97,b_Moderate,2023-02-23,18.2,26.4,272.0,8.0,8.1,126.0
Bengaluru,BENGR_Mod_2023-02-24-08.30-1-426.jpg,2023,2,24,12,68,b_Moderate,2023-02-24,11.3,16.6,250.0,9.2,10.1,126.0
"ITO, Delhi",DEL_SEV_2023-02-16-18.00-2-18.jpg,2023,2,16,12,330,f_Severe,2023-02-16,2.0,3.3,115.0,0.6,0.0,52.0
Bengaluru,BENGR_Mod_2023-02-23-08.30-1-541.jpg,2023,2,23,12,97,b_Moderate,2023-02-23,18.2,26.4,272.0,8.0,8.1,126.0
"ITO, Delhi",DEL_VUnH_2023-02-16-14.30-1-123.jpg,2023,2,16,12,245,e_Very_Unhealthy,2023-02-16,2.0,3.3,115.0,0.6,0.0,52.0
Mumbai,MH_UH_2023-02-03- 09.30-1-87.jpg,2023,2,3,12,162,d_Unhealthy,2023-02-03,121.1,177.4,813.0,48.2,60.2,256.0
"ITO, Delhi",DEL_SEV_2023-02-22-14.00-1-126.jpg,2023,2,22,12,450,f_Severe,2023-02-22,2.4,4.2,128.0,0.1,0.0,83.0
Mumbai,MH_UnFSG_2023-03-10-16.00-1-236.jpg,2023,3,10,12,141,c_Unhealthy_for_Sensitive_Groups,2023-03-10,51.1,75.7,577.0,42.8,39.8,185.0
"ITO, Delhi",DEL_SEV_2023-02-20-14.00-2-586.jpg,2023,2,20,12,363,f_Severe,2023-02-20,4.4,7.8,136.0,0.3,0.0,76.0
"ITO, Delhi",DEL_VUH_2023-02-04-17.00-2-7.jpg,2023,2,4,12,281,e_Very_Unhealthy,2023-02-04,2.8,4.9,89.0,0.2,0.1,62.0
Bengaluru,BENGR_Mod_2023-02-25-08.30-1-366.jpg,2023,2,25,12,73,b_Moderate,2023-02-25,19.2,27.9,256.0,7.8,9.3,142.0
Tamil Nadu,TN_Good_2023-03-21-08.30-1-134.jpg,2023,3,21,12,27,a_Good,2023-03-21,8.3,12.3,214.0,11.7,1.2,58.0
Mumbai,MH_UH_2023-02-11-03.30-2-54.jpg,2023,2,11,12,154,d_Unhealthy,2023-02-11,50.5,82.9,477.0,34.0,35.6,181.0
Tamil Nadu,TN_MOD_2023-02-09-08.30-2-12.jpg,2023,2,9,12,78,b_Moderate,2023-02-09,20.1,29.8,485.0,57.4,2.2,10.0
Bengaluru,BENGR_Mod_2023-02-24-08.30-1-111.jpg,2023,2,24,12,68,b_Moderate,2023-02-24,11.3,16.6,250.0,9.2,10.1,126.0
"Biratnagar, Nepal",BIR_MOD_2023-02-13-09.30-2-21.jpg,2023,2,13,12,91,b_Moderate,2023-02-13,40.7,59.3,429.0,13.7,9.2,101.0
"Biratnagar, Nepal",BIR_UH_2023-03-16-12.30-1-78.jpg,2023,3,16,12,154,d_Unhealthy,2023-03-16,68.5,98.7,456.0,5.4,8.3,132.0
"ITO, Delhi",DEL_SEV_2023-02-20-14.00-1-636.jpg,2023,2,20,12,363,f_Severe,2023-02-20,4.4,7.8,136.0,0.3,0.0,76.0
"Dimapur, Nagaland",Dimapur_UHFSG_2023-02-02- 09.00-2-3.jpg,2023,2,2,12,103,c_Unhealthy_for_Sensitive_Groups,2023-02-02,39.6,56.9,296.0,6.5,2.7,107.0
Tamil Nadu,TN_UnFSG_2023-03-01-08.30-1-21.jpg,2023,3,1,12,111,c_Unhealthy_for_Sensitive_Groups,2023-03-01,11.3,16.5,244.0,12.0,2.9,66.0
Mumbai,MH_UH_2023-02-02- 09.30-1-10.jpg,2023,2,2,12,182,d_Unhealthy,2023-02-02,122.9,179.7,829.0,44.0,61.7,239.0
Bengaluru,BENGR_Mod_2023-03-09-08.30-1-451.jpg,2023,3,9,12,51,b_Moderate,2023-03-09,32.7,47.8,341.0,6.8,6.3,123.0
Bengaluru,BENGR_Good_2023-02-26-08.30-1-386.jpg,2023,2,26,12,48,a_Good,2023-02-26,24.5,35.4,262.0,6.6,12.6,156.0
"Biratnagar, Nepal",BIR_UNH_VF_2023-02-02- 12.00-2-61.jpg,2023,2,2,12,158,d_Unhealthy,2023-02-02,57.2,81.7,581.0,12.1,8.5,98.0
Mumbai,MH_VUN_2023-03-05-08.30-2-36.jpg,2023,3,5,12,284,e_Very_Unhealthy,2023-03-05,278.5,401.4,1413.0,23.7,39.9,325.0
Bengaluru,BENGR_Mod_2023-03-13-08.30-1-386.jpg,2023,3,13,12,53,b_Moderate,2023-03-13,27.1,39.7,365.0,8.1,8.5,111.0
"New Ind Town, Faridabad",HAR_VUN_2022-10-02-10.00-1-1289.jpg,2022,10,2,12,230,e_Very_Unhealthy,2022-10-02,16.6,23.7,513.0,2.0,1.8,93.0
"Biratnagar, Nepal",BIR_UNH_VF_2023-02-03- 10.00-3-48.jpg,2023,2,3,12,163,d_Unhealthy,2023-02-03,69.8,99.7,581.0,11.6,6.8,112.0
Mumbai,MH_UH_2023-02-03- 09.30-1-35.jpg,2023,2,3,12,162,d_Unhealthy,2023-02-03,121.1,177.4,813.0,48.2,60.2,256.0
Tamil Nadu,TN_Good_2023-02-23-08.30-2-241.jpg,2023,2,23,12,43,a_Good,2023-02-23,2.9,4.1,131.0,0.9,1.6,95.0
"ITO, Delhi",DEL_SEV_2023-02-16-18.00-2-27.jpg,2023,2,16,12,330,f_Severe,2023-02-16,2.0,3.3,115.0,0.6,0.0,52.0
"Knowledge park, Greater Noida",UP_VUN_2023-03-02-09.00-1-693.jpg,2023,3,2,12,223,e_Very_Unhealthy,2023-03-02,20.5,48.2,338.0,56.9,14.0,72.0
"Biratnagar, Nepal",BIR_UNH_VF_2023-02-02- 12.00-2-32.jpg,2023,2,2,12,158,d_Unhealthy,2023-02-02,57.2,81.7,581.0,12.1,8.5,98.0
Mumbai,MH_Good_2023-03-23-17.00-1-197.jpg,2023,3,23,12,47,a_Good,2023-03-23,18.4,34.5,257.0,17.2,19.2,71.0
"Knowledge park, Greater Noida",UP_SEV_2023-02-19-14.30-1-17.jpg,2023,2,19,12,357,f_Severe,2023-02-19,26.7,50.5,247.0,25.1,8.3,99.0
Bengaluru,BENGR_Good_2023-03-25-08.30-1-12.jpg,2023,3,25,12,32,a_Good,2023-03-25,26.6,39.9,248.0,8.4,5.4,133.0
"ITO, Delhi",DEL_SEV_2023-02-22-14.00-1-76.jpg,2023,2,22,12,450,f_Severe,2023-02-22,2.4,4.2,128.0,0.1,0.0,83.0
"Biratnagar, Nepal",BIR_UNFSG_VF_2023-02-03-15.00-1-41.jpg,2023,2,3,12,141,c_Unhealthy_for_Sensitive_Groups,2023-02-03,69.8,99.7,581.0,11.6,6.8,112.0
Mumbai,MH_UH_2023-02-02- 09.30-1-36.jpg,2023,2,2,12,182,d_Unhealthy,2023-02-02,122.9,179.7,829.0,44.0,61.7,239.0
"Biratnagar, Nepal",BIR_UNFSG_VF_2023-02-03-16.00-2-74.jpg,2023,2,3,12,141,c_Unhealthy_for_Sensitive_Groups,2023-02-03,69.8,99.7,581.0,11.6,6.8,112.0
Bengaluru,BENGR_Mod_2023-03-06-08.30-1-176.jpg,2023,3,6,12,68,b_Moderate,2023-03-06,12.6,18.6,218.0,6.5,8.2,129.0
"Knowledge park, Greater Noida",UP_VUN_2023-02-27-10.30-1-41.jpg,2023,2,27,12,299,e_Very_Unhealthy,2023-02-27,44.7,71.7,613.0,101.2,20.5,98.0
"ITO, Delhi",DEL_SEV_2023-02-20-14.00-1-141.jpg,2023,2,20,12,363,f_Severe,2023-02-20,4.4,7.8,136.0,0.3,0.0,76.0
Mumbai,MH_UnFSG_2023-03-10-16.00-1-241.jpg,2023,3,10,12,141,c_Unhealthy_for_Sensitive_Groups,2023-03-10,51.1,75.7,577.0,42.8,39.8,185.0
"Dimapur, Nagaland",Dimapur_UHFSG_2023-02-02- 09.00-2-21.jpg,2023,2,2,12,103,c_Unhealthy_for_Sensitive_Groups,2023-02-02,39.6,56.9,296.0,6.5,2.7,107.0
Bengaluru,BENGR_Mod_2023-03-06-08.30-1-431.jpg,2023,3,6,12,68,b_Moderate,2023-03-06,12.6,18.6,218.0,6.5,8.2,129.0
"Biratnagar, Nepal",BIR_UNH_VF_2023-02-02- 15.00-4-67.jpg,2023,2,2,12,156,d_Unhealthy,2023-02-02,57.2,81.7,581.0,12.1,8.5,98.0
Tamil Nadu,TN_UHFSG_2023-02-02- 09.00-2-8.jpg,2023,2,2,12,107,c_Unhealthy_for_Sensitive_Groups,2023-02-02,23.7,34.2,540.0,59.0,1.5,15.0
Bengaluru,BENGR_Good_2023-03-21-08.30-1-134.jpg,2023,3,21,12,47,a_Good,2023-03-21,9.1,13.8,245.0,15.6,3.6,110.0
"Biratnagar, Nepal",BIR_UNH_VF_2023-02-02- 12.00-2-64.jpg,2023,2,2,12,158,d_Unhealthy,2023-02-02,57.2,81.7,581.0,12.1,8.5,98.0
Mumbai,MH_UN_2023-03-16-11.00-1-239.jpg,2023,3,16,12,159,d_Unhealthy,2023-03-16,59.3,90.6,871.0,64.4,81.4,199.0
"Biratnagar, Nepal",BIR_UH_2023-03-16-12.30-1-36.jpg,2023,3,16,12,154,d_Unhealthy,2023-03-16,68.5,98.7,456.0,5.4,8.3,132.0
"New Ind Town, Faridabad",HAR_VUN_2022-10-02-10.00-1-2913.jpg,2022,10,2,12,230,e_Very_Unhealthy,2022-10-02,16.6,23.7,513.0,2.0,1.8,93.0
"ITO, Delhi",DEL_SEV_2023-02-07-14.00-1-99.jpg,2023,2,7,12,449,f_Severe,2023-02-07,3.0,5.3,89.0,0.3,0.1,54.0
Bengaluru,BENGR_Good_2023-02-26-08.30-1-401.jpg,2023,2,26,12,48,a_Good,2023-02-26,24.5,35.4,262.0,6.6,12.6,156.0
"Biratnagar, Nepal",BIR_UFSG_2023-02-14- 14.30-3-33.jpg,2023,2,14,12,101,c_Unhealthy_for_Sensitive_Groups,2023-02-14,43.3,62.6,471.0,15.4,7.5,101.0
"ITO, Delhi",DEL_VUnH_2023-02-16-17.00-2-78.jpg,2023,2,16,12,293,e_Very_Unhealthy,2023-02-16,2.0,3.3,115.0,0.6,0.0,52.0
"Biratnagar, Nepal",BIR_UNFSG_VF_2023-02-03-16.00-2-114.jpg,2023,2,3,12,141,c_Unhealthy_for_Sensitive_Groups,2023-02-03,69.8,99.7,581.0,11.6,6.8,112.0
Mumbai,MH_UN_2023-03-16-11.00-1-218.jpg,2023,3,16,12,159,d_Unhealthy,2023-03-16,59.3,90.6,871.0,64.4,81.4,199.0
Mumbai,MH_UH_2023-02-03- 09.30-1-2.jpg,2023,2,3,12,162,d_Unhealthy,2023-02-03,121.1,177.4,813.0,48.2,60.2,256.0
Tamil Nadu,TN_UnFSG_2023-03-02-08.30-2-121.jpg,2023,3,2,12,119,c_Unhealthy_for_Sensitive_Groups,2023-03-02,8.6,16.2,185.0,2.6,1.1,86.0
Bengaluru,BENGR_Mod_2023-02-24-08.30-1-446.jpg,2023,2,24,12,68,b_Moderate,2023-02-24,11.3,16.6,250.0,9.2,10.1,126.0
Mumbai,MH_VUN_2023-03-05-08.30-2-341.jpg,2023,3,5,12,284,e_Very_Unhealthy,2023-03-05,278.5,401.4,1413.0,23.7,39.9,325.0
"ITO, Delhi",DEL_VUnH_2023-02-16-17.00-1-118.jpg,2023,2,16,12,293,e_Very_Unhealthy,2023-02-16,2.0,3.3,115.0,0.6,0.0,52.0
Mumbai,MH_Mod_2023-03-21-15.00-1-246.jpg,2023,3,21,12,92,b_Moderate,2023-03-21,15.9,32.0,246.0,16.3,15.8,72.0
"ITO, Delhi",DEL_SEV_2023-02-20-14.00-2-151.jpg,2023,2,20,12,363,f_Severe,2023-02-20,4.4,7.8,136.0,0.3,0.0,76.0
"ITO, Delhi",DEL_SEV_2023-02-20-14.00-1-341.jpg,2023,2,20,12,363,f_Severe,2023-02-20,4.4,7.8,136.0,0.3,0.0,76.0
"Biratnagar, Nepal",BIR_UNFSG_VF_2023-02-03-15.00-3-14.jpg,2023,2,3,12,141,c_Unhealthy_for_Sensitive_Groups,2023-02-03,69.8,99.7,581.0,11.6,6.8,112.0
"ITO, Delhi",DEL_SEV_2023-02-22-14.00-2-191.jpg,2023,2,22,12,450,f_Severe,2023-02-22,2.4,4.2,128.0,0.1,0.0,83.0
"Biratnagar, Nepal",BIR_UFSG_2023-02-14- 14.30-1-57.jpg,2023,2,14,12,101,c_Unhealthy_for_Sensitive_Groups,2023-02-14,43.3,62.6,471.0,15.4,7.5,101.0
"Knowledge park, Greater Noida",UP_UHFSG_2023-03-06-11.30-1-437.jpg,2023,3,6,12,104,c_Unhealthy_for_Sensitive_Groups,2023-03-06,57.3,103.8,710.0,101.0,20.8,124.0
"Biratnagar, Nepal",BIR_MOD_2023-02-13-09.30-2-22.jpg,2023,2,13,12,91,b_Moderate,2023-02-13,40.7,59.3,429.0,13.7,9.2,101.0
Mumbai,MH_UH_2023-02-14-11.30-1-15.jpg,2023,2,14,12,160,d_Unhealthy,2023-02-14,81.3,119.0,721.0,41.8,52.8,260.0
Tamil Nadu,TN_Good_2023-03-21-08.30-2-97.jpg,2023,3,21,12,27,a_Good,2023-03-21,8.3,12.3,214.0,11.7,1.2,58.0
Bengaluru,BENGR_Good_2023-03-25-08.30-1-69.jpg,2023,3,25,12,32,a_Good,2023-03-25,26.6,39.9,248.0,8.4,5.4,133.0
Tamil Nadu,TN_Mod_2023-02-28-08.30-1-71.jpg,2023,2,28,12,73,b_Moderate,2023-02-28,3.8,5.7,174.0,4.3,0.9,75.0
"Biratnagar, Nepal",BIR_UNH_VF_2023-02-02- 15.00-4-30.jpg,2023,2,2,12,156,d_Unhealthy,2023-02-02,57.2,81.7,581.0,12.1,8.5,98.0
"ITO, Delhi",DEL_VUnH_2023-02-16-14.30-1-207.jpg,2023,2,16,12,245,e_Very_Unhealthy,2023-02-16,2.0,3.3,115.0,0.6,0.0,52.0
"New Ind Town, Faridabad",HAR_VUN_2022-10-02-10.00-1-1169.jpg,2022,10,2,12,230,e_Very_Unhealthy,2022-10-02,16.6,23.7,513.0,2.0,1.8,93.0
"ITO, Delhi",DEL_VUnH_2023-02-16-17.00-2-62.jpg,2023,2,16,12,293,e_Very_Unhealthy,2023-02-16,2.0,3.3,115.0,0.6,0.0,52.0
Mumbai,MH_UN_2023-03-02-08.00-1-11.jpg,2023,3,2,12,156,d_Unhealthy,2023-03-02,165.8,246.8,1018.0,45.0,70.9,342.0
Bengaluru,BENGR_Mod_2023-02-25-08.30-1-301.jpg,2023,2,25,12,73,b_Moderate,2023-02-25,19.2,27.9,256.0,7.8,9.3,142.0
"Biratnagar, Nepal",BIR_UNH_VF_2023-02-03- 10.00-1-41.jpg,2023,2,3,12,163,d_Unhealthy,2023-02-03,69.8,99.7,581.0,11.6,6.8,112.0
"Biratnagar, Nepal",BIR_MOD_2023-02-13-09.30-3-62.jpg,2023,2,13,12,91,b_Moderate,2023-02-13,40.7,59.3,429.0,13.7,9.2,101.0
Mumbai,MH_UnFSG_2023-02-17-13.00-2-30.jpg,2023,2,17,12,140,c_Unhealthy_for_Sensitive_Groups,2023-02-17,64.3,96.9,620.0,42.0,43.7,225.0
Bengaluru,BENGR_UnFSG_2023-03-08-08.30-1-196.jpg,2023,3,8,12,106,c_Unhealthy_for_Sensitive_Groups,2023-03-08,16.9,24.7,244.0,5.9,5.7,120.0
"Biratnagar, Nepal",BIR_UNFSG_VF_2023-02-03-15.00-3-13.jpg,2023,2,3,12,141,c_Unhealthy_for_Sensitive_Groups,2023-02-03,69.8,99.7,581.0,11.6,6.8,112.0
"Biratnagar, Nepal",BIR_UNH_VF_2023-02-03- 10.00-2-32.jpg,2023,2,3,12,163,d_Unhealthy,2023-02-03,69.8,99.7,581.0,11.6,6.8,112.0
"ITO, Delhi",DL_VUNH_2023-02-04-17.00-1-7.jpg,2023,2,4,12,281,e_Very_Unhealthy,2023-02-04,2.8,4.9,89.0,0.2,0.1,62.0
"Knowledge park, Greater Noida",UP_SEV_2023-02-20-08.30-1-51.jpg,2023,2,20,12,331,f_Severe,2023-02-20,26.1,49.7,219.0,20.0,5.1,100.0
Bengaluru,BENGR_UHFSG_2023-02-05-08.30-1-27.jpg,2023,2,3,12,111,c_Unhealthy_for_Sensitive_Groups,2023-02-03,19.7,31.1,321.0,13.6,3.8,86.0
Tamil Nadu,TN_Good_2023-02-22-09.30-1-206.jpg,2023,2,22,12,36,a_Good,2023-02-22,8.3,12.4,216.0,13.8,2.4,52.0
"Biratnagar, Nepal",BIR_UNH_VF_2023-02-03- 10.00-3-47.jpg,2023,2,3,12,163,d_Unhealthy,2023-02-03,69.8,99.7,581.0,11.6,6.8,112.0
Tamil Nadu,TN_UnFSG_2023-03-01-08.30-1-156.jpg,2023,3,1,12,111,c_Unhealthy_for_Sensitive_Groups,2023-03-01,11.3,16.5,244.0,12.0,2.9,66.0
Bengaluru,BENGR_Mod_2023-03-13-08.30-1-176.jpg,2023,3,13,12,53,b_Moderate,2023-03-13,27.1,39.7,365.0,8.1,8.5,111.0
Tamil Nadu,TN_UnFSG_2023-03-02-08.30-2-146.jpg,2023,3,2,12,119,c_Unhealthy_for_Sensitive_Groups,2023-03-02,8.6,16.2,185.0,2.6,1.1,86.0
"New Ind Town, Faridabad",HAR_VUN_2022-10-02-10.00-1-4489.jpg,2022,10,2,12,230,e_Very_Unhealthy,2022-10-02,16.6,23.7,513.0,2.0,1.8,93.0
Bengaluru,BENGR_Good_2023-02-28-08.30-1-551.jpg,2023,2,28,12,37,a_Good,2023-02-28,27.2,39.7,398.0,7.6,7.8,127.0
Mumbai,MH_UN_2023-03-16-11.00-1-106.jpg,2023,3,16,12,159,d_Unhealthy,2023-03-16,59.3,90.6,871.0,64.4,81.4,199.0
Bengaluru,BENGR_Mod_2023-02-25-08.30-1-411.jpg,2023,2,25,12,73,b_Moderate,2023-02-25,19.2,27.9,256.0,7.8,9.3,142.0
"Biratnagar, Nepal",BIR_UNH_VF_2023-02-02- 15.00-4-21.jpg,2023,2,2,12,156,d_Unhealthy,2023-02-02,57.2,81.7,581.0,12.1,8.5,98.0
Tamil Nadu,TN_Good_2023-02-23-08.30-1-101.jpg,2023,2,23,12,43,a_Good,2023-02-23,2.9,4.1,131.0,0.9,1.6,95.0
"Biratnagar, Nepal",BIR_UH_2023-03-16-12.30-1-141.jpg,2023,3,16,12,154,d_Unhealthy,2023-03-16,68.5,98.7,456.0,5.4,8.3,132.0
Bengaluru,BENGR_Mod_2023-02-25-08.30-1-161.jpg,2023,2,25,12,73,b_Moderate,2023-02-25,19.2,27.9,256.0,7.8,9.3,142.0
Mumbai,MH_UnFSG_2023-03-08-11.00-1-61.jpg,2023,3,8,12,124,c_Unhealthy_for_Sensitive_Groups,2023-03-08,97.1,144.8,836.0,49.2,63.9,264.0
"Dimapur, Nagaland",Dimapur_MOD_2023-02-10-08.30-2-60.jpg,2023,2,10,12,63,b_Moderate,2023-02-10,95.7,140.2,322.0,4.6,4.8,113.0
Bengaluru,BENGR_Good_2023-03-25-08.30-1-31.jpg,2023,3,25,12,32,a_Good,2023-03-25,26.6,39.9,248.0,8.4,5.4,133.0
"Biratnagar, Nepal",BIR_UNH_VF_2023-02-02- 12.00-1-86.jpg,2023,2,2,12,158,d_Unhealthy,2023-02-02,57.2,81.7,581.0,12.1,8.5,98.0
Bengaluru,BENGR_Mod_2023-02-23-08.30-1-531.jpg,2023,2,23,12,97,b_Moderate,2023-02-23,18.2,26.4,272.0,8.0,8.1,126.0
Tamil Nadu,TN_Good_2023-03-21-08.30-2-41.jpg,2023,3,21,12,27,a_Good,2023-03-21,8.3,12.3,214.0,11.7,1.2,58.0
"Biratnagar, Nepal",BIR_UNH_VF_2023-02-02- 12.00-1-88.jpg,2023,2,2,12,158,d_Unhealthy,2023-02-02,57.2,81.7,581.0,12.1,8.5,98.0
"ITO, Delhi",DEL_VUnH_2023-02-16-14.30-1-53.jpg,2023,2,16,12,245,e_Very_Unhealthy,2023-02-16,2.0,3.3,115.0,0.6,0.0,52.0
Tamil Nadu,TN_UnFSG_2023-03-03-09.00-2-326.jpg,2023,3,3,12,121,c_Unhealthy_for_Sensitive_Groups,2023-03-03,5.2,9.4,154.0,1.6,1.3,86.0
Tamil Nadu,TN_Good_2023-02-22-09.30-2-201.jpg,2023,2,22,12,36,a_Good,2023-02-22,8.3,12.4,216.0,13.8,2.4,52.0
Mumbai,MH_UH_2023-02-18-11.00-1-13.jpg,2023,2,18,12,151,d_Unhealthy,2023-02-18,100.4,145.8,792.0,40.1,53.4,275.0
"Biratnagar, Nepal",BIR_UNH_VF_2023-02-02- 12.00-2-15.jpg,2023,2,2,12,158,d_Unhealthy,2023-02-02,57.2,81.7,581.0,12.1,8.5,98.0
"Biratnagar, Nepal",BIR_UNFSG_VF_2023-02-03-16.00-1-49.jpg,2023,2,3,12,141,c_Unhealthy_for_Sensitive_Groups,2023-02-03,69.8,99.7,581.0,11.6,6.8,112.0
"ITO, Delhi",DEL_UnH_2023-02-15-11.30-1-54.jpg,2023,2,15,12,179,d_Unhealthy,2023-02-15,2.5,3.7,124.0,1.0,0.0,54.0
Mumbai,MH_UnFSG_2023-02-15-10.30-1-30.jpg,2023,2,15,12,143,c_Unhealthy_for_Sensitive_Groups,2023-02-15,82.2,119.0,737.0,40.3,51.8,253.0
"ITO, Delhi",DEL_VUnH_2023-02-16-17.00-2-101.jpg,2023,2,16,12,293,e_Very_Unhealthy,2023-02-16,2.0,3.3,115.0,0.6,0.0,52.0
"ITO, Delhi",DEL_SEV_2023-02-22-14.00-1-121.jpg,2023,2,22,12,450,f_Severe,2023-02-22,2.4,4.2,128.0,0.1,0.0,83.0
"Dimapur, Nagaland",Dimapur_UHFSG_2023-02-02- 09.00-1-70.jpg,2023,2,2,12,103,c_Unhealthy_for_Sensitive_Groups,2023-02-02,39.6,56.9,296.0,6.5,2.7,107.0
Bengaluru,BENGR_Mod_2023-02-21-08.30-1-311.jpg,2023,2,21,12,56,b_Moderate,2023-02-21,26.0,37.8,303.0,8.9,11.2,152.0
Mumbai,MH_UnFSG_2023-03-08-11.00-1-401.jpg,2023,3,8,12,124,c_Unhealthy_for_Sensitive_Groups,2023-03-08,97.1,144.8,836.0,49.2,63.9,264.0
Mumbai,MH_VUN_2023-02-24-15.00-1-31.jpg,2023,2,24,12,202,e_Very_Unhealthy,2023-02-24,73.3,112.7,633.0,41.2,49.7,231.0
"ITO, Delhi",DEL_VUnH_2023-02-16-14.00-6.jpg,2023,2,16,12,268,e_Very_Unhealthy,2023-02-16,2.0,3.3,115.0,0.6,0.0,52.0
Bengaluru,BENGR_Good_2023-03-25-08.30-1-6.jpg,2023,3,25,12,32,a_Good,2023-03-25,26.6,39.9,248.0,8.4,5.4,133.0
Bengaluru,BENGR_Mod_2023-03-06-08.30-1-91.jpg,2023,3,6,12,68,b_Moderate,2023-03-06,12.6,18.6,218.0,6.5,8.2,129.0
"Knowledge park, Greater Noida",UP_SEV_2023-02-19-14.30-1-33.jpg,2023,2,19,12,357,f_Severe,2023-02-19,26.7,50.5,247.0,25.1,8.3,99.0
"ITO, Delhi",DEL_SEV_2023-02-20-14.00-3-26.jpg,2023,2,20,12,363,f_Severe,2023-02-20,4.4,7.8,136.0,0.3,0.0,76.0
"Knowledge park, Greater Noida",UP_VUN_2023-02-27-10.30-1-253.jpg,2023,2,27,12,299,e_Very_Unhealthy,2023-02-27,44.7,71.7,613.0,101.2,20.5,98.0
Tamil Nadu,TN_UnFSG_2023-03-01-08.30-1-11.jpg,2023,3,1,12,111,c_Unhealthy_for_Sensitive_Groups,2023-03-01,11.3,16.5,244.0,12.0,2.9,66.0
Mumbai,MH_UnFSG_2023-03-08-11.00-4.jpg,2023,3,8,12,124,c_Unhealthy_for_Sensitive_Groups,2023-03-08,97.1,144.8,836.0,49.2,63.9,264.0
"ITO, Delhi",DEL_VUnH_2023-02-16-14.00-1-14.jpg,2023,2,16,12,268,e_Very_Unhealthy,2023-02-16,2.0,3.3,115.0,0.6,0.0,52.0
"Biratnagar, Nepal",BRI_Un_2023-02-02- 12.00-15.jpg,2023,2,2,12,158,d_Unhealthy,2023-02-02,57.2,81.7,581.0,12.1,8.5,98.0
"Biratnagar, Nepal",BIR_UFSG_2023-02-14- 14.30-1-13.jpg,2023,2,14,12,101,c_Unhealthy_for_Sensitive_Groups,2023-02-14,43.3,62.6,471.0,15.4,7.5,101.0
"ITO, Delhi",DL_VUNH_2023-02-04-17.00-1-8.jpg,2023,2,4,12,281,e_Very_Unhealthy,2023-02-04,2.8,4.9,89.0,0.2,0.1,62.0
"Biratnagar, Nepal",BIR_UNFSG_VF_2023-02-03-16.00-1-83.jpg,2023,2,3,12,141,c_Unhealthy_for_Sensitive_Groups,2023-02-03,69.8,99.7,581.0,11.6,6.8,112.0
"Biratnagar, Nepal",BIR_UNFSG_VF_2023-02-03-15.00-3-19.jpg,2023,2,3,12,141,c_Unhealthy_for_Sensitive_Groups,2023-02-03,69.8,99.7,581.0,11.6,6.8,112.0
"Knowledge park, Greater Noida",UP_VUN_2023-03-02-09.00-1-593.jpg,2023,3,2,12,223,e_Very_Unhealthy,2023-03-02,20.5,48.2,338.0,56.9,14.0,72.0
Bengaluru,BENGR_Good_2023-03-25-08.30-1-21.jpg,2023,3,25,12,32,a_Good,2023-03-25,26.6,39.9,248.0,8.4,5.4,133.0
Mumbai,MH_UnFSG_2023-03-14-13.00-1-367.jpg,2023,3,14,12,138,c_Unhealthy_for_Sensitive_Groups,2023-03-14,160.7,240.3,1639.0,42.4,85.0,345.0
"Biratnagar, Nepal",BIR_UFSG_2023-02-14- 14.30-1-17.jpg,2023,2,14,12,101,c_Unhealthy_for_Sensitive_Groups,2023-02-14,43.3,62.6,471.0,15.4,7.5,101.0
Mumbai,MH_UnFSG_2023-03-10-16.00-1-231.jpg,2023,3,10,12,141,c_Unhealthy_for_Sensitive_Groups,2023-03-10,51.1,75.7,577.0,42.8,39.8,185.0
Bengaluru,BENGR_Mod_2023-02-24-08.30-1-346.jpg,2023,2,24,12,68,b_Moderate,2023-02-24,11.3,16.6,250.0,9.2,10.1,126.0
Bengaluru,BENGR_Mod_2023-02-21-08.30-1-36.jpg,2023,2,21,12,56,b_Moderate,2023-02-21,26.0,37.8,303.0,8.9,11.2,152.0
"Knowledge park, Greater Noida",UP_SEV_2023-02-18-14.30-1-57.jpg,2023,2,18,12,331,f_Severe,2023-02-18,24.9,48.1,246.0,27.6,8.9,84.0
"ITO, Delhi",DEL_VUnH_2023-02-16-14.00-3-26.jpg,2023,2,16,12,268,e_Very_Unhealthy,2023-02-16,2.0,3.3,115.0,0.6,0.0,52.0
"New Ind Town, Faridabad",HAR_VUN_2022-10-02-10.00-1-153.jpg,2022,10,2,12,230,e_Very_Unhealthy,2022-10-02,16.6,23.7,513.0,2.0,1.8,93.0
Mumbai,MH_UN_2023-03-02-08.00-1-301.jpg,2023,3,2,12,156,d_Unhealthy,2023-03-02,165.8,246.8,1018.0,45.0,70.9,342.0
"Biratnagar, Nepal",BIR_UNH_VF_2023-02-02- 15.00-4-38.jpg,2023,2,2,12,156,d_Unhealthy,2023-02-02,57.2,81.7,581.0,12.1,8.5,98.0
Tamil Nadu,TN_Good_2023-02-22-09.30-3-141.jpg,2023,2,22,12,36,a_Good,2023-02-22,8.3,12.4,216.0,13.8,2.4,52.0
Bengaluru,BENGR_Mod_2023-02-21-08.30-1-6.jpg,2023,2,21,12,56,b_Moderate,2023-02-21,26.0,37.8,303.0,8.9,11.2,152.0
Tamil Nadu,TN_Good_2023-02-20-16.30-1-121.jpg,2023,2,20,12,43,a_Good,2023-02-20,2.1,3.0,150.0,2.1,0.4,78.0
"Knowledge park, Greater Noida",UP_SEV_2023-02-18-11.00-1-104.jpg,2023,2,18,12,320,f_Severe,2023-02-18,24.9,48.1,246.0,27.6,8.9,84.0
"ITO, Delhi",DEL_SEV_2023-02-16-18.00-1-7.jpg,2023,2,16,12,330,f_Severe,2023-02-16,2.0,3.3,115.0,0.6,0.0,52.0
Bengaluru,BENGR_Good_2023-02-19-08.30-1-7.jpg,2023,2,19,12,41,a_Good,2023-02-19,14.6,21.7,286.0,7.9,10.9,146.0
"Biratnagar, Nepal",BIR_UNH_VF_2023-02-02- 1700-3-45.jpg,2023,2,2,12,156,d_Unhealthy,2023-02-02,57.2,81.7,581.0,12.1,8.5,98.0
"ITO, Delhi",DEL_SEV_2023-02-20-14.00-3-446.jpg,2023,2,20,12,363,f_Severe,2023-02-20,4.4,7.8,136.0,0.3,0.0,76.0
"ITO, Delhi",DEL_VUnH_2023-02-16-14.00-2-27.jpg,2023,2,16,12,268,e_Very_Unhealthy,2023-02-16,2.0,3.3,115.0,0.6,0.0,52.0
"ITO, Delhi",DEL_SEV_2023-02-20-14.00-1-156.jpg,2023,2,20,12,363,f_Severe,2023-02-20,4.4,7.8,136.0,0.3,0.0,76.0
"Dimapur, Nagaland",Dimapur_UHFSG_2023-02-02- 09.00-3-26.jpg,2023,2,2,12,103,c_Unhealthy_for_Sensitive_Groups,2023-02-02,39.6,56.9,296.0,6.5,2.7,107.0
Bengaluru,BENGR_Good_2023-02-28-08.30-1-201.jpg,2023,2,28,12,37,a_Good,2023-02-28,27.2,39.7,398.0,7.6,7.8,127.0
Mumbai,MH_UH_2023-02-11-03.30-2-40.jpg,2023,2,11,12,154,d_Unhealthy,2023-02-11,50.5,82.9,477.0,34.0,35.6,181.0
"Biratnagar, Nepal",BIR_MOD_2023-02-13-09.30-2-53.jpg,2023,2,13,12,91,b_Moderate,2023-02-13,40.7,59.3,429.0,13.7,9.2,101.0
"ITO, Delhi",DEL_VUnH_2023-02-16-17.00-2-132.jpg,2023,2,16,12,293,e_Very_Unhealthy,2023-02-16,2.0,3.3,115.0,0.6,0.0,52.0
Mumbai,MH_UH_2023-02-10-14.30-1-89.jpg,2023,2,10,12,160,d_Unhealthy,2023-02-10,74.7,110.8,581.0,28.9,36.7,198.0
Mumbai,MH_UnFSG_2023-02-17-13.00-2.jpg,2023,2,17,12,140,c_Unhealthy_for_Sensitive_Groups,2023-02-17,64.3,96.9,620.0,42.0,43.7,225.0
Bengaluru,BENGR_Good_2023-02-26-08.30-1-426.jpg,2023,2,26,12,48,a_Good,2023-02-26,24.5,35.4,262.0,6.6,12.6,156.0
"Biratnagar, Nepal",BIR_MOD_2023-02-13-09.30-3-5.jpg,2023,2,13,12,91,b_Moderate,2023-02-13,40.7,59.3,429.0,13.7,9.2,101.0
"ITO, Delhi",DEL_SEV_2023-02-22-14.00-2-141.jpg,2023,2,22,12,450,f_Severe,2023-02-22,2.4,4.2,128.0,0.1,0.0,83.0
"Knowledge park, Greater Noida",UP_VUN_2023-03-02-09.00-1-577.jpg,2023,3,2,12,223,e_Very_Unhealthy,2023-03-02,20.5,48.2,338.0,56.9,14.0,72.0
"Biratnagar, Nepal",BIR_MOD_2023-02-13-09.30-3-67.jpg,2023,2,13,12,91,b_Moderate,2023-02-13,40.7,59.3,429.0,13.7,9.2,101.0
Bengaluru,BENGR_Good_2023-02-27-08.30-1-446.jpg,2023,2,27,12,47,a_Good,2023-02-27,10.8,15.8,277.0,6.9,7.3,131.0
Bengaluru,BENGR_Mod_2023-03-13-08.30-1-127.jpg,2023,3,13,12,53,b_Moderate,2023-03-13,27.1,39.7,365.0,8.1,8.5,111.0
Bengaluru,BENGR_Good_2023-02-28-08.30-1-391.jpg,2023,2,28,12,37,a_Good,2023-02-28,27.2,39.7,398.0,7.6,7.8,127.0
"Dimapur, Nagaland",Dimapur_MOD_2023-02-10-08.30-2-11.jpg,2023,2,10,12,63,b_Moderate,2023-02-10,95.7,140.2,322.0,4.6,4.8,113.0
"Dimapur, Nagaland",Dimapur_MOD_2023-02-10-08.30-1-1.jpg,2023,2,10,12,63,b_Moderate,2023-02-10,95.7,140.2,322.0,4.6,4.8,113.0
Tamil Nadu,TN_UN_2023-03-06-09.00-2-11.jpg,2023,3,6,12,161,d_Unhealthy,2023-03-06,15.6,22.5,298.0,24.2,0.8,36.0
"ITO, Delhi",DEL_SEV_2023-02-07-14.00-2-21.jpg,2023,2,7,12,449,f_Severe,2023-02-07,3.0,5.3,89.0,0.3,0.1,54.0
Bengaluru,BENGR_Good_2023-02-19-08.30-1-37.jpg,2023,2,19,12,41,a_Good,2023-02-19,14.6,21.7,286.0,7.9,10.9,146.0
Bengaluru,BENGR_Mod_2023-03-09-08.30-1-321.jpg,2023,3,9,12,51,b_Moderate,2023-03-09,32.7,47.8,341.0,6.8,6.3,123.0
"Biratnagar, Nepal",BIR_UNH_VF_2023-02-03- 10.00-3-66.jpg,2023,2,3,12,163,d_Unhealthy,2023-02-03,69.8,99.7,581.0,11.6,6.8,112.0
Tamil Nadu,TN_UnFSG_2023-03-02-08.30-1-1.jpg,2023,3,2,12,119,c_Unhealthy_for_Sensitive_Groups,2023-03-02,8.6,16.2,185.0,2.6,1.1,86.0
Bengaluru,BENGR_Good_2023-03-17-08.30-1-1.jpg,2023,3,17,12,15,a_Good,2023-03-17,20.8,31.4,332.0,11.4,4.1,112.0
Bengaluru,BENGR_Mod_2023-02-25-08.30-1-461.jpg,2023,2,25,12,73,b_Moderate,2023-02-25,19.2,27.9,256.0,7.8,9.3,142.0
"ITO, Delhi",DEL_SEV_2023-02-20-14.00-2-81.jpg,2023,2,20,12,363,f_Severe,2023-02-20,4.4,7.8,136.0,0.3,0.0,76.0
"Biratnagar, Nepal",BIR_UNFSG_VF_2023-02-03-16.00-3-46.jpg,2023,2,3,12,141,c_Unhealthy_for_Sensitive_Groups,2023-02-03,69.8,99.7,581.0,11.6,6.8,112.0
Mumbai,MH_UnFSG_2023-02-17-19.00-2-61.jpg,2023,2,17,12,145,c_Unhealthy_for_Sensitive_Groups,2023-02-17,64.3,96.9,620.0,42.0,43.7,225.0
Bengaluru,BENGR_Mod_2023-02-23-08.30-1-151.jpg,2023,2,23,12,97,b_Moderate,2023-02-23,18.2,26.4,272.0,8.0,8.1,126.0
"Biratnagar, Nepal",BIR_UNH_VF_2023-02-02- 12.00-1-85.jpg,2023,2,2,12,158,d_Unhealthy,2023-02-02,57.2,81.7,581.0,12.1,8.5,98.0
"Biratnagar, Nepal",BIR_UNH_VF_2023-02-03- 10.00-3-33.jpg,2023,2,3,12,163,d_Unhealthy,2023-02-03,69.8,99.7,581.0,11.6,6.8,112.0
Mumbai,MH_VUN_2023-02-25-10.00-1-166.jpg,2023,2,25,12,206,e_Very_Unhealthy,2023-02-25,64.3,98.3,654.0,37.4,50.9,173.0
"New Ind Town, Faridabad",HAR_VUN_2022-10-02-10.00-1-2329.jpg,2022,10,2,12,230,e_Very_Unhealthy,2022-10-02,16.6,23.7,513.0,2.0,1.8,93.0
"ITO, Delhi",DL_VUNH_2023-02-04-17.00-1-46.jpg,2023,2,4,12,281,e_Very_Unhealthy,2023-02-04,2.8,4.9,89.0,0.2,0.1,62.0
"ITO, Delhi",DEL_UnH_2023-02-15-11.30-2-49.jpg,2023,2,15,12,179,d_Unhealthy,2023-02-15,2.5,3.7,124.0,1.0,0.0,54.0
Bengaluru,BENGR_Mod_2023-02-25-08.30-1-101.jpg,2023,2,25,12,73,b_Moderate,2023-02-25,19.2,27.9,256.0,7.8,9.3,142.0
Bengaluru,BENGR_Mod_2023-02-23-08.30-1-186.jpg,2023,2,23,12,97,b_Moderate,2023-02-23,18.2,26.4,272.0,8.0,8.1,126.0
"ITO, Delhi",DEL_VUnH_2023-02-16-14.30-1-48.jpg,2023,2,16,12,245,e_Very_Unhealthy,2023-02-16,2.0,3.3,115.0,0.6,0.0,52.0
Mumbai,MH_UN_2023-03-12-13.00-1-365.jpg,2023,3,12,12,156,d_Unhealthy,2023-03-12,240.3,345.5,1730.0,61.2,111.6,478.0
Mumbai,MH_UN_2023-03-12-13.00-1-162.jpg,2023,3,12,12,156,d_Unhealthy,2023-03-12,240.3,345.5,1730.0,61.2,111.6,478.0
"ITO, Delhi",DEL_SEV_2023-02-20-14.00-1-591.jpg,2023,2,20,12,363,f_Severe,2023-02-20,4.4,7.8,136.0,0.3,0.0,76.0
Tamil Nadu,TN_UnFSG_2023-03-02-08.30-1-231.jpg,2023,3,2,12,119,c_Unhealthy_for_Sensitive_Groups,2023-03-02,8.6,16.2,185.0,2.6,1.1,86.0
"ITO, Delhi",DEL_SEV_2023-02-20-14.00-2-416.jpg,2023,2,20,12,363,f_Severe,2023-02-20,4.4,7.8,136.0,0.3,0.0,76.0
Tamil Nadu,TN_Good_2023-02-23-08.30-1-241.jpg,2023,2,23,12,43,a_Good,2023-02-23,2.9,4.1,131.0,0.9,1.6,95.0
Bengaluru,BENGR_Mod_2023-03-04-08.30-1-481.jpg,2023,3,4,12,71,b_Moderate,2023-03-04,17.8,26.3,251.0,6.2,6.9,118.0
Tamil Nadu,TN_UnFSG_2023-03-09-09.00-1-191.jpg,2023,3,9,12,134,c_Unhealthy_for_Sensitive_Groups,2023-03-09,10.4,15.2,234.0,12.8,0.9,62.0
"Dimapur, Nagaland",Dimapur_UHFSG_2023-02-02- 09.00-1-33.jpg,2023,2,2,12,103,c_Unhealthy_for_Sensitive_Groups,2023-02-02,39.6,56.9,296.0,6.5,2.7,107.0
Tamil Nadu,TN_Mod_2023-02-28-08.30-2.jpg,2023,2,28,12,73,b_Moderate,2023-02-28,3.8,5.7,174.0,4.3,0.9,75.0
Mumbai,MH_UH_2023-02-10-14.30-1-9.jpg,2023,2,10,12,160,d_Unhealthy,2023-02-10,74.7,110.8,581.0,28.9,36.7,198.0
Tamil Nadu,TN_Good_2023-02-27-16.30-1-121.jpg,2023,2,27,12,43,a_Good,2023-02-27,5.9,9.2,177.0,7.1,1.1,74.0
Mumbai,MH_UH_2023-02-11-03.30-2-4.jpg,2023,2,11,12,154,d_Unhealthy,2023-02-11,50.5,82.9,477.0,34.0,35.6,181.0
"ITO, Delhi",DEL_VUnH_2023-02-16-14.00-2-36.jpg,2023,2,16,12,268,e_Very_Unhealthy,2023-02-16,2.0,3.3,115.0,0.6,0.0,52.0
Mumbai,MH_UnFSG_2023-02-15-10.30-1-52.jpg,2023,2,15,12,143,c_Unhealthy_for_Sensitive_Groups,2023-02-15,82.2,119.0,737.0,40.3,51.8,253.0
"ITO, Delhi",DEL_SEV_2023-02-20-14.00-3-321.jpg,2023,2,20,12,363,f_Severe,2023-02-20,4.4,7.8,136.0,0.3,0.0,76.0
"Biratnagar, Nepal",BIR_UFSG_2023-02-14- 14.30-3-59.jpg,2023,2,14,12,101,c_Unhealthy_for_Sensitive_Groups,2023-02-14,43.3,62.6,471.0,15.4,7.5,101.0
"New Ind Town, Faridabad",HAR_VUN_2022-10-02-10.00-1-569.jpg,2022,10,2,12,230,e_Very_Unhealthy,2022-10-02,16.6,23.7,513.0,2.0,1.8,93.0
"Knowledge park, Greater Noida",UP_UHFSG_2023-02-08-08.30-1-23.jpg,2023,2,8,12,133,c_Unhealthy_for_Sensitive_Groups,2023-02-08,53.7,112.2,526.0,86.8,19.1,87.0
"Biratnagar, Nepal",BIR_UNH_VF_2023-02-03- 10.00-2-41.jpg,2023,2,3,12,163,d_Unhealthy,2023-02-03,69.8,99.7,581.0,11.6,6.8,112.0
Mumbai,MH_UN_2023-03-16-11.00-1-134.jpg,2023,3,16,12,159,d_Unhealthy,2023-03-16,59.3,90.6,871.0,64.4,81.4,199.0
"ITO, Delhi",DEL_VUnH_2023-02-16-17.00-1-48.jpg,2023,2,16,12,293,e_Very_Unhealthy,2023-02-16,2.0,3.3,115.0,0.6,0.0,52.0
"Biratnagar, Nepal",BRI_Un_2023-02-02-1700-3.jpg,2023,2,2,12,156,d_Unhealthy,2023-02-02,57.2,81.7,581.0,12.1,8.5,98.0
"ITO, Delhi",DEL_SEV_2023-02-07-14.00-2-41.jpg,2023,2,7,12,449,f_Severe,2023-02-07,3.0,5.3,89.0,0.3,0.1,54.0
Bengaluru,BENGR_Mod_2023-03-09-08.30-1-351.jpg,2023,3,9,12,51,b_Moderate,2023-03-09,32.7,47.8,341.0,6.8,6.3,123.0
"Biratnagar, Nepal",BIR_UH_2023-03-16-12.30-1-71.jpg,2023,3,16,12,154,d_Unhealthy,2023-03-16,68.5,98.7,456.0,5.4,8.3,132.0
"Knowledge park, Greater Noida",UP_UHFSG_2023-02-08-08.30-1-114.jpg,2023,2,8,12,133,c_Unhealthy_for_Sensitive_Groups,2023-02-08,53.7,112.2,526.0,86.8,19.1,87.0
"ITO, Delhi",DEL_SEV_2023-02-20-14.00-2-311.jpg,2023,2,20,12,363,f_Severe,2023-02-20,4.4,7.8,136.0,0.3,0.0,76.0
"Biratnagar, Nepal",BIR_MOD_2023-02-13-09.30-1-5.jpg,2023,2,13,12,91,b_Moderate,2023-02-13,40.7,59.3,429.0,13.7,9.2,101.0
"Dimapur, Nagaland",Dimapur_UHFSG_2023-02-02- 09.00-2-57.jpg,2023,2,2,12,103,c_Unhealthy_for_Sensitive_Groups,2023-02-02,39.6,56.9,296.0,6.5,2.7,107.0
Bengaluru,BENGR_UnFSG_2023-03-08-08.30-1-126.jpg,2023,3,8,12,106,c_Unhealthy_for_Sensitive_Groups,2023-03-08,16.9,24.7,244.0,5.9,5.7,120.0
"ITO, Delhi",DEL_VUnH_2023-02-16-14.30-1-60.jpg,2023,2,16,12,245,e_Very_Unhealthy,2023-02-16,2.0,3.3,115.0,0.6,0.0,52.0
"ITO, Delhi",DEL_VUH_2023-02-04-17.00-2-60.jpg,2023,2,4,12,281,e_Very_Unhealthy,2023-02-04,2.8,4.9,89.0,0.2,0.1,62.0
Tamil Nadu,TN_UnFSG_2023-03-09-09.00-1-21.jpg,2023,3,9,12,134,c_Unhealthy_for_Sensitive_Groups,2023-03-09,10.4,15.2,234.0,12.8,0.9,62.0
"Knowledge park, Greater Noida",UP_UHFSG_2023-03-06-11.30-1-549.jpg,2023,3,6,12,104,c_Unhealthy_for_Sensitive_Groups,2023-03-06,57.3,103.8,710.0,101.0,20.8,124.0
Bengaluru,BENGR_Good_2023-02-19-08.30-1-8.jpg,2023,2,19,12,41,a_Good,2023-02-19,14.6,21.7,286.0,7.9,10.9,146.0
"New Ind Town, Faridabad",HAR_VUN_2022-10-02-10.00-1-3505.jpg,2022,10,2,12,230,e_Very_Unhealthy,2022-10-02,16.6,23.7,513.0,2.0,1.8,93.0
Tamil Nadu,TN_UnFSG_2023-03-03-09.00-2-311.jpg,2023,3,3,12,121,c_Unhealthy_for_Sensitive_Groups,2023-03-03,5.2,9.4,154.0,1.6,1.3,86.0
"New Ind Town, Faridabad",HAR_VUN_2022-10-02-10.00-1-1089.jpg,2022,10,2,12,230,e_Very_Unhealthy,2022-10-02,16.6,23.7,513.0,2.0,1.8,93.0
Mumbai,MH_VUN_2023-02-25-10.00-1-61.jpg,2023,2,25,12,206,e_Very_Unhealthy,2023-02-25,64.3,98.3,654.0,37.4,50.9,173.0
Mumbai,MH_UnFSG_2023-02-23-11.00-1-16.jpg,2023,2,23,12,130,c_Unhealthy_for_Sensitive_Groups,2023-02-23,70.5,109.9,662.0,40.6,61.8,226.0
"Dimapur, Nagaland",Dimapur_UHFSG_2023-02-02- 09.00-1-60.jpg,2023,2,2,12,103,c_Unhealthy_for_Sensitive_Groups,2023-02-02,39.6,56.9,296.0,6.5,2.7,107.0
"ITO, Delhi",DEL_VUnH_2023-02-16-14.30-1-83.jpg,2023,2,16,12,245,e_Very_Unhealthy,2023-02-16,2.0,3.3,115.0,0.6,0.0,52.0
"ITO, Delhi",DEL_VUnH_2023-02-16-14.30-1-35.jpg,2023,2,16,12,245,e_Very_Unhealthy,2023-02-16,2.0,3.3,115.0,0.6,0.0,52.0
"ITO, Delhi",DEL_VUnH_2023-02-16-17.00-1-43.jpg,2023,2,16,12,293,e_Very_Unhealthy,2023-02-16,2.0,3.3,115.0,0.6,0.0,52.0
"Biratnagar, Nepal",BIR_UFSG_2023-02-14- 14.30-2-5.jpg,2023,2,14,12,101,c_Unhealthy_for_Sensitive_Groups,2023-02-14,43.3,62.6,471.0,15.4,7.5,101.0
Tamil Nadu,TN_Good_2023-02-21-08.30-2-46.jpg,2023,2,21,12,29,a_Good,2023-02-21,2.1,3.2,146.0,1.6,0.3,82.0
"New Ind Town, Faridabad",HAR_VUN_2022-10-02-10.00-1-5097.jpg,2022,10,2,12,230,e_Very_Unhealthy,2022-10-02,16.6,23.7,513.0,2.0,1.8,93.0
Bengaluru,BENGR_Good_2023-03-25-08.30-1-38.jpg,2023,3,25,12,32,a_Good,2023-03-25,26.6,39.9,248.0,8.4,5.4,133.0
"Knowledge park, Greater Noida",UP_UHFSG_2023-03-06-11.30-1-265.jpg,2023,3,6,12,104,c_Unhealthy_for_Sensitive_Groups,2023-03-06,57.3,103.8,710.0,101.0,20.8,124.0
Tamil Nadu,TN_UNH_2023-02-03-13.30-1-35.jpg,2023,2,3,12,167,d_Unhealthy,2023-02-03,26.3,38.1,500.0,65.8,1.9,18.0
Tamil Nadu,TN_Mod_2023-02-28-08.30-1-141.jpg,2023,2,28,12,73,b_Moderate,2023-02-28,3.8,5.7,174.0,4.3,0.9,75.0
Bengaluru,BENGR_Mod_2023-02-25-08.30-1-21.jpg,2023,2,25,12,73,b_Moderate,2023-02-25,19.2,27.9,256.0,7.8,9.3,142.0
"Biratnagar, Nepal",BIR_MOD_2023-02-13-09.30-3-8.jpg,2023,2,13,12,91,b_Moderate,2023-02-13,40.7,59.3,429.0,13.7,9.2,101.0
"Knowledge park, Greater Noida",UP_VUN_2023-02-27-10.30-1-205.jpg,2023,2,27,12,299,e_Very_Unhealthy,2023-02-27,44.7,71.7,613.0,101.2,20.5,98.0
Mumbai,MH_UH_2023-02-10-14.30-1-32.jpg,2023,2,10,12,160,d_Unhealthy,2023-02-10,74.7,110.8,581.0,28.9,36.7,198.0
Bengaluru,BENGR_Mod_2023-03-09-08.30-1-491.jpg,2023,3,9,12,51,b_Moderate,2023-03-09,32.7,47.8,341.0,6.8,6.3,123.0
Bengaluru,BENGR_Mod_2023-03-06-08.30-1-171.jpg,2023,3,6,12,68,b_Moderate,2023-03-06,12.6,18.6,218.0,6.5,8.2,129.0
"New Ind Town, Faridabad",HAR_VUN_2022-10-02-10.00-1-4921.jpg,2022,10,2,12,230,e_Very_Unhealthy,2022-10-02,16.6,23.7,513.0,2.0,1.8,93.0
Mumbai,MH_UnFSG_2023-02-23-11.00-1-66.jpg,2023,2,23,12,130,c_Unhealthy_for_Sensitive_Groups,2023-02-23,70.5,109.9,662.0,40.6,61.8,226.0
"Biratnagar, Nepal",BIR_UFSG_2023-02-14- 14.30-3-49.jpg,2023,2,14,12,101,c_Unhealthy_for_Sensitive_Groups,2023-02-14,43.3,62.6,471.0,15.4,7.5,101.0
"ITO, Delhi",DEL_VUnH_2023-02-16-17.00-2-69.jpg,2023,2,16,12,293,e_Very_Unhealthy,2023-02-16,2.0,3.3,115.0,0.6,0.0,52.0
"ITO, Delhi",DEL_VUH_2023-02-04-17.00-2-168.jpg,2023,2,4,12,281,e_Very_Unhealthy,2023-02-04,2.8,4.9,89.0,0.2,0.1,62.0
Tamil Nadu,TN_Good_2023-02-21-08.30-3-61.jpg,2023,2,21,12,29,a_Good,2023-02-21,2.1,3.2,146.0,1.6,0.3,82.0
Mumbai,MH_UN_2023-03-12-13.00-1-92.jpg,2023,3,12,12,156,d_Unhealthy,2023-03-12,240.3,345.5,1730.0,61.2,111.6,478.0
"Biratnagar, Nepal",BIR_MOD_2023-02-13-09.30-2-24.jpg,2023,2,13,12,91,b_Moderate,2023-02-13,40.7,59.3,429.0,13.7,9.2,101.0
Tamil Nadu,TN_UNH_2023-02-03-13.30-1-40.jpg,2023,2,3,12,167,d_Unhealthy,2023-02-03,26.3,38.1,500.0,65.8,1.9,18.0
Tamil Nadu,TN_Good_2023-02-21-08.30-3-116.jpg,2023,2,21,12,29,a_Good,2023-02-21,2.1,3.2,146.0,1.6,0.3,82.0
Mumbai,MH_UnFSG_2023-03-18-11.00-1-8.jpg,2023,3,18,12,114,c_Unhealthy_for_Sensitive_Groups,2023-03-18,59.0,94.8,678.0,39.3,48.8,177.0
Tamil Nadu,TN_Good_2023-03-21-08.30-1-1.jpg,2023,3,21,12,27,a_Good,2023-03-21,8.3,12.3,214.0,11.7,1.2,58.0
Bengaluru,BENGR_Good_2023-02-28-08.30-1-226.jpg,2023,2,28,12,37,a_Good,2023-02-28,27.2,39.7,398.0,7.6,7.8,127.0
Bengaluru,BENGR_Good_2023-02-26-08.30-1-141.jpg,2023,2,26,12,48,a_Good,2023-02-26,24.5,35.4,262.0,6.6,12.6,156.0
"Biratnagar, Nepal",BIR_UNFSG_VF_2023-02-03-16.00-1-5.jpg,2023,2,3,12,141,c_Unhealthy_for_Sensitive_Groups,2023-02-03,69.8,99.7,581.0,11.6,6.8,112.0
"Knowledge park, Greater Noida",UP_SEV_2023-02-18-14.30-6.jpg,2023,2,18,12,331,f_Severe,2023-02-18,24.9,48.1,246.0,27.6,8.9,84.0
"ITO, Delhi",DL_VUNH_2023-02-04-17.00-1-17.jpg,2023,2,4,12,281,e_Very_Unhealthy,2023-02-04,2.8,4.9,89.0,0.2,0.1,62.0
"ITO, Delhi",DEL_VUnH_2023-02-16-17.00-2-71.jpg,2023,2,16,12,293,e_Very_Unhealthy,2023-02-16,2.0,3.3,115.0,0.6,0.0,52.0
Mumbai,MH_UN_2023-03-12-13.00-1-99.jpg,2023,3,12,12,156,d_Unhealthy,2023-03-12,240.3,345.5,1730.0,61.2,111.6,478.0
Tamil Nadu,TN_UnFSG_2023-03-03-09.00-1-56.jpg,2023,3,3,12,121,c_Unhealthy_for_Sensitive_Groups,2023-03-03,5.2,9.4,154.0,1.6,1.3,86.0
"Biratnagar, Nepal",BRI_Un_2023-02-09-08.00-16.jpg,2023,2,9,12,171,d_Unhealthy,2023-02-09,94.8,138.8,596.0,11.1,12.4,122.0
"ITO, Delhi",DEL_VUnH_2023-02-16-14.00-1-23.jpg,2023,2,16,12,268,e_Very_Unhealthy,2023-02-16,2.0,3.3,115.0,0.6,0.0,52.0
Bengaluru,BENGR_Mod_2023-02-25-08.30-1-376.jpg,2023,2,25,12,73,b_Moderate,2023-02-25,19.2,27.9,256.0,7.8,9.3,142.0
Bengaluru,BENGR_UHFSG_2023-02-09-08.30-1-33.jpg,2023,2,9,12,103,c_Unhealthy_for_Sensitive_Groups,2023-02-09,28.2,41.3,282.0,10.7,8.9,132.0
"Knowledge park, Greater Noida",UP_VUN_2023-02-27-10.30-1-141.jpg,2023,2,27,12,299,e_Very_Unhealthy,2023-02-27,44.7,71.7,613.0,101.2,20.5,98.0
Tamil Nadu,TN_UnFSG_2023-03-02-08.30-2-206.jpg,2023,3,2,12,119,c_Unhealthy_for_Sensitive_Groups,2023-03-02,8.6,16.2,185.0,2.6,1.1,86.0
Bengaluru,BENGR_UHFSG_2023-02-05-08.30-1-18.jpg,2023,2,3,12,111,c_Unhealthy_for_Sensitive_Groups,2023-02-03,19.7,31.1,321.0,13.6,3.8,86.0
Mumbai,MH_UnFSG_2023-02-15-10.30-1-68.jpg,2023,2,15,12,143,c_Unhealthy_for_Sensitive_Groups,2023-02-15,82.2,119.0,737.0,40.3,51.8,253.0
"Dimapur, Nagaland",Dimapur_UHFSG_2023-02-02- 09.00-1-12.jpg,2023,2,2,12,103,c_Unhealthy_for_Sensitive_Groups,2023-02-02,39.6,56.9,296.0,6.5,2.7,107.0
"Biratnagar, Nepal",BIR_UFSG_2023-02-14- 14.30-1-5.jpg,2023,2,14,12,101,c_Unhealthy_for_Sensitive_Groups,2023-02-14,43.3,62.6,471.0,15.4,7.5,101.0
"Biratnagar, Nepal",BIR_UNH_VF_2023-02-02- 12.00-1-11.jpg,2023,2,2,12,158,d_Unhealthy,2023-02-02,57.2,81.7,581.0,12.1,8.5,98.0
"Dimapur, Nagaland",Dimapur_UHFSG_2023-02-02- 09.00-3-71.jpg,2023,2,2,12,103,c_Unhealthy_for_Sensitive_Groups,2023-02-02,39.6,56.9,296.0,6.5,2.7,107.0
Bengaluru,BENGR_UnFSG_2023-03-08-08.30-1-141.jpg,2023,3,8,12,106,c_Unhealthy_for_Sensitive_Groups,2023-03-08,16.9,24.7,244.0,5.9,5.7,120.0
"Biratnagar, Nepal",BIR_UNFSG_VF_2023-02-03-15.00-3-56.jpg,2023,2,3,12,141,c_Unhealthy_for_Sensitive_Groups,2023-02-03,69.8,99.7,581.0,11.6,6.8,112.0
Bengaluru,BENGR_Mod_2023-03-01-08.30-1-426.jpg,2023,3,1,12,70,b_Moderate,2023-03-01,17.0,25.4,362.0,6.3,6.0,122.0
"ITO, Delhi",DEL_VUnH_2023-02-16-17.00-1-31.jpg,2023,2,16,12,293,e_Very_Unhealthy,2023-02-16,2.0,3.3,115.0,0.6,0.0,52.0
Mumbai,MH_UH_2023-02-10-14.30-1-61.jpg,2023,2,10,12,160,d_Unhealthy,2023-02-10,74.7,110.8,581.0,28.9,36.7,198.0
Tamil Nadu,TN_Good_2023-02-21-08.30-1-66.jpg,2023,2,21,12,29,a_Good,2023-02-21,2.1,3.2,146.0,1.6,0.3,82.0
"Biratnagar, Nepal",BIR_UNH_VF_2023-02-03- 10.00-3-46.jpg,2023,2,3,12,163,d_Unhealthy,2023-02-03,69.8,99.7,581.0,11.6,6.8,112.0
Bengaluru,BENGR_Good_2023-02-19-08.30-1-26.jpg,2023,2,19,12,41,a_Good,2023-02-19,14.6,21.7,286.0,7.9,10.9,146.0
"Biratnagar, Nepal",BIR_UNH_VF_2023-02-02- 12.00-2-7.jpg,2023,2,2,12,158,d_Unhealthy,2023-02-02,57.2,81.7,581.0,12.1,8.5,98.0
"ITO, Delhi",DEL_SEV_2023-02-17-13.00-1-67.jpg,2023,2,17,12,372,f_Severe,2023-02-17,0.2,0.3,91.0,0.1,0.0,49.0
"Biratnagar, Nepal",BIR_UNH_VF_2023-02-02- 12.00-1-18.jpg,2023,2,2,12,158,d_Unhealthy,2023-02-02,57.2,81.7,581.0,12.1,8.5,98.0
Tamil Nadu,TN_UnFSG_2023-03-01-08.30-1-106.jpg,2023,3,1,12,111,c_Unhealthy_for_Sensitive_Groups,2023-03-01,11.3,16.5,244.0,12.0,2.9,66.0
"Knowledge park, Greater Noida",UP_SEV_2023-02-18-11.00-1-40.jpg,2023,2,18,12,320,f_Severe,2023-02-18,24.9,48.1,246.0,27.6,8.9,84.0
"Biratnagar, Nepal",BIR_UNFSG_VF_2023-02-03-16.00-3-52.jpg,2023,2,3,12,141,c_Unhealthy_for_Sensitive_Groups,2023-02-03,69.8,99.7,581.0,11.6,6.8,112.0
Mumbai,MH_Good_2023-03-22-11.00-1-407.jpg,2023,3,22,12,49,a_Good,2023-03-22,16.2,31.8,249.0,15.6,16.8,76.0
Bengaluru,BENGR_Mod_2023-03-09-08.30-1-256.jpg,2023,3,9,12,51,b_Moderate,2023-03-09,32.7,47.8,341.0,6.8,6.3,123.0
"ITO, Delhi",DEL_VUnH_2023-02-16-14.00-3-42.jpg,2023,2,16,12,268,e_Very_Unhealthy,2023-02-16,2.0,3.3,115.0,0.6,0.0,52.0
"Biratnagar, Nepal",BIR_MOD_2023-02-13-09.30-4-43.jpg,2023,2,13,12,91,b_Moderate,2023-02-13,40.7,59.3,429.0,13.7,9.2,101.0
"Knowledge park, Greater Noida",UP_UHFSG_2023-02-08-08.30-1-101.jpg,2023,2,8,12,133,c_Unhealthy_for_Sensitive_Groups,2023-02-08,53.7,112.2,526.0,86.8,19.1,87.0
Mumbai,MH_UH_2023-02-14-11.30-1-36.jpg,2023,2,14,12,160,d_Unhealthy,2023-02-14,81.3,119.0,721.0,41.8,52.8,260.0
Bengaluru,BENGR_UHFSG_2023-02-15-14.30-1-26.jpg,2023,2,15,12,103,c_Unhealthy_for_Sensitive_Groups,2023-02-15,18.6,26.8,278.0,7.8,11.8,147.0
"Dimapur, Nagaland",Dimapur_MOD_2023-02-10-08.30-1-34.jpg,2023,2,10,12,63,b_Moderate,2023-02-10,95.7,140.2,322.0,4.6,4.8,113.0
"Knowledge park, Greater Noida",UP_UN_2023-03-01-08.30-1-133.jpg,2023,3,1,12,199,d_Unhealthy,2023-03-01,21.1,47.7,354.0,67.2,13.3,48.0
Mumbai,MH_UH_2023-02-03- 09.30-1-36.jpg,2023,2,3,12,162,d_Unhealthy,2023-02-03,121.1,177.4,813.0,48.2,60.2,256.0
Tamil Nadu,TN_Good_2023-02-23-08.30-2-216.jpg,2023,2,23,12,43,a_Good,2023-02-23,2.9,4.1,131.0,0.9,1.6,95.0
"Knowledge park, Greater Noida",UP_SEV_2023-02-18-14.30-1-102.jpg,2023,2,18,12,331,f_Severe,2023-02-18,24.9,48.1,246.0,27.6,8.9,84.0
"Biratnagar, Nepal",BIR_UFSG_2023-02-14- 14.30-3-7.jpg,2023,2,14,12,101,c_Unhealthy_for_Sensitive_Groups,2023-02-14,43.3,62.6,471.0,15.4,7.5,101.0
Mumbai,MH_UH_2023-02-11-03.30-1-25.jpg,2023,2,11,12,154,d_Unhealthy,2023-02-11,50.5,82.9,477.0,34.0,35.6,181.0
Mumbai,MH_UnFSG_2023-02-23-11.00-1-221.jpg,2023,2,23,12,130,c_Unhealthy_for_Sensitive_Groups,2023-02-23,70.5,109.9,662.0,40.6,61.8,226.0
Bengaluru,BENGR_Mod_2023-03-13-08.30-1-421.jpg,2023,3,13,12,53,b_Moderate,2023-03-13,27.1,39.7,365.0,8.1,8.5,111.0
"Biratnagar, Nepal",BIR_UH_2023-03-16-12.30-2-36.jpg,2023,3,16,12,154,d_Unhealthy,2023-03-16,68.5,98.7,456.0,5.4,8.3,132.0
"Biratnagar, Nepal",BIR_UNH_VF_2023-02-03- 10.00-2-27.jpg,2023,2,3,12,163,d_Unhealthy,2023-02-03,69.8,99.7,581.0,11.6,6.8,112.0
"Knowledge park, Greater Noida",UP_VUN_2023-02-27-10.30-1-173.jpg,2023,2,27,12,299,e_Very_Unhealthy,2023-02-27,44.7,71.7,613.0,101.2,20.5,98.0
Mumbai,MH_UnFSG_2023-02-17-13.00-2-8.jpg,2023,2,17,12,140,c_Unhealthy_for_Sensitive_Groups,2023-02-17,64.3,96.9,620.0,42.0,43.7,225.0
"Biratnagar, Nepal",BIR_MOD_2023-02-13-09.30-2-14.jpg,2023,2,13,12,91,b_Moderate,2023-02-13,40.7,59.3,429.0,13.7,9.2,101.0
Mumbai,MH_Good_2023-03-23-17.00-1-435.jpg,2023,3,23,12,47,a_Good,2023-03-23,18.4,34.5,257.0,17.2,19.2,71.0
Bengaluru,BENGR_Mod_2023-03-09-08.30-1-96.jpg,2023,3,9,12,51,b_Moderate,2023-03-09,32.7,47.8,341.0,6.8,6.3,123.0
"ITO, Delhi",DEL_VUH_2023-02-04-17.00-2-113.jpg,2023,2,4,12,281,e_Very_Unhealthy,2023-02-04,2.8,4.9,89.0,0.2,0.1,62.0
"Knowledge park, Greater Noida",UP_VUN_2023-03-02-09.00-1-253.jpg,2023,3,2,12,223,e_Very_Unhealthy,2023-03-02,20.5,48.2,338.0,56.9,14.0,72.0
"Knowledge park, Greater Noida",UP_UHFSG_2023-03-06-11.30-1-457.jpg,2023,3,6,12,104,c_Unhealthy_for_Sensitive_Groups,2023-03-06,57.3,103.8,710.0,101.0,20.8,124.0
Tamil Nadu,TN_Good_2023-02-22-09.30-3-1.jpg,2023,2,22,12,36,a_Good,2023-02-22,8.3,12.4,216.0,13.8,2.4,52.0
"ITO, Delhi",DEL_SEV_2023-02-22-14.00-1-211.jpg,2023,2,22,12,450,f_Severe,2023-02-22,2.4,4.2,128.0,0.1,0.0,83.0
"Biratnagar, Nepal",BIR_UNH_VF_2023-02-02- 12.00-1-41.jpg,2023,2,2,12,158,d_Unhealthy,2023-02-02,57.2,81.7,581.0,12.1,8.5,98.0
"Biratnagar, Nepal",BIR_UNH_VF_2023-02-02- 15.00-3-3.jpg,2023,2,2,12,156,d_Unhealthy,2023-02-02,57.2,81.7,581.0,12.1,8.5,98.0
Tamil Nadu,TN_UnFSG_2023-03-08-08.30-1-291.jpg,2023,3,8,12,121,c_Unhealthy_for_Sensitive_Groups,2023-03-08,21.1,30.5,475.0,70.5,1.8,17.0
"Biratnagar, Nepal",BIR_MOD_2023-02-13-09.30-3-50.jpg,2023,2,13,12,91,b_Moderate,2023-02-13,40.7,59.3,429.0,13.7,9.2,101.0
Mumbai,MH_UnFSG_2023-03-08-11.00-1-161.jpg,2023,3,8,12,124,c_Unhealthy_for_Sensitive_Groups,2023-03-08,97.1,144.8,836.0,49.2,63.9,264.0
Mumbai,MH_Good_2023-03-22-18.00-2.jpg,2023,3,22,12,47,a_Good,2023-03-22,16.2,31.8,249.0,15.6,16.8,76.0
"Knowledge park, Greater Noida",UP_UN_2023-03-01-08.30-1-421.jpg,2023,3,1,12,199,d_Unhealthy,2023-03-01,21.1,47.7,354.0,67.2,13.3,48.0
"ITO, Delhi",DEL_VUnH_2023-02-16-17.00-1-160.jpg,2023,2,16,12,293,e_Very_Unhealthy,2023-02-16,2.0,3.3,115.0,0.6,0.0,52.0
Bengaluru,BENGR_Mod_2023-03-13-08.30-1-78.jpg,2023,3,13,12,53,b_Moderate,2023-03-13,27.1,39.7,365.0,8.1,8.5,111.0
"Biratnagar, Nepal",BIR_MOD_2023-02-13-09.30-4-62.jpg,2023,2,13,12,91,b_Moderate,2023-02-13,40.7,59.3,429.0,13.7,9.2,101.0
Bengaluru,BENGR_Good_2023-02-26-08.30-1-21.jpg,2023,2,26,12,48,a_Good,2023-02-26,24.5,35.4,262.0,6.6,12.6,156.0
Bengaluru,BENGR_Mod_2023-03-09-08.30-1-416.jpg,2023,3,9,12,51,b_Moderate,2023-03-09,32.7,47.8,341.0,6.8,6.3,123.0
Tamil Nadu,TN_Good_2023-02-20-16.30-2-201.jpg,2023,2,20,12,43,a_Good,2023-02-20,2.1,3.0,150.0,2.1,0.4,78.0
"ITO, Delhi",DEL_VUnH_2023-02-16-14.30-1-259.jpg,2023,2,16,12,245,e_Very_Unhealthy,2023-02-16,2.0,3.3,115.0,0.6,0.0,52.0
Bengaluru,BENGR_Good_2023-02-26-08.30-1-436.jpg,2023,2,26,12,48,a_Good,2023-02-26,24.5,35.4,262.0,6.6,12.6,156.0
"ITO, Delhi",DEL_UnH_2023-02-15-11.30-1-25.jpg,2023,2,15,12,179,d_Unhealthy,2023-02-15,2.5,3.7,124.0,1.0,0.0,54.0
"ITO, Delhi",DEL_VUnH_2023-02-16-17.00-2-40.jpg,2023,2,16,12,293,e_Very_Unhealthy,2023-02-16,2.0,3.3,115.0,0.6,0.0,52.0
Tamil Nadu,TN_UnFSG_2023-03-02-08.30-2.jpg,2023,3,2,12,119,c_Unhealthy_for_Sensitive_Groups,2023-03-02,8.6,16.2,185.0,2.6,1.1,86.0
Bengaluru,BENGR_Mod_2023-03-06-08.30-1-446.jpg,2023,3,6,12,68,b_Moderate,2023-03-06,12.6,18.6,218.0,6.5,8.2,129.0
Bengaluru,BENGR_Mod_2023-03-06-08.30-1-151.jpg,2023,3,6,12,68,b_Moderate,2023-03-06,12.6,18.6,218.0,6.5,8.2,129.0
"Knowledge park, Greater Noida",UP_SEV_2023-02-19-14.30-1-4.jpg,2023,2,19,12,357,f_Severe,2023-02-19,26.7,50.5,247.0,25.1,8.3,99.0
Mumbai,MH_UnFSG_2023-03-08-11.00-1-241.jpg,2023,3,8,12,124,c_Unhealthy_for_Sensitive_Groups,2023-03-08,97.1,144.8,836.0,49.2,63.9,264.0
Bengaluru,BENGR_Mod_2023-02-24-08.30-1-221.jpg,2023,2,24,12,68,b_Moderate,2023-02-24,11.3,16.6,250.0,9.2,10.1,126.0
"ITO, Delhi",DL_VUNH_2023-02-04-17.00-1-49.jpg,2023,2,4,12,281,e_Very_Unhealthy,2023-02-04,2.8,4.9,89.0,0.2,0.1,62.0
Tamil Nadu,TN_Good_2023-02-23-08.30-1-111.jpg,2023,2,23,12,43,a_Good,2023-02-23,2.9,4.1,131.0,0.9,1.6,95.0
"Knowledge park, Greater Noida",UP_VUN_2023-03-02-09.00-1-321.jpg,2023,3,2,12,223,e_Very_Unhealthy,2023-03-02,20.5,48.2,338.0,56.9,14.0,72.0
"Biratnagar, Nepal",BIR_MOD_2023-02-13-09.30-2-11.jpg,2023,2,13,12,91,b_Moderate,2023-02-13,40.7,59.3,429.0,13.7,9.2,101.0
"New Ind Town, Faridabad",HAR_VUN_2022-10-02-10.00-1-3129.jpg,2022,10,2,12,230,e_Very_Unhealthy,2022-10-02,16.6,23.7,513.0,2.0,1.8,93.0
Tamil Nadu,TN_UHFSG_2023-02-10-08.30-1-26.jpg,2023,2,10,12,105,c_Unhealthy_for_Sensitive_Groups,2023-02-10,3.4,5.3,152.0,3.8,0.5,78.0
"Knowledge park, Greater Noida",UP_UHFSG_2023-02-24-08.30-1-49.jpg,2023,2,24,12,141,c_Unhealthy_for_Sensitive_Groups,2023-02-24,132.7,224.4,1109.0,243.3,40.8,181.0
"Knowledge park, Greater Noida",UP_SEV_2023-02-18-11.00-1-76.jpg,2023,2,18,12,320,f_Severe,2023-02-18,24.9,48.1,246.0,27.6,8.9,84.0
"ITO, Delhi",DEL_VUH_2023-02-04-17.00-2-100.jpg,2023,2,4,12,281,e_Very_Unhealthy,2023-02-04,2.8,4.9,89.0,0.2,0.1,62.0
Mumbai,MH_UH_2023-02-10-14.30-1-88.jpg,2023,2,10,12,160,d_Unhealthy,2023-02-10,74.7,110.8,581.0,28.9,36.7,198.0
Tamil Nadu,TN_UN_2023-03-11-08.00-1-196.jpg,2023,3,11,12,152,d_Unhealthy,2023-03-11,4.6,7.8,155.0,2.7,0.9,90.0
"Biratnagar, Nepal",BIR_UFSG_2023-02-14- 14.30-3-74.jpg,2023,2,14,12,101,c_Unhealthy_for_Sensitive_Groups,2023-02-14,43.3,62.6,471.0,15.4,7.5,101.0
Mumbai,MH_Good_2023-03-22-11.00-1-71.jpg,2023,3,22,12,49,a_Good,2023-03-22,16.2,31.8,249.0,15.6,16.8,76.0
Tamil Nadu,TN_UN_2023-03-06-09.00-1-161.jpg,2023,3,6,12,161,d_Unhealthy,2023-03-06,15.6,22.5,298.0,24.2,0.8,36.0
Bengaluru,BENGR_Good_2023-02-26-08.30-1-406.jpg,2023,2,26,12,48,a_Good,2023-02-26,24.5,35.4,262.0,6.6,12.6,156.0
"Biratnagar, Nepal",BIR_UNH_VF_2023-02-03- 10.00-3-45.jpg,2023,2,3,12,163,d_Unhealthy,2023-02-03,69.8,99.7,581.0,11.6,6.8,112.0
Bengaluru,BENGR_Mod_2023-03-06-08.30-1-166.jpg,2023,3,6,12,68,b_Moderate,2023-03-06,12.6,18.6,218.0,6.5,8.2,129.0
"ITO, Delhi",DEL_VUH_2023-02-04-17.00-2-109.jpg,2023,2,4,12,281,e_Very_Unhealthy,2023-02-04,2.8,4.9,89.0,0.2,0.1,62.0
"Knowledge park, Greater Noida",UP_UN_2023-03-01-08.30-1-153.jpg,2023,3,1,12,199,d_Unhealthy,2023-03-01,21.1,47.7,354.0,67.2,13.3,48.0
"ITO, Delhi",DEL_VUnH_2023-02-16-14.30-1-239.jpg,2023,2,16,12,245,e_Very_Unhealthy,2023-02-16,2.0,3.3,115.0,0.6,0.0,52.0
Bengaluru,BENGR_Mod_2023-02-25-08.30-1-241.jpg,2023,2,25,12,73,b_Moderate,2023-02-25,19.2,27.9,256.0,7.8,9.3,142.0
Tamil Nadu,TN_Good_2023-02-22-09.30-3-11.jpg,2023,2,22,12,36,a_Good,2023-02-22,8.3,12.4,216.0,13.8,2.4,52.0
"ITO, Delhi",DEL_SEV_2023-02-07-14.00-1-24.jpg,2023,2,7,12,449,f_Severe,2023-02-07,3.0,5.3,89.0,0.3,0.1,54.0
Mumbai,MH_UnFSG_2023-02-17-19.00-2-18.jpg,2023,2,17,12,145,c_Unhealthy_for_Sensitive_Groups,2023-02-17,64.3,96.9,620.0,42.0,43.7,225.0
Mumbai,MH_UN_2023-03-02-08.00-1-66.jpg,2023,3,2,12,156,d_Unhealthy,2023-03-02,165.8,246.8,1018.0,45.0,70.9,342.0
"ITO, Delhi",DEL_SEV_2023-02-20-14.00-1-96.jpg,2023,2,20,12,363,f_Severe,2023-02-20,4.4,7.8,136.0,0.3,0.0,76.0
Bengaluru,BENGR_Good_2023-02-27-08.30-1-86.jpg,2023,2,27,12,47,a_Good,2023-02-27,10.8,15.8,277.0,6.9,7.3,131.0
Mumbai,MH_UnFSG_2023-02-17-13.00-2-64.jpg,2023,2,17,12,140,c_Unhealthy_for_Sensitive_Groups,2023-02-17,64.3,96.9,620.0,42.0,43.7,225.0
"ITO, Delhi",DEL_SEV_2023-02-20-14.00-2-201.jpg,2023,2,20,12,363,f_Severe,2023-02-20,4.4,7.8,136.0,0.3,0.0,76.0
Tamil Nadu,TN_Good_2023-02-23-08.30-1-1.jpg,2023,2,23,12,43,a_Good,2023-02-23,2.9,4.1,131.0,0.9,1.6,95.0
Mumbai,MH_UnFSG_2023-02-17-19.00-2-19.jpg,2023,2,17,12,145,c_Unhealthy_for_Sensitive_Groups,2023-02-17,64.3,96.9,620.0,42.0,43.7,225.0
"Biratnagar, Nepal",BIR_UH_2023-03-16-12.30-2-78.jpg,2023,3,16,12,154,d_Unhealthy,2023-03-16,68.5,98.7,456.0,5.4,8.3,132.0
"Biratnagar, Nepal",BIR_UNFSG_VF_2023-02-03-15.00-3-60.jpg,2023,2,3,12,141,c_Unhealthy_for_Sensitive_Groups,2023-02-03,69.8,99.7,581.0,11.6,6.8,112.0
Bengaluru,BENGR_UHFSG_2023-02-05-08.30-1-7.jpg,2023,2,3,12,111,c_Unhealthy_for_Sensitive_Groups,2023-02-03,19.7,31.1,321.0,13.6,3.8,86.0
"Biratnagar, Nepal",BIR_UNH_VF_2023-02-02- 12.00-2-50.jpg,2023,2,2,12,158,d_Unhealthy,2023-02-02,57.2,81.7,581.0,12.1,8.5,98.0
Bengaluru,BENGR_UHFSG_2023-02-05-08.30-1-48.jpg,2023,2,3,12,111,c_Unhealthy_for_Sensitive_Groups,2023-02-03,19.7,31.1,321.0,13.6,3.8,86.0
Tamil Nadu,TN_Good_2023-02-21-08.30-2-116.jpg,2023,2,21,12,29,a_Good,2023-02-21,2.1,3.2,146.0,1.6,0.3,82.0
Bengaluru,BENGR_UnFSG_2023-03-08-08.30-1-416.jpg,2023,3,8,12,106,c_Unhealthy_for_Sensitive_Groups,2023-03-08,16.9,24.7,244.0,5.9,5.7,120.0
"ITO, Delhi",DEL_SEV_2023-02-20-14.00-2-16.jpg,2023,2,20,12,363,f_Severe,2023-02-20,4.4,7.8,136.0,0.3,0.0,76.0
Tamil Nadu,TN_UHFSG_2023-02-02- 09.00-2-13.jpg,2023,2,2,12,107,c_Unhealthy_for_Sensitive_Groups,2023-02-02,23.7,34.2,540.0,59.0,1.5,15.0
"ITO, Delhi",DEL_VUnH_2023-02-16-17.00-2-70.jpg,2023,2,16,12,293,e_Very_Unhealthy,2023-02-16,2.0,3.3,115.0,0.6,0.0,52.0
"Knowledge park, Greater Noida",UP_VUN_2023-03-02-09.00-1-745.jpg,2023,3,2,12,223,e_Very_Unhealthy,2023-03-02,20.5,48.2,338.0,56.9,14.0,72.0
"ITO, Delhi",DEL_VUnH_2023-02-16-17.00-1-78.jpg,2023,2,16,12,293,e_Very_Unhealthy,2023-02-16,2.0,3.3,115.0,0.6,0.0,52.0
"ITO, Delhi",DEL_VUnH_2023-02-16-17.00-1-22.jpg,2023,2,16,12,293,e_Very_Unhealthy,2023-02-16,2.0,3.3,115.0,0.6,0.0,52.0
"Knowledge park, Greater Noida",UP_SEV_2023-02-20-08.30-4.jpg,2023,2,20,12,331,f_Severe,2023-02-20,26.1,49.7,219.0,20.0,5.1,100.0
"ITO, Delhi",DEL_VUH_2023-02-04-17.00-2-173.jpg,2023,2,4,12,281,e_Very_Unhealthy,2023-02-04,2.8,4.9,89.0,0.2,0.1,62.0
"Dimapur, Nagaland",Dimapur_MOD_2023-02-10-08.30-2-73.jpg,2023,2,10,12,63,b_Moderate,2023-02-10,95.7,140.2,322.0,4.6,4.8,113.0
"Knowledge park, Greater Noida",UP_UHFSG_2023-02-24-08.30-1-133.jpg,2023,2,24,12,141,c_Unhealthy_for_Sensitive_Groups,2023-02-24,132.7,224.4,1109.0,243.3,40.8,181.0
Bengaluru,BENGR_UnFSG_2023-03-08-08.30-1-441.jpg,2023,3,8,12,106,c_Unhealthy_for_Sensitive_Groups,2023-03-08,16.9,24.7,244.0,5.9,5.7,120.0
"Biratnagar, Nepal",BIR_UH_2023-03-16-12.30-1-267.jpg,2023,3,16,12,154,d_Unhealthy,2023-03-16,68.5,98.7,456.0,5.4,8.3,132.0
Mumbai,MH_UH_2023-02-11-03.30-2-24.jpg,2023,2,11,12,154,d_Unhealthy,2023-02-11,50.5,82.9,477.0,34.0,35.6,181.0
Bengaluru,BENGR_Mod_2023-03-01-08.30-1-306.jpg,2023,3,1,12,70,b_Moderate,2023-03-01,17.0,25.4,362.0,6.3,6.0,122.0
Tamil Nadu,TN_UnFSG_2023-03-03-09.00-1-166.jpg,2023,3,3,12,121,c_Unhealthy_for_Sensitive_Groups,2023-03-03,5.2,9.4,154.0,1.6,1.3,86.0
Mumbai,MH_Mod_2023-03-21-15.00-1-498.jpg,2023,3,21,12,92,b_Moderate,2023-03-21,15.9,32.0,246.0,16.3,15.8,72.0
"New Ind Town, Faridabad",HAR_VUN_2022-10-02-10.00-1-1913.jpg,2022,10,2,12,230,e_Very_Unhealthy,2022-10-02,16.6,23.7,513.0,2.0,1.8,93.0
Bengaluru,BENGR_UnFSG_2023-03-08-08.30-1-171.jpg,2023,3,8,12,106,c_Unhealthy_for_Sensitive_Groups,2023-03-08,16.9,24.7,244.0,5.9,5.7,120.0
"ITO, Delhi",DEL_SEV_2023-02-22-14.00-2-681.jpg,2023,2,22,12,450,f_Severe,2023-02-22,2.4,4.2,128.0,0.1,0.0,83.0
"Biratnagar, Nepal",BIR_UNFSG_VF_2023-02-03-16.00-3-53.jpg,2023,2,3,12,141,c_Unhealthy_for_Sensitive_Groups,2023-02-03,69.8,99.7,581.0,11.6,6.8,112.0
Bengaluru,BENGR_Mod_2023-03-13-08.30-1-162.jpg,2023,3,13,12,53,b_Moderate,2023-03-13,27.1,39.7,365.0,8.1,8.5,111.0
"Biratnagar, Nepal",BIR_MOD_2023-02-13-09.30-4-64.jpg,2023,2,13,12,91,b_Moderate,2023-02-13,40.7,59.3,429.0,13.7,9.2,101.0
Tamil Nadu,TN_UnFSG_2023-03-08-08.30-1-66.jpg,2023,3,8,12,121,c_Unhealthy_for_Sensitive_Groups,2023-03-08,21.1,30.5,475.0,70.5,1.8,17.0
"Biratnagar, Nepal",BIR_UNFSG_VF_2023-02-03-15.00-3-62.jpg,2023,2,3,12,141,c_Unhealthy_for_Sensitive_Groups,2023-02-03,69.8,99.7,581.0,11.6,6.8,112.0
Mumbai,MH_UN_2023-03-02-08.00-1-31.jpg,2023,3,2,12,156,d_Unhealthy,2023-03-02,165.8,246.8,1018.0,45.0,70.9,342.0
"Biratnagar, Nepal",BIR_UNFSG_VF_2023-02-03-16.00-1-50.jpg,2023,2,3,12,141,c_Unhealthy_for_Sensitive_Groups,2023-02-03,69.8,99.7,581.0,11.6,6.8,112.0
"Biratnagar, Nepal",BIR_UNH_VF_2023-02-02- 1700-3-46.jpg,2023,2,2,12,156,d_Unhealthy,2023-02-02,57.2,81.7,581.0,12.1,8.5,98.0
"Biratnagar, Nepal",BIR_UH_2023-03-16-12.30-5.jpg,2023,3,16,12,154,d_Unhealthy,2023-03-16,68.5,98.7,456.0,5.4,8.3,132.0
"Biratnagar, Nepal",BIR_MOD_2023-02-13-09.30-1-26.jpg,2023,2,13,12,91,b_Moderate,2023-02-13,40.7,59.3,429.0,13.7,9.2,101.0
Mumbai,MH_UH_2023-02-10-14.30-1-86.jpg,2023,2,10,12,160,d_Unhealthy,2023-02-10,74.7,110.8,581.0,28.9,36.7,198.0
Tamil Nadu,TN_UnFSG_2023-03-08-08.30-1-166.jpg,2023,3,8,12,121,c_Unhealthy_for_Sensitive_Groups,2023-03-08,21.1,30.5,475.0,70.5,1.8,17.0
Tamil Nadu,TN_UN_2023-03-06-09.00-1-216.jpg,2023,3,6,12,161,d_Unhealthy,2023-03-06,15.6,22.5,298.0,24.2,0.8,36.0
"Knowledge park, Greater Noida",UP_UN_2023-03-01-08.30-1-233.jpg,2023,3,1,12,199,d_Unhealthy,2023-03-01,21.1,47.7,354.0,67.2,13.3,48.0
"ITO, Delhi",DEL_VUnH_2023-02-16-14.00-2-33.jpg,2023,2,16,12,268,e_Very_Unhealthy,2023-02-16,2.0,3.3,115.0,0.6,0.0,52.0
"Biratnagar, Nepal",BIR_UH_2023-03-16-12.30-4-246.jpg,2023,3,16,12,154,d_Unhealthy,2023-03-16,68.5,98.7,456.0,5.4,8.3,132.0
Mumbai,MH_UnFSG_2023-03-08-11.00-5.jpg,2023,3,8,12,124,c_Unhealthy_for_Sensitive_Groups,2023-03-08,97.1,144.8,836.0,49.2,63.9,264.0
Bengaluru,BENGR_Good_2023-02-26-08.30-1-421.jpg,2023,2,26,12,48,a_Good,2023-02-26,24.5,35.4,262.0,6.6,12.6,156.0
"Biratnagar, Nepal",BIR_UNFSG_VF_2023-02-03-16.00-1-11.jpg,2023,2,3,12,141,c_Unhealthy_for_Sensitive_Groups,2023-02-03,69.8,99.7,581.0,11.6,6.8,112.0
"ITO, Delhi",DEL_VUnH_2023-02-16-17.00-1-69.jpg,2023,2,16,12,293,e_Very_Unhealthy,2023-02-16,2.0,3.3,115.0,0.6,0.0,52.0
Mumbai,MH_VUN_2023-02-25-10.00-1-96.jpg,2023,2,25,12,206,e_Very_Unhealthy,2023-02-25,64.3,98.3,654.0,37.4,50.9,173.0
Mumbai,MH_UH_2023-02-18-11.00-1-53.jpg,2023,2,18,12,151,d_Unhealthy,2023-02-18,100.4,145.8,792.0,40.1,53.4,275.0
"ITO, Delhi",DEL_SEV_2023-02-16-18.00-2-109.jpg,2023,2,16,12,330,f_Severe,2023-02-16,2.0,3.3,115.0,0.6,0.0,52.0
Tamil Nadu,TN_UHFSG_2023-02-10-08.30-1-23.jpg,2023,2,10,12,105,c_Unhealthy_for_Sensitive_Groups,2023-02-10,3.4,5.3,152.0,3.8,0.5,78.0
"ITO, Delhi",DEL_VUnH_2023-02-16-14.30-1-1.jpg,2023,2,16,12,245,e_Very_Unhealthy,2023-02-16,2.0,3.3,115.0,0.6,0.0,52.0
Bengaluru,BENGR_UnFSG_2023-03-08-08.30-1-486.jpg,2023,3,8,12,106,c_Unhealthy_for_Sensitive_Groups,2023-03-08,16.9,24.7,244.0,5.9,5.7,120.0
Tamil Nadu,TN_Good_2023-02-27-16.30-1-11.jpg,2023,2,27,12,43,a_Good,2023-02-27,5.9,9.2,177.0,7.1,1.1,74.0
Tamil Nadu,TN_UNH_2023-02-03-12.30-1-39.jpg,2023,2,3,12,150,d_Unhealthy,2023-02-03,26.3,38.1,500.0,65.8,1.9,18.0
Bengaluru,BENGR_Good_2023-03-17-08.30-1-127.jpg,2023,3,17,12,15,a_Good,2023-03-17,20.8,31.4,332.0,11.4,4.1,112.0
Bengaluru,BENGR_Good_2023-03-17-08.30-1-407.jpg,2023,3,17,12,15,a_Good,2023-03-17,20.8,31.4,332.0,11.4,4.1,112.0
"New Ind Town, Faridabad",HAR_VUN_2022-10-02-10.00-1-4057.jpg,2022,10,2,12,230,e_Very_Unhealthy,2022-10-02,16.6,23.7,513.0,2.0,1.8,93.0
"ITO, Delhi",DEL_VUnH_2023-02-16-14.00-3-65.jpg,2023,2,16,12,268,e_Very_Unhealthy,2023-02-16,2.0,3.3,115.0,0.6,0.0,52.0
Mumbai,MH_UH_2023-02-02- 09.30-1-35.jpg,2023,2,2,12,182,d_Unhealthy,2023-02-02,122.9,179.7,829.0,44.0,61.7,239.0
Mumbai,MH_UH_2023-02-11-03.30-2-9.jpg,2023,2,11,12,154,d_Unhealthy,2023-02-11,50.5,82.9,477.0,34.0,35.6,181.0
"ITO, Delhi",DL_VUNH_2023-02-04-17.00-1-29.jpg,2023,2,4,12,281,e_Very_Unhealthy,2023-02-04,2.8,4.9,89.0,0.2,0.1,62.0
"Biratnagar, Nepal",BIR_UNFSG_VF_2023-02-03-16.00-2-41.jpg,2023,2,3,12,141,c_Unhealthy_for_Sensitive_Groups,2023-02-03,69.8,99.7,581.0,11.6,6.8,112.0
"New Ind Town, Faridabad",HAR_VUN_2022-10-02-10.00-1-1441.jpg,2022,10,2,12,230,e_Very_Unhealthy,2022-10-02,16.6,23.7,513.0,2.0,1.8,93.0
Bengaluru,BENGR_Mod_2023-02-25-08.30-1-221.jpg,2023,2,25,12,73,b_Moderate,2023-02-25,19.2,27.9,256.0,7.8,9.3,142.0
Mumbai,MH_VUN_2023-02-24-15.00-5.jpg,2023,2,24,12,202,e_Very_Unhealthy,2023-02-24,73.3,112.7,633.0,41.2,49.7,231.0
Mumbai,MH_UH_2023-02-18-11.00-1-64.jpg,2023,2,18,12,151,d_Unhealthy,2023-02-18,100.4,145.8,792.0,40.1,53.4,275.0
Mumbai,MH_UH_2023-02-18-11.00-1-36.jpg,2023,2,18,12,151,d_Unhealthy,2023-02-18,100.4,145.8,792.0,40.1,53.4,275.0
"Biratnagar, Nepal",BIR_UH_2023-03-16-12.30-1-43.jpg,2023,3,16,12,154,d_Unhealthy,2023-03-16,68.5,98.7,456.0,5.4,8.3,132.0
Bengaluru,BENGR_Good_2023-02-27-08.30-1-321.jpg,2023,2,27,12,47,a_Good,2023-02-27,10.8,15.8,277.0,6.9,7.3,131.0
Tamil Nadu,TN_Good_2023-02-22-09.30-1-136.jpg,2023,2,22,12,36,a_Good,2023-02-22,8.3,12.4,216.0,13.8,2.4,52.0
Tamil Nadu,TN_Good_2023-02-22-09.30-2-191.jpg,2023,2,22,12,36,a_Good,2023-02-22,8.3,12.4,216.0,13.8,2.4,52.0
"Biratnagar, Nepal",BIR_UNH_VF_2023-02-03- 10.00-2-66.jpg,2023,2,3,12,163,d_Unhealthy,2023-02-03,69.8,99.7,581.0,11.6,6.8,112.0
"Dimapur, Nagaland",Dimapur_MOD_2023-02-10-08.30-1-27.jpg,2023,2,10,12,63,b_Moderate,2023-02-10,95.7,140.2,322.0,4.6,4.8,113.0
Mumbai,MH_UH_2023-02-03- 09.30-1-61.jpg,2023,2,3,12,162,d_Unhealthy,2023-02-03,121.1,177.4,813.0,48.2,60.2,256.0
Tamil Nadu,TN_Good_2023-02-22-09.30-1-161.jpg,2023,2,22,12,36,a_Good,2023-02-22,8.3,12.4,216.0,13.8,2.4,52.0
"Knowledge park, Greater Noida",UP_UN_2023-03-01-08.30-1-265.jpg,2023,3,1,12,199,d_Unhealthy,2023-03-01,21.1,47.7,354.0,67.2,13.3,48.0
"Knowledge park, Greater Noida",UP_VUN_2023-03-02-09.00-1-425.jpg,2023,3,2,12,223,e_Very_Unhealthy,2023-03-02,20.5,48.2,338.0,56.9,14.0,72.0
Tamil Nadu,TN_Good_2023-02-23-08.30-1-31.jpg,2023,2,23,12,43,a_Good,2023-02-23,2.9,4.1,131.0,0.9,1.6,95.0
Bengaluru,BENGR_Mod_2023-03-04-08.30-1-561.jpg,2023,3,4,12,71,b_Moderate,2023-03-04,17.8,26.3,251.0,6.2,6.9,118.0
Bengaluru,BENGR_Mod_2023-03-04-08.30-1-16.jpg,2023,3,4,12,71,b_Moderate,2023-03-04,17.8,26.3,251.0,6.2,6.9,118.0
"Knowledge park, Greater Noida",UP_VUN_2023-03-02-09.00-1-505.jpg,2023,3,2,12,223,e_Very_Unhealthy,2023-03-02,20.5,48.2,338.0,56.9,14.0,72.0
"Biratnagar, Nepal",BIR_UNFSG_VF_2023-02-03-16.00-2-82.jpg,2023,2,3,12,141,c_Unhealthy_for_Sensitive_Groups,2023-02-03,69.8,99.7,581.0,11.6,6.8,112.0
"New Ind Town, Faridabad",HAR_VUN_2022-10-02-10.00-1-673.jpg,2022,10,2,12,230,e_Very_Unhealthy,2022-10-02,16.6,23.7,513.0,2.0,1.8,93.0
"ITO, Delhi",DEL_SEV_2023-02-16-18.00-2-25.jpg,2023,2,16,12,330,f_Severe,2023-02-16,2.0,3.3,115.0,0.6,0.0,52.0
"Biratnagar, Nepal",BIR_MOD_2023-02-13-09.30-2-26.jpg,2023,2,13,12,91,b_Moderate,2023-02-13,40.7,59.3,429.0,13.7,9.2,101.0
Bengaluru,BENGR_Mod_2023-02-21-08.30-1-176.jpg,2023,2,21,12,56,b_Moderate,2023-02-21,26.0,37.8,303.0,8.9,11.2,152.0
"ITO, Delhi",DEL_SEV_2023-02-22-14.00-2-66.jpg,2023,2,22,12,450,f_Severe,2023-02-22,2.4,4.2,128.0,0.1,0.0,83.0
"Knowledge park, Greater Noida",UP_UHFSG_2023-03-06-11.30-1-33.jpg,2023,3,6,12,104,c_Unhealthy_for_Sensitive_Groups,2023-03-06,57.3,103.8,710.0,101.0,20.8,124.0
"Biratnagar, Nepal",BIR_UNH_VF_2023-02-02- 15.00-4-64.jpg,2023,2,2,12,156,d_Unhealthy,2023-02-02,57.2,81.7,581.0,12.1,8.5,98.0
"Biratnagar, Nepal",BIR_MOD_2023-02-13-09.30-3-35.jpg,2023,2,13,12,91,b_Moderate,2023-02-13,40.7,59.3,429.0,13.7,9.2,101.0
"ITO, Delhi",DL_VUNH_2023-02-04-17.00-1-79.jpg,2023,2,4,12,281,e_Very_Unhealthy,2023-02-04,2.8,4.9,89.0,0.2,0.1,62.0
"Biratnagar, Nepal",BIR_UNFSG_VF_2023-02-03-16.00-3-65.jpg,2023,2,3,12,141,c_Unhealthy_for_Sensitive_Groups,2023-02-03,69.8,99.7,581.0,11.6,6.8,112.0
"ITO, Delhi",DEL_SEV_2023-02-20-14.00-2-536.jpg,2023,2,20,12,363,f_Severe,2023-02-20,4.4,7.8,136.0,0.3,0.0,76.0
"ITO, Delhi",DEL_VUnH_2023-02-16-14.30-1-119.jpg,2023,2,16,12,245,e_Very_Unhealthy,2023-02-16,2.0,3.3,115.0,0.6,0.0,52.0
"Knowledge park, Greater Noida",UP_UN_2023-03-01-08.30-1-25.jpg,2023,3,1,12,199,d_Unhealthy,2023-03-01,21.1,47.7,354.0,67.2,13.3,48.0
Tamil Nadu,TN_Good_2023-03-21-08.30-2-9.jpg,2023,3,21,12,27,a_Good,2023-03-21,8.3,12.3,214.0,11.7,1.2,58.0
Bengaluru,BENGR_Mod_2023-03-01-08.30-1-256.jpg,2023,3,1,12,70,b_Moderate,2023-03-01,17.0,25.4,362.0,6.3,6.0,122.0
Bengaluru,BENGR_Mod_2023-03-04-08.30-1-246.jpg,2023,3,4,12,71,b_Moderate,2023-03-04,17.8,26.3,251.0,6.2,6.9,118.0
Tamil Nadu,TN_UN_2023-03-11-08.00-1-186.jpg,2023,3,11,12,152,d_Unhealthy,2023-03-11,4.6,7.8,155.0,2.7,0.9,90.0
Mumbai,MH_UnFSG_2023-03-08-11.00-1-346.jpg,2023,3,8,12,124,c_Unhealthy_for_Sensitive_Groups,2023-03-08,97.1,144.8,836.0,49.2,63.9,264.0
Mumbai,MH_VUN_2023-02-25-10.00-1-126.jpg,2023,2,25,12,206,e_Very_Unhealthy,2023-02-25,64.3,98.3,654.0,37.4,50.9,173.0
"ITO, Delhi",DEL_SEV_2023-02-22-14.00-2-1.jpg,2023,2,22,12,450,f_Severe,2023-02-22,2.4,4.2,128.0,0.1,0.0,83.0
Tamil Nadu,TN_UHFSG_2023-02-10-08.30-1-1.jpg,2023,2,10,12,105,c_Unhealthy_for_Sensitive_Groups,2023-02-10,3.4,5.3,152.0,3.8,0.5,78.0
"Dimapur, Nagaland",Dimapur_MOD_2023-02-10-08.30-2-17.jpg,2023,2,10,12,63,b_Moderate,2023-02-10,95.7,140.2,322.0,4.6,4.8,113.0
"New Ind Town, Faridabad",HAR_VUN_2022-10-02-10.00-1-4713.jpg,2022,10,2,12,230,e_Very_Unhealthy,2022-10-02,16.6,23.7,513.0,2.0,1.8,93.0
"ITO, Delhi",DEL_VUnH_2023-02-16-17.00-1-76.jpg,2023,2,16,12,293,e_Very_Unhealthy,2023-02-16,2.0,3.3,115.0,0.6,0.0,52.0
"Biratnagar, Nepal",BIR_UNH_VF_2023-02-02- 12.00-3-44.jpg,2023,2,2,12,158,d_Unhealthy,2023-02-02,57.2,81.7,581.0,12.1,8.5,98.0
"Knowledge park, Greater Noida",UP_UHFSG_2023-02-24-08.30-1-405.jpg,2023,2,24,12,141,c_Unhealthy_for_Sensitive_Groups,2023-02-24,132.7,224.4,1109.0,243.3,40.8,181.0
Mumbai,MH_Good_2023-03-22-11.00-1-274.jpg,2023,3,22,12,49,a_Good,2023-03-22,16.2,31.8,249.0,15.6,16.8,76.0
Mumbai,MH_UnFSG_2023-02-17-13.00-2-32.jpg,2023,2,17,12,140,c_Unhealthy_for_Sensitive_Groups,2023-02-17,64.3,96.9,620.0,42.0,43.7,225.0
Bengaluru,BENGR_Mod_2023-02-23-08.30-1-181.jpg,2023,2,23,12,97,b_Moderate,2023-02-23,18.2,26.4,272.0,8.0,8.1,126.0
"Biratnagar, Nepal",BIR_UFSG_2023-02-14- 14.30-1-39.jpg,2023,2,14,12,101,c_Unhealthy_for_Sensitive_Groups,2023-02-14,43.3,62.6,471.0,15.4,7.5,101.0
"Biratnagar, Nepal",BIR_UNFSG_VF_2023-02-03-15.00-3-40.jpg,2023,2,3,12,141,c_Unhealthy_for_Sensitive_Groups,2023-02-03,69.8,99.7,581.0,11.6,6.8,112.0
"Knowledge park, Greater Noida",UP_VUN_2023-03-02-09.00-1-5.jpg,2023,3,2,12,223,e_Very_Unhealthy,2023-03-02,20.5,48.2,338.0,56.9,14.0,72.0
"Knowledge park, Greater Noida",UP_VUN_2023-02-22-09.00-1.jpg,2023,2,22,12,232,e_Very_Unhealthy,2023-02-22,12.7,29.3,276.0,45.0,11.1,63.0
"Dimapur, Nagaland",Dimapur_UHFSG_2023-02-02- 09.00-1-29.jpg,2023,2,2,12,103,c_Unhealthy_for_Sensitive_Groups,2023-02-02,39.6,56.9,296.0,6.5,2.7,107.0
Mumbai,MH_UnFSG_2023-03-10-16.00-1-251.jpg,2023,3,10,12,141,c_Unhealthy_for_Sensitive_Groups,2023-03-10,51.1,75.7,577.0,42.8,39.8,185.0
Tamil Nadu,TN_UnFSG_2023-03-02-08.30-2-11.jpg,2023,3,2,12,119,c_Unhealthy_for_Sensitive_Groups,2023-03-02,8.6,16.2,185.0,2.6,1.1,86.0
"Biratnagar, Nepal",BIR_UNFSG_VF_2023-02-03-16.00-1-28.jpg,2023,2,3,12,141,c_Unhealthy_for_Sensitive_Groups,2023-02-03,69.8,99.7,581.0,11.6,6.8,112.0
Bengaluru,BENGR_Mod_2023-03-09-08.30-1-31.jpg,2023,3,9,12,51,b_Moderate,2023-03-09,32.7,47.8,341.0,6.8,6.3,123.0
"Biratnagar, Nepal",BIR_UNH_VF_2023-02-02- 12.00-2-88.jpg,2023,2,2,12,158,d_Unhealthy,2023-02-02,57.2,81.7,581.0,12.1,8.5,98.0
Bengaluru,BENGR_UHFSG_2023-02-05-08.30-1-47.jpg,2023,2,3,12,111,c_Unhealthy_for_Sensitive_Groups,2023-02-03,19.7,31.1,321.0,13.6,3.8,86.0
"ITO, Delhi",DEL_VUnH_2023-02-16-17.00-2-103.jpg,2023,2,16,12,293,e_Very_Unhealthy,2023-02-16,2.0,3.3,115.0,0.6,0.0,52.0
"New Ind Town, Faridabad",HAR_VUN_2022-10-02-10.00-1-3769.jpg,2022,10,2,12,230,e_Very_Unhealthy,2022-10-02,16.6,23.7,513.0,2.0,1.8,93.0
Bengaluru,BENGR_Good_2023-02-28-08.30-1-111.jpg,2023,2,28,12,37,a_Good,2023-02-28,27.2,39.7,398.0,7.6,7.8,127.0
Tamil Nadu,TN_MOD_2023-02-09-08.30-2-21.jpg,2023,2,9,12,78,b_Moderate,2023-02-09,20.1,29.8,485.0,57.4,2.2,10.0
Mumbai,MH_UnFSG_2023-03-10-16.00-1-1.jpg,2023,3,10,12,141,c_Unhealthy_for_Sensitive_Groups,2023-03-10,51.1,75.7,577.0,42.8,39.8,185.0
Mumbai,MH_VUN_2023-03-05-08.30-2-336.jpg,2023,3,5,12,284,e_Very_Unhealthy,2023-03-05,278.5,401.4,1413.0,23.7,39.9,325.0
Tamil Nadu,TN_Good_2023-02-22-09.30-2-81.jpg,2023,2,22,12,36,a_Good,2023-02-22,8.3,12.4,216.0,13.8,2.4,52.0
Mumbai,MH_Mod_2023-03-21-15.00-1-78.jpg,2023,3,21,12,92,b_Moderate,2023-03-21,15.9,32.0,246.0,16.3,15.8,72.0
Mumbai,MH_UH_2023-02-10-14.30-1-107.jpg,2023,2,10,12,160,d_Unhealthy,2023-02-10,74.7,110.8,581.0,28.9,36.7,198.0
"ITO, Delhi",DEL_VUnH_2023-02-16-14.30-1-249.jpg,2023,2,16,12,245,e_Very_Unhealthy,2023-02-16,2.0,3.3,115.0,0.6,0.0,52.0
"ITO, Delhi",DEL_SEV_2023-02-20-14.00-2-131.jpg,2023,2,20,12,363,f_Severe,2023-02-20,4.4,7.8,136.0,0.3,0.0,76.0
"ITO, Delhi",DEL_VUnH_2023-02-16-14.30-1-74.jpg,2023,2,16,12,245,e_Very_Unhealthy,2023-02-16,2.0,3.3,115.0,0.6,0.0,52.0
Mumbai,MH_UH_2023-02-14-11.30-1-22.jpg,2023,2,14,12,160,d_Unhealthy,2023-02-14,81.3,119.0,721.0,41.8,52.8,260.0
Mumbai,MH_UN_2023-03-12-13.00-1-281.jpg,2023,3,12,12,156,d_Unhealthy,2023-03-12,240.3,345.5,1730.0,61.2,111.6,478.0
"Biratnagar, Nepal",BIR_MOD_2023-02-13-09.30-1-24.jpg,2023,2,13,12,91,b_Moderate,2023-02-13,40.7,59.3,429.0,13.7,9.2,101.0
Bengaluru,BENGR_UHFSG_2023-02-05-08.30-1-57.jpg,2023,2,3,12,111,c_Unhealthy_for_Sensitive_Groups,2023-02-03,19.7,31.1,321.0,13.6,3.8,86.0
"Biratnagar, Nepal",BIR_UNH_VF_2023-02-02- 1700-2-36.jpg,2023,2,2,12,156,d_Unhealthy,2023-02-02,57.2,81.7,581.0,12.1,8.5,98.0
"ITO, Delhi",DEL_SEV_2023-02-07-14.00-1-47.jpg,2023,2,7,12,449,f_Severe,2023-02-07,3.0,5.3,89.0,0.3,0.1,54.0
"New Ind Town, Faridabad",HAR_VUN_2022-10-02-10.00-1-257.jpg,2022,10,2,12,230,e_Very_Unhealthy,2022-10-02,16.6,23.7,513.0,2.0,1.8,93.0
"Knowledge park, Greater Noida",UP_VUN_2023-03-02-09.00-1-701.jpg,2023,3,2,12,223,e_Very_Unhealthy,2023-03-02,20.5,48.2,338.0,56.9,14.0,72.0
Mumbai,MH_VUN_2023-02-25-10.00-1-216.jpg,2023,2,25,12,206,e_Very_Unhealthy,2023-02-25,64.3,98.3,654.0,37.4,50.9,173.0
"Biratnagar, Nepal",BIR_UNH_VF_2023-02-02- 12.00-1-14.jpg,2023,2,2,12,158,d_Unhealthy,2023-02-02,57.2,81.7,581.0,12.1,8.5,98.0
"Biratnagar, Nepal",BIR_UNH_VF_2023-02-02- 12.00-3-77.jpg,2023,2,2,12,158,d_Unhealthy,2023-02-02,57.2,81.7,581.0,12.1,8.5,98.0
Tamil Nadu,TN_Mod_2023-02-28-08.30-1-161.jpg,2023,2,28,12,73,b_Moderate,2023-02-28,3.8,5.7,174.0,4.3,0.9,75.0
"ITO, Delhi",DEL_VUnH_2023-02-16-14.30-1-127.jpg,2023,2,16,12,245,e_Very_Unhealthy,2023-02-16,2.0,3.3,115.0,0.6,0.0,52.0
Tamil Nadu,TN_UN_2023-03-06-09.00-2-116.jpg,2023,3,6,12,161,d_Unhealthy,2023-03-06,15.6,22.5,298.0,24.2,0.8,36.0
"Biratnagar, Nepal",BIR_UNFSG_VF_2023-02-03-16.00-3-36.jpg,2023,2,3,12,141,c_Unhealthy_for_Sensitive_Groups,2023-02-03,69.8,99.7,581.0,11.6,6.8,112.0
"Knowledge park, Greater Noida",UP_UN_2023-02-21-08.30-2.jpg,2023,2,21,12,189,d_Unhealthy,2023-02-21,19.8,39.7,224.0,28.1,6.5,85.0
Tamil Nadu,TN_UnFSG_2023-03-02-08.30-1-221.jpg,2023,3,2,12,119,c_Unhealthy_for_Sensitive_Groups,2023-03-02,8.6,16.2,185.0,2.6,1.1,86.0
"Biratnagar, Nepal",BIR_UH_2023-03-16-12.30-11.jpg,2023,3,16,12,154,d_Unhealthy,2023-03-16,68.5,98.7,456.0,5.4,8.3,132.0
"Knowledge park, Greater Noida",UP_UN_2023-03-01-08.30-1-341.jpg,2023,3,1,12,199,d_Unhealthy,2023-03-01,21.1,47.7,354.0,67.2,13.3,48.0
"Biratnagar, Nepal",BIR_UNH_VF_2023-02-02- 12.00-1-74.jpg,2023,2,2,12,158,d_Unhealthy,2023-02-02,57.2,81.7,581.0,12.1,8.5,98.0
Mumbai,MH_UnFSG_2023-03-18-11.00-10.jpg,2023,3,18,12,114,c_Unhealthy_for_Sensitive_Groups,2023-03-18,59.0,94.8,678.0,39.3,48.8,177.0
Mumbai,MH_UH_2023-02-03- 09.30-1-84.jpg,2023,2,3,12,162,d_Unhealthy,2023-02-03,121.1,177.4,813.0,48.2,60.2,256.0
"Biratnagar, Nepal",BIR_UFSG_2023-02-14- 14.30-3-41.jpg,2023,2,14,12,101,c_Unhealthy_for_Sensitive_Groups,2023-02-14,43.3,62.6,471.0,15.4,7.5,101.0
Mumbai,MH_UH_2023-02-19-12.00-1-47.jpg,2023,2,19,12,160,d_Unhealthy,2023-02-19,143.0,205.8,1159.0,48.0,73.1,327.0
Mumbai,MH_UnFSG_2023-03-08-11.00-1-391.jpg,2023,3,8,12,124,c_Unhealthy_for_Sensitive_Groups,2023-03-08,97.1,144.8,836.0,49.2,63.9,264.0
"ITO, Delhi",DEL_VUnH_2023-02-16-14.30-1-129.jpg,2023,2,16,12,245,e_Very_Unhealthy,2023-02-16,2.0,3.3,115.0,0.6,0.0,52.0
Bengaluru,BENGR_UHFSG_2023-02-05-08.30-1-17.jpg,2023,2,3,12,111,c_Unhealthy_for_Sensitive_Groups,2023-02-03,19.7,31.1,321.0,13.6,3.8,86.0
Bengaluru,BENGR_UHFSG_2023-02-15-14.30-1-15.jpg,2023,2,15,12,103,c_Unhealthy_for_Sensitive_Groups,2023-02-15,18.6,26.8,278.0,7.8,11.8,147.0
"Dimapur, Nagaland",Dimapur_UHFSG_2023-02-02- 09.00-3-74.jpg,2023,2,2,12,103,c_Unhealthy_for_Sensitive_Groups,2023-02-02,39.6,56.9,296.0,6.5,2.7,107.0
Tamil Nadu,TN_MOD_2023-02-09-08.30-2-8.jpg,2023,2,9,12,78,b_Moderate,2023-02-09,20.1,29.8,485.0,57.4,2.2,10.0
Mumbai,MH_UH_2023-02-10-14.30-1-12.jpg,2023,2,10,12,160,d_Unhealthy,2023-02-10,74.7,110.8,581.0,28.9,36.7,198.0
"Knowledge park, Greater Noida",UP_SEV_2023-02-20-08.30-1-44.jpg,2023,2,20,12,331,f_Severe,2023-02-20,26.1,49.7,219.0,20.0,5.1,100.0
"ITO, Delhi",DEL_SEV_2023-02-20-14.00-1-226.jpg,2023,2,20,12,363,f_Severe,2023-02-20,4.4,7.8,136.0,0.3,0.0,76.0
"ITO, Delhi",DEL_SEV_2023-02-17-13.00-2-2.jpg,2023,2,17,12,372,f_Severe,2023-02-17,0.2,0.3,91.0,0.1,0.0,49.0
Bengaluru,BENGR_Good_2023-03-21-08.30-1-491.jpg,2023,3,21,12,47,a_Good,2023-03-21,9.1,13.8,245.0,15.6,3.6,110.0
Bengaluru,BENGR_Good_2023-03-17-08.30-1-85.jpg,2023,3,17,12,15,a_Good,2023-03-17,20.8,31.4,332.0,11.4,4.1,112.0
Bengaluru,BENGR_UnFSG_2023-03-08-08.30-1-181.jpg,2023,3,8,12,106,c_Unhealthy_for_Sensitive_Groups,2023-03-08,16.9,24.7,244.0,5.9,5.7,120.0
"Knowledge park, Greater Noida",UP_VUN_2023-02-27-10.30-1-237.jpg,2023,2,27,12,299,e_Very_Unhealthy,2023-02-27,44.7,71.7,613.0,101.2,20.5,98.0
"Knowledge park, Greater Noida",UP_UHFSG_2023-03-06-11.30-1-441.jpg,2023,3,6,12,104,c_Unhealthy_for_Sensitive_Groups,2023-03-06,57.3,103.8,710.0,101.0,20.8,124.0
Tamil Nadu,TN_Good_2023-02-23-08.30-2-251.jpg,2023,2,23,12,43,a_Good,2023-02-23,2.9,4.1,131.0,0.9,1.6,95.0
Mumbai,MH_UnFSG_2023-03-14-13.00-1-289.jpg,2023,3,14,12,138,c_Unhealthy_for_Sensitive_Groups,2023-03-14,160.7,240.3,1639.0,42.4,85.0,345.0
"ITO, Delhi",DEL_SEV_2023-02-07-14.00-1-120.jpg,2023,2,7,12,449,f_Severe,2023-02-07,3.0,5.3,89.0,0.3,0.1,54.0
Bengaluru,BENGR_Mod_2023-02-24-08.30-1-151.jpg,2023,2,24,12,68,b_Moderate,2023-02-24,11.3,16.6,250.0,9.2,10.1,126.0
Mumbai,MH_UnFSG_2023-02-23-11.00-1-246.jpg,2023,2,23,12,130,c_Unhealthy_for_Sensitive_Groups,2023-02-23,70.5,109.9,662.0,40.6,61.8,226.0
Tamil Nadu,TN_Good_2023-02-23-08.30-2-121.jpg,2023,2,23,12,43,a_Good,2023-02-23,2.9,4.1,131.0,0.9,1.6,95.0
"Dimapur, Nagaland",Dimapur_UHFSG_2023-02-02- 09.00-1-73.jpg,2023,2,2,12,103,c_Unhealthy_for_Sensitive_Groups,2023-02-02,39.6,56.9,296.0,6.5,2.7,107.0
"New Ind Town, Faridabad",HAR_VUN_2022-10-02-10.00-1-2353.jpg,2022,10,2,12,230,e_Very_Unhealthy,2022-10-02,16.6,23.7,513.0,2.0,1.8,93.0
Mumbai,MH_VUN_2023-02-25-10.00-1-226.jpg,2023,2,25,12,206,e_Very_Unhealthy,2023-02-25,64.3,98.3,654.0,37.4,50.9,173.0
"Knowledge park, Greater Noida",UP_UHFSG_2023-02-15-08.30-2.jpg,2023,2,15,12,134,c_Unhealthy_for_Sensitive_Groups,2023-02-15,68.9,104.8,389.0,56.2,16.2,190.0
"Biratnagar, Nepal",BIR_MOD_2023-02-13-09.30-1-33.jpg,2023,2,13,12,91,b_Moderate,2023-02-13,40.7,59.3,429.0,13.7,9.2,101.0
Tamil Nadu,TN_MOD_2023-02-09-08.30-1-22.jpg,2023,2,9,12,78,b_Moderate,2023-02-09,20.1,29.8,485.0,57.4,2.2,10.0
Bengaluru,BENGR_Mod_2023-03-01-08.30-1-41.jpg,2023,3,1,12,70,b_Moderate,2023-03-01,17.0,25.4,362.0,6.3,6.0,122.0
"Biratnagar, Nepal",BIR_UNH_VF_2023-02-02- 12.00-1-30.jpg,2023,2,2,12,158,d_Unhealthy,2023-02-02,57.2,81.7,581.0,12.1,8.5,98.0
"Biratnagar, Nepal",BIR_UNH_VF_2023-02-02- 15.00-4-39.jpg,2023,2,2,12,156,d_Unhealthy,2023-02-02,57.2,81.7,581.0,12.1,8.5,98.0
"ITO, Delhi",DEL_VUnH_2023-02-16-17.00-1-47.jpg,2023,2,16,12,293,e_Very_Unhealthy,2023-02-16,2.0,3.3,115.0,0.6,0.0,52.0
Tamil Nadu,TN_UnFSG_2023-03-01-08.30-1-61.jpg,2023,3,1,12,111,c_Unhealthy_for_Sensitive_Groups,2023-03-01,11.3,16.5,244.0,12.0,2.9,66.0
Mumbai,MH_Good_2023-03-23-17.00-1-407.jpg,2023,3,23,12,47,a_Good,2023-03-23,18.4,34.5,257.0,17.2,19.2,71.0
Mumbai,MH_UN_2023-03-02-08.00-1-96.jpg,2023,3,2,12,156,d_Unhealthy,2023-03-02,165.8,246.8,1018.0,45.0,70.9,342.0
Bengaluru,BENGR_UHFSG_2023-02-05-08.30-1-5.jpg,2023,2,3,12,111,c_Unhealthy_for_Sensitive_Groups,2023-02-03,19.7,31.1,321.0,13.6,3.8,86.0
"Dimapur, Nagaland",Dimapur_MOD_2023-02-10-08.30-1-11.jpg,2023,2,10,12,63,b_Moderate,2023-02-10,95.7,140.2,322.0,4.6,4.8,113.0
Tamil Nadu,TN_Good_2023-02-22-09.30-3-286.jpg,2023,2,22,12,36,a_Good,2023-02-22,8.3,12.4,216.0,13.8,2.4,52.0
"ITO, Delhi",DEL_VUnH_2023-02-16-14.30-1-100.jpg,2023,2,16,12,245,e_Very_Unhealthy,2023-02-16,2.0,3.3,115.0,0.6,0.0,52.0
"Biratnagar, Nepal",BIR_UNH_VF_2023-02-02- 1700-3-43.jpg,2023,2,2,12,156,d_Unhealthy,2023-02-02,57.2,81.7,581.0,12.1,8.5,98.0
"ITO, Delhi",DEL_VUnH_2023-02-16-14.00-3-13.jpg,2023,2,16,12,268,e_Very_Unhealthy,2023-02-16,2.0,3.3,115.0,0.6,0.0,52.0
"ITO, Delhi",DEL_SEV_2023-02-20-14.00-1-126.jpg,2023,2,20,12,363,f_Severe,2023-02-20,4.4,7.8,136.0,0.3,0.0,76.0
"Biratnagar, Nepal",BIR_UNH_VF_2023-02-02- 12.00-2-40.jpg,2023,2,2,12,158,d_Unhealthy,2023-02-02,57.2,81.7,581.0,12.1,8.5,98.0
Bengaluru,BENGR_Mod_2023-03-01-08.30-1-446.jpg,2023,3,1,12,70,b_Moderate,2023-03-01,17.0,25.4,362.0,6.3,6.0,122.0
"Biratnagar, Nepal",BIR_UNH_VF_2023-02-02- 12.00-3-63.jpg,2023,2,2,12,158,d_Unhealthy,2023-02-02,57.2,81.7,581.0,12.1,8.5,98.0
"Biratnagar, Nepal",BIR_UNH_VF_2023-02-02- 12.00-3-51.jpg,2023,2,2,12,158,d_Unhealthy,2023-02-02,57.2,81.7,581.0,12.1,8.5,98.0
Bengaluru,BENGR_Mod_2023-03-04-08.30-1-221.jpg,2023,3,4,12,71,b_Moderate,2023-03-04,17.8,26.3,251.0,6.2,6.9,118.0
"Knowledge park, Greater Noida",UP_UHFSG_2023-03-06-11.30-1-301.jpg,2023,3,6,12,104,c_Unhealthy_for_Sensitive_Groups,2023-03-06,57.3,103.8,710.0,101.0,20.8,124.0
"ITO, Delhi",DEL_UnH_2023-02-15-11.30-2-25.jpg,2023,2,15,12,179,d_Unhealthy,2023-02-15,2.5,3.7,124.0,1.0,0.0,54.0
Tamil Nadu,TN_Good_2023-02-22-09.30-2-181.jpg,2023,2,22,12,36,a_Good,2023-02-22,8.3,12.4,216.0,13.8,2.4,52.0
Bengaluru,BENGR_Good_2023-02-27-08.30-1-216.jpg,2023,2,27,12,47,a_Good,2023-02-27,10.8,15.8,277.0,6.9,7.3,131.0
"Biratnagar, Nepal",BRI_Un_2023-02-09-08.00-7.jpg,2023,2,9,12,171,d_Unhealthy,2023-02-09,94.8,138.8,596.0,11.1,12.4,122.0
Mumbai,MH_Mod_2023-03-21-15.00-1-85.jpg,2023,3,21,12,92,b_Moderate,2023-03-21,15.9,32.0,246.0,16.3,15.8,72.0
Mumbai,MH_Good_2023-03-22-18.00-1-115.jpg,2023,3,22,12,47,a_Good,2023-03-22,16.2,31.8,249.0,15.6,16.8,76.0
Bengaluru,BENGR_Mod_2023-02-21-08.30-1-481.jpg,2023,2,21,12,56,b_Moderate,2023-02-21,26.0,37.8,303.0,8.9,11.2,152.0
"New Ind Town, Faridabad",HAR_VUN_2022-10-02-10.00-1-3593.jpg,2022,10,2,12,230,e_Very_Unhealthy,2022-10-02,16.6,23.7,513.0,2.0,1.8,93.0
"Biratnagar, Nepal",BIR_UNH_VF_2023-02-02- 12.00-3-42.jpg,2023,2,2,12,158,d_Unhealthy,2023-02-02,57.2,81.7,581.0,12.1,8.5,98.0
"Knowledge park, Greater Noida",UP_UHFSG_2023-02-24-08.30-1-53.jpg,2023,2,24,12,141,c_Unhealthy_for_Sensitive_Groups,2023-02-24,132.7,224.4,1109.0,243.3,40.8,181.0
Bengaluru,BENGR_Mod_2023-03-09-08.30-1-166.jpg,2023,3,9,12,51,b_Moderate,2023-03-09,32.7,47.8,341.0,6.8,6.3,123.0
"Knowledge park, Greater Noida",UP_UHFSG_2023-02-24-08.30-1-305.jpg,2023,2,24,12,141,c_Unhealthy_for_Sensitive_Groups,2023-02-24,132.7,224.4,1109.0,243.3,40.8,181.0
"ITO, Delhi",DEL_SEV_2023-02-07-14.00-2-30.jpg,2023,2,7,12,449,f_Severe,2023-02-07,3.0,5.3,89.0,0.3,0.1,54.0
"New Ind Town, Faridabad",HAR_VUN_2022-10-02-10.00-1-3929.jpg,2022,10,2,12,230,e_Very_Unhealthy,2022-10-02,16.6,23.7,513.0,2.0,1.8,93.0
"New Ind Town, Faridabad",HAR_VUN_2022-10-02-10.00-1-1705.jpg,2022,10,2,12,230,e_Very_Unhealthy,2022-10-02,16.6,23.7,513.0,2.0,1.8,93.0
"Dimapur, Nagaland",Dimapur_MOD_2023-02-10-08.30-2-47.jpg,2023,2,10,12,63,b_Moderate,2023-02-10,95.7,140.2,322.0,4.6,4.8,113.0
"ITO, Delhi",DEL_SEV_2023-02-16-18.00-2-99.jpg,2023,2,16,12,330,f_Severe,2023-02-16,2.0,3.3,115.0,0.6,0.0,52.0
"New Ind Town, Faridabad",HAR_VUN_2022-10-02-10.00-1-3801.jpg,2022,10,2,12,230,e_Very_Unhealthy,2022-10-02,16.6,23.7,513.0,2.0,1.8,93.0
Tamil Nadu,TN_UnFSG_2023-03-02-08.30-2-86.jpg,2023,3,2,12,119,c_Unhealthy_for_Sensitive_Groups,2023-03-02,8.6,16.2,185.0,2.6,1.1,86.0
Bengaluru,BENGR_UHFSG_2023-02-15-14.30-1-44.jpg,2023,2,15,12,103,c_Unhealthy_for_Sensitive_Groups,2023-02-15,18.6,26.8,278.0,7.8,11.8,147.0
"Biratnagar, Nepal",BRI_UFSG_2023-02-03- 15.00-13.jpg,2023,2,3,12,141,c_Unhealthy_for_Sensitive_Groups,2023-02-03,69.8,99.7,581.0,11.6,6.8,112.0
Mumbai,MH_UH_2023-02-14-11.30-1-24.jpg,2023,2,14,12,160,d_Unhealthy,2023-02-14,81.3,119.0,721.0,41.8,52.8,260.0
Tamil Nadu,TN_UnFSG_2023-03-09-09.00-1-181.jpg,2023,3,9,12,134,c_Unhealthy_for_Sensitive_Groups,2023-03-09,10.4,15.2,234.0,12.8,0.9,62.0
"Biratnagar, Nepal",BIR_UNH_VF_2023-02-02- 12.00-1-62.jpg,2023,2,2,12,158,d_Unhealthy,2023-02-02,57.2,81.7,581.0,12.1,8.5,98.0
Bengaluru,BENGR_Good_2023-02-19-08.30-1-3.jpg,2023,2,19,12,41,a_Good,2023-02-19,14.6,21.7,286.0,7.9,10.9,146.0
"ITO, Delhi",DEL_VUnH_2023-02-16-14.30-1-275.jpg,2023,2,16,12,245,e_Very_Unhealthy,2023-02-16,2.0,3.3,115.0,0.6,0.0,52.0
"Biratnagar, Nepal",BIR_UFSG_2023-02-14- 14.30-3-65.jpg,2023,2,14,12,101,c_Unhealthy_for_Sensitive_Groups,2023-02-14,43.3,62.6,471.0,15.4,7.5,101.0
Bengaluru,BENGR_Mod_2023-02-25-08.30-1-481.jpg,2023,2,25,12,73,b_Moderate,2023-02-25,19.2,27.9,256.0,7.8,9.3,142.0
Bengaluru,BENGR_Mod_2023-03-13-08.30-1-274.jpg,2023,3,13,12,53,b_Moderate,2023-03-13,27.1,39.7,365.0,8.1,8.5,111.0
"Knowledge park, Greater Noida",UP_UHFSG_2023-02-08-08.30-1-109.jpg,2023,2,8,12,133,c_Unhealthy_for_Sensitive_Groups,2023-02-08,53.7,112.2,526.0,86.8,19.1,87.0
Mumbai,MH_UN_2023-03-15-15.00-11.jpg,2023,3,15,12,162,d_Unhealthy,2023-03-15,190.5,276.6,1537.0,57.3,103.4,404.0
Bengaluru,BENGR_Mod_2023-03-04-08.30-1-151.jpg,2023,3,4,12,71,b_Moderate,2023-03-04,17.8,26.3,251.0,6.2,6.9,118.0
"ITO, Delhi",DEL_SEV_2023-02-20-14.00-1-161.jpg,2023,2,20,12,363,f_Severe,2023-02-20,4.4,7.8,136.0,0.3,0.0,76.0
Tamil Nadu,TN_Mod_2023-02-28-08.30-1-6.jpg,2023,2,28,12,73,b_Moderate,2023-02-28,3.8,5.7,174.0,4.3,0.9,75.0
Bengaluru,BENGR_Mod_2023-02-24-08.30-1-31.jpg,2023,2,24,12,68,b_Moderate,2023-02-24,11.3,16.6,250.0,9.2,10.1,126.0
Tamil Nadu,TN_UNH_2023-02-03-12.30-1-16.jpg,2023,2,3,12,150,d_Unhealthy,2023-02-03,26.3,38.1,500.0,65.8,1.9,18.0
"Knowledge park, Greater Noida",UP_UHFSG_2023-02-08-08.30-1-35.jpg,2023,2,8,12,133,c_Unhealthy_for_Sensitive_Groups,2023-02-08,53.7,112.2,526.0,86.8,19.1,87.0
Tamil Nadu,TN_UnFSG_2023-03-01-08.30-1-216.jpg,2023,3,1,12,111,c_Unhealthy_for_Sensitive_Groups,2023-03-01,11.3,16.5,244.0,12.0,2.9,66.0
"ITO, Delhi",DEL_UnH_2023-02-15-11.30-1-26.jpg,2023,2,15,12,179,d_Unhealthy,2023-02-15,2.5,3.7,124.0,1.0,0.0,54.0
Bengaluru,BENGR_Mod_2023-03-06-08.30-1-256.jpg,2023,3,6,12,68,b_Moderate,2023-03-06,12.6,18.6,218.0,6.5,8.2,129.0
"Biratnagar, Nepal",BIR_UFSG_2023-02-14- 14.30-3-51.jpg,2023,2,14,12,101,c_Unhealthy_for_Sensitive_Groups,2023-02-14,43.3,62.6,471.0,15.4,7.5,101.0
"New Ind Town, Faridabad",HAR_VUN_2022-10-02-10.00-1-2793.jpg,2022,10,2,12,230,e_Very_Unhealthy,2022-10-02,16.6,23.7,513.0,2.0,1.8,93.0
"ITO, Delhi",DEL_SEV_2023-02-20-14.00-2-111.jpg,2023,2,20,12,363,f_Severe,2023-02-20,4.4,7.8,136.0,0.3,0.0,76.0
Bengaluru,BENGR_Mod_2023-02-23-08.30-1-196.jpg,2023,2,23,12,97,b_Moderate,2023-02-23,18.2,26.4,272.0,8.0,8.1,126.0
"New Ind Town, Faridabad",HAR_VUN_2022-10-02-10.00-1-2569.jpg,2022,10,2,12,230,e_Very_Unhealthy,2022-10-02,16.6,23.7,513.0,2.0,1.8,93.0
Bengaluru,BENGR_UHFSG_2023-02-09-08.30-1-22.jpg,2023,2,9,12,103,c_Unhealthy_for_Sensitive_Groups,2023-02-09,28.2,41.3,282.0,10.7,8.9,132.0
Bengaluru,BENGR_Mod_2023-03-01-08.30-1-296.jpg,2023,3,1,12,70,b_Moderate,2023-03-01,17.0,25.4,362.0,6.3,6.0,122.0
"Biratnagar, Nepal",BIR_UFSG_2023-02-14- 14.30-2-8.jpg,2023,2,14,12,101,c_Unhealthy_for_Sensitive_Groups,2023-02-14,43.3,62.6,471.0,15.4,7.5,101.0
Tamil Nadu,TN_UnFSG_2023-03-02-08.30-1-21.jpg,2023,3,2,12,119,c_Unhealthy_for_Sensitive_Groups,2023-03-02,8.6,16.2,185.0,2.6,1.1,86.0
Mumbai,MH_VUN_2023-02-25-10.00-1-186.jpg,2023,2,25,12,206,e_Very_Unhealthy,2023-02-25,64.3,98.3,654.0,37.4,50.9,173.0
Tamil Nadu,TN_UnFSG_2023-03-02-08.30-1-81.jpg,2023,3,2,12,119,c_Unhealthy_for_Sensitive_Groups,2023-03-02,8.6,16.2,185.0,2.6,1.1,86.0
Mumbai,MH_VUN_2023-02-25-10.00-1-11.jpg,2023,2,25,12,206,e_Very_Unhealthy,2023-02-25,64.3,98.3,654.0,37.4,50.9,173.0
"ITO, Delhi",DEL_VUnH_2023-02-16-14.30-1-246.jpg,2023,2,16,12,245,e_Very_Unhealthy,2023-02-16,2.0,3.3,115.0,0.6,0.0,52.0
Bengaluru,BENGR_Mod_2023-03-04-08.30-1-526.jpg,2023,3,4,12,71,b_Moderate,2023-03-04,17.8,26.3,251.0,6.2,6.9,118.0
"ITO, Delhi",DEL_UnH_2023-02-15-11.30-1-39.jpg,2023,2,15,12,179,d_Unhealthy,2023-02-15,2.5,3.7,124.0,1.0,0.0,54.0
Bengaluru,BENGR_Mod_2023-02-24-08.30-1-121.jpg,2023,2,24,12,68,b_Moderate,2023-02-24,11.3,16.6,250.0,9.2,10.1,126.0
"ITO, Delhi",DEL_SEV_2023-02-22-14.00-2-591.jpg,2023,2,22,12,450,f_Severe,2023-02-22,2.4,4.2,128.0,0.1,0.0,83.0
Mumbai,MH_UnFSG_2023-03-18-11.00-1-358.jpg,2023,3,18,12,114,c_Unhealthy_for_Sensitive_Groups,2023-03-18,59.0,94.8,678.0,39.3,48.8,177.0
"Knowledge park, Greater Noida",UP_SEV_2023-02-20-08.30-1-22.jpg,2023,2,20,12,331,f_Severe,2023-02-20,26.1,49.7,219.0,20.0,5.1,100.0
"ITO, Delhi",DEL_SEV_2023-02-20-14.00-1-686.jpg,2023,2,20,12,363,f_Severe,2023-02-20,4.4,7.8,136.0,0.3,0.0,76.0
"ITO, Delhi",DEL_VUnH_2023-02-16-14.30-1-150.jpg,2023,2,16,12,245,e_Very_Unhealthy,2023-02-16,2.0,3.3,115.0,0.6,0.0,52.0
Mumbai,MH_Good_2023-03-23-17.00-1-372.jpg,2023,3,23,12,47,a_Good,2023-03-23,18.4,34.5,257.0,17.2,19.2,71.0
Bengaluru,BENGR_Mod_2023-03-01-08.30-1-341.jpg,2023,3,1,12,70,b_Moderate,2023-03-01,17.0,25.4,362.0,6.3,6.0,122.0
Tamil Nadu,TN_Good_2023-02-22-09.30-1.jpg,2023,2,22,12,36,a_Good,2023-02-22,8.3,12.4,216.0,13.8,2.4,52.0
Mumbai,MH_UnFSG_2023-02-23-11.00-1-141.jpg,2023,2,23,12,130,c_Unhealthy_for_Sensitive_Groups,2023-02-23,70.5,109.9,662.0,40.6,61.8,226.0
"Biratnagar, Nepal",BIR_UFSG_2023-02-14- 14.30-11.jpg,2023,2,14,12,101,c_Unhealthy_for_Sensitive_Groups,2023-02-14,43.3,62.6,471.0,15.4,7.5,101.0
Mumbai,MH_UnFSG_2023-03-10-16.00-1-276.jpg,2023,3,10,12,141,c_Unhealthy_for_Sensitive_Groups,2023-03-10,51.1,75.7,577.0,42.8,39.8,185.0
Mumbai,MH_Good_2023-03-23-17.00-1-414.jpg,2023,3,23,12,47,a_Good,2023-03-23,18.4,34.5,257.0,17.2,19.2,71.0
Bengaluru,BENGR_Mod_2023-03-01-08.30-1-146.jpg,2023,3,1,12,70,b_Moderate,2023-03-01,17.0,25.4,362.0,6.3,6.0,122.0
"Knowledge park, Greater Noida",UP_VUN_2023-02-27-10.30-5.jpg,2023,2,27,12,299,e_Very_Unhealthy,2023-02-27,44.7,71.7,613.0,101.2,20.5,98.0
Bengaluru,BENGR_UHFSG_2023-02-14-08.30-1-15.jpg,2023,2,14,12,102,c_Unhealthy_for_Sensitive_Groups,2023-02-14,18.2,26.3,268.0,8.6,13.0,152.0
"New Ind Town, Faridabad",HAR_VUN_2022-10-02-10.00-1-2433.jpg,2022,10,2,12,230,e_Very_Unhealthy,2022-10-02,16.6,23.7,513.0,2.0,1.8,93.0
"Biratnagar, Nepal",BIR_UNH_VF_2023-02-02- 12.00-2-27.jpg,2023,2,2,12,158,d_Unhealthy,2023-02-02,57.2,81.7,581.0,12.1,8.5,98.0
"ITO, Delhi",DEL_VUnH_2023-02-16-14.00-3-58.jpg,2023,2,16,12,268,e_Very_Unhealthy,2023-02-16,2.0,3.3,115.0,0.6,0.0,52.0
"ITO, Delhi",DEL_VUH_2023-02-04-17.00-2-18.jpg,2023,2,4,12,281,e_Very_Unhealthy,2023-02-04,2.8,4.9,89.0,0.2,0.1,62.0
"Biratnagar, Nepal",BIR_UNFSG_VF_2023-02-03-15.00-3-64.jpg,2023,2,3,12,141,c_Unhealthy_for_Sensitive_Groups,2023-02-03,69.8,99.7,581.0,11.6,6.8,112.0
"ITO, Delhi",DEL_UnH_2023-02-15-11.30-2-27.jpg,2023,2,15,12,179,d_Unhealthy,2023-02-15,2.5,3.7,124.0,1.0,0.0,54.0
Tamil Nadu,TN_MOD_2023-02-09-08.30-1-5.jpg,2023,2,9,12,78,b_Moderate,2023-02-09,20.1,29.8,485.0,57.4,2.2,10.0
Tamil Nadu,TN_UNH_2023-02-03-12.30-1-23.jpg,2023,2,3,12,150,d_Unhealthy,2023-02-03,26.3,38.1,500.0,65.8,1.9,18.0
"ITO, Delhi",DEL_VUH_2023-02-04-17.00-2-116.jpg,2023,2,4,12,281,e_Very_Unhealthy,2023-02-04,2.8,4.9,89.0,0.2,0.1,62.0
"ITO, Delhi",DEL_VUnH_2023-02-16-17.00-1-32.jpg,2023,2,16,12,293,e_Very_Unhealthy,2023-02-16,2.0,3.3,115.0,0.6,0.0,52.0
"Biratnagar, Nepal",BIR_UNH_VF_2023-02-02- 12.00-1-49.jpg,2023,2,2,12,158,d_Unhealthy,2023-02-02,57.2,81.7,581.0,12.1,8.5,98.0
"Knowledge park, Greater Noida",UP_UHFSG_2023-02-24-08.30-1-253.jpg,2023,2,24,12,141,c_Unhealthy_for_Sensitive_Groups,2023-02-24,132.7,224.4,1109.0,243.3,40.8,181.0
"Knowledge park, Greater Noida",UP_VUN_2023-03-02-09.00-1-105.jpg,2023,3,2,12,223,e_Very_Unhealthy,2023-03-02,20.5,48.2,338.0,56.9,14.0,72.0
Bengaluru,BENGR_Mod_2023-02-23-08.30-1-361.jpg,2023,2,23,12,97,b_Moderate,2023-02-23,18.2,26.4,272.0,8.0,8.1,126.0
"New Ind Town, Faridabad",HAR_VUN_2022-10-02-10.00-1-433.jpg,2022,10,2,12,230,e_Very_Unhealthy,2022-10-02,16.6,23.7,513.0,2.0,1.8,93.0
"Knowledge park, Greater Noida",UP_SEV_2023-02-20-08.30-1-50.jpg,2023,2,20,12,331,f_Severe,2023-02-20,26.1,49.7,219.0,20.0,5.1,100.0
Bengaluru,BENGR_Mod_2023-03-04-08.30-1-476.jpg,2023,3,4,12,71,b_Moderate,2023-03-04,17.8,26.3,251.0,6.2,6.9,118.0
Bengaluru,BENGR_Mod_2023-03-09-08.30-1-386.jpg,2023,3,9,12,51,b_Moderate,2023-03-09,32.7,47.8,341.0,6.8,6.3,123.0
"ITO, Delhi",DEL_SEV_2023-02-17-13.00-2-66.jpg,2023,2,17,12,372,f_Severe,2023-02-17,0.2,0.3,91.0,0.1,0.0,49.0
"ITO, Delhi",DEL_VUH_2023-02-04-17.00-2-86.jpg,2023,2,4,12,281,e_Very_Unhealthy,2023-02-04,2.8,4.9,89.0,0.2,0.1,62.0
"ITO, Delhi",DEL_SEV_2023-02-20-14.00-2-461.jpg,2023,2,20,12,363,f_Severe,2023-02-20,4.4,7.8,136.0,0.3,0.0,76.0
Bengaluru,BENGR_Mod_2023-02-24-08.30-1-261.jpg,2023,2,24,12,68,b_Moderate,2023-02-24,11.3,16.6,250.0,9.2,10.1,126.0
Bengaluru,BENGR_Mod_2023-03-13-08.30-1-288.jpg,2023,3,13,12,53,b_Moderate,2023-03-13,27.1,39.7,365.0,8.1,8.5,111.0
"ITO, Delhi",DEL_VUH_2023-02-04-17.00-2-164.jpg,2023,2,4,12,281,e_Very_Unhealthy,2023-02-04,2.8,4.9,89.0,0.2,0.1,62.0
"Dimapur, Nagaland",Dimapur_MOD_2023-02-10-08.30-1-15.jpg,2023,2,10,12,63,b_Moderate,2023-02-10,95.7,140.2,322.0,4.6,4.8,113.0
Mumbai,MH_Mod_2023-03-21-15.00-1-43.jpg,2023,3,21,12,92,b_Moderate,2023-03-21,15.9,32.0,246.0,16.3,15.8,72.0
"Dimapur, Nagaland",Dimapur_UHFSG_2023-02-02- 09.00-3-25.jpg,2023,2,2,12,103,c_Unhealthy_for_Sensitive_Groups,2023-02-02,39.6,56.9,296.0,6.5,2.7,107.0
"Knowledge park, Greater Noida",UP_UHFSG_2023-03-06-11.30-1-101.jpg,2023,3,6,12,104,c_Unhealthy_for_Sensitive_Groups,2023-03-06,57.3,103.8,710.0,101.0,20.8,124.0
Bengaluru,BENGR_Good_2023-03-21-08.30-1-162.jpg,2023,3,21,12,47,a_Good,2023-03-21,9.1,13.8,245.0,15.6,3.6,110.0
Bengaluru,BENGR_Mod_2023-02-25-08.30-1-266.jpg,2023,2,25,12,73,b_Moderate,2023-02-25,19.2,27.9,256.0,7.8,9.3,142.0
Mumbai,MH_UN_2023-03-13-10.00-4.jpg,2023,3,13,12,197,d_Unhealthy,2023-03-13,346.5,501.1,2447.0,38.8,125.9,577.0
"Biratnagar, Nepal",BIR_UNH_VF_2023-02-02- 1700-3-73.jpg,2023,2,2,12,156,d_Unhealthy,2023-02-02,57.2,81.7,581.0,12.1,8.5,98.0
Mumbai,MH_UN_2023-03-15-15.00-1-449.jpg,2023,3,15,12,162,d_Unhealthy,2023-03-15,190.5,276.6,1537.0,57.3,103.4,404.0
"Biratnagar, Nepal",BIR_UNH_VF_2023-02-02- 1700-2-43.jpg,2023,2,2,12,156,d_Unhealthy,2023-02-02,57.2,81.7,581.0,12.1,8.5,98.0
"Dimapur, Nagaland",Dimapur_UHFSG_2023-02-02- 09.00-2-62.jpg,2023,2,2,12,103,c_Unhealthy_for_Sensitive_Groups,2023-02-02,39.6,56.9,296.0,6.5,2.7,107.0
"ITO, Delhi",DEL_SEV_2023-02-20-14.00-2-121.jpg,2023,2,20,12,363,f_Severe,2023-02-20,4.4,7.8,136.0,0.3,0.0,76.0
Tamil Nadu,TN_Good_2023-02-20-16.30-1-21.jpg,2023,2,20,12,43,a_Good,2023-02-20,2.1,3.0,150.0,2.1,0.4,78.0
Mumbai,MH_Good_2023-03-22-11.00-1.jpg,2023,3,22,12,49,a_Good,2023-03-22,16.2,31.8,249.0,15.6,16.8,76.0
"Biratnagar, Nepal",BIR_UNH_VF_2023-02-02- 15.00-2-55.jpg,2023,2,2,12,156,d_Unhealthy,2023-02-02,57.2,81.7,581.0,12.1,8.5,98.0
"ITO, Delhi",DEL_UnH_2023-02-15-11.30-1-60.jpg,2023,2,15,12,179,d_Unhealthy,2023-02-15,2.5,3.7,124.0,1.0,0.0,54.0
"Dimapur, Nagaland",Dimapur_MOD_2023-02-10-08.30-2-49.jpg,2023,2,10,12,63,b_Moderate,2023-02-10,95.7,140.2,322.0,4.6,4.8,113.0
Bengaluru,BENGR_Mod_2023-03-09-08.30-1-86.jpg,2023,3,9,12,51,b_Moderate,2023-03-09,32.7,47.8,341.0,6.8,6.3,123.0
Bengaluru,BENGR_Mod_2023-03-06-08.30-1-526.jpg,2023,3,6,12,68,b_Moderate,2023-03-06,12.6,18.6,218.0,6.5,8.2,129.0
Mumbai,MH_Good_2023-03-22-18.00-1-187.jpg,2023,3,22,12,47,a_Good,2023-03-22,16.2,31.8,249.0,15.6,16.8,76.0
Bengaluru,BENGR_Good_2023-03-21-08.30-1-330.jpg,2023,3,21,12,47,a_Good,2023-03-21,9.1,13.8,245.0,15.6,3.6,110.0
Tamil Nadu,TN_UnFSG_2023-03-02-08.30-1-121.jpg,2023,3,2,12,119,c_Unhealthy_for_Sensitive_Groups,2023-03-02,8.6,16.2,185.0,2.6,1.1,86.0
Tamil Nadu,TN_UnFSG_2023-03-01-08.30-1-71.jpg,2023,3,1,12,111,c_Unhealthy_for_Sensitive_Groups,2023-03-01,11.3,16.5,244.0,12.0,2.9,66.0
Mumbai,MH_UnFSG_2023-02-17-19.00-2-20.jpg,2023,2,17,12,145,c_Unhealthy_for_Sensitive_Groups,2023-02-17,64.3,96.9,620.0,42.0,43.7,225.0
Tamil Nadu,TN_UnFSG_2023-03-08-08.30-1-21.jpg,2023,3,8,12,121,c_Unhealthy_for_Sensitive_Groups,2023-03-08,21.1,30.5,475.0,70.5,1.8,17.0
"ITO, Delhi",DEL_SEV_2023-02-17-13.00-2-48.jpg,2023,2,17,12,372,f_Severe,2023-02-17,0.2,0.3,91.0,0.1,0.0,49.0
Bengaluru,BENGR_Mod_2023-03-09-08.30-1-91.jpg,2023,3,9,12,51,b_Moderate,2023-03-09,32.7,47.8,341.0,6.8,6.3,123.0
"Biratnagar, Nepal",BIR_UNFSG_VF_2023-02-03-16.00-2-47.jpg,2023,2,3,12,141,c_Unhealthy_for_Sensitive_Groups,2023-02-03,69.8,99.7,581.0,11.6,6.8,112.0
"New Ind Town, Faridabad",HAR_VUN_2022-10-02-10.00-1-4041.jpg,2022,10,2,12,230,e_Very_Unhealthy,2022-10-02,16.6,23.7,513.0,2.0,1.8,93.0
"Knowledge park, Greater Noida",UP_UHFSG_2023-03-06-11.30-1-401.jpg,2023,3,6,12,104,c_Unhealthy_for_Sensitive_Groups,2023-03-06,57.3,103.8,710.0,101.0,20.8,124.0
Tamil Nadu,TN_MOD_2023-02-09-08.30-2-26.jpg,2023,2,9,12,78,b_Moderate,2023-02-09,20.1,29.8,485.0,57.4,2.2,10.0
"Biratnagar, Nepal",BIR_MOD_2023-02-13-09.30-3-33.jpg,2023,2,13,12,91,b_Moderate,2023-02-13,40.7,59.3,429.0,13.7,9.2,101.0
"Knowledge park, Greater Noida",UP_UHFSG_2023-02-08-08.30-1-79.jpg,2023,2,8,12,133,c_Unhealthy_for_Sensitive_Groups,2023-02-08,53.7,112.2,526.0,86.8,19.1,87.0
"ITO, Delhi",DEL_SEV_2023-02-20-14.00-3-406.jpg,2023,2,20,12,363,f_Severe,2023-02-20,4.4,7.8,136.0,0.3,0.0,76.0
"Knowledge park, Greater Noida",UP_UN_2023-03-01-08.30-1-29.jpg,2023,3,1,12,199,d_Unhealthy,2023-03-01,21.1,47.7,354.0,67.2,13.3,48.0
"Biratnagar, Nepal",BIR_UFSG_2023-02-14- 14.30-2-22.jpg,2023,2,14,12,101,c_Unhealthy_for_Sensitive_Groups,2023-02-14,43.3,62.6,471.0,15.4,7.5,101.0
"Biratnagar, Nepal",BIR_UNH_VF_2023-02-02- 12.00-1-138.jpg,2023,2,2,12,158,d_Unhealthy,2023-02-02,57.2,81.7,581.0,12.1,8.5,98.0
Tamil Nadu,TN_Good_2023-02-23-08.30-2-101.jpg,2023,2,23,12,43,a_Good,2023-02-23,2.9,4.1,131.0,0.9,1.6,95.0
Mumbai,MH_UN_2023-03-02-08.00-1-156.jpg,2023,3,2,12,156,d_Unhealthy,2023-03-02,165.8,246.8,1018.0,45.0,70.9,342.0
Mumbai,MH_Good_2023-03-23-17.00-11.jpg,2023,3,23,12,47,a_Good,2023-03-23,18.4,34.5,257.0,17.2,19.2,71.0
Mumbai,MH_UH_2023-02-11-03.30-1-3.jpg,2023,2,11,12,154,d_Unhealthy,2023-02-11,50.5,82.9,477.0,34.0,35.6,181.0
"ITO, Delhi",DEL_VUnH_2023-02-16-14.00-2-12.jpg,2023,2,16,12,268,e_Very_Unhealthy,2023-02-16,2.0,3.3,115.0,0.6,0.0,52.0
Mumbai,MH_VUN_2023-02-24-15.00-1-181.jpg,2023,2,24,12,202,e_Very_Unhealthy,2023-02-24,73.3,112.7,633.0,41.2,49.7,231.0
Tamil Nadu,TN_UnFSG_2023-03-08-08.30-1-146.jpg,2023,3,8,12,121,c_Unhealthy_for_Sensitive_Groups,2023-03-08,21.1,30.5,475.0,70.5,1.8,17.0
"Dimapur, Nagaland",Dimapur_UHFSG_2023-02-02- 09.00-1-27.jpg,2023,2,2,12,103,c_Unhealthy_for_Sensitive_Groups,2023-02-02,39.6,56.9,296.0,6.5,2.7,107.0
Mumbai,MH_UH_2023-02-03- 09.30-1-6.jpg,2023,2,3,12,162,d_Unhealthy,2023-02-03,121.1,177.4,813.0,48.2,60.2,256.0
Bengaluru,BENGR_UHFSG_2023-02-03-08.30-1-2.jpg,2023,2,3,12,136,c_Unhealthy_for_Sensitive_Groups,2023-02-03,19.7,31.1,321.0,13.6,3.8,86.0
Bengaluru,BENGR_UHFSG_2023-02-05-08.30-1-54.jpg,2023,2,3,12,111,c_Unhealthy_for_Sensitive_Groups,2023-02-03,19.7,31.1,321.0,13.6,3.8,86.0
Bengaluru,BENGR_Mod_2023-02-23-08.30-1-136.jpg,2023,2,23,12,97,b_Moderate,2023-02-23,18.2,26.4,272.0,8.0,8.1,126.0
Bengaluru,BENGR_UHFSG_2023-02-05-08.30-1-41.jpg,2023,2,3,12,111,c_Unhealthy_for_Sensitive_Groups,2023-02-03,19.7,31.1,321.0,13.6,3.8,86.0
"Biratnagar, Nepal",BIR_UNH_VF_2023-02-03- 10.00-1-10.jpg,2023,2,3,12,163,d_Unhealthy,2023-02-03,69.8,99.7,581.0,11.6,6.8,112.0
Tamil Nadu,TN_Good_2023-02-22-09.30-3-26.jpg,2023,2,22,12,36,a_Good,2023-02-22,8.3,12.4,216.0,13.8,2.4,52.0
Tamil Nadu,TN_UnFSG_2023-03-03-09.00-2-81.jpg,2023,3,3,12,121,c_Unhealthy_for_Sensitive_Groups,2023-03-03,5.2,9.4,154.0,1.6,1.3,86.0
"Knowledge park, Greater Noida",UP_SEV_2023-02-19-14.30-1-39.jpg,2023,2,19,12,357,f_Severe,2023-02-19,26.7,50.5,247.0,25.1,8.3,99.0
Mumbai,MH_UN_2023-03-16-11.00-8.jpg,2023,3,16,12,159,d_Unhealthy,2023-03-16,59.3,90.6,871.0,64.4,81.4,199.0
Mumbai,MH_UH_2023-02-02- 09.30-1-81.jpg,2023,2,2,12,182,d_Unhealthy,2023-02-02,122.9,179.7,829.0,44.0,61.7,239.0
"Knowledge park, Greater Noida",UP_SEV_2023-02-18-14.30-2.jpg,2023,2,18,12,331,f_Severe,2023-02-18,24.9,48.1,246.0,27.6,8.9,84.0
"ITO, Delhi",DEL_VUnH_2023-02-16-17.00-2-94.jpg,2023,2,16,12,293,e_Very_Unhealthy,2023-02-16,2.0,3.3,115.0,0.6,0.0,52.0
Bengaluru,BENGR_Mod_2023-03-09-08.30-1-241.jpg,2023,3,9,12,51,b_Moderate,2023-03-09,32.7,47.8,341.0,6.8,6.3,123.0
"Knowledge park, Greater Noida",UP_UHFSG_2023-03-06-11.30-1-121.jpg,2023,3,6,12,104,c_Unhealthy_for_Sensitive_Groups,2023-03-06,57.3,103.8,710.0,101.0,20.8,124.0
Bengaluru,BENGR_UnFSG_2023-03-08-08.30-1-381.jpg,2023,3,8,12,106,c_Unhealthy_for_Sensitive_Groups,2023-03-08,16.9,24.7,244.0,5.9,5.7,120.0
Tamil Nadu,TN_Good_2023-02-20-16.30-1-41.jpg,2023,2,20,12,43,a_Good,2023-02-20,2.1,3.0,150.0,2.1,0.4,78.0
"Knowledge park, Greater Noida",UP_SEV_2023-02-18-11.00-1-33.jpg,2023,2,18,12,320,f_Severe,2023-02-18,24.9,48.1,246.0,27.6,8.9,84.0
"Biratnagar, Nepal",BIR_UNH_VF_2023-02-02- 15.00-3-23.jpg,2023,2,2,12,156,d_Unhealthy,2023-02-02,57.2,81.7,581.0,12.1,8.5,98.0
"Knowledge park, Greater Noida",UP_VUN_2023-03-02-09.00-1-469.jpg,2023,3,2,12,223,e_Very_Unhealthy,2023-03-02,20.5,48.2,338.0,56.9,14.0,72.0
"Knowledge park, Greater Noida",UP_SEV_2023-02-18-11.00-1-65.jpg,2023,2,18,12,320,f_Severe,2023-02-18,24.9,48.1,246.0,27.6,8.9,84.0
Tamil Nadu,TN_UHFSG_2023-02-02- 09.00-2-3.jpg,2023,2,2,12,107,c_Unhealthy_for_Sensitive_Groups,2023-02-02,23.7,34.2,540.0,59.0,1.5,15.0
"ITO, Delhi",DEL_UnH_2023-02-15-11.30-2-40.jpg,2023,2,15,12,179,d_Unhealthy,2023-02-15,2.5,3.7,124.0,1.0,0.0,54.0
Mumbai,MH_UnFSG_2023-03-10-16.00-1-346.jpg,2023,3,10,12,141,c_Unhealthy_for_Sensitive_Groups,2023-03-10,51.1,75.7,577.0,42.8,39.8,185.0
Mumbai,MH_UnFSG_2023-02-17-13.00-2-4.jpg,2023,2,17,12,140,c_Unhealthy_for_Sensitive_Groups,2023-02-17,64.3,96.9,620.0,42.0,43.7,225.0
Bengaluru,BENGR_Mod_2023-03-06-08.30-1-261.jpg,2023,3,6,12,68,b_Moderate,2023-03-06,12.6,18.6,218.0,6.5,8.2,129.0
Tamil Nadu,TN_Good_2023-02-21-08.30-3-151.jpg,2023,2,21,12,29,a_Good,2023-02-21,2.1,3.2,146.0,1.6,0.3,82.0
"Knowledge park, Greater Noida",UP_UHFSG_2023-02-24-08.30-1-5.jpg,2023,2,24,12,141,c_Unhealthy_for_Sensitive_Groups,2023-02-24,132.7,224.4,1109.0,243.3,40.8,181.0
"Biratnagar, Nepal",BIR_UNH_VF_2023-02-02- 1700-3-42.jpg,2023,2,2,12,156,d_Unhealthy,2023-02-02,57.2,81.7,581.0,12.1,8.5,98.0
"ITO, Delhi",DEL_SEV_2023-02-16-18.00-2-105.jpg,2023,2,16,12,330,f_Severe,2023-02-16,2.0,3.3,115.0,0.6,0.0,52.0
Tamil Nadu,TN_MOD_2023-02-09-08.30-1-11.jpg,2023,2,9,12,78,b_Moderate,2023-02-09,20.1,29.8,485.0,57.4,2.2,10.0
"ITO, Delhi",DEL_VUnH_2023-02-04-17.00-3.jpg,2023,2,4,12,281,e_Very_Unhealthy,2023-02-04,2.8,4.9,89.0,0.2,0.1,62.0
Bengaluru,BENGR_Mod_2023-02-23-08.30-1-586.jpg,2023,2,23,12,97,b_Moderate,2023-02-23,18.2,26.4,272.0,8.0,8.1,126.0
Mumbai,MH_UN_2023-03-02-08.00-1-166.jpg,2023,3,2,12,156,d_Unhealthy,2023-03-02,165.8,246.8,1018.0,45.0,70.9,342.0
"ITO, Delhi",DEL_SEV_2023-02-17-13.00-1-13.jpg,2023,2,17,12,372,f_Severe,2023-02-17,0.2,0.3,91.0,0.1,0.0,49.0
Mumbai,MH_Good_2023-03-22-11.00-1-36.jpg,2023,3,22,12,49,a_Good,2023-03-22,16.2,31.8,249.0,15.6,16.8,76.0
"ITO, Delhi",DEL_SEV_2023-02-22-14.00-2-416.jpg,2023,2,22,12,450,f_Severe,2023-02-22,2.4,4.2,128.0,0.1,0.0,83.0
"ITO, Delhi",DEL_SEV_2023-02-22-14.00-2-291.jpg,2023,2,22,12,450,f_Severe,2023-02-22,2.4,4.2,128.0,0.1,0.0,83.0
"Knowledge park, Greater Noida",UP_SEV_2023-02-19-14.30-1-11.jpg,2023,2,19,12,357,f_Severe,2023-02-19,26.7,50.5,247.0,25.1,8.3,99.0
Mumbai,MH_UN_2023-03-12-13.00-1-113.jpg,2023,3,12,12,156,d_Unhealthy,2023-03-12,240.3,345.5,1730.0,61.2,111.6,478.0
Tamil Nadu,TN_UN_2023-03-11-08.00-1-161.jpg,2023,3,11,12,152,d_Unhealthy,2023-03-11,4.6,7.8,155.0,2.7,0.9,90.0
"New Ind Town, Faridabad",HAR_VUN_2022-10-02-10.00-1-633.jpg,2022,10,2,12,230,e_Very_Unhealthy,2022-10-02,16.6,23.7,513.0,2.0,1.8,93.0
"Biratnagar, Nepal",BIR_UNFSG_VF_2023-02-03-16.00-1-105.jpg,2023,2,3,12,141,c_Unhealthy_for_Sensitive_Groups,2023-02-03,69.8,99.7,581.0,11.6,6.8,112.0
Bengaluru,BENGR_Good_2023-02-26-08.30-1-101.jpg,2023,2,26,12,48,a_Good,2023-02-26,24.5,35.4,262.0,6.6,12.6,156.0
"Biratnagar, Nepal",BIR_UNFSG_VF_2023-02-03-16.00-2-77.jpg,2023,2,3,12,141,c_Unhealthy_for_Sensitive_Groups,2023-02-03,69.8,99.7,581.0,11.6,6.8,112.0
Tamil Nadu,TN_Good_2023-02-21-08.30-3-101.jpg,2023,2,21,12,29,a_Good,2023-02-21,2.1,3.2,146.0,1.6,0.3,82.0
Mumbai,MH_UN_2023-03-16-11.00-1-64.jpg,2023,3,16,12,159,d_Unhealthy,2023-03-16,59.3,90.6,871.0,64.4,81.4,199.0
Mumbai,MH_Good_2023-03-22-11.00-1-330.jpg,2023,3,22,12,49,a_Good,2023-03-22,16.2,31.8,249.0,15.6,16.8,76.0
Tamil Nadu,TN_Good_2023-02-23-08.30-1-196.jpg,2023,2,23,12,43,a_Good,2023-02-23,2.9,4.1,131.0,0.9,1.6,95.0
"Biratnagar, Nepal",BIR_UNH_VF_2023-02-02- 12.00-1-47.jpg,2023,2,2,12,158,d_Unhealthy,2023-02-02,57.2,81.7,581.0,12.1,8.5,98.0
"Knowledge park, Greater Noida",UP_UHFSG_2023-02-08-08.30-1-59.jpg,2023,2,8,12,133,c_Unhealthy_for_Sensitive_Groups,2023-02-08,53.7,112.2,526.0,86.8,19.1,87.0
Mumbai,MH_VUN_2023-03-05-08.30-2-71.jpg,2023,3,5,12,284,e_Very_Unhealthy,2023-03-05,278.5,401.4,1413.0,23.7,39.9,325.0
"ITO, Delhi",DEL_VUnH_2023-02-16-14.00-1-2.jpg,2023,2,16,12,268,e_Very_Unhealthy,2023-02-16,2.0,3.3,115.0,0.6,0.0,52.0
Bengaluru,BENGR_Mod_2023-02-25-08.30-1-146.jpg,2023,2,25,12,73,b_Moderate,2023-02-25,19.2,27.9,256.0,7.8,9.3,142.0
"Knowledge park, Greater Noida",UP_SEV_2023-02-18-14.30-1-120.jpg,2023,2,18,12,331,f_Severe,2023-02-18,24.9,48.1,246.0,27.6,8.9,84.0
"Knowledge park, Greater Noida",UP_VUN_2023-03-02-09.00-1-705.jpg,2023,3,2,12,223,e_Very_Unhealthy,2023-03-02,20.5,48.2,338.0,56.9,14.0,72.0
Bengaluru,BENGR_Mod_2023-03-04-08.30-1-211.jpg,2023,3,4,12,71,b_Moderate,2023-03-04,17.8,26.3,251.0,6.2,6.9,118.0
"Knowledge park, Greater Noida",UP_UHFSG_2023-03-06-11.30-1-49.jpg,2023,3,6,12,104,c_Unhealthy_for_Sensitive_Groups,2023-03-06,57.3,103.8,710.0,101.0,20.8,124.0
Bengaluru,BENGR_UHFSG_2023-02-14-08.30-1-8.jpg,2023,2,14,12,102,c_Unhealthy_for_Sensitive_Groups,2023-02-14,18.2,26.3,268.0,8.6,13.0,152.0
"Biratnagar, Nepal",BIR_UNH_VF_2023-02-02- 1700-3-4.jpg,2023,2,2,12,156,d_Unhealthy,2023-02-02,57.2,81.7,581.0,12.1,8.5,98.0
"ITO, Delhi",DEL_VUnH_2023-02-16-14.30-1-260.jpg,2023,2,16,12,245,e_Very_Unhealthy,2023-02-16,2.0,3.3,115.0,0.6,0.0,52.0
Mumbai,MH_Good_2023-03-23-17.00-1-148.jpg,2023,3,23,12,47,a_Good,2023-03-23,18.4,34.5,257.0,17.2,19.2,71.0
"Biratnagar, Nepal",BIR_MOD_2023-02-13-09.30-2-68.jpg,2023,2,13,12,91,b_Moderate,2023-02-13,40.7,59.3,429.0,13.7,9.2,101.0
"ITO, Delhi",DEL_VUnH_2023-02-16-14.30-1-228.jpg,2023,2,16,12,245,e_Very_Unhealthy,2023-02-16,2.0,3.3,115.0,0.6,0.0,52.0
"New Ind Town, Faridabad",HAR_VUN_2022-10-02-10.00-1-2289.jpg,2022,10,2,12,230,e_Very_Unhealthy,2022-10-02,16.6,23.7,513.0,2.0,1.8,93.0
Bengaluru,BENGR_Good_2023-02-27-08.30-1-136.jpg,2023,2,27,12,47,a_Good,2023-02-27,10.8,15.8,277.0,6.9,7.3,131.0
Mumbai,MH_VUN_2023-02-24-15.00-1-51.jpg,2023,2,24,12,202,e_Very_Unhealthy,2023-02-24,73.3,112.7,633.0,41.2,49.7,231.0
"Dimapur, Nagaland",Dimapur_UHFSG_2023-02-02- 09.00-3-4.jpg,2023,2,2,12,103,c_Unhealthy_for_Sensitive_Groups,2023-02-02,39.6,56.9,296.0,6.5,2.7,107.0
"ITO, Delhi",DEL_VUnH_2023-02-16-14.30-1-224.jpg,2023,2,16,12,245,e_Very_Unhealthy,2023-02-16,2.0,3.3,115.0,0.6,0.0,52.0
"Biratnagar, Nepal",BIR_UNFSG_VF_2023-02-03-16.00-3-51.jpg,2023,2,3,12,141,c_Unhealthy_for_Sensitive_Groups,2023-02-03,69.8,99.7,581.0,11.6,6.8,112.0
"Knowledge park, Greater Noida",UP_SEV_2023-02-18-14.30-1-81.jpg,2023,2,18,12,331,f_Severe,2023-02-18,24.9,48.1,246.0,27.6,8.9,84.0
Bengaluru,BENGR_Mod_2023-02-21-08.30-1-246.jpg,2023,2,21,12,56,b_Moderate,2023-02-21,26.0,37.8,303.0,8.9,11.2,152.0
Tamil Nadu,TN_Good_2023-02-27-16.30-2-21.jpg,2023,2,27,12,43,a_Good,2023-02-27,5.9,9.2,177.0,7.1,1.1,74.0
"ITO, Delhi",DEL_SEV_2023-02-22-14.00-2-196.jpg,2023,2,22,12,450,f_Severe,2023-02-22,2.4,4.2,128.0,0.1,0.0,83.0
"ITO, Delhi",DEL_VUH_2023-02-04-17.00-2-129.jpg,2023,2,4,12,281,e_Very_Unhealthy,2023-02-04,2.8,4.9,89.0,0.2,0.1,62.0
"ITO, Delhi",DEL_VUnH_2023-02-16-14.30-1-120.jpg,2023,2,16,12,245,e_Very_Unhealthy,2023-02-16,2.0,3.3,115.0,0.6,0.0,52.0
Bengaluru,BENGR_Mod_2023-02-25-08.30-1-626.jpg,2023,2,25,12,73,b_Moderate,2023-02-25,19.2,27.9,256.0,7.8,9.3,142.0
Tamil Nadu,TN_Mod_2023-02-28-08.30-1-171.jpg,2023,2,28,12,73,b_Moderate,2023-02-28,3.8,5.7,174.0,4.3,0.9,75.0
Mumbai,MH_UN_2023-03-16-11.00-1-274.jpg,2023,3,16,12,159,d_Unhealthy,2023-03-16,59.3,90.6,871.0,64.4,81.4,199.0
Tamil Nadu,TN_Good_2023-02-21-08.30-1-61.jpg,2023,2,21,12,29,a_Good,2023-02-21,2.1,3.2,146.0,1.6,0.3,82.0
Mumbai,MH_Mod_2023-03-21-15.00-1-288.jpg,2023,3,21,12,92,b_Moderate,2023-03-21,15.9,32.0,246.0,16.3,15.8,72.0
"Biratnagar, Nepal",BIR_UNH_VF_2023-02-02- 12.00-3-5.jpg,2023,2,2,12,158,d_Unhealthy,2023-02-02,57.2,81.7,581.0,12.1,8.5,98.0
Mumbai,MH_UnFSG_2023-02-17-13.00-2-78.jpg,2023,2,17,12,140,c_Unhealthy_for_Sensitive_Groups,2023-02-17,64.3,96.9,620.0,42.0,43.7,225.0
"Biratnagar, Nepal",BIR_UFSG_2023-02-14- 14.30-3-76.jpg,2023,2,14,12,101,c_Unhealthy_for_Sensitive_Groups,2023-02-14,43.3,62.6,471.0,15.4,7.5,101.0
Bengaluru,BENGR_Mod_2023-03-04-08.30-1-456.jpg,2023,3,4,12,71,b_Moderate,2023-03-04,17.8,26.3,251.0,6.2,6.9,118.0
"ITO, Delhi",DEL_VUnH_2023-02-16-17.00-2-54.jpg,2023,2,16,12,293,e_Very_Unhealthy,2023-02-16,2.0,3.3,115.0,0.6,0.0,52.0
"Knowledge park, Greater Noida",UP_VUN_2023-02-27-10.30-1-289.jpg,2023,2,27,12,299,e_Very_Unhealthy,2023-02-27,44.7,71.7,613.0,101.2,20.5,98.0
Tamil Nadu,TN_Mod_2023-02-28-08.30-1-156.jpg,2023,2,28,12,73,b_Moderate,2023-02-28,3.8,5.7,174.0,4.3,0.9,75.0
"New Ind Town, Faridabad",HAR_VUN_2022-10-02-10.00-1-3377.jpg,2022,10,2,12,230,e_Very_Unhealthy,2022-10-02,16.6,23.7,513.0,2.0,1.8,93.0
"Biratnagar, Nepal",BIR_UNH_VF_2023-02-02- 15.00-3-46.jpg,2023,2,2,12,156,d_Unhealthy,2023-02-02,57.2,81.7,581.0,12.1,8.5,98.0
Bengaluru,BENGR_Mod_2023-02-23-08.30-1-171.jpg,2023,2,23,12,97,b_Moderate,2023-02-23,18.2,26.4,272.0,8.0,8.1,126.0
Bengaluru,BENGR_Mod_2023-03-04-08.30-1-186.jpg,2023,3,4,12,71,b_Moderate,2023-03-04,17.8,26.3,251.0,6.2,6.9,118.0
Bengaluru,BENGR_UnFSG_2023-03-08-08.30-1-361.jpg,2023,3,8,12,106,c_Unhealthy_for_Sensitive_Groups,2023-03-08,16.9,24.7,244.0,5.9,5.7,120.0
"Knowledge park, Greater Noida",UP_VUN_2023-02-27-10.30-1-109.jpg,2023,2,27,12,299,e_Very_Unhealthy,2023-02-27,44.7,71.7,613.0,101.2,20.5,98.0
"New Ind Town, Faridabad",HAR_VUN_2022-10-02-10.00-1-4025.jpg,2022,10,2,12,230,e_Very_Unhealthy,2022-10-02,16.6,23.7,513.0,2.0,1.8,93.0
Mumbai,MH_UnFSG_2023-03-08-11.00-1-326.jpg,2023,3,8,12,124,c_Unhealthy_for_Sensitive_Groups,2023-03-08,97.1,144.8,836.0,49.2,63.9,264.0
Tamil Nadu,TN_UnFSG_2023-03-02-08.30-2-51.jpg,2023,3,2,12,119,c_Unhealthy_for_Sensitive_Groups,2023-03-02,8.6,16.2,185.0,2.6,1.1,86.0
Bengaluru,BENGR_Good_2023-03-21-08.30-1-169.jpg,2023,3,21,12,47,a_Good,2023-03-21,9.1,13.8,245.0,15.6,3.6,110.0
"ITO, Delhi",DEL_VUH_2023-02-04-17.00-2-37.jpg,2023,2,4,12,281,e_Very_Unhealthy,2023-02-04,2.8,4.9,89.0,0.2,0.1,62.0
"Biratnagar, Nepal",BIR_UNFSG_VF_2023-02-03-16.00-3-8.jpg,2023,2,3,12,141,c_Unhealthy_for_Sensitive_Groups,2023-02-03,69.8,99.7,581.0,11.6,6.8,112.0
Mumbai,MH_UnFSG_2023-03-10-16.00-1-96.jpg,2023,3,10,12,141,c_Unhealthy_for_Sensitive_Groups,2023-03-10,51.1,75.7,577.0,42.8,39.8,185.0
"New Ind Town, Faridabad",HAR_VUN_2022-10-02-10.00-1-385.jpg,2022,10,2,12,230,e_Very_Unhealthy,2022-10-02,16.6,23.7,513.0,2.0,1.8,93.0
Tamil Nadu,TN_UnFSG_2023-03-09-09.00-2-31.jpg,2023,3,9,12,134,c_Unhealthy_for_Sensitive_Groups,2023-03-09,10.4,15.2,234.0,12.8,0.9,62.0
"Biratnagar, Nepal",BIR_UNH_VF_2023-02-02- 12.00-1-43.jpg,2023,2,2,12,158,d_Unhealthy,2023-02-02,57.2,81.7,581.0,12.1,8.5,98.0
Tamil Nadu,TN_UnFSG_2023-03-09-09.00-1-261.jpg,2023,3,9,12,134,c_Unhealthy_for_Sensitive_Groups,2023-03-09,10.4,15.2,234.0,12.8,0.9,62.0
"ITO, Delhi",DEL_VUnH_2023-02-16-14.00-2-14.jpg,2023,2,16,12,268,e_Very_Unhealthy,2023-02-16,2.0,3.3,115.0,0.6,0.0,52.0
Mumbai,MH_UnFSG_2023-03-10-16.00-1-171.jpg,2023,3,10,12,141,c_Unhealthy_for_Sensitive_Groups,2023-03-10,51.1,75.7,577.0,42.8,39.8,185.0
Mumbai,MH_UnFSG_2023-03-18-11.00-1-302.jpg,2023,3,18,12,114,c_Unhealthy_for_Sensitive_Groups,2023-03-18,59.0,94.8,678.0,39.3,48.8,177.0
Mumbai,MH_UH_2023-02-10-14.30-1-46.jpg,2023,2,10,12,160,d_Unhealthy,2023-02-10,74.7,110.8,581.0,28.9,36.7,198.0
Tamil Nadu,TN_UnFSG_2023-03-03-09.00-2-176.jpg,2023,3,3,12,121,c_Unhealthy_for_Sensitive_Groups,2023-03-03,5.2,9.4,154.0,1.6,1.3,86.0
"ITO, Delhi",DEL_VUnH_2023-02-16-14.30-1-18.jpg,2023,2,16,12,245,e_Very_Unhealthy,2023-02-16,2.0,3.3,115.0,0.6,0.0,52.0
Mumbai,MH_UN_2023-03-13-10.00-1-246.jpg,2023,3,13,12,197,d_Unhealthy,2023-03-13,346.5,501.1,2447.0,38.8,125.9,577.0
Mumbai,MH_UH_2023-02-11-03.30-2-16.jpg,2023,2,11,12,154,d_Unhealthy,2023-02-11,50.5,82.9,477.0,34.0,35.6,181.0
"ITO, Delhi",DEL_SEV_2023-02-20-14.00-2-21.jpg,2023,2,20,12,363,f_Severe,2023-02-20,4.4,7.8,136.0,0.3,0.0,76.0
"ITO, Delhi",DEL_SEV_2023-02-16-18.00-1-20.jpg,2023,2,16,12,330,f_Severe,2023-02-16,2.0,3.3,115.0,0.6,0.0,52.0
Bengaluru,BENGR_Mod_2023-03-04-08.30-1-401.jpg,2023,3,4,12,71,b_Moderate,2023-03-04,17.8,26.3,251.0,6.2,6.9,118.0
"Knowledge park, Greater Noida",UP_UN_2023-03-01-08.30-1-81.jpg,2023,3,1,12,199,d_Unhealthy,2023-03-01,21.1,47.7,354.0,67.2,13.3,48.0
"ITO, Delhi",DEL_VUnH_2023-02-16-14.00-3-22.jpg,2023,2,16,12,268,e_Very_Unhealthy,2023-02-16,2.0,3.3,115.0,0.6,0.0,52.0
"Knowledge park, Greater Noida",UP_UHFSG_2023-02-24-08.30-1-341.jpg,2023,2,24,12,141,c_Unhealthy_for_Sensitive_Groups,2023-02-24,132.7,224.4,1109.0,243.3,40.8,181.0
"ITO, Delhi",DEL_VUnH_2023-02-16-14.30-1-32.jpg,2023,2,16,12,245,e_Very_Unhealthy,2023-02-16,2.0,3.3,115.0,0.6,0.0,52.0
Bengaluru,BENGR_Good_2023-02-27-08.30-1-131.jpg,2023,2,27,12,47,a_Good,2023-02-27,10.8,15.8,277.0,6.9,7.3,131.0
Mumbai,MH_UH_2023-02-11-03.30-2-47.jpg,2023,2,11,12,154,d_Unhealthy,2023-02-11,50.5,82.9,477.0,34.0,35.6,181.0
Bengaluru,BENGR_UHFSG_2023-02-03-08.30-1-12.jpg,2023,2,3,12,136,c_Unhealthy_for_Sensitive_Groups,2023-02-03,19.7,31.1,321.0,13.6,3.8,86.0
Bengaluru,BENGR_UnFSG_2023-03-08-08.30-1-236.jpg,2023,3,8,12,106,c_Unhealthy_for_Sensitive_Groups,2023-03-08,16.9,24.7,244.0,5.9,5.7,120.0
Tamil Nadu,TN_UNH_2023-02-03-13.30-1-31.jpg,2023,2,3,12,167,d_Unhealthy,2023-02-03,26.3,38.1,500.0,65.8,1.9,18.0
Bengaluru,BENGR_Good_2023-02-26-08.30-1-146.jpg,2023,2,26,12,48,a_Good,2023-02-26,24.5,35.4,262.0,6.6,12.6,156.0
Mumbai,MH_UnFSG_2023-03-14-13.00-1-241.jpg,2023,3,14,12,138,c_Unhealthy_for_Sensitive_Groups,2023-03-14,160.7,240.3,1639.0,42.4,85.0,345.0
"ITO, Delhi",DEL_SEV_2023-02-20-14.00-2-331.jpg,2023,2,20,12,363,f_Severe,2023-02-20,4.4,7.8,136.0,0.3,0.0,76.0
"ITO, Delhi",DEL_SEV_2023-02-20-14.00-1-621.jpg,2023,2,20,12,363,f_Severe,2023-02-20,4.4,7.8,136.0,0.3,0.0,76.0
"Biratnagar, Nepal",BIR_UNFSG_VF_2023-02-03-16.00-2-71.jpg,2023,2,3,12,141,c_Unhealthy_for_Sensitive_Groups,2023-02-03,69.8,99.7,581.0,11.6,6.8,112.0
"ITO, Delhi",DEL_VUnH_2023-02-16-14.30-1-26.jpg,2023,2,16,12,245,e_Very_Unhealthy,2023-02-16,2.0,3.3,115.0,0.6,0.0,52.0
Mumbai,MH_Good_2023-03-22-18.00-1-61.jpg,2023,3,22,12,47,a_Good,2023-03-22,16.2,31.8,249.0,15.6,16.8,76.0
"New Ind Town, Faridabad",HAR_VUN_2022-10-02-10.00-1-3449.jpg,2022,10,2,12,230,e_Very_Unhealthy,2022-10-02,16.6,23.7,513.0,2.0,1.8,93.0
"Knowledge park, Greater Noida",UP_VUN_2023-02-27-10.30-1-209.jpg,2023,2,27,12,299,e_Very_Unhealthy,2023-02-27,44.7,71.7,613.0,101.2,20.5,98.0
"ITO, Delhi",DEL_SEV_2023-02-20-14.00-2-671.jpg,2023,2,20,12,363,f_Severe,2023-02-20,4.4,7.8,136.0,0.3,0.0,76.0
Bengaluru,BENGR_UHFSG_2023-02-09-08.30-1-42.jpg,2023,2,9,12,103,c_Unhealthy_for_Sensitive_Groups,2023-02-09,28.2,41.3,282.0,10.7,8.9,132.0
Mumbai,MH_UN_2023-03-15-15.00-1-316.jpg,2023,3,15,12,162,d_Unhealthy,2023-03-15,190.5,276.6,1537.0,57.3,103.4,404.0
Tamil Nadu,TN_Good_2023-03-21-08.30-2-201.jpg,2023,3,21,12,27,a_Good,2023-03-21,8.3,12.3,214.0,11.7,1.2,58.0
"ITO, Delhi",DEL_VUnH_2023-02-16-14.30-1-89.jpg,2023,2,16,12,245,e_Very_Unhealthy,2023-02-16,2.0,3.3,115.0,0.6,0.0,52.0
Tamil Nadu,TN_MOD_2023-02-09-08.30-1-17.jpg,2023,2,9,12,78,b_Moderate,2023-02-09,20.1,29.8,485.0,57.4,2.2,10.0
"Knowledge park, Greater Noida",UP_UHFSG_2023-03-06-11.30-1-377.jpg,2023,3,6,12,104,c_Unhealthy_for_Sensitive_Groups,2023-03-06,57.3,103.8,710.0,101.0,20.8,124.0
"Biratnagar, Nepal",BIR_UNH_VF_2023-02-02- 15.00-2-29.jpg,2023,2,2,12,156,d_Unhealthy,2023-02-02,57.2,81.7,581.0,12.1,8.5,98.0
Mumbai,MH_UH_2023-02-19-12.00-1-34.jpg,2023,2,19,12,160,d_Unhealthy,2023-02-19,143.0,205.8,1159.0,48.0,73.1,327.0
Bengaluru,BENGR_Good_2023-03-21-08.30-1-519.jpg,2023,3,21,12,47,a_Good,2023-03-21,9.1,13.8,245.0,15.6,3.6,110.0
"Biratnagar, Nepal",BIR_UNH_VF_2023-02-02- 12.00-1-129.jpg,2023,2,2,12,158,d_Unhealthy,2023-02-02,57.2,81.7,581.0,12.1,8.5,98.0
Tamil Nadu,TN_Good_2023-02-20-16.30-2-191.jpg,2023,2,20,12,43,a_Good,2023-02-20,2.1,3.0,150.0,2.1,0.4,78.0
Tamil Nadu,TN_UnFSG_2023-03-09-09.00-1-211.jpg,2023,3,9,12,134,c_Unhealthy_for_Sensitive_Groups,2023-03-09,10.4,15.2,234.0,12.8,0.9,62.0
Bengaluru,BENGR_Mod_2023-02-23-08.30-1-76.jpg,2023,2,23,12,97,b_Moderate,2023-02-23,18.2,26.4,272.0,8.0,8.1,126.0
"Dimapur, Nagaland",Dimapur_MOD_2023-02-10-08.30-2-27.jpg,2023,2,10,12,63,b_Moderate,2023-02-10,95.7,140.2,322.0,4.6,4.8,113.0
Mumbai,MH_UN_2023-03-02-08.00-1-141.jpg,2023,3,2,12,156,d_Unhealthy,2023-03-02,165.8,246.8,1018.0,45.0,70.9,342.0
Mumbai,MH_UN_2023-03-13-10.00-1-134.jpg,2023,3,13,12,197,d_Unhealthy,2023-03-13,346.5,501.1,2447.0,38.8,125.9,577.0
"Knowledge park, Greater Noida",UP_VUN_2023-03-02-09.00-1-129.jpg,2023,3,2,12,223,e_Very_Unhealthy,2023-03-02,20.5,48.2,338.0,56.9,14.0,72.0
"ITO, Delhi",DEL_SEV_2023-02-07-14.00-1-7.jpg,2023,2,7,12,449,f_Severe,2023-02-07,3.0,5.3,89.0,0.3,0.1,54.0
Mumbai,MH_UnFSG_2023-02-17-19.00-2-9.jpg,2023,2,17,12,145,c_Unhealthy_for_Sensitive_Groups,2023-02-17,64.3,96.9,620.0,42.0,43.7,225.0
"Dimapur, Nagaland",Dimapur_UHFSG_2023-02-02- 09.00-1-74.jpg,2023,2,2,12,103,c_Unhealthy_for_Sensitive_Groups,2023-02-02,39.6,56.9,296.0,6.5,2.7,107.0
Mumbai,MH_Good_2023-03-23-17.00-1-274.jpg,2023,3,23,12,47,a_Good,2023-03-23,18.4,34.5,257.0,17.2,19.2,71.0
Bengaluru,BENGR_Good_2023-02-28-08.30-1-281.jpg,2023,2,28,12,37,a_Good,2023-02-28,27.2,39.7,398.0,7.6,7.8,127.0
"Biratnagar, Nepal",BIR_UNFSG_VF_2023-02-03-15.00-2-17.jpg,2023,2,3,12,141,c_Unhealthy_for_Sensitive_Groups,2023-02-03,69.8,99.7,581.0,11.6,6.8,112.0
Tamil Nadu,TN_UnFSG_2023-03-09-09.00-2-36.jpg,2023,3,9,12,134,c_Unhealthy_for_Sensitive_Groups,2023-03-09,10.4,15.2,234.0,12.8,0.9,62.0
Bengaluru,BENGR_UHFSG_2023-02-15-14.30-1-9.jpg,2023,2,15,12,103,c_Unhealthy_for_Sensitive_Groups,2023-02-15,18.6,26.8,278.0,7.8,11.8,147.0
Tamil Nadu,TN_UnFSG_2023-03-03-09.00-2-76.jpg,2023,3,3,12,121,c_Unhealthy_for_Sensitive_Groups,2023-03-03,5.2,9.4,154.0,1.6,1.3,86.0
"ITO, Delhi",DEL_SEV_2023-02-07-14.00-1-129.jpg,2023,2,7,12,449,f_Severe,2023-02-07,3.0,5.3,89.0,0.3,0.1,54.0
Tamil Nadu,TN_Good_2023-02-22-09.30-1-61.jpg,2023,2,22,12,36,a_Good,2023-02-22,8.3,12.4,216.0,13.8,2.4,52.0
"Knowledge park, Greater Noida",UP_UHFSG_2023-02-24-08.30-1-345.jpg,2023,2,24,12,141,c_Unhealthy_for_Sensitive_Groups,2023-02-24,132.7,224.4,1109.0,243.3,40.8,181.0
"Biratnagar, Nepal",BIR_UH_2023-03-16-12.30-6.jpg,2023,3,16,12,154,d_Unhealthy,2023-03-16,68.5,98.7,456.0,5.4,8.3,132.0
Bengaluru,BENGR_Mod_2023-03-13-08.30-1-449.jpg,2023,3,13,12,53,b_Moderate,2023-03-13,27.1,39.7,365.0,8.1,8.5,111.0
Bengaluru,BENGR_Mod_2023-03-13-08.30-1-204.jpg,2023,3,13,12,53,b_Moderate,2023-03-13,27.1,39.7,365.0,8.1,8.5,111.0
Mumbai,MH_UH_2023-02-03- 09.30-1-11.jpg,2023,2,3,12,162,d_Unhealthy,2023-02-03,121.1,177.4,813.0,48.2,60.2,256.0
"New Ind Town, Faridabad",HAR_VUN_2022-10-02-10.00-1-1841.jpg,2022,10,2,12,230,e_Very_Unhealthy,2022-10-02,16.6,23.7,513.0,2.0,1.8,93.0
"Knowledge park, Greater Noida",UP_UHFSG_2023-03-06-11.30-2.jpg,2023,3,6,12,104,c_Unhealthy_for_Sensitive_Groups,2023-03-06,57.3,103.8,710.0,101.0,20.8,124.0
"Biratnagar, Nepal",BIR_UNFSG_VF_2023-02-03-16.00-1-87.jpg,2023,2,3,12,141,c_Unhealthy_for_Sensitive_Groups,2023-02-03,69.8,99.7,581.0,11.6,6.8,112.0
Bengaluru,BENGR_Good_2023-03-25-08.30-1-22.jpg,2023,3,25,12,32,a_Good,2023-03-25,26.6,39.9,248.0,8.4,5.4,133.0
"Biratnagar, Nepal",BIR_MOD_2023-02-13-09.30-7.jpg,2023,2,13,12,91,b_Moderate,2023-02-13,40.7,59.3,429.0,13.7,9.2,101.0
Tamil Nadu,TN_Good_2023-03-21-08.30-2-33.jpg,2023,3,21,12,27,a_Good,2023-03-21,8.3,12.3,214.0,11.7,1.2,58.0
"Knowledge park, Greater Noida",UP_UHFSG_2023-02-08-08.30-1-78.jpg,2023,2,8,12,133,c_Unhealthy_for_Sensitive_Groups,2023-02-08,53.7,112.2,526.0,86.8,19.1,87.0
Bengaluru,BENGR_UHFSG_2023-02-05-08.30-1-59.jpg,2023,2,3,12,111,c_Unhealthy_for_Sensitive_Groups,2023-02-03,19.7,31.1,321.0,13.6,3.8,86.0
"Biratnagar, Nepal",BIR_UH_2023-03-16-12.30-3-197.jpg,2023,3,16,12,154,d_Unhealthy,2023-03-16,68.5,98.7,456.0,5.4,8.3,132.0
"Biratnagar, Nepal",BIR_UFSG_2023-02-14- 14.30-1.jpg,2023,2,14,12,101,c_Unhealthy_for_Sensitive_Groups,2023-02-14,43.3,62.6,471.0,15.4,7.5,101.0
"ITO, Delhi",DEL_SEV_2023-02-16-18.00-2-61.jpg,2023,2,16,12,330,f_Severe,2023-02-16,2.0,3.3,115.0,0.6,0.0,52.0
Tamil Nadu,TN_UN_2023-03-06-09.00-2-31.jpg,2023,3,6,12,161,d_Unhealthy,2023-03-06,15.6,22.5,298.0,24.2,0.8,36.0
Bengaluru,BENGR_Good_2023-02-27-08.30-1-176.jpg,2023,2,27,12,47,a_Good,2023-02-27,10.8,15.8,277.0,6.9,7.3,131.0
Bengaluru,BENGR_Mod_2023-03-01-08.30-1-386.jpg,2023,3,1,12,70,b_Moderate,2023-03-01,17.0,25.4,362.0,6.3,6.0,122.0
"Biratnagar, Nepal",BIR_UNH_VF_2023-02-03- 10.00-2-3.jpg,2023,2,3,12,163,d_Unhealthy,2023-02-03,69.8,99.7,581.0,11.6,6.8,112.0
Bengaluru,BENGR_Good_2023-03-25-08.30-1-54.jpg,2023,3,25,12,32,a_Good,2023-03-25,26.6,39.9,248.0,8.4,5.4,133.0
"Biratnagar, Nepal",BIR_UNH_VF_2023-02-02- 15.00-2-61.jpg,2023,2,2,12,156,d_Unhealthy,2023-02-02,57.2,81.7,581.0,12.1,8.5,98.0
"Dimapur, Nagaland",Dimapur_MOD_2023-02-10-08.30-2-16.jpg,2023,2,10,12,63,b_Moderate,2023-02-10,95.7,140.2,322.0,4.6,4.8,113.0
"ITO, Delhi",DEL_SEV_2023-02-17-13.00-1-65.jpg,2023,2,17,12,372,f_Severe,2023-02-17,0.2,0.3,91.0,0.1,0.0,49.0
Bengaluru,BENGR_Good_2023-03-17-08.30-1-400.jpg,2023,3,17,12,15,a_Good,2023-03-17,20.8,31.4,332.0,11.4,4.1,112.0
"ITO, Delhi",DEL_SEV_2023-02-16-18.00-2-35.jpg,2023,2,16,12,330,f_Severe,2023-02-16,2.0,3.3,115.0,0.6,0.0,52.0
"ITO, Delhi",DEL_VUnH_2023-02-16-17.00-1-46.jpg,2023,2,16,12,293,e_Very_Unhealthy,2023-02-16,2.0,3.3,115.0,0.6,0.0,52.0
Bengaluru,BENGR_Good_2023-03-17-08.30-1-29.jpg,2023,3,17,12,15,a_Good,2023-03-17,20.8,31.4,332.0,11.4,4.1,112.0
Tamil Nadu,TN_Good_2023-02-23-08.30-2-161.jpg,2023,2,23,12,43,a_Good,2023-02-23,2.9,4.1,131.0,0.9,1.6,95.0
"ITO, Delhi",DEL_SEV_2023-02-20-14.00-3-211.jpg,2023,2,20,12,363,f_Severe,2023-02-20,4.4,7.8,136.0,0.3,0.0,76.0
"ITO, Delhi",DEL_VUnH_2023-02-16-14.00-3-53.jpg,2023,2,16,12,268,e_Very_Unhealthy,2023-02-16,2.0,3.3,115.0,0.6,0.0,52.0
Mumbai,MH_UnFSG_2023-02-17-13.00-2-74.jpg,2023,2,17,12,140,c_Unhealthy_for_Sensitive_Groups,2023-02-17,64.3,96.9,620.0,42.0,43.7,225.0
Bengaluru,BENGR_Good_2023-03-17-08.30-1-337.jpg,2023,3,17,12,15,a_Good,2023-03-17,20.8,31.4,332.0,11.4,4.1,112.0
Bengaluru,BENGR_UHFSG_2023-02-03-08.30-1-37.jpg,2023,2,3,12,136,c_Unhealthy_for_Sensitive_Groups,2023-02-03,19.7,31.1,321.0,13.6,3.8,86.0
"Dimapur, Nagaland",Dimapur_UHFSG_2023-02-02- 09.00-1-32.jpg,2023,2,2,12,103,c_Unhealthy_for_Sensitive_Groups,2023-02-02,39.6,56.9,296.0,6.5,2.7,107.0
"New Ind Town, Faridabad",HAR_VUN_2022-10-02-10.00-1-809.jpg,2022,10,2,12,230,e_Very_Unhealthy,2022-10-02,16.6,23.7,513.0,2.0,1.8,93.0
"Dimapur, Nagaland",Dimapur_UHFSG_2023-02-02- 09.00-2-43.jpg,2023,2,2,12,103,c_Unhealthy_for_Sensitive_Groups,2023-02-02,39.6,56.9,296.0,6.5,2.7,107.0
"New Ind Town, Faridabad",HAR_VUN_2022-10-02-10.00-1-4929.jpg,2022,10,2,12,230,e_Very_Unhealthy,2022-10-02,16.6,23.7,513.0,2.0,1.8,93.0
"ITO, Delhi",DEL_UnH_2023-02-15-11.30-1-51.jpg,2023,2,15,12,179,d_Unhealthy,2023-02-15,2.5,3.7,124.0,1.0,0.0,54.0
"Biratnagar, Nepal",BIR_UFSG_2023-02-14- 14.30-1-54.jpg,2023,2,14,12,101,c_Unhealthy_for_Sensitive_Groups,2023-02-14,43.3,62.6,471.0,15.4,7.5,101.0
"Biratnagar, Nepal",BIR_MOD_2023-02-13-09.30-3-25.jpg,2023,2,13,12,91,b_Moderate,2023-02-13,40.7,59.3,429.0,13.7,9.2,101.0
"New Ind Town, Faridabad",HAR_VUN_2022-10-02-10.00-1-2697.jpg,2022,10,2,12,230,e_Very_Unhealthy,2022-10-02,16.6,23.7,513.0,2.0,1.8,93.0
"Biratnagar, Nepal",BIR_UNH_VF_2023-02-02- 15.00-3-13.jpg,2023,2,2,12,156,d_Unhealthy,2023-02-02,57.2,81.7,581.0,12.1,8.5,98.0
"Knowledge park, Greater Noida",UP_UHFSG_2023-03-06-11.30-1-509.jpg,2023,3,6,12,104,c_Unhealthy_for_Sensitive_Groups,2023-03-06,57.3,103.8,710.0,101.0,20.8,124.0
Tamil Nadu,TN_Good_2023-02-21-08.30-2-81.jpg,2023,2,21,12,29,a_Good,2023-02-21,2.1,3.2,146.0,1.6,0.3,82.0
Bengaluru,BENGR_Mod_2023-03-04-08.30-1-486.jpg,2023,3,4,12,71,b_Moderate,2023-03-04,17.8,26.3,251.0,6.2,6.9,118.0
Mumbai,MH_UN_2023-03-13-10.00-5.jpg,2023,3,13,12,197,d_Unhealthy,2023-03-13,346.5,501.1,2447.0,38.8,125.9,577.0
Tamil Nadu,TN_Good_2023-02-20-16.30-1-176.jpg,2023,2,20,12,43,a_Good,2023-02-20,2.1,3.0,150.0,2.1,0.4,78.0
"Biratnagar, Nepal",BIR_UNH_VF_2023-02-02- 15.00-3-47.jpg,2023,2,2,12,156,d_Unhealthy,2023-02-02,57.2,81.7,581.0,12.1,8.5,98.0
Mumbai,MH_UH_2023-02-02- 09.30-1-87.jpg,2023,2,2,12,182,d_Unhealthy,2023-02-02,122.9,179.7,829.0,44.0,61.7,239.0
Mumbai,MH_UN_2023-03-12-13.00-6.jpg,2023,3,12,12,156,d_Unhealthy,2023-03-12,240.3,345.5,1730.0,61.2,111.6,478.0
Bengaluru,BENGR_Mod_2023-03-01-08.30-1-351.jpg,2023,3,1,12,70,b_Moderate,2023-03-01,17.0,25.4,362.0,6.3,6.0,122.0
Mumbai,MH_UH_2023-02-02- 09.30-1-92.jpg,2023,2,2,12,182,d_Unhealthy,2023-02-02,122.9,179.7,829.0,44.0,61.7,239.0
Tamil Nadu,TN_UnFSG_2023-03-02-08.30-2-171.jpg,2023,3,2,12,119,c_Unhealthy_for_Sensitive_Groups,2023-03-02,8.6,16.2,185.0,2.6,1.1,86.0
"ITO, Delhi",DEL_SEV_2023-02-20-14.00-3-301.jpg,2023,2,20,12,363,f_Severe,2023-02-20,4.4,7.8,136.0,0.3,0.0,76.0
"New Ind Town, Faridabad",HAR_VUN_2022-10-02-10.00-1-73.jpg,2022,10,2,12,230,e_Very_Unhealthy,2022-10-02,16.6,23.7,513.0,2.0,1.8,93.0
"New Ind Town, Faridabad",HAR_VUN_2022-10-02-10.00-1-2617.jpg,2022,10,2,12,230,e_Very_Unhealthy,2022-10-02,16.6,23.7,513.0,2.0,1.8,93.0
"Knowledge park, Greater Noida",UP_UHFSG_2023-03-06-11.30-1-445.jpg,2023,3,6,12,104,c_Unhealthy_for_Sensitive_Groups,2023-03-06,57.3,103.8,710.0,101.0,20.8,124.0
"Dimapur, Nagaland",Dimapur_MOD_2023-02-10-08.30-2-28.jpg,2023,2,10,12,63,b_Moderate,2023-02-10,95.7,140.2,322.0,4.6,4.8,113.0
"Biratnagar, Nepal",BIR_UFSG_2023-02-14- 14.30-3-50.jpg,2023,2,14,12,101,c_Unhealthy_for_Sensitive_Groups,2023-02-14,43.3,62.6,471.0,15.4,7.5,101.0
"Biratnagar, Nepal",BIR_UNH_VF_2023-02-02- 1700-3-57.jpg,2023,2,2,12,156,d_Unhealthy,2023-02-02,57.2,81.7,581.0,12.1,8.5,98.0
"ITO, Delhi",DEL_SEV_2023-02-22-14.00-1-91.jpg,2023,2,22,12,450,f_Severe,2023-02-22,2.4,4.2,128.0,0.1,0.0,83.0
Bengaluru,BENGR_Good_2023-02-26-08.30-1-296.jpg,2023,2,26,12,48,a_Good,2023-02-26,24.5,35.4,262.0,6.6,12.6,156.0
"ITO, Delhi",DEL_SEV_2023-02-22-14.00-2-651.jpg,2023,2,22,12,450,f_Severe,2023-02-22,2.4,4.2,128.0,0.1,0.0,83.0
"ITO, Delhi",DEL_VUH_2023-02-04-17.00-2-96.jpg,2023,2,4,12,281,e_Very_Unhealthy,2023-02-04,2.8,4.9,89.0,0.2,0.1,62.0
"ITO, Delhi",DEL_SEV_2023-02-20-14.00-2-406.jpg,2023,2,20,12,363,f_Severe,2023-02-20,4.4,7.8,136.0,0.3,0.0,76.0
Mumbai,MH_VUN_2023-02-24-15.00-1-316.jpg,2023,2,24,12,202,e_Very_Unhealthy,2023-02-24,73.3,112.7,633.0,41.2,49.7,231.0
"Biratnagar, Nepal",BIR_UNFSG_VF_2023-02-03-16.00-3-33.jpg,2023,2,3,12,141,c_Unhealthy_for_Sensitive_Groups,2023-02-03,69.8,99.7,581.0,11.6,6.8,112.0
"Knowledge park, Greater Noida",UP_SEV_2023-02-19-14.30-1-42.jpg,2023,2,19,12,357,f_Severe,2023-02-19,26.7,50.5,247.0,25.1,8.3,99.0
"New Ind Town, Faridabad",HAR_VUN_2022-10-02-10.00-1-361.jpg,2022,10,2,12,230,e_Very_Unhealthy,2022-10-02,16.6,23.7,513.0,2.0,1.8,93.0
"ITO, Delhi",DEL_VUnH_2023-02-16-14.30-1-231.jpg,2023,2,16,12,245,e_Very_Unhealthy,2023-02-16,2.0,3.3,115.0,0.6,0.0,52.0
"Biratnagar, Nepal",BIR_UFSG_2023-02-14- 14.30-1-52.jpg,2023,2,14,12,101,c_Unhealthy_for_Sensitive_Groups,2023-02-14,43.3,62.6,471.0,15.4,7.5,101.0
Mumbai,MH_VUN_2023-02-25-10.00-1-231.jpg,2023,2,25,12,206,e_Very_Unhealthy,2023-02-25,64.3,98.3,654.0,37.4,50.9,173.0
"ITO, Delhi",DEL_SEV_2023-02-07-14.00-2-19.jpg,2023,2,7,12,449,f_Severe,2023-02-07,3.0,5.3,89.0,0.3,0.1,54.0
Tamil Nadu,TN_UnFSG_2023-03-03-09.00-1-76.jpg,2023,3,3,12,121,c_Unhealthy_for_Sensitive_Groups,2023-03-03,5.2,9.4,154.0,1.6,1.3,86.0
Bengaluru,BENGR_Mod_2023-03-06-08.30-1-26.jpg,2023,3,6,12,68,b_Moderate,2023-03-06,12.6,18.6,218.0,6.5,8.2,129.0
Tamil Nadu,TN_MOD_2023-02-09-08.30-2-38.jpg,2023,2,9,12,78,b_Moderate,2023-02-09,20.1,29.8,485.0,57.4,2.2,10.0
"Biratnagar, Nepal",BIR_MOD_2023-02-13-09.30-3-23.jpg,2023,2,13,12,91,b_Moderate,2023-02-13,40.7,59.3,429.0,13.7,9.2,101.0
Mumbai,MH_VUN_2023-02-24-15.00-1-201.jpg,2023,2,24,12,202,e_Very_Unhealthy,2023-02-24,73.3,112.7,633.0,41.2,49.7,231.0
Bengaluru,BENGR_Mod_2023-03-04-08.30-1-386.jpg,2023,3,4,12,71,b_Moderate,2023-03-04,17.8,26.3,251.0,6.2,6.9,118.0
"Biratnagar, Nepal",BIR_UH_2023-03-16-12.30-8.jpg,2023,3,16,12,154,d_Unhealthy,2023-03-16,68.5,98.7,456.0,5.4,8.3,132.0
"Knowledge park, Greater Noida",UP_UHFSG_2023-03-06-11.30-1-141.jpg,2023,3,6,12,104,c_Unhealthy_for_Sensitive_Groups,2023-03-06,57.3,103.8,710.0,101.0,20.8,124.0
"Knowledge park, Greater Noida",UP_VUN_2023-03-02-09.00-1-285.jpg,2023,3,2,12,223,e_Very_Unhealthy,2023-03-02,20.5,48.2,338.0,56.9,14.0,72.0
Bengaluru,BENGR_Mod_2023-02-25-08.30-1-586.jpg,2023,2,25,12,73,b_Moderate,2023-02-25,19.2,27.9,256.0,7.8,9.3,142.0
"Knowledge park, Greater Noida",UP_VUN_2023-03-02-09.00-1-573.jpg,2023,3,2,12,223,e_Very_Unhealthy,2023-03-02,20.5,48.2,338.0,56.9,14.0,72.0
"Dimapur, Nagaland",Dimapur_MOD_2023-02-10-08.30-1-35.jpg,2023,2,10,12,63,b_Moderate,2023-02-10,95.7,140.2,322.0,4.6,4.8,113.0
"Biratnagar, Nepal",BIR_UNH_VF_2023-02-02- 12.00-2-26.jpg,2023,2,2,12,158,d_Unhealthy,2023-02-02,57.2,81.7,581.0,12.1,8.5,98.0
Tamil Nadu,TN_Good_2023-02-22-09.30-3-86.jpg,2023,2,22,12,36,a_Good,2023-02-22,8.3,12.4,216.0,13.8,2.4,52.0
"Knowledge park, Greater Noida",UP_UHFSG_2023-03-06-11.30-1-389.jpg,2023,3,6,12,104,c_Unhealthy_for_Sensitive_Groups,2023-03-06,57.3,103.8,710.0,101.0,20.8,124.0
"ITO, Delhi",DEL_UnH_2023-02-15-11.30-2-31.jpg,2023,2,15,12,179,d_Unhealthy,2023-02-15,2.5,3.7,124.0,1.0,0.0,54.0
Tamil Nadu,TN_Good_2023-02-20-16.30-1-51.jpg,2023,2,20,12,43,a_Good,2023-02-20,2.1,3.0,150.0,2.1,0.4,78.0
"Knowledge park, Greater Noida",UP_SEV_2023-02-18-11.00-1-116.jpg,2023,2,18,12,320,f_Severe,2023-02-18,24.9,48.1,246.0,27.6,8.9,84.0
"Knowledge park, Greater Noida",UP_UHFSG_2023-03-06-11.30-1-497.jpg,2023,3,6,12,104,c_Unhealthy_for_Sensitive_Groups,2023-03-06,57.3,103.8,710.0,101.0,20.8,124.0
Bengaluru,BENGR_Mod_2023-03-09-08.30-1-51.jpg,2023,3,9,12,51,b_Moderate,2023-03-09,32.7,47.8,341.0,6.8,6.3,123.0
Bengaluru,BENGR_Good_2023-03-25-08.30-1-39.jpg,2023,3,25,12,32,a_Good,2023-03-25,26.6,39.9,248.0,8.4,5.4,133.0
"Knowledge park, Greater Noida",UP_SEV_2023-02-18-14.30-1-13.jpg,2023,2,18,12,331,f_Severe,2023-02-18,24.9,48.1,246.0,27.6,8.9,84.0
Bengaluru,BENGR_Mod_2023-03-06-08.30-1-61.jpg,2023,3,6,12,68,b_Moderate,2023-03-06,12.6,18.6,218.0,6.5,8.2,129.0
"Knowledge park, Greater Noida",UP_VUN_2023-03-02-09.00-1-309.jpg,2023,3,2,12,223,e_Very_Unhealthy,2023-03-02,20.5,48.2,338.0,56.9,14.0,72.0
Bengaluru,BENGR_UHFSG_2023-02-05-08.30-1-20.jpg,2023,2,3,12,111,c_Unhealthy_for_Sensitive_Groups,2023-02-03,19.7,31.1,321.0,13.6,3.8,86.0
Bengaluru,BENGR_Mod_2023-03-13-08.30-1-120.jpg,2023,3,13,12,53,b_Moderate,2023-03-13,27.1,39.7,365.0,8.1,8.5,111.0
"Biratnagar, Nepal",BIR_UNH_VF_2023-02-03- 10.00-3-21.jpg,2023,2,3,12,163,d_Unhealthy,2023-02-03,69.8,99.7,581.0,11.6,6.8,112.0
"ITO, Delhi",DEL_UnH_2023-02-15-11.30-1-46.jpg,2023,2,15,12,179,d_Unhealthy,2023-02-15,2.5,3.7,124.0,1.0,0.0,54.0
"ITO, Delhi",DEL_SEV_2023-02-22-14.00-2-521.jpg,2023,2,22,12,450,f_Severe,2023-02-22,2.4,4.2,128.0,0.1,0.0,83.0
Bengaluru,BENGR_Mod_2023-02-23-08.30-1-296.jpg,2023,2,23,12,97,b_Moderate,2023-02-23,18.2,26.4,272.0,8.0,8.1,126.0
Bengaluru,BENGR_Good_2023-02-28-08.30-1-146.jpg,2023,2,28,12,37,a_Good,2023-02-28,27.2,39.7,398.0,7.6,7.8,127.0
"ITO, Delhi",DEL_SEV_2023-02-17-13.00-2-60.jpg,2023,2,17,12,372,f_Severe,2023-02-17,0.2,0.3,91.0,0.1,0.0,49.0
Tamil Nadu,TN_UnFSG_2023-03-02-08.30-2-96.jpg,2023,3,2,12,119,c_Unhealthy_for_Sensitive_Groups,2023-03-02,8.6,16.2,185.0,2.6,1.1,86.0
"Knowledge park, Greater Noida",UP_UHFSG_2023-03-06-11.30-1-193.jpg,2023,3,6,12,104,c_Unhealthy_for_Sensitive_Groups,2023-03-06,57.3,103.8,710.0,101.0,20.8,124.0
Tamil Nadu,TN_UNH_2023-02-03-12.30-1-40.jpg,2023,2,3,12,150,d_Unhealthy,2023-02-03,26.3,38.1,500.0,65.8,1.9,18.0
Bengaluru,BENGR_Mod_2023-02-23-08.30-1-36.jpg,2023,2,23,12,97,b_Moderate,2023-02-23,18.2,26.4,272.0,8.0,8.1,126.0
Tamil Nadu,TN_Good_2023-02-22-09.30-1-261.jpg,2023,2,22,12,36,a_Good,2023-02-22,8.3,12.4,216.0,13.8,2.4,52.0
"ITO, Delhi",DEL_SEV_2023-02-20-14.00-2-531.jpg,2023,2,20,12,363,f_Severe,2023-02-20,4.4,7.8,136.0,0.3,0.0,76.0
Mumbai,MH_UnFSG_2023-03-08-11.00-1-416.jpg,2023,3,8,12,124,c_Unhealthy_for_Sensitive_Groups,2023-03-08,97.1,144.8,836.0,49.2,63.9,264.0
Tamil Nadu,TN_MOD_2023-02-09-08.30-1-18.jpg,2023,2,9,12,78,b_Moderate,2023-02-09,20.1,29.8,485.0,57.4,2.2,10.0
Bengaluru,BENGR_Mod_2023-03-09-08.30-1-301.jpg,2023,3,9,12,51,b_Moderate,2023-03-09,32.7,47.8,341.0,6.8,6.3,123.0
"New Ind Town, Faridabad",HAR_VUN_2022-10-02-10.00-1-5017.jpg,2022,10,2,12,230,e_Very_Unhealthy,2022-10-02,16.6,23.7,513.0,2.0,1.8,93.0
"Biratnagar, Nepal",BIR_UNH_VF_2023-02-03- 10.00-3-50.jpg,2023,2,3,12,163,d_Unhealthy,2023-02-03,69.8,99.7,581.0,11.6,6.8,112.0
Bengaluru,BENGR_Good_2023-02-28-08.30-1-676.jpg,2023,2,28,12,37,a_Good,2023-02-28,27.2,39.7,398.0,7.6,7.8,127.0
"ITO, Delhi",DEL_SEV_2023-02-17-13.00-2-26.jpg,2023,2,17,12,372,f_Severe,2023-02-17,0.2,0.3,91.0,0.1,0.0,49.0
"ITO, Delhi",DEL_VUnH_2023-02-16-17.00-2-135.jpg,2023,2,16,12,293,e_Very_Unhealthy,2023-02-16,2.0,3.3,115.0,0.6,0.0,52.0
Tamil Nadu,TN_UN_2023-03-11-08.00-1-261.jpg,2023,3,11,12,152,d_Unhealthy,2023-03-11,4.6,7.8,155.0,2.7,0.9,90.0
Bengaluru,BENGR_Good_2023-02-28-08.30-1-456.jpg,2023,2,28,12,37,a_Good,2023-02-28,27.2,39.7,398.0,7.6,7.8,127.0
Tamil Nadu,TN_UnFSG_2023-03-03-09.00-2-161.jpg,2023,3,3,12,121,c_Unhealthy_for_Sensitive_Groups,2023-03-03,5.2,9.4,154.0,1.6,1.3,86.0
Tamil Nadu,TN_UnFSG_2023-03-02-08.30-2-181.jpg,2023,3,2,12,119,c_Unhealthy_for_Sensitive_Groups,2023-03-02,8.6,16.2,185.0,2.6,1.1,86.0
"Knowledge park, Greater Noida",UP_UHFSG_2023-02-08-08.30-1-43.jpg,2023,2,8,12,133,c_Unhealthy_for_Sensitive_Groups,2023-02-08,53.7,112.2,526.0,86.8,19.1,87.0
"Knowledge park, Greater Noida",UP_SEV_2023-02-18-11.00-1-48.jpg,2023,2,18,12,320,f_Severe,2023-02-18,24.9,48.1,246.0,27.6,8.9,84.0
"Biratnagar, Nepal",BIR_MOD_2023-02-13-09.30-2-75.jpg,2023,2,13,12,91,b_Moderate,2023-02-13,40.7,59.3,429.0,13.7,9.2,101.0
Mumbai,MH_UN_2023-03-12-13.00-1-71.jpg,2023,3,12,12,156,d_Unhealthy,2023-03-12,240.3,345.5,1730.0,61.2,111.6,478.0
"Biratnagar, Nepal",BIR_UNFSG_VF_2023-02-03-15.00-3-7.jpg,2023,2,3,12,141,c_Unhealthy_for_Sensitive_Groups,2023-02-03,69.8,99.7,581.0,11.6,6.8,112.0
"New Ind Town, Faridabad",HAR_VUN_2022-10-02-10.00-1-1625.jpg,2022,10,2,12,230,e_Very_Unhealthy,2022-10-02,16.6,23.7,513.0,2.0,1.8,93.0
Bengaluru,BENGR_Mod_2023-03-01-08.30-1-66.jpg,2023,3,1,12,70,b_Moderate,2023-03-01,17.0,25.4,362.0,6.3,6.0,122.0
Bengaluru,BENGR_Mod_2023-02-23-08.30-1-261.jpg,2023,2,23,12,97,b_Moderate,2023-02-23,18.2,26.4,272.0,8.0,8.1,126.0
"Biratnagar, Nepal",BIR_UH_2023-03-16-12.30-1-169.jpg,2023,3,16,12,154,d_Unhealthy,2023-03-16,68.5,98.7,456.0,5.4,8.3,132.0
Mumbai,MH_UnFSG_2023-03-14-13.00-1-151.jpg,2023,3,14,12,138,c_Unhealthy_for_Sensitive_Groups,2023-03-14,160.7,240.3,1639.0,42.4,85.0,345.0
Bengaluru,BENGR_Mod_2023-03-06-08.30-1-161.jpg,2023,3,6,12,68,b_Moderate,2023-03-06,12.6,18.6,218.0,6.5,8.2,129.0
Mumbai,MH_UH_2023-02-11-03.30-1-5.jpg,2023,2,11,12,154,d_Unhealthy,2023-02-11,50.5,82.9,477.0,34.0,35.6,181.0
"Knowledge park, Greater Noida",UP_UHFSG_2023-02-08-08.30-1-98.jpg,2023,2,8,12,133,c_Unhealthy_for_Sensitive_Groups,2023-02-08,53.7,112.2,526.0,86.8,19.1,87.0
"Biratnagar, Nepal",BIR_UNFSG_VF_2023-02-03-16.00-2-109.jpg,2023,2,3,12,141,c_Unhealthy_for_Sensitive_Groups,2023-02-03,69.8,99.7,581.0,11.6,6.8,112.0
Mumbai,MH_UN_2023-03-02-08.00-5.jpg,2023,3,2,12,156,d_Unhealthy,2023-03-02,165.8,246.8,1018.0,45.0,70.9,342.0
"Knowledge park, Greater Noida",UP_VUN_2023-02-22-09.00-5.jpg,2023,2,22,12,232,e_Very_Unhealthy,2023-02-22,12.7,29.3,276.0,45.0,11.1,63.0
"New Ind Town, Faridabad",HAR_VUN_2022-10-02-10.00-1-1601.jpg,2022,10,2,12,230,e_Very_Unhealthy,2022-10-02,16.6,23.7,513.0,2.0,1.8,93.0
Bengaluru,BENGR_Mod_2023-02-25-08.30-1-446.jpg,2023,2,25,12,73,b_Moderate,2023-02-25,19.2,27.9,256.0,7.8,9.3,142.0
"ITO, Delhi",DEL_SEV_2023-02-17-13.00-1-22.jpg,2023,2,17,12,372,f_Severe,2023-02-17,0.2,0.3,91.0,0.1,0.0,49.0
"Biratnagar, Nepal",BIR_MOD_2023-02-13-09.30-3-39.jpg,2023,2,13,12,91,b_Moderate,2023-02-13,40.7,59.3,429.0,13.7,9.2,101.0
Mumbai,MH_Good_2023-03-22-11.00-1-155.jpg,2023,3,22,12,49,a_Good,2023-03-22,16.2,31.8,249.0,15.6,16.8,76.0
"ITO, Delhi",DEL_SEV_2023-02-07-14.00-1-100.jpg,2023,2,7,12,449,f_Severe,2023-02-07,3.0,5.3,89.0,0.3,0.1,54.0
"Biratnagar, Nepal",BIR_UH_2023-03-16-12.30-4-225.jpg,2023,3,16,12,154,d_Unhealthy,2023-03-16,68.5,98.7,456.0,5.4,8.3,132.0
"New Ind Town, Faridabad",HAR_VUN_2022-10-02-10.00-1-961.jpg,2022,10,2,12,230,e_Very_Unhealthy,2022-10-02,16.6,23.7,513.0,2.0,1.8,93.0
"ITO, Delhi",DEL_VUnH_2023-02-16-17.00-1-145.jpg,2023,2,16,12,293,e_Very_Unhealthy,2023-02-16,2.0,3.3,115.0,0.6,0.0,52.0
"ITO, Delhi",DEL_SEV_2023-02-07-14.00-1-46.jpg,2023,2,7,12,449,f_Severe,2023-02-07,3.0,5.3,89.0,0.3,0.1,54.0
Mumbai,MH_UH_2023-02-11-03.30-5.jpg,2023,2,11,12,154,d_Unhealthy,2023-02-11,50.5,82.9,477.0,34.0,35.6,181.0
"Biratnagar, Nepal",BIR_UNH_VF_2023-02-03- 10.00-1-53.jpg,2023,2,3,12,163,d_Unhealthy,2023-02-03,69.8,99.7,581.0,11.6,6.8,112.0
"ITO, Delhi",DEL_SEV_2023-02-17-13.00-2-27.jpg,2023,2,17,12,372,f_Severe,2023-02-17,0.2,0.3,91.0,0.1,0.0,49.0
"New Ind Town, Faridabad",HAR_VUN_2022-10-02-10.00-1-4425.jpg,2022,10,2,12,230,e_Very_Unhealthy,2022-10-02,16.6,23.7,513.0,2.0,1.8,93.0
"Dimapur, Nagaland",Dimapur_UHFSG_2023-02-02- 09.00-2-13.jpg,2023,2,2,12,103,c_Unhealthy_for_Sensitive_Groups,2023-02-02,39.6,56.9,296.0,6.5,2.7,107.0
"Biratnagar, Nepal",BIR_UNH_VF_2023-02-03- 10.00-1-15.jpg,2023,2,3,12,163,d_Unhealthy,2023-02-03,69.8,99.7,581.0,11.6,6.8,112.0
"New Ind Town, Faridabad",HAR_VUN_2022-10-02-10.00-1-1433.jpg,2022,10,2,12,230,e_Very_Unhealthy,2022-10-02,16.6,23.7,513.0,2.0,1.8,93.0
Mumbai,MH_UnFSG_2023-03-10-16.00-1-186.jpg,2023,3,10,12,141,c_Unhealthy_for_Sensitive_Groups,2023-03-10,51.1,75.7,577.0,42.8,39.8,185.0
"Knowledge park, Greater Noida",UP_SEV_2023-02-20-08.30-1-36.jpg,2023,2,20,12,331,f_Severe,2023-02-20,26.1,49.7,219.0,20.0,5.1,100.0
"ITO, Delhi",DEL_VUnH_2023-02-16-14.30-1-190.jpg,2023,2,16,12,245,e_Very_Unhealthy,2023-02-16,2.0,3.3,115.0,0.6,0.0,52.0
"Biratnagar, Nepal",BIR_UNFSG_VF_2023-02-03-16.00-2-72.jpg,2023,2,3,12,141,c_Unhealthy_for_Sensitive_Groups,2023-02-03,69.8,99.7,581.0,11.6,6.8,112.0
Mumbai,MH_UH_2023-02-10-14.30-1-15.jpg,2023,2,10,12,160,d_Unhealthy,2023-02-10,74.7,110.8,581.0,28.9,36.7,198.0
Mumbai,MH_UH_2023-02-18-11.00-1-8.jpg,2023,2,18,12,151,d_Unhealthy,2023-02-18,100.4,145.8,792.0,40.1,53.4,275.0
Bengaluru,BENGR_Good_2023-03-21-08.30-1-253.jpg,2023,3,21,12,47,a_Good,2023-03-21,9.1,13.8,245.0,15.6,3.6,110.0
"Knowledge park, Greater Noida",UP_UHFSG_2023-03-06-11.30-1-529.jpg,2023,3,6,12,104,c_Unhealthy_for_Sensitive_Groups,2023-03-06,57.3,103.8,710.0,101.0,20.8,124.0
"ITO, Delhi",DEL_SEV_2023-02-20-14.00-2-286.jpg,2023,2,20,12,363,f_Severe,2023-02-20,4.4,7.8,136.0,0.3,0.0,76.0
"Biratnagar, Nepal",BIR_UNH_VF_2023-02-03- 10.00-2-51.jpg,2023,2,3,12,163,d_Unhealthy,2023-02-03,69.8,99.7,581.0,11.6,6.8,112.0
Tamil Nadu,TN_UHFSG_2023-02-10-08.30-1-6.jpg,2023,2,10,12,105,c_Unhealthy_for_Sensitive_Groups,2023-02-10,3.4,5.3,152.0,3.8,0.5,78.0
"Knowledge park, Greater Noida",UP_UHFSG_2023-03-06-11.30-1-45.jpg,2023,3,6,12,104,c_Unhealthy_for_Sensitive_Groups,2023-03-06,57.3,103.8,710.0,101.0,20.8,124.0
"Biratnagar, Nepal",BIR_UNH_VF_2023-02-03- 10.00-1-6.jpg,2023,2,3,12,163,d_Unhealthy,2023-02-03,69.8,99.7,581.0,11.6,6.8,112.0
Mumbai,MH_Mod_2023-03-21-15.00-1-8.jpg,2023,3,21,12,92,b_Moderate,2023-03-21,15.9,32.0,246.0,16.3,15.8,72.0
"ITO, Delhi",DEL_SEV_2023-02-16-18.00-2-70.jpg,2023,2,16,12,330,f_Severe,2023-02-16,2.0,3.3,115.0,0.6,0.0,52.0
"Biratnagar, Nepal",BIR_UNH_VF_2023-02-02- 1700-3-66.jpg,2023,2,2,12,156,d_Unhealthy,2023-02-02,57.2,81.7,581.0,12.1,8.5,98.0
"Biratnagar, Nepal",BIR_UNH_VF_2023-02-02- 1700-3-51.jpg,2023,2,2,12,156,d_Unhealthy,2023-02-02,57.2,81.7,581.0,12.1,8.5,98.0
Mumbai,MH_UN_2023-03-15-15.00-1-281.jpg,2023,3,15,12,162,d_Unhealthy,2023-03-15,190.5,276.6,1537.0,57.3,103.4,404.0
Tamil Nadu,TN_Good_2023-02-27-16.30-1-56.jpg,2023,2,27,12,43,a_Good,2023-02-27,5.9,9.2,177.0,7.1,1.1,74.0
Mumbai,MH_UnFSG_2023-02-15-10.30-1-40.jpg,2023,2,15,12,143,c_Unhealthy_for_Sensitive_Groups,2023-02-15,82.2,119.0,737.0,40.3,51.8,253.0
"ITO, Delhi",DEL_SEV_2023-02-22-14.00-2-456.jpg,2023,2,22,12,450,f_Severe,2023-02-22,2.4,4.2,128.0,0.1,0.0,83.0
Bengaluru,BENGR_Mod_2023-03-04-08.30-1-396.jpg,2023,3,4,12,71,b_Moderate,2023-03-04,17.8,26.3,251.0,6.2,6.9,118.0
Tamil Nadu,TN_UnFSG_2023-03-09-09.00-1-61.jpg,2023,3,9,12,134,c_Unhealthy_for_Sensitive_Groups,2023-03-09,10.4,15.2,234.0,12.8,0.9,62.0
"Biratnagar, Nepal",BIR_UNH_VF_2023-02-03- 10.00-3-41.jpg,2023,2,3,12,163,d_Unhealthy,2023-02-03,69.8,99.7,581.0,11.6,6.8,112.0
"ITO, Delhi",DEL_SEV_2023-02-22-14.00-2-11.jpg,2023,2,22,12,450,f_Severe,2023-02-22,2.4,4.2,128.0,0.1,0.0,83.0
"ITO, Delhi",DEL_VUnH_2023-02-16-14.30-1-173.jpg,2023,2,16,12,245,e_Very_Unhealthy,2023-02-16,2.0,3.3,115.0,0.6,0.0,52.0
Mumbai,MH_UnFSG_2023-03-10-16.00-1-306.jpg,2023,3,10,12,141,c_Unhealthy_for_Sensitive_Groups,2023-03-10,51.1,75.7,577.0,42.8,39.8,185.0
"Biratnagar, Nepal",BIR_UNFSG_VF_2023-02-03-16.00-3-14.jpg,2023,2,3,12,141,c_Unhealthy_for_Sensitive_Groups,2023-02-03,69.8,99.7,581.0,11.6,6.8,112.0
Bengaluru,BENGR_UHFSG_2023-02-05-08.30-1-16.jpg,2023,2,3,12,111,c_Unhealthy_for_Sensitive_Groups,2023-02-03,19.7,31.1,321.0,13.6,3.8,86.0
"ITO, Delhi",DEL_SEV_2023-02-07-14.00-1-26.jpg,2023,2,7,12,449,f_Severe,2023-02-07,3.0,5.3,89.0,0.3,0.1,54.0
"ITO, Delhi",DEL_SEV_2023-02-20-14.00-2-451.jpg,2023,2,20,12,363,f_Severe,2023-02-20,4.4,7.8,136.0,0.3,0.0,76.0
"Knowledge park, Greater Noida",UP_SEV_2023-02-18-14.30-1-17.jpg,2023,2,18,12,331,f_Severe,2023-02-18,24.9,48.1,246.0,27.6,8.9,84.0
Tamil Nadu,TN_UHFSG_2023-02-10-08.30-1-12.jpg,2023,2,10,12,105,c_Unhealthy_for_Sensitive_Groups,2023-02-10,3.4,5.3,152.0,3.8,0.5,78.0
"Biratnagar, Nepal",BIR_UNFSG_VF_2023-02-03-16.00-3-20.jpg,2023,2,3,12,141,c_Unhealthy_for_Sensitive_Groups,2023-02-03,69.8,99.7,581.0,11.6,6.8,112.0
"Biratnagar, Nepal",BIR_UH_2023-03-16-12.30-3-337.jpg,2023,3,16,12,154,d_Unhealthy,2023-03-16,68.5,98.7,456.0,5.4,8.3,132.0
Tamil Nadu,TN_Good_2023-02-21-08.30-2-131.jpg,2023,2,21,12,29,a_Good,2023-02-21,2.1,3.2,146.0,1.6,0.3,82.0
"Biratnagar, Nepal",BIR_UH_2023-03-16-12.30-3-43.jpg,2023,3,16,12,154,d_Unhealthy,2023-03-16,68.5,98.7,456.0,5.4,8.3,132.0
"Knowledge park, Greater Noida",UP_UHFSG_2023-03-06-11.30-1-341.jpg,2023,3,6,12,104,c_Unhealthy_for_Sensitive_Groups,2023-03-06,57.3,103.8,710.0,101.0,20.8,124.0
"ITO, Delhi",DEL_VUnH_2023-02-16-17.00-1-73.jpg,2023,2,16,12,293,e_Very_Unhealthy,2023-02-16,2.0,3.3,115.0,0.6,0.0,52.0
Tamil Nadu,TN_UHFSG_2023-02-10-08.30-1-15.jpg,2023,2,10,12,105,c_Unhealthy_for_Sensitive_Groups,2023-02-10,3.4,5.3,152.0,3.8,0.5,78.0
"Biratnagar, Nepal",BIR_UFSG_2023-02-14- 14.30-3-80.jpg,2023,2,14,12,101,c_Unhealthy_for_Sensitive_Groups,2023-02-14,43.3,62.6,471.0,15.4,7.5,101.0
"Biratnagar, Nepal",BIR_UNFSG_VF_2023-02-03-15.00-1-18.jpg,2023,2,3,12,141,c_Unhealthy_for_Sensitive_Groups,2023-02-03,69.8,99.7,581.0,11.6,6.8,112.0
"Knowledge park, Greater Noida",UP_VUN_2023-02-27-10.30-1-269.jpg,2023,2,27,12,299,e_Very_Unhealthy,2023-02-27,44.7,71.7,613.0,101.2,20.5,98.0
"ITO, Delhi",DEL_VUnH_2023-02-16-14.00-3-5.jpg,2023,2,16,12,268,e_Very_Unhealthy,2023-02-16,2.0,3.3,115.0,0.6,0.0,52.0
"Knowledge park, Greater Noida",UP_UHFSG_2023-02-08-08.30-1-47.jpg,2023,2,8,12,133,c_Unhealthy_for_Sensitive_Groups,2023-02-08,53.7,112.2,526.0,86.8,19.1,87.0
Tamil Nadu,TN_Good_2023-02-22-09.30-3-291.jpg,2023,2,22,12,36,a_Good,2023-02-22,8.3,12.4,216.0,13.8,2.4,52.0
"Biratnagar, Nepal",BIR_MOD_2023-02-13-09.30-2-66.jpg,2023,2,13,12,91,b_Moderate,2023-02-13,40.7,59.3,429.0,13.7,9.2,101.0
Bengaluru,BENGR_Good_2023-02-28-08.30-1-351.jpg,2023,2,28,12,37,a_Good,2023-02-28,27.2,39.7,398.0,7.6,7.8,127.0
"ITO, Delhi",DEL_UnH_2023-02-15-11.30-1-71.jpg,2023,2,15,12,179,d_Unhealthy,2023-02-15,2.5,3.7,124.0,1.0,0.0,54.0
"ITO, Delhi",DL_VUNH_2023-02-04-17.00-1-4.jpg,2023,2,4,12,281,e_Very_Unhealthy,2023-02-04,2.8,4.9,89.0,0.2,0.1,62.0
"ITO, Delhi",DEL_VUnH_2023-02-16-14.30-1-213.jpg,2023,2,16,12,245,e_Very_Unhealthy,2023-02-16,2.0,3.3,115.0,0.6,0.0,52.0
Mumbai,MH_UN_2023-03-16-11.00-1-99.jpg,2023,3,16,12,159,d_Unhealthy,2023-03-16,59.3,90.6,871.0,64.4,81.4,199.0
"ITO, Delhi",DEL_SEV_2023-02-07-14.00-1-91.jpg,2023,2,7,12,449,f_Severe,2023-02-07,3.0,5.3,89.0,0.3,0.1,54.0
"Dimapur, Nagaland",Dimapur_MOD_2023-02-10-08.30-1-19.jpg,2023,2,10,12,63,b_Moderate,2023-02-10,95.7,140.2,322.0,4.6,4.8,113.0
Bengaluru,BENGR_Good_2023-02-28-08.30-1-151.jpg,2023,2,28,12,37,a_Good,2023-02-28,27.2,39.7,398.0,7.6,7.8,127.0
"ITO, Delhi",DL_VUNH_2023-02-04-17.00-1-12.jpg,2023,2,4,12,281,e_Very_Unhealthy,2023-02-04,2.8,4.9,89.0,0.2,0.1,62.0
"Biratnagar, Nepal",BIR_UH_2023-03-16-12.30-1-134.jpg,2023,3,16,12,154,d_Unhealthy,2023-03-16,68.5,98.7,456.0,5.4,8.3,132.0
"Biratnagar, Nepal",BIR_UH_2023-03-16-12.30-3-253.jpg,2023,3,16,12,154,d_Unhealthy,2023-03-16,68.5,98.7,456.0,5.4,8.3,132.0
"New Ind Town, Faridabad",HAR_VUN_2022-10-02-10.00-1-2601.jpg,2022,10,2,12,230,e_Very_Unhealthy,2022-10-02,16.6,23.7,513.0,2.0,1.8,93.0
Bengaluru,BENGR_Mod_2023-03-01-08.30-1-121.jpg,2023,3,1,12,70,b_Moderate,2023-03-01,17.0,25.4,362.0,6.3,6.0,122.0
Mumbai,MH_UnFSG_2023-02-17-19.00-2-54.jpg,2023,2,17,12,145,c_Unhealthy_for_Sensitive_Groups,2023-02-17,64.3,96.9,620.0,42.0,43.7,225.0
Tamil Nadu,TN_UNH_2023-02-03-12.30-1-44.jpg,2023,2,3,12,150,d_Unhealthy,2023-02-03,26.3,38.1,500.0,65.8,1.9,18.0
Mumbai,MH_UnFSG_2023-02-15-10.30-1-42.jpg,2023,2,15,12,143,c_Unhealthy_for_Sensitive_Groups,2023-02-15,82.2,119.0,737.0,40.3,51.8,253.0
"ITO, Delhi",DEL_SEV_2023-02-20-14.00-3-86.jpg,2023,2,20,12,363,f_Severe,2023-02-20,4.4,7.8,136.0,0.3,0.0,76.0
"Knowledge park, Greater Noida",UP_SEV_2023-02-18-11.00-1-83.jpg,2023,2,18,12,320,f_Severe,2023-02-18,24.9,48.1,246.0,27.6,8.9,84.0
"Knowledge park, Greater Noida",UP_UN_2023-03-01-08.30-1-269.jpg,2023,3,1,12,199,d_Unhealthy,2023-03-01,21.1,47.7,354.0,67.2,13.3,48.0
"Biratnagar, Nepal",BIR_UNFSG_VF_2023-02-03-16.00-3-34.jpg,2023,2,3,12,141,c_Unhealthy_for_Sensitive_Groups,2023-02-03,69.8,99.7,581.0,11.6,6.8,112.0
Tamil Nadu,TN_UNH_2023-02-03-13.30-1-47.jpg,2023,2,3,12,167,d_Unhealthy,2023-02-03,26.3,38.1,500.0,65.8,1.9,18.0
Mumbai,MH_UH_2023-02-14-11.30-1-49.jpg,2023,2,14,12,160,d_Unhealthy,2023-02-14,81.3,119.0,721.0,41.8,52.8,260.0
Mumbai,MH_UnFSG_2023-02-17-13.00-2-56.jpg,2023,2,17,12,140,c_Unhealthy_for_Sensitive_Groups,2023-02-17,64.3,96.9,620.0,42.0,43.7,225.0
Bengaluru,BENGR_Mod_2023-03-06-08.30-1-506.jpg,2023,3,6,12,68,b_Moderate,2023-03-06,12.6,18.6,218.0,6.5,8.2,129.0
Tamil Nadu,TN_UnFSG_2023-03-03-09.00-2-206.jpg,2023,3,3,12,121,c_Unhealthy_for_Sensitive_Groups,2023-03-03,5.2,9.4,154.0,1.6,1.3,86.0
"Knowledge park, Greater Noida",UP_UHFSG_2023-03-06-11.30-1-261.jpg,2023,3,6,12,104,c_Unhealthy_for_Sensitive_Groups,2023-03-06,57.3,103.8,710.0,101.0,20.8,124.0
Bengaluru,BENGR_Mod_2023-03-13-08.30-1-239.jpg,2023,3,13,12,53,b_Moderate,2023-03-13,27.1,39.7,365.0,8.1,8.5,111.0
Tamil Nadu,TN_UnFSG_2023-03-03-09.00-2-21.jpg,2023,3,3,12,121,c_Unhealthy_for_Sensitive_Groups,2023-03-03,5.2,9.4,154.0,1.6,1.3,86.0
Mumbai,MH_UH_2023-02-14-11.30-2.jpg,2023,2,14,12,160,d_Unhealthy,2023-02-14,81.3,119.0,721.0,41.8,52.8,260.0
"Biratnagar, Nepal",BIR_UNFSG_VF_2023-02-03-15.00-2-26.jpg,2023,2,3,12,141,c_Unhealthy_for_Sensitive_Groups,2023-02-03,69.8,99.7,581.0,11.6,6.8,112.0
"ITO, Delhi",DEL_SEV_2023-02-20-14.00-2-46.jpg,2023,2,20,12,363,f_Severe,2023-02-20,4.4,7.8,136.0,0.3,0.0,76.0
"ITO, Delhi",DEL_SEV_2023-02-22-14.00-2.jpg,2023,2,22,12,450,f_Severe,2023-02-22,2.4,4.2,128.0,0.1,0.0,83.0
"Knowledge park, Greater Noida",UP_UHFSG_2023-02-08-08.30-1-38.jpg,2023,2,8,12,133,c_Unhealthy_for_Sensitive_Groups,2023-02-08,53.7,112.2,526.0,86.8,19.1,87.0
"Knowledge park, Greater Noida",UP_VUN_2023-03-02-09.00-1-305.jpg,2023,3,2,12,223,e_Very_Unhealthy,2023-03-02,20.5,48.2,338.0,56.9,14.0,72.0
"Knowledge park, Greater Noida",UP_SEV_2023-02-18-11.00-1-14.jpg,2023,2,18,12,320,f_Severe,2023-02-18,24.9,48.1,246.0,27.6,8.9,84.0
Tamil Nadu,TN_UnFSG_2023-03-03-09.00-1-96.jpg,2023,3,3,12,121,c_Unhealthy_for_Sensitive_Groups,2023-03-03,5.2,9.4,154.0,1.6,1.3,86.0
Mumbai,MH_Good_2023-03-22-11.00-14.jpg,2023,3,22,12,49,a_Good,2023-03-22,16.2,31.8,249.0,15.6,16.8,76.0
"Biratnagar, Nepal",BIR_UH_2023-03-16-12.30-1-260.jpg,2023,3,16,12,154,d_Unhealthy,2023-03-16,68.5,98.7,456.0,5.4,8.3,132.0
Bengaluru,BENGR_Mod_2023-02-25-08.30-1-621.jpg,2023,2,25,12,73,b_Moderate,2023-02-25,19.2,27.9,256.0,7.8,9.3,142.0
"ITO, Delhi",DEL_SEV_2023-02-16-18.00-2-82.jpg,2023,2,16,12,330,f_Severe,2023-02-16,2.0,3.3,115.0,0.6,0.0,52.0
Mumbai,MH_UH_2023-02-10-14.30-1-100.jpg,2023,2,10,12,160,d_Unhealthy,2023-02-10,74.7,110.8,581.0,28.9,36.7,198.0
"ITO, Delhi",DEL_VUnH_2023-02-16-14.30-1-261.jpg,2023,2,16,12,245,e_Very_Unhealthy,2023-02-16,2.0,3.3,115.0,0.6,0.0,52.0
Bengaluru,BENGR_Mod_2023-02-24-08.30-1-86.jpg,2023,2,24,12,68,b_Moderate,2023-02-24,11.3,16.6,250.0,9.2,10.1,126.0
"Knowledge park, Greater Noida",UP_UHFSG_2023-03-06-11.30-1-249.jpg,2023,3,6,12,104,c_Unhealthy_for_Sensitive_Groups,2023-03-06,57.3,103.8,710.0,101.0,20.8,124.0
Bengaluru,BENGR_UHFSG_2023-02-03-08.30-1-18.jpg,2023,2,3,12,136,c_Unhealthy_for_Sensitive_Groups,2023-02-03,19.7,31.1,321.0,13.6,3.8,86.0
Bengaluru,BENGR_Good_2023-03-25-08.30-1-19.jpg,2023,3,25,12,32,a_Good,2023-03-25,26.6,39.9,248.0,8.4,5.4,133.0
"Biratnagar, Nepal",BIR_MOD_2023-02-13-09.30-3-48.jpg,2023,2,13,12,91,b_Moderate,2023-02-13,40.7,59.3,429.0,13.7,9.2,101.0
"Biratnagar, Nepal",BIR_UNH_VF_2023-02-02- 15.00-3-39.jpg,2023,2,2,12,156,d_Unhealthy,2023-02-02,57.2,81.7,581.0,12.1,8.5,98.0
"Knowledge park, Greater Noida",UP_VUN_2023-03-02-09.00-1-85.jpg,2023,3,2,12,223,e_Very_Unhealthy,2023-03-02,20.5,48.2,338.0,56.9,14.0,72.0
"New Ind Town, Faridabad",HAR_VUN_2022-10-02-10.00-1-1593.jpg,2022,10,2,12,230,e_Very_Unhealthy,2022-10-02,16.6,23.7,513.0,2.0,1.8,93.0
Bengaluru,BENGR_Mod_2023-03-09-08.30-1-106.jpg,2023,3,9,12,51,b_Moderate,2023-03-09,32.7,47.8,341.0,6.8,6.3,123.0
"Biratnagar, Nepal",BIR_UNFSG_VF_2023-02-03-15.00-2-1.jpg,2023,2,3,12,141,c_Unhealthy_for_Sensitive_Groups,2023-02-03,69.8,99.7,581.0,11.6,6.8,112.0
Bengaluru,BENGR_UnFSG_2023-03-08-08.30-1-66.jpg,2023,3,8,12,106,c_Unhealthy_for_Sensitive_Groups,2023-03-08,16.9,24.7,244.0,5.9,5.7,120.0
Mumbai,MH_UH_2023-02-14-11.30-1-39.jpg,2023,2,14,12,160,d_Unhealthy,2023-02-14,81.3,119.0,721.0,41.8,52.8,260.0
"ITO, Delhi",DEL_SEV_2023-02-17-13.00-1-74.jpg,2023,2,17,12,372,f_Severe,2023-02-17,0.2,0.3,91.0,0.1,0.0,49.0
Tamil Nadu,TN_Good_2023-02-20-16.30-1-106.jpg,2023,2,20,12,43,a_Good,2023-02-20,2.1,3.0,150.0,2.1,0.4,78.0
Mumbai,MH_UH_2023-02-02- 09.30-1-12.jpg,2023,2,2,12,182,d_Unhealthy,2023-02-02,122.9,179.7,829.0,44.0,61.7,239.0
Bengaluru,BENGR_Mod_2023-03-01-08.30-1-46.jpg,2023,3,1,12,70,b_Moderate,2023-03-01,17.0,25.4,362.0,6.3,6.0,122.0
"ITO, Delhi",DEL_VUnH_2023-02-16-14.30-1-157.jpg,2023,2,16,12,245,e_Very_Unhealthy,2023-02-16,2.0,3.3,115.0,0.6,0.0,52.0
Bengaluru,BENGR_Mod_2023-03-06-08.30-1-451.jpg,2023,3,6,12,68,b_Moderate,2023-03-06,12.6,18.6,218.0,6.5,8.2,129.0
"ITO, Delhi",DEL_SEV_2023-02-07-14.00-2-4.jpg,2023,2,7,12,449,f_Severe,2023-02-07,3.0,5.3,89.0,0.3,0.1,54.0
"Biratnagar, Nepal",BIR_UNFSG_VF_2023-02-03-16.00-2-81.jpg,2023,2,3,12,141,c_Unhealthy_for_Sensitive_Groups,2023-02-03,69.8,99.7,581.0,11.6,6.8,112.0
"New Ind Town, Faridabad",HAR_VUN_2022-10-02-10.00-1-4593.jpg,2022,10,2,12,230,e_Very_Unhealthy,2022-10-02,16.6,23.7,513.0,2.0,1.8,93.0
"Knowledge park, Greater Noida",UP_VUN_2023-03-02-09.00-1-189.jpg,2023,3,2,12,223,e_Very_Unhealthy,2023-03-02,20.5,48.2,338.0,56.9,14.0,72.0
"New Ind Town, Faridabad",HAR_VUN_2022-10-02-10.00-1-3393.jpg,2022,10,2,12,230,e_Very_Unhealthy,2022-10-02,16.6,23.7,513.0,2.0,1.8,93.0
"ITO, Delhi",DEL_VUnH_2023-02-16-17.00-1-156.jpg,2023,2,16,12,293,e_Very_Unhealthy,2023-02-16,2.0,3.3,115.0,0.6,0.0,52.0
"Biratnagar, Nepal",BIR_MOD_2023-02-13-09.30-3-14.jpg,2023,2,13,12,91,b_Moderate,2023-02-13,40.7,59.3,429.0,13.7,9.2,101.0
"Biratnagar, Nepal",BIR_UFSG_2023-02-14- 14.30-1-26.jpg,2023,2,14,12,101,c_Unhealthy_for_Sensitive_Groups,2023-02-14,43.3,62.6,471.0,15.4,7.5,101.0
Bengaluru,BENGR_Good_2023-03-21-08.30-1-218.jpg,2023,3,21,12,47,a_Good,2023-03-21,9.1,13.8,245.0,15.6,3.6,110.0
Tamil Nadu,TN_UnFSG_2023-03-02-08.30-1-176.jpg,2023,3,2,12,119,c_Unhealthy_for_Sensitive_Groups,2023-03-02,8.6,16.2,185.0,2.6,1.1,86.0
Tamil Nadu,TN_Good_2023-02-23-08.30-1-181.jpg,2023,2,23,12,43,a_Good,2023-02-23,2.9,4.1,131.0,0.9,1.6,95.0
"Knowledge park, Greater Noida",UP_UHFSG_2023-02-08-08.30-1-49.jpg,2023,2,8,12,133,c_Unhealthy_for_Sensitive_Groups,2023-02-08,53.7,112.2,526.0,86.8,19.1,87.0
"Knowledge park, Greater Noida",UP_UHFSG_2023-03-06-11.30-1-185.jpg,2023,3,6,12,104,c_Unhealthy_for_Sensitive_Groups,2023-03-06,57.3,103.8,710.0,101.0,20.8,124.0
"ITO, Delhi",DEL_VUnH_2023-02-16-14.00-7.jpg,2023,2,16,12,268,e_Very_Unhealthy,2023-02-16,2.0,3.3,115.0,0.6,0.0,52.0
Tamil Nadu,TN_Good_2023-02-22-09.30-2-206.jpg,2023,2,22,12,36,a_Good,2023-02-22,8.3,12.4,216.0,13.8,2.4,52.0
Bengaluru,BENGR_Mod_2023-02-23-08.30-1-591.jpg,2023,2,23,12,97,b_Moderate,2023-02-23,18.2,26.4,272.0,8.0,8.1,126.0
Bengaluru,BENGR_Mod_2023-02-21-08.30-1-296.jpg,2023,2,21,12,56,b_Moderate,2023-02-21,26.0,37.8,303.0,8.9,11.2,152.0
Tamil Nadu,TN_UnFSG_2023-03-01-08.30-1-171.jpg,2023,3,1,12,111,c_Unhealthy_for_Sensitive_Groups,2023-03-01,11.3,16.5,244.0,12.0,2.9,66.0
Tamil Nadu,TN_Good_2023-02-22-09.30-3-256.jpg,2023,2,22,12,36,a_Good,2023-02-22,8.3,12.4,216.0,13.8,2.4,52.0
"Biratnagar, Nepal",BIR_UNFSG_VF_2023-02-03-15.00-1-20.jpg,2023,2,3,12,141,c_Unhealthy_for_Sensitive_Groups,2023-02-03,69.8,99.7,581.0,11.6,6.8,112.0
Bengaluru,BENGR_Mod_2023-03-04-08.30-1-251.jpg,2023,3,4,12,71,b_Moderate,2023-03-04,17.8,26.3,251.0,6.2,6.9,118.0
"Knowledge park, Greater Noida",UP_VUN_2023-03-02-09.00-1-457.jpg,2023,3,2,12,223,e_Very_Unhealthy,2023-03-02,20.5,48.2,338.0,56.9,14.0,72.0
"New Ind Town, Faridabad",HAR_VUN_2022-10-02-10.00-1-145.jpg,2022,10,2,12,230,e_Very_Unhealthy,2022-10-02,16.6,23.7,513.0,2.0,1.8,93.0
"ITO, Delhi",DEL_SEV_2023-02-22-14.00-2-146.jpg,2023,2,22,12,450,f_Severe,2023-02-22,2.4,4.2,128.0,0.1,0.0,83.0
Tamil Nadu,TN_MOD_2023-02-09-08.30-1-25.jpg,2023,2,9,12,78,b_Moderate,2023-02-09,20.1,29.8,485.0,57.4,2.2,10.0
"Biratnagar, Nepal",BIR_MOD_2023-02-13-09.30-4-59.jpg,2023,2,13,12,91,b_Moderate,2023-02-13,40.7,59.3,429.0,13.7,9.2,101.0
"Biratnagar, Nepal",BIR_UFSG_2023-02-14- 14.30-3-4.jpg,2023,2,14,12,101,c_Unhealthy_for_Sensitive_Groups,2023-02-14,43.3,62.6,471.0,15.4,7.5,101.0
"ITO, Delhi",DEL_SEV_2023-02-20-14.00-1-36.jpg,2023,2,20,12,363,f_Severe,2023-02-20,4.4,7.8,136.0,0.3,0.0,76.0
Mumbai,MH_UH_2023-02-18-11.00-1-28.jpg,2023,2,18,12,151,d_Unhealthy,2023-02-18,100.4,145.8,792.0,40.1,53.4,275.0
"Biratnagar, Nepal",BIR_UNFSG_VF_2023-02-03-15.00-3-5.jpg,2023,2,3,12,141,c_Unhealthy_for_Sensitive_Groups,2023-02-03,69.8,99.7,581.0,11.6,6.8,112.0
Tamil Nadu,TN_UnFSG_2023-03-01-08.30-1-251.jpg,2023,3,1,12,111,c_Unhealthy_for_Sensitive_Groups,2023-03-01,11.3,16.5,244.0,12.0,2.9,66.0
"ITO, Delhi",DEL_SEV_2023-02-17-13.00-1-23.jpg,2023,2,17,12,372,f_Severe,2023-02-17,0.2,0.3,91.0,0.1,0.0,49.0
Tamil Nadu,TN_Good_2023-02-20-16.30-1-241.jpg,2023,2,20,12,43,a_Good,2023-02-20,2.1,3.0,150.0,2.1,0.4,78.0
Mumbai,MH_VUN_2023-02-24-15.00-1-286.jpg,2023,2,24,12,202,e_Very_Unhealthy,2023-02-24,73.3,112.7,633.0,41.2,49.7,231.0
"ITO, Delhi",DEL_VUnH_2023-02-16-14.30-1-277.jpg,2023,2,16,12,245,e_Very_Unhealthy,2023-02-16,2.0,3.3,115.0,0.6,0.0,52.0
Mumbai,MH_UN_2023-03-02-08.00-1-296.jpg,2023,3,2,12,156,d_Unhealthy,2023-03-02,165.8,246.8,1018.0,45.0,70.9,342.0
Mumbai,MH_UH_2023-02-03- 09.30-1-37.jpg,2023,2,3,12,162,d_Unhealthy,2023-02-03,121.1,177.4,813.0,48.2,60.2,256.0
Tamil Nadu,TN_Good_2023-03-21-08.30-2-121.jpg,2023,3,21,12,27,a_Good,2023-03-21,8.3,12.3,214.0,11.7,1.2,58.0
"Biratnagar, Nepal",BIR_UNH_VF_2023-02-03- 10.00-2-56.jpg,2023,2,3,12,163,d_Unhealthy,2023-02-03,69.8,99.7,581.0,11.6,6.8,112.0
"Dimapur, Nagaland",Dimapur_MOD_2023-02-10-08.30-2-46.jpg,2023,2,10,12,63,b_Moderate,2023-02-10,95.7,140.2,322.0,4.6,4.8,113.0
Mumbai,MH_Good_2023-03-22-18.00-1-55.jpg,2023,3,22,12,47,a_Good,2023-03-22,16.2,31.8,249.0,15.6,16.8,76.0
Mumbai,MH_UH_2023-02-03- 09.30-1-67.jpg,2023,2,3,12,162,d_Unhealthy,2023-02-03,121.1,177.4,813.0,48.2,60.2,256.0
"New Ind Town, Faridabad",HAR_VUN_2022-10-02-10.00-1-3073.jpg,2022,10,2,12,230,e_Very_Unhealthy,2022-10-02,16.6,23.7,513.0,2.0,1.8,93.0
"Dimapur, Nagaland",Dimapur_MOD_2023-02-10-08.30-1-26.jpg,2023,2,10,12,63,b_Moderate,2023-02-10,95.7,140.2,322.0,4.6,4.8,113.0
"ITO, Delhi",DEL_UnH_2023-02-15-11.30-2-29.jpg,2023,2,15,12,179,d_Unhealthy,2023-02-15,2.5,3.7,124.0,1.0,0.0,54.0
"Biratnagar, Nepal",BIR_UFSG_2023-02-14- 14.30-1-14.jpg,2023,2,14,12,101,c_Unhealthy_for_Sensitive_Groups,2023-02-14,43.3,62.6,471.0,15.4,7.5,101.0
"Biratnagar, Nepal",BIR_MOD_2023-02-13-09.30-4-5.jpg,2023,2,13,12,91,b_Moderate,2023-02-13,40.7,59.3,429.0,13.7,9.2,101.0
"New Ind Town, Faridabad",HAR_VUN_2022-10-02-10.00-1-3793.jpg,2022,10,2,12,230,e_Very_Unhealthy,2022-10-02,16.6,23.7,513.0,2.0,1.8,93.0
Mumbai,MH_UnFSG_2023-02-15-10.30-1-35.jpg,2023,2,15,12,143,c_Unhealthy_for_Sensitive_Groups,2023-02-15,82.2,119.0,737.0,40.3,51.8,253.0
"ITO, Delhi",DEL_SEV_2023-02-22-14.00-1-166.jpg,2023,2,22,12,450,f_Severe,2023-02-22,2.4,4.2,128.0,0.1,0.0,83.0
Tamil Nadu,TN_UNH_2023-02-03-12.30-1-38.jpg,2023,2,3,12,150,d_Unhealthy,2023-02-03,26.3,38.1,500.0,65.8,1.9,18.0
Bengaluru,BENGR_Good_2023-02-26-08.30-1-241.jpg,2023,2,26,12,48,a_Good,2023-02-26,24.5,35.4,262.0,6.6,12.6,156.0
Tamil Nadu,TN_Good_2023-02-23-08.30-2-76.jpg,2023,2,23,12,43,a_Good,2023-02-23,2.9,4.1,131.0,0.9,1.6,95.0
Bengaluru,BENGR_UnFSG_2023-03-08-08.30-1-246.jpg,2023,3,8,12,106,c_Unhealthy_for_Sensitive_Groups,2023-03-08,16.9,24.7,244.0,5.9,5.7,120.0
"ITO, Delhi",DEL_VUnH_2023-02-16-14.00-3-56.jpg,2023,2,16,12,268,e_Very_Unhealthy,2023-02-16,2.0,3.3,115.0,0.6,0.0,52.0
"Biratnagar, Nepal",BIR_UNH_VF_2023-02-03- 10.00-1-52.jpg,2023,2,3,12,163,d_Unhealthy,2023-02-03,69.8,99.7,581.0,11.6,6.8,112.0
Bengaluru,BENGR_Mod_2023-02-25-08.30-1-641.jpg,2023,2,25,12,73,b_Moderate,2023-02-25,19.2,27.9,256.0,7.8,9.3,142.0
Tamil Nadu,TN_Good_2023-03-21-08.30-1-85.jpg,2023,3,21,12,27,a_Good,2023-03-21,8.3,12.3,214.0,11.7,1.2,58.0
"Biratnagar, Nepal",BIR_UNFSG_VF_2023-02-03-15.00-3-9.jpg,2023,2,3,12,141,c_Unhealthy_for_Sensitive_Groups,2023-02-03,69.8,99.7,581.0,11.6,6.8,112.0
"ITO, Delhi",DL_VUNH_2023-02-04-17.00-1-67.jpg,2023,2,4,12,281,e_Very_Unhealthy,2023-02-04,2.8,4.9,89.0,0.2,0.1,62.0
"Biratnagar, Nepal",BRI_Un_2023-02-02- 12.00-4.jpg,2023,2,2,12,158,d_Unhealthy,2023-02-02,57.2,81.7,581.0,12.1,8.5,98.0
"Biratnagar, Nepal",BIR_UH_2023-03-16-12.30-2-134.jpg,2023,3,16,12,154,d_Unhealthy,2023-03-16,68.5,98.7,456.0,5.4,8.3,132.0
Mumbai,MH_UH_2023-02-18-11.00-1-25.jpg,2023,2,18,12,151,d_Unhealthy,2023-02-18,100.4,145.8,792.0,40.1,53.4,275.0
"Biratnagar, Nepal",BIR_UFSG_2023-02-14- 14.30-2-34.jpg,2023,2,14,12,101,c_Unhealthy_for_Sensitive_Groups,2023-02-14,43.3,62.6,471.0,15.4,7.5,101.0
Bengaluru,BENGR_Mod_2023-02-23-08.30-1-46.jpg,2023,2,23,12,97,b_Moderate,2023-02-23,18.2,26.4,272.0,8.0,8.1,126.0
"ITO, Delhi",DEL_SEV_2023-02-20-14.00-1-666.jpg,2023,2,20,12,363,f_Severe,2023-02-20,4.4,7.8,136.0,0.3,0.0,76.0
"Dimapur, Nagaland",Dimapur_UHFSG_2023-02-02- 09.00-3-12.jpg,2023,2,2,12,103,c_Unhealthy_for_Sensitive_Groups,2023-02-02,39.6,56.9,296.0,6.5,2.7,107.0
Mumbai,MH_Good_2023-03-23-17.00-6.jpg,2023,3,23,12,47,a_Good,2023-03-23,18.4,34.5,257.0,17.2,19.2,71.0
Tamil Nadu,TN_MOD_2023-02-09-08.30-2-13.jpg,2023,2,9,12,78,b_Moderate,2023-02-09,20.1,29.8,485.0,57.4,2.2,10.0
Mumbai,MH_UnFSG_2023-02-17-13.00-2-50.jpg,2023,2,17,12,140,c_Unhealthy_for_Sensitive_Groups,2023-02-17,64.3,96.9,620.0,42.0,43.7,225.0
"Biratnagar, Nepal",BIR_UFSG_2023-02-14- 14.30-1-64.jpg,2023,2,14,12,101,c_Unhealthy_for_Sensitive_Groups,2023-02-14,43.3,62.6,471.0,15.4,7.5,101.0
Mumbai,MH_UnFSG_2023-03-08-11.00-1-186.jpg,2023,3,8,12,124,c_Unhealthy_for_Sensitive_Groups,2023-03-08,97.1,144.8,836.0,49.2,63.9,264.0
"New Ind Town, Faridabad",HAR_VUN_2022-10-02-10.00-1-4337.jpg,2022,10,2,12,230,e_Very_Unhealthy,2022-10-02,16.6,23.7,513.0,2.0,1.8,93.0
"ITO, Delhi",DEL_SEV_2023-02-20-14.00-1-681.jpg,2023,2,20,12,363,f_Severe,2023-02-20,4.4,7.8,136.0,0.3,0.0,76.0
"Biratnagar, Nepal",BIR_UNH_VF_2023-02-02- 12.00-2-18.jpg,2023,2,2,12,158,d_Unhealthy,2023-02-02,57.2,81.7,581.0,12.1,8.5,98.0
Bengaluru,BENGR_Mod_2023-02-24-08.30-1-376.jpg,2023,2,24,12,68,b_Moderate,2023-02-24,11.3,16.6,250.0,9.2,10.1,126.0
Bengaluru,BENGR_Good_2023-03-17-08.30-1-15.jpg,2023,3,17,12,15,a_Good,2023-03-17,20.8,31.4,332.0,11.4,4.1,112.0
"ITO, Delhi",DEL_VUnH_2023-02-16-14.30-1-183.jpg,2023,2,16,12,245,e_Very_Unhealthy,2023-02-16,2.0,3.3,115.0,0.6,0.0,52.0
Bengaluru,BENGR_Good_2023-03-17-08.30-1-568.jpg,2023,3,17,12,15,a_Good,2023-03-17,20.8,31.4,332.0,11.4,4.1,112.0
"Knowledge park, Greater Noida",UP_SEV_2023-02-18-14.30-1-83.jpg,2023,2,18,12,331,f_Severe,2023-02-18,24.9,48.1,246.0,27.6,8.9,84.0
"Biratnagar, Nepal",BIR_UNH_VF_2023-02-03- 10.00-3-58.jpg,2023,2,3,12,163,d_Unhealthy,2023-02-03,69.8,99.7,581.0,11.6,6.8,112.0
"ITO, Delhi",DEL_SEV_2023-02-20-14.00-2-581.jpg,2023,2,20,12,363,f_Severe,2023-02-20,4.4,7.8,136.0,0.3,0.0,76.0
Tamil Nadu,TN_Good_2023-02-22-09.30-3-76.jpg,2023,2,22,12,36,a_Good,2023-02-22,8.3,12.4,216.0,13.8,2.4,52.0
Bengaluru,BENGR_Good_2023-03-17-08.30-1-267.jpg,2023,3,17,12,15,a_Good,2023-03-17,20.8,31.4,332.0,11.4,4.1,112.0
Bengaluru,BENGR_Good_2023-02-26-08.30-1-136.jpg,2023,2,26,12,48,a_Good,2023-02-26,24.5,35.4,262.0,6.6,12.6,156.0
"Biratnagar, Nepal",BIR_UNFSG_VF_2023-02-03-15.00-3-32.jpg,2023,2,3,12,141,c_Unhealthy_for_Sensitive_Groups,2023-02-03,69.8,99.7,581.0,11.6,6.8,112.0
Mumbai,MH_UnFSG_2023-02-15-10.30-1-22.jpg,2023,2,15,12,143,c_Unhealthy_for_Sensitive_Groups,2023-02-15,82.2,119.0,737.0,40.3,51.8,253.0
Bengaluru,BENGR_Mod_2023-03-01-08.30-1-376.jpg,2023,3,1,12,70,b_Moderate,2023-03-01,17.0,25.4,362.0,6.3,6.0,122.0
"Biratnagar, Nepal",BIR_MOD_2023-02-13-09.30-2-17.jpg,2023,2,13,12,91,b_Moderate,2023-02-13,40.7,59.3,429.0,13.7,9.2,101.0
"Dimapur, Nagaland",Dimapur_UHFSG_2023-02-02- 09.00-3-67.jpg,2023,2,2,12,103,c_Unhealthy_for_Sensitive_Groups,2023-02-02,39.6,56.9,296.0,6.5,2.7,107.0
"Dimapur, Nagaland",Dimapur_MOD_2023-02-10-08.30-2-70.jpg,2023,2,10,12,63,b_Moderate,2023-02-10,95.7,140.2,322.0,4.6,4.8,113.0
Bengaluru,BENGR_Mod_2023-02-25-08.30-1-151.jpg,2023,2,25,12,73,b_Moderate,2023-02-25,19.2,27.9,256.0,7.8,9.3,142.0
"New Ind Town, Faridabad",HAR_VUN_2022-10-02-10.00-1-3521.jpg,2022,10,2,12,230,e_Very_Unhealthy,2022-10-02,16.6,23.7,513.0,2.0,1.8,93.0
Mumbai,MH_Mod_2023-03-21-15.00-1-491.jpg,2023,3,21,12,92,b_Moderate,2023-03-21,15.9,32.0,246.0,16.3,15.8,72.0
"Biratnagar, Nepal",BIR_UNH_VF_2023-02-03- 10.00-3-7.jpg,2023,2,3,12,163,d_Unhealthy,2023-02-03,69.8,99.7,581.0,11.6,6.8,112.0
"ITO, Delhi",DEL_SEV_2023-02-22-14.00-2-316.jpg,2023,2,22,12,450,f_Severe,2023-02-22,2.4,4.2,128.0,0.1,0.0,83.0
"Dimapur, Nagaland",Dimapur_UHFSG_2023-02-02- 09.00-1-67.jpg,2023,2,2,12,103,c_Unhealthy_for_Sensitive_Groups,2023-02-02,39.6,56.9,296.0,6.5,2.7,107.0
"Knowledge park, Greater Noida",UP_SEV_2023-02-18-14.30-1-3.jpg,2023,2,18,12,331,f_Severe,2023-02-18,24.9,48.1,246.0,27.6,8.9,84.0
Mumbai,MH_UH_2023-02-14-11.30-3.jpg,2023,2,14,12,160,d_Unhealthy,2023-02-14,81.3,119.0,721.0,41.8,52.8,260.0
"Knowledge park, Greater Noida",UP_UHFSG_2023-02-24-08.30-1-137.jpg,2023,2,24,12,141,c_Unhealthy_for_Sensitive_Groups,2023-02-24,132.7,224.4,1109.0,243.3,40.8,181.0
"ITO, Delhi",DEL_SEV_2023-02-22-14.00-2-611.jpg,2023,2,22,12,450,f_Severe,2023-02-22,2.4,4.2,128.0,0.1,0.0,83.0
"Biratnagar, Nepal",BIR_UNH_VF_2023-02-02- 15.00-3-2.jpg,2023,2,2,12,156,d_Unhealthy,2023-02-02,57.2,81.7,581.0,12.1,8.5,98.0
"Dimapur, Nagaland",Dimapur_UHFSG_2023-02-02- 09.00-3-29.jpg,2023,2,2,12,103,c_Unhealthy_for_Sensitive_Groups,2023-02-02,39.6,56.9,296.0,6.5,2.7,107.0
Bengaluru,BENGR_Good_2023-03-17-08.30-1-309.jpg,2023,3,17,12,15,a_Good,2023-03-17,20.8,31.4,332.0,11.4,4.1,112.0
Tamil Nadu,TN_UnFSG_2023-03-09-09.00-2-141.jpg,2023,3,9,12,134,c_Unhealthy_for_Sensitive_Groups,2023-03-09,10.4,15.2,234.0,12.8,0.9,62.0
"ITO, Delhi",DEL_SEV_2023-02-17-13.00-2-9.jpg,2023,2,17,12,372,f_Severe,2023-02-17,0.2,0.3,91.0,0.1,0.0,49.0
"Biratnagar, Nepal",BIR_UNFSG_VF_2023-02-03-16.00-1-88.jpg,2023,2,3,12,141,c_Unhealthy_for_Sensitive_Groups,2023-02-03,69.8,99.7,581.0,11.6,6.8,112.0
Tamil Nadu,TN_UN_2023-03-11-08.00-1-181.jpg,2023,3,11,12,152,d_Unhealthy,2023-03-11,4.6,7.8,155.0,2.7,0.9,90.0
"Knowledge park, Greater Noida",UP_UHFSG_2023-03-06-11.30-1-589.jpg,2023,3,6,12,104,c_Unhealthy_for_Sensitive_Groups,2023-03-06,57.3,103.8,710.0,101.0,20.8,124.0
"Biratnagar, Nepal",BIR_MOD_2023-02-13-09.30-2-60.jpg,2023,2,13,12,91,b_Moderate,2023-02-13,40.7,59.3,429.0,13.7,9.2,101.0
Mumbai,MH_UnFSG_2023-02-17-13.00-2-25.jpg,2023,2,17,12,140,c_Unhealthy_for_Sensitive_Groups,2023-02-17,64.3,96.9,620.0,42.0,43.7,225.0
"Biratnagar, Nepal",BIR_UNH_VF_2023-02-02- 12.00-2-94.jpg,2023,2,2,12,158,d_Unhealthy,2023-02-02,57.2,81.7,581.0,12.1,8.5,98.0
"Biratnagar, Nepal",BIR_UNH_VF_2023-02-03- 10.00-3-24.jpg,2023,2,3,12,163,d_Unhealthy,2023-02-03,69.8,99.7,581.0,11.6,6.8,112.0
Bengaluru,BENGR_Mod_2023-03-06-08.30-1-271.jpg,2023,3,6,12,68,b_Moderate,2023-03-06,12.6,18.6,218.0,6.5,8.2,129.0
"ITO, Delhi",DEL_SEV_2023-02-22-14.00-4.jpg,2023,2,22,12,450,f_Severe,2023-02-22,2.4,4.2,128.0,0.1,0.0,83.0
"Biratnagar, Nepal",BIR_UNFSG_VF_2023-02-03-15.00-2-18.jpg,2023,2,3,12,141,c_Unhealthy_for_Sensitive_Groups,2023-02-03,69.8,99.7,581.0,11.6,6.8,112.0
Tamil Nadu,TN_Good_2023-02-23-08.30-1-16.jpg,2023,2,23,12,43,a_Good,2023-02-23,2.9,4.1,131.0,0.9,1.6,95.0
Mumbai,MH_Good_2023-03-23-17.00-1-78.jpg,2023,3,23,12,47,a_Good,2023-03-23,18.4,34.5,257.0,17.2,19.2,71.0
"ITO, Delhi",DEL_UnH_2023-02-15-11.30-1-21.jpg,2023,2,15,12,179,d_Unhealthy,2023-02-15,2.5,3.7,124.0,1.0,0.0,54.0
"Knowledge park, Greater Noida",UP_SEV_2023-02-18-11.00-1-13.jpg,2023,2,18,12,320,f_Severe,2023-02-18,24.9,48.1,246.0,27.6,8.9,84.0
Mumbai,MH_UN_2023-03-13-10.00-6.jpg,2023,3,13,12,197,d_Unhealthy,2023-03-13,346.5,501.1,2447.0,38.8,125.9,577.0
"Biratnagar, Nepal",BIR_UNH_VF_2023-02-02- 1700-3-71.jpg,2023,2,2,12,156,d_Unhealthy,2023-02-02,57.2,81.7,581.0,12.1,8.5,98.0
"Knowledge park, Greater Noida",UP_UHFSG_2023-02-08-08.30-1-8.jpg,2023,2,8,12,133,c_Unhealthy_for_Sensitive_Groups,2023-02-08,53.7,112.2,526.0,86.8,19.1,87.0
"Knowledge park, Greater Noida",UP_UHFSG_2023-02-24-08.30-1-197.jpg,2023,2,24,12,141,c_Unhealthy_for_Sensitive_Groups,2023-02-24,132.7,224.4,1109.0,243.3,40.8,181.0
Tamil Nadu,TN_UnFSG_2023-03-01-08.30-1-271.jpg,2023,3,1,12,111,c_Unhealthy_for_Sensitive_Groups,2023-03-01,11.3,16.5,244.0,12.0,2.9,66.0
"Biratnagar, Nepal",BIR_UH_2023-03-16-12.30-3-50.jpg,2023,3,16,12,154,d_Unhealthy,2023-03-16,68.5,98.7,456.0,5.4,8.3,132.0
Tamil Nadu,TN_UNH_2023-02-03-13.30-1-9.jpg,2023,2,3,12,167,d_Unhealthy,2023-02-03,26.3,38.1,500.0,65.8,1.9,18.0
"ITO, Delhi",DEL_SEV_2023-02-20-14.00-3-131.jpg,2023,2,20,12,363,f_Severe,2023-02-20,4.4,7.8,136.0,0.3,0.0,76.0
Mumbai,MH_Good_2023-03-22-18.00-1-421.jpg,2023,3,22,12,47,a_Good,2023-03-22,16.2,31.8,249.0,15.6,16.8,76.0
Bengaluru,BENGR_Mod_2023-02-23-08.30-1-561.jpg,2023,2,23,12,97,b_Moderate,2023-02-23,18.2,26.4,272.0,8.0,8.1,126.0
Mumbai,MH_VUN_2023-02-24-15.00-1-91.jpg,2023,2,24,12,202,e_Very_Unhealthy,2023-02-24,73.3,112.7,633.0,41.2,49.7,231.0
Tamil Nadu,TN_Mod_2023-02-28-08.30-1-66.jpg,2023,2,28,12,73,b_Moderate,2023-02-28,3.8,5.7,174.0,4.3,0.9,75.0
"Biratnagar, Nepal",BIR_MOD_2023-02-13-09.30-4-58.jpg,2023,2,13,12,91,b_Moderate,2023-02-13,40.7,59.3,429.0,13.7,9.2,101.0
Tamil Nadu,TN_Good_2023-02-22-09.30-2-176.jpg,2023,2,22,12,36,a_Good,2023-02-22,8.3,12.4,216.0,13.8,2.4,52.0
"Biratnagar, Nepal",BIR_UNH_VF_2023-02-03- 10.00-2-9.jpg,2023,2,3,12,163,d_Unhealthy,2023-02-03,69.8,99.7,581.0,11.6,6.8,112.0
Mumbai,MH_UH_2023-02-02- 09.30-1-63.jpg,2023,2,2,12,182,d_Unhealthy,2023-02-02,122.9,179.7,829.0,44.0,61.7,239.0
"ITO, Delhi",DEL_SEV_2023-02-20-14.00-1-716.jpg,2023,2,20,12,363,f_Severe,2023-02-20,4.4,7.8,136.0,0.3,0.0,76.0
Bengaluru,BENGR_UHFSG_2023-02-03-08.30-1-8.jpg,2023,2,3,12,136,c_Unhealthy_for_Sensitive_Groups,2023-02-03,19.7,31.1,321.0,13.6,3.8,86.0
"Knowledge park, Greater Noida",UP_SEV_2023-02-18-14.30-1-118.jpg,2023,2,18,12,331,f_Severe,2023-02-18,24.9,48.1,246.0,27.6,8.9,84.0
"Biratnagar, Nepal",BIR_UH_2023-03-16-12.30-3-190.jpg,2023,3,16,12,154,d_Unhealthy,2023-03-16,68.5,98.7,456.0,5.4,8.3,132.0
"Biratnagar, Nepal",BIR_UNH_VF_2023-02-02- 15.00-2-49.jpg,2023,2,2,12,156,d_Unhealthy,2023-02-02,57.2,81.7,581.0,12.1,8.5,98.0
"Dimapur, Nagaland",Dimapur_UHFSG_2023-02-02- 09.00-2-42.jpg,2023,2,2,12,103,c_Unhealthy_for_Sensitive_Groups,2023-02-02,39.6,56.9,296.0,6.5,2.7,107.0
"Biratnagar, Nepal",BIR_UNH_VF_2023-02-02- 12.00-3-34.jpg,2023,2,2,12,158,d_Unhealthy,2023-02-02,57.2,81.7,581.0,12.1,8.5,98.0
"Biratnagar, Nepal",BIR_UNH_VF_2023-02-02- 15.00-4-70.jpg,2023,2,2,12,156,d_Unhealthy,2023-02-02,57.2,81.7,581.0,12.1,8.5,98.0
Mumbai,MH_UN_2023-03-02-08.00-1-236.jpg,2023,3,2,12,156,d_Unhealthy,2023-03-02,165.8,246.8,1018.0,45.0,70.9,342.0
"New Ind Town, Faridabad",HAR_VUN_2022-10-02-10.00-1-497.jpg,2022,10,2,12,230,e_Very_Unhealthy,2022-10-02,16.6,23.7,513.0,2.0,1.8,93.0
"Biratnagar, Nepal",BIR_UNH_VF_2023-02-02- 15.00-2-66.jpg,2023,2,2,12,156,d_Unhealthy,2023-02-02,57.2,81.7,581.0,12.1,8.5,98.0
Bengaluru,BENGR_UnFSG_2023-03-08-08.30-1-391.jpg,2023,3,8,12,106,c_Unhealthy_for_Sensitive_Groups,2023-03-08,16.9,24.7,244.0,5.9,5.7,120.0
"ITO, Delhi",DEL_SEV_2023-02-22-14.00-2-541.jpg,2023,2,22,12,450,f_Severe,2023-02-22,2.4,4.2,128.0,0.1,0.0,83.0
"New Ind Town, Faridabad",HAR_VUN_2022-10-02-10.00-1-1561.jpg,2022,10,2,12,230,e_Very_Unhealthy,2022-10-02,16.6,23.7,513.0,2.0,1.8,93.0
Bengaluru,BENGR_UHFSG_2023-02-09-08.30-1-3.jpg,2023,2,9,12,103,c_Unhealthy_for_Sensitive_Groups,2023-02-09,28.2,41.3,282.0,10.7,8.9,132.0
"Knowledge park, Greater Noida",UP_SEV_2023-02-18-11.00-1-61.jpg,2023,2,18,12,320,f_Severe,2023-02-18,24.9,48.1,246.0,27.6,8.9,84.0
Bengaluru,BENGR_Mod_2023-03-04-08.30-1-541.jpg,2023,3,4,12,71,b_Moderate,2023-03-04,17.8,26.3,251.0,6.2,6.9,118.0
Mumbai,MH_UnFSG_2023-03-18-11.00-1-281.jpg,2023,3,18,12,114,c_Unhealthy_for_Sensitive_Groups,2023-03-18,59.0,94.8,678.0,39.3,48.8,177.0
"Biratnagar, Nepal",BIR_UNFSG_VF_2023-02-03-16.00-2-24.jpg,2023,2,3,12,141,c_Unhealthy_for_Sensitive_Groups,2023-02-03,69.8,99.7,581.0,11.6,6.8,112.0
Bengaluru,BENGR_UHFSG_2023-02-03-08.30-1-29.jpg,2023,2,3,12,136,c_Unhealthy_for_Sensitive_Groups,2023-02-03,19.7,31.1,321.0,13.6,3.8,86.0
"ITO, Delhi",DEL_VUH_2023-02-04-17.00-2-73.jpg,2023,2,4,12,281,e_Very_Unhealthy,2023-02-04,2.8,4.9,89.0,0.2,0.1,62.0
Bengaluru,BENGR_Good_2023-02-28-08.30-1-461.jpg,2023,2,28,12,37,a_Good,2023-02-28,27.2,39.7,398.0,7.6,7.8,127.0
"Biratnagar, Nepal",BIR_UNFSG_VF_2023-02-03-15.00-3-16.jpg,2023,2,3,12,141,c_Unhealthy_for_Sensitive_Groups,2023-02-03,69.8,99.7,581.0,11.6,6.8,112.0
Tamil Nadu,TN_UnFSG_2023-03-03-09.00-2-331.jpg,2023,3,3,12,121,c_Unhealthy_for_Sensitive_Groups,2023-03-03,5.2,9.4,154.0,1.6,1.3,86.0
"ITO, Delhi",DEL_VUnH_2023-02-16-14.30-1-116.jpg,2023,2,16,12,245,e_Very_Unhealthy,2023-02-16,2.0,3.3,115.0,0.6,0.0,52.0
Bengaluru,BENGR_Mod_2023-03-01-08.30-1-216.jpg,2023,3,1,12,70,b_Moderate,2023-03-01,17.0,25.4,362.0,6.3,6.0,122.0
Tamil Nadu,TN_MOD_2023-02-09-08.30-2-15.jpg,2023,2,9,12,78,b_Moderate,2023-02-09,20.1,29.8,485.0,57.4,2.2,10.0
"ITO, Delhi",DEL_SEV_2023-02-22-14.00-2-701.jpg,2023,2,22,12,450,f_Severe,2023-02-22,2.4,4.2,128.0,0.1,0.0,83.0
Mumbai,MH_UnFSG_2023-02-23-11.00-1-186.jpg,2023,2,23,12,130,c_Unhealthy_for_Sensitive_Groups,2023-02-23,70.5,109.9,662.0,40.6,61.8,226.0
Bengaluru,BENGR_Good_2023-02-28-08.30-1-266.jpg,2023,2,28,12,37,a_Good,2023-02-28,27.2,39.7,398.0,7.6,7.8,127.0
Mumbai,MH_VUN_2023-02-24-15.00-1-171.jpg,2023,2,24,12,202,e_Very_Unhealthy,2023-02-24,73.3,112.7,633.0,41.2,49.7,231.0
Mumbai,MH_UnFSG_2023-03-08-11.00-1-321.jpg,2023,3,8,12,124,c_Unhealthy_for_Sensitive_Groups,2023-03-08,97.1,144.8,836.0,49.2,63.9,264.0
"ITO, Delhi",DEL_VUnH_2023-02-16-14.00-2-1.jpg,2023,2,16,12,268,e_Very_Unhealthy,2023-02-16,2.0,3.3,115.0,0.6,0.0,52.0
"New Ind Town, Faridabad",HAR_VUN_2022-10-02-10.00-1-1041.jpg,2022,10,2,12,230,e_Very_Unhealthy,2022-10-02,16.6,23.7,513.0,2.0,1.8,93.0
"ITO, Delhi",DEL_SEV_2023-02-07-14.00-1-106.jpg,2023,2,7,12,449,f_Severe,2023-02-07,3.0,5.3,89.0,0.3,0.1,54.0
"ITO, Delhi",DEL_SEV_2023-02-16-18.00-2-108.jpg,2023,2,16,12,330,f_Severe,2023-02-16,2.0,3.3,115.0,0.6,0.0,52.0
Bengaluru,BENGR_Mod_2023-02-25-08.30-1-351.jpg,2023,2,25,12,73,b_Moderate,2023-02-25,19.2,27.9,256.0,7.8,9.3,142.0
"Biratnagar, Nepal",BIR_UNH_VF_2023-02-02- 15.00-3-17.jpg,2023,2,2,12,156,d_Unhealthy,2023-02-02,57.2,81.7,581.0,12.1,8.5,98.0
"Biratnagar, Nepal",BIR_UNH_VF_2023-02-02- 1700-2-7.jpg,2023,2,2,12,156,d_Unhealthy,2023-02-02,57.2,81.7,581.0,12.1,8.5,98.0
"ITO, Delhi",DEL_VUH_2023-02-04-17.00-2-4.jpg,2023,2,4,12,281,e_Very_Unhealthy,2023-02-04,2.8,4.9,89.0,0.2,0.1,62.0
Mumbai,MH_VUN_2023-03-05-08.30-2-331.jpg,2023,3,5,12,284,e_Very_Unhealthy,2023-03-05,278.5,401.4,1413.0,23.7,39.9,325.0
Bengaluru,BENGR_Good_2023-02-27-08.30-1-206.jpg,2023,2,27,12,47,a_Good,2023-02-27,10.8,15.8,277.0,6.9,7.3,131.0
Mumbai,MH_UnFSG_2023-02-17-13.00-2-10.jpg,2023,2,17,12,140,c_Unhealthy_for_Sensitive_Groups,2023-02-17,64.3,96.9,620.0,42.0,43.7,225.0
"Knowledge park, Greater Noida",UP_SEV_2023-02-19-14.30-1-34.jpg,2023,2,19,12,357,f_Severe,2023-02-19,26.7,50.5,247.0,25.1,8.3,99.0
"ITO, Delhi",DEL_VUH_2023-02-04-17.00-2-15.jpg,2023,2,4,12,281,e_Very_Unhealthy,2023-02-04,2.8,4.9,89.0,0.2,0.1,62.0
Mumbai,MH_Good_2023-03-22-18.00-1-43.jpg,2023,3,22,12,47,a_Good,2023-03-22,16.2,31.8,249.0,15.6,16.8,76.0
Bengaluru,BENGR_Good_2023-02-28-08.30-1-316.jpg,2023,2,28,12,37,a_Good,2023-02-28,27.2,39.7,398.0,7.6,7.8,127.0
"Biratnagar, Nepal",BIR_UNFSG_VF_2023-02-03-16.00-1-46.jpg,2023,2,3,12,141,c_Unhealthy_for_Sensitive_Groups,2023-02-03,69.8,99.7,581.0,11.6,6.8,112.0
Mumbai,MH_UnFSG_2023-03-10-16.00-1-401.jpg,2023,3,10,12,141,c_Unhealthy_for_Sensitive_Groups,2023-03-10,51.1,75.7,577.0,42.8,39.8,185.0
Tamil Nadu,TN_UnFSG_2023-03-03-09.00-1-91.jpg,2023,3,3,12,121,c_Unhealthy_for_Sensitive_Groups,2023-03-03,5.2,9.4,154.0,1.6,1.3,86.0
Bengaluru,BENGR_Mod_2023-02-24-08.30-1-61.jpg,2023,2,24,12,68,b_Moderate,2023-02-24,11.3,16.6,250.0,9.2,10.1,126.0
"ITO, Delhi",DEL_SEV_2023-02-17-13.00-2-13.jpg,2023,2,17,12,372,f_Severe,2023-02-17,0.2,0.3,91.0,0.1,0.0,49.0
"ITO, Delhi",DEL_VUH_2023-02-04-17.00-2-76.jpg,2023,2,4,12,281,e_Very_Unhealthy,2023-02-04,2.8,4.9,89.0,0.2,0.1,62.0
"Biratnagar, Nepal",BIR_UNFSG_VF_2023-02-03-15.00-3-39.jpg,2023,2,3,12,141,c_Unhealthy_for_Sensitive_Groups,2023-02-03,69.8,99.7,581.0,11.6,6.8,112.0
Mumbai,MH_UH_2023-02-10-14.30-1-8.jpg,2023,2,10,12,160,d_Unhealthy,2023-02-10,74.7,110.8,581.0,28.9,36.7,198.0
"Dimapur, Nagaland",Dimapur_UHFSG_2023-02-02- 09.00-1-23.jpg,2023,2,2,12,103,c_Unhealthy_for_Sensitive_Groups,2023-02-02,39.6,56.9,296.0,6.5,2.7,107.0
"Dimapur, Nagaland",Dimapur_UHFSG_2023-02-02- 09.00-1-59.jpg,2023,2,2,12,103,c_Unhealthy_for_Sensitive_Groups,2023-02-02,39.6,56.9,296.0,6.5,2.7,107.0
Tamil Nadu,TN_UnFSG_2023-03-08-08.30-1-276.jpg,2023,3,8,12,121,c_Unhealthy_for_Sensitive_Groups,2023-03-08,21.1,30.5,475.0,70.5,1.8,17.0
"Knowledge park, Greater Noida",UP_UHFSG_2023-02-08-08.30-1-111.jpg,2023,2,8,12,133,c_Unhealthy_for_Sensitive_Groups,2023-02-08,53.7,112.2,526.0,86.8,19.1,87.0
"Biratnagar, Nepal",BIR_UNH_VF_2023-02-02- 12.00-1-54.jpg,2023,2,2,12,158,d_Unhealthy,2023-02-02,57.2,81.7,581.0,12.1,8.5,98.0
"Biratnagar, Nepal",BIR_UNH_VF_2023-02-02- 12.00-2-48.jpg,2023,2,2,12,158,d_Unhealthy,2023-02-02,57.2,81.7,581.0,12.1,8.5,98.0
Bengaluru,BENGR_UHFSG_2023-02-15-14.30-1-47.jpg,2023,2,15,12,103,c_Unhealthy_for_Sensitive_Groups,2023-02-15,18.6,26.8,278.0,7.8,11.8,147.0
Mumbai,MH_Mod_2023-03-21-15.00-2.jpg,2023,3,21,12,92,b_Moderate,2023-03-21,15.9,32.0,246.0,16.3,15.8,72.0
"ITO, Delhi",DEL_VUnH_2023-02-16-14.30-1-256.jpg,2023,2,16,12,245,e_Very_Unhealthy,2023-02-16,2.0,3.3,115.0,0.6,0.0,52.0
Mumbai,MH_UnFSG_2023-02-17-13.00-2-43.jpg,2023,2,17,12,140,c_Unhealthy_for_Sensitive_Groups,2023-02-17,64.3,96.9,620.0,42.0,43.7,225.0
"Knowledge park, Greater Noida",UP_UN_2023-03-01-08.30-1-49.jpg,2023,3,1,12,199,d_Unhealthy,2023-03-01,21.1,47.7,354.0,67.2,13.3,48.0
"Biratnagar, Nepal",BIR_MOD_2023-02-13-09.30-4-65.jpg,2023,2,13,12,91,b_Moderate,2023-02-13,40.7,59.3,429.0,13.7,9.2,101.0
"ITO, Delhi",DEL_VUH_2023-02-04-17.00-2-161.jpg,2023,2,4,12,281,e_Very_Unhealthy,2023-02-04,2.8,4.9,89.0,0.2,0.1,62.0
"Knowledge park, Greater Noida",UP_SEV_2023-02-20-08.30-1-23.jpg,2023,2,20,12,331,f_Severe,2023-02-20,26.1,49.7,219.0,20.0,5.1,100.0
Bengaluru,BENGR_UHFSG_2023-02-09-08.30-1-30.jpg,2023,2,9,12,103,c_Unhealthy_for_Sensitive_Groups,2023-02-09,28.2,41.3,282.0,10.7,8.9,132.0
"New Ind Town, Faridabad",HAR_VUN_2022-10-02-10.00-1-5081.jpg,2022,10,2,12,230,e_Very_Unhealthy,2022-10-02,16.6,23.7,513.0,2.0,1.8,93.0
"Biratnagar, Nepal",BIR_UNH_VF_2023-02-03- 10.00-3-23.jpg,2023,2,3,12,163,d_Unhealthy,2023-02-03,69.8,99.7,581.0,11.6,6.8,112.0
"ITO, Delhi",DEL_VUnH_2023-02-16-14.30-1-2.jpg,2023,2,16,12,245,e_Very_Unhealthy,2023-02-16,2.0,3.3,115.0,0.6,0.0,52.0
Tamil Nadu,TN_Good_2023-02-22-09.30-2-156.jpg,2023,2,22,12,36,a_Good,2023-02-22,8.3,12.4,216.0,13.8,2.4,52.0
Bengaluru,BENGR_Mod_2023-03-04-08.30-1-76.jpg,2023,3,4,12,71,b_Moderate,2023-03-04,17.8,26.3,251.0,6.2,6.9,118.0
"ITO, Delhi",DEL_SEV_2023-02-20-14.00-2-496.jpg,2023,2,20,12,363,f_Severe,2023-02-20,4.4,7.8,136.0,0.3,0.0,76.0
"Biratnagar, Nepal",BIR_UFSG_2023-02-14- 14.30-3-21.jpg,2023,2,14,12,101,c_Unhealthy_for_Sensitive_Groups,2023-02-14,43.3,62.6,471.0,15.4,7.5,101.0
"Dimapur, Nagaland",Dimapur_MOD_2023-02-10-08.30-2-62.jpg,2023,2,10,12,63,b_Moderate,2023-02-10,95.7,140.2,322.0,4.6,4.8,113.0
"ITO, Delhi",DEL_VUnH_2023-02-16-14.00-3-63.jpg,2023,2,16,12,268,e_Very_Unhealthy,2023-02-16,2.0,3.3,115.0,0.6,0.0,52.0
"Biratnagar, Nepal",BIR_UFSG_2023-02-14- 14.30-3-6.jpg,2023,2,14,12,101,c_Unhealthy_for_Sensitive_Groups,2023-02-14,43.3,62.6,471.0,15.4,7.5,101.0
Bengaluru,BENGR_Mod_2023-03-06-08.30-1-46.jpg,2023,3,6,12,68,b_Moderate,2023-03-06,12.6,18.6,218.0,6.5,8.2,129.0
Bengaluru,BENGR_UHFSG_2023-02-09-08.30-1-17.jpg,2023,2,9,12,103,c_Unhealthy_for_Sensitive_Groups,2023-02-09,28.2,41.3,282.0,10.7,8.9,132.0
"ITO, Delhi",DEL_UnH_2023-02-15-11.30-2-3.jpg,2023,2,15,12,179,d_Unhealthy,2023-02-15,2.5,3.7,124.0,1.0,0.0,54.0
"Dimapur, Nagaland",Dimapur_MOD_2023-02-10-08.30-2-29.jpg,2023,2,10,12,63,b_Moderate,2023-02-10,95.7,140.2,322.0,4.6,4.8,113.0
"ITO, Delhi",DEL_VUnH_2023-02-16-14.30-1-95.jpg,2023,2,16,12,245,e_Very_Unhealthy,2023-02-16,2.0,3.3,115.0,0.6,0.0,52.0
"Biratnagar, Nepal",BIR_UH_2023-03-16-12.30-1-64.jpg,2023,3,16,12,154,d_Unhealthy,2023-03-16,68.5,98.7,456.0,5.4,8.3,132.0
Mumbai,MH_UN_2023-03-16-11.00-1-197.jpg,2023,3,16,12,159,d_Unhealthy,2023-03-16,59.3,90.6,871.0,64.4,81.4,199.0
"ITO, Delhi",DEL_VUnH_2023-02-16-17.00-2-41.jpg,2023,2,16,12,293,e_Very_Unhealthy,2023-02-16,2.0,3.3,115.0,0.6,0.0,52.0
Tamil Nadu,TN_UnFSG_2023-03-03-09.00-2-271.jpg,2023,3,3,12,121,c_Unhealthy_for_Sensitive_Groups,2023-03-03,5.2,9.4,154.0,1.6,1.3,86.0
"ITO, Delhi",DL_VUNH_2023-02-04-17.00-1-31.jpg,2023,2,4,12,281,e_Very_Unhealthy,2023-02-04,2.8,4.9,89.0,0.2,0.1,62.0
"ITO, Delhi",DEL_VUnH_2023-02-16-14.30-1-80.jpg,2023,2,16,12,245,e_Very_Unhealthy,2023-02-16,2.0,3.3,115.0,0.6,0.0,52.0
Bengaluru,BENGR_Mod_2023-03-01-08.30-1-181.jpg,2023,3,1,12,70,b_Moderate,2023-03-01,17.0,25.4,362.0,6.3,6.0,122.0
Mumbai,MH_UH_2023-02-18-11.00-1-31.jpg,2023,2,18,12,151,d_Unhealthy,2023-02-18,100.4,145.8,792.0,40.1,53.4,275.0
Mumbai,MH_UnFSG_2023-03-10-16.00-1-226.jpg,2023,3,10,12,141,c_Unhealthy_for_Sensitive_Groups,2023-03-10,51.1,75.7,577.0,42.8,39.8,185.0
Mumbai,MH_UH_2023-02-02- 09.30-1-21.jpg,2023,2,2,12,182,d_Unhealthy,2023-02-02,122.9,179.7,829.0,44.0,61.7,239.0
"New Ind Town, Faridabad",HAR_VUN_2022-10-02-10.00-1-2217.jpg,2022,10,2,12,230,e_Very_Unhealthy,2022-10-02,16.6,23.7,513.0,2.0,1.8,93.0
Mumbai,MH_UH_2023-02-03- 09.30-1-15.jpg,2023,2,3,12,162,d_Unhealthy,2023-02-03,121.1,177.4,813.0,48.2,60.2,256.0
Mumbai,MH_Good_2023-03-23-17.00-1-211.jpg,2023,3,23,12,47,a_Good,2023-03-23,18.4,34.5,257.0,17.2,19.2,71.0
"ITO, Delhi",DEL_VUnH_2023-02-16-14.30-1-87.jpg,2023,2,16,12,245,e_Very_Unhealthy,2023-02-16,2.0,3.3,115.0,0.6,0.0,52.0
Tamil Nadu,TN_Good_2023-02-20-16.30-1-211.jpg,2023,2,20,12,43,a_Good,2023-02-20,2.1,3.0,150.0,2.1,0.4,78.0
"Knowledge park, Greater Noida",UP_VUN_2023-03-02-09.00-1-373.jpg,2023,3,2,12,223,e_Very_Unhealthy,2023-03-02,20.5,48.2,338.0,56.9,14.0,72.0
Mumbai,MH_UN_2023-03-13-10.00-1-22.jpg,2023,3,13,12,197,d_Unhealthy,2023-03-13,346.5,501.1,2447.0,38.8,125.9,577.0
Tamil Nadu,TN_Good_2023-03-21-08.30-1-78.jpg,2023,3,21,12,27,a_Good,2023-03-21,8.3,12.3,214.0,11.7,1.2,58.0
"Biratnagar, Nepal",BIR_UNH_VF_2023-02-02- 15.00-2-35.jpg,2023,2,2,12,156,d_Unhealthy,2023-02-02,57.2,81.7,581.0,12.1,8.5,98.0
"Biratnagar, Nepal",BIR_MOD_2023-02-13-09.30-1-2.jpg,2023,2,13,12,91,b_Moderate,2023-02-13,40.7,59.3,429.0,13.7,9.2,101.0
"ITO, Delhi",DEL_SEV_2023-02-20-14.00-3-41.jpg,2023,2,20,12,363,f_Severe,2023-02-20,4.4,7.8,136.0,0.3,0.0,76.0
"Knowledge park, Greater Noida",UP_UHFSG_2023-03-06-11.30-1-565.jpg,2023,3,6,12,104,c_Unhealthy_for_Sensitive_Groups,2023-03-06,57.3,103.8,710.0,101.0,20.8,124.0
"Knowledge park, Greater Noida",UP_UN_2023-03-01-08.30-7.jpg,2023,3,1,12,199,d_Unhealthy,2023-03-01,21.1,47.7,354.0,67.2,13.3,48.0
Tamil Nadu,TN_UnFSG_2023-03-03-09.00-1-66.jpg,2023,3,3,12,121,c_Unhealthy_for_Sensitive_Groups,2023-03-03,5.2,9.4,154.0,1.6,1.3,86.0
"Biratnagar, Nepal",BIR_UNH_VF_2023-02-03- 10.00-2-1.jpg,2023,2,3,12,163,d_Unhealthy,2023-02-03,69.8,99.7,581.0,11.6,6.8,112.0
"Biratnagar, Nepal",BIR_UNFSG_VF_2023-02-03-16.00-1-61.jpg,2023,2,3,12,141,c_Unhealthy_for_Sensitive_Groups,2023-02-03,69.8,99.7,581.0,11.6,6.8,112.0
"Knowledge park, Greater Noida",UP_VUN_2023-02-22-09.00-6.jpg,2023,2,22,12,232,e_Very_Unhealthy,2023-02-22,12.7,29.3,276.0,45.0,11.1,63.0
Bengaluru,BENGR_Mod_2023-02-25-08.30-1-191.jpg,2023,2,25,12,73,b_Moderate,2023-02-25,19.2,27.9,256.0,7.8,9.3,142.0
Bengaluru,BENGR_UHFSG_2023-02-15-14.30-1-12.jpg,2023,2,15,12,103,c_Unhealthy_for_Sensitive_Groups,2023-02-15,18.6,26.8,278.0,7.8,11.8,147.0
Bengaluru,BENGR_Good_2023-02-26-08.30-1-161.jpg,2023,2,26,12,48,a_Good,2023-02-26,24.5,35.4,262.0,6.6,12.6,156.0
"Knowledge park, Greater Noida",UP_UHFSG_2023-03-06-11.30-1-73.jpg,2023,3,6,12,104,c_Unhealthy_for_Sensitive_Groups,2023-03-06,57.3,103.8,710.0,101.0,20.8,124.0
Tamil Nadu,TN_UnFSG_2023-03-02-08.30-1-206.jpg,2023,3,2,12,119,c_Unhealthy_for_Sensitive_Groups,2023-03-02,8.6,16.2,185.0,2.6,1.1,86.0
Bengaluru,BENGR_Mod_2023-03-06-08.30-1-501.jpg,2023,3,6,12,68,b_Moderate,2023-03-06,12.6,18.6,218.0,6.5,8.2,129.0
Bengaluru,BENGR_UnFSG_2023-03-08-08.30-1-61.jpg,2023,3,8,12,106,c_Unhealthy_for_Sensitive_Groups,2023-03-08,16.9,24.7,244.0,5.9,5.7,120.0
"New Ind Town, Faridabad",HAR_VUN_2022-10-02-10.00-1-513.jpg,2022,10,2,12,230,e_Very_Unhealthy,2022-10-02,16.6,23.7,513.0,2.0,1.8,93.0
Mumbai,MH_VUN_2023-02-24-15.00-1-26.jpg,2023,2,24,12,202,e_Very_Unhealthy,2023-02-24,73.3,112.7,633.0,41.2,49.7,231.0
"ITO, Delhi",DEL_VUnH_2023-02-16-14.00-1-5.jpg,2023,2,16,12,268,e_Very_Unhealthy,2023-02-16,2.0,3.3,115.0,0.6,0.0,52.0
"Biratnagar, Nepal",BIR_UNH_VF_2023-02-02- 12.00-2-33.jpg,2023,2,2,12,158,d_Unhealthy,2023-02-02,57.2,81.7,581.0,12.1,8.5,98.0
"ITO, Delhi",DEL_VUnH_2023-02-16-17.00-1-39.jpg,2023,2,16,12,293,e_Very_Unhealthy,2023-02-16,2.0,3.3,115.0,0.6,0.0,52.0
Mumbai,MH_UnFSG_2023-02-17-13.00-2-73.jpg,2023,2,17,12,140,c_Unhealthy_for_Sensitive_Groups,2023-02-17,64.3,96.9,620.0,42.0,43.7,225.0
"New Ind Town, Faridabad",HAR_VUN_2022-10-02-10.00-1-761.jpg,2022,10,2,12,230,e_Very_Unhealthy,2022-10-02,16.6,23.7,513.0,2.0,1.8,93.0
"ITO, Delhi",DEL_VUH_2023-02-04-17.00-2-52.jpg,2023,2,4,12,281,e_Very_Unhealthy,2023-02-04,2.8,4.9,89.0,0.2,0.1,62.0
Mumbai,MH_UnFSG_2023-02-17-13.00-2-15.jpg,2023,2,17,12,140,c_Unhealthy_for_Sensitive_Groups,2023-02-17,64.3,96.9,620.0,42.0,43.7,225.0
Tamil Nadu,TN_Good_2023-02-22-09.30-3-106.jpg,2023,2,22,12,36,a_Good,2023-02-22,8.3,12.4,216.0,13.8,2.4,52.0
Tamil Nadu,TN_UnFSG_2023-03-09-09.00-1-26.jpg,2023,3,9,12,134,c_Unhealthy_for_Sensitive_Groups,2023-03-09,10.4,15.2,234.0,12.8,0.9,62.0
Mumbai,MH_UH_2023-02-10-14.30-1-47.jpg,2023,2,10,12,160,d_Unhealthy,2023-02-10,74.7,110.8,581.0,28.9,36.7,198.0
Mumbai,MH_Good_2023-03-23-17.00-1-505.jpg,2023,3,23,12,47,a_Good,2023-03-23,18.4,34.5,257.0,17.2,19.2,71.0
"ITO, Delhi",DEL_SEV_2023-02-17-13.00-1-2.jpg,2023,2,17,12,372,f_Severe,2023-02-17,0.2,0.3,91.0,0.1,0.0,49.0
"ITO, Delhi",DEL_SEV_2023-02-20-14.00-1-696.jpg,2023,2,20,12,363,f_Severe,2023-02-20,4.4,7.8,136.0,0.3,0.0,76.0
Mumbai,MH_UH_2023-02-02- 09.30-1-83.jpg,2023,2,2,12,182,d_Unhealthy,2023-02-02,122.9,179.7,829.0,44.0,61.7,239.0
Tamil Nadu,TN_Good_2023-02-20-16.30-2-26.jpg,2023,2,20,12,43,a_Good,2023-02-20,2.1,3.0,150.0,2.1,0.4,78.0
Mumbai,MH_UN_2023-03-16-11.00-1-71.jpg,2023,3,16,12,159,d_Unhealthy,2023-03-16,59.3,90.6,871.0,64.4,81.4,199.0
"ITO, Delhi",DEL_SEV_2023-02-07-14.00-2-22.jpg,2023,2,7,12,449,f_Severe,2023-02-07,3.0,5.3,89.0,0.3,0.1,54.0
"ITO, Delhi",DEL_VUnH_2023-02-16-17.00-2-86.jpg,2023,2,16,12,293,e_Very_Unhealthy,2023-02-16,2.0,3.3,115.0,0.6,0.0,52.0
"ITO, Delhi",DEL_VUnH_2023-02-16-17.00-1-68.jpg,2023,2,16,12,293,e_Very_Unhealthy,2023-02-16,2.0,3.3,115.0,0.6,0.0,52.0
"ITO, Delhi",DEL_SEV_2023-02-20-14.00-2-31.jpg,2023,2,20,12,363,f_Severe,2023-02-20,4.4,7.8,136.0,0.3,0.0,76.0
Mumbai,MH_UH_2023-02-10-14.30-1-75.jpg,2023,2,10,12,160,d_Unhealthy,2023-02-10,74.7,110.8,581.0,28.9,36.7,198.0
Mumbai,MH_Good_2023-03-23-17.00-1-491.jpg,2023,3,23,12,47,a_Good,2023-03-23,18.4,34.5,257.0,17.2,19.2,71.0
"Biratnagar, Nepal",BIR_UH_2023-03-16-12.30-4-85.jpg,2023,3,16,12,154,d_Unhealthy,2023-03-16,68.5,98.7,456.0,5.4,8.3,132.0
Mumbai,MH_Mod_2023-03-21-15.00-6.jpg,2023,3,21,12,92,b_Moderate,2023-03-21,15.9,32.0,246.0,16.3,15.8,72.0
"Biratnagar, Nepal",BIR_UNH_VF_2023-02-02- 15.00-3-50.jpg,2023,2,2,12,156,d_Unhealthy,2023-02-02,57.2,81.7,581.0,12.1,8.5,98.0
"Biratnagar, Nepal",BRI_Un_2023-02-02-1700-2.jpg,2023,2,2,12,156,d_Unhealthy,2023-02-02,57.2,81.7,581.0,12.1,8.5,98.0
"Knowledge park, Greater Noida",UP_SEV_2023-02-18-11.00-1-37.jpg,2023,2,18,12,320,f_Severe,2023-02-18,24.9,48.1,246.0,27.6,8.9,84.0
"Biratnagar, Nepal",BIR_UH_2023-03-16-12.30-1-295.jpg,2023,3,16,12,154,d_Unhealthy,2023-03-16,68.5,98.7,456.0,5.4,8.3,132.0
Mumbai,MH_UH_2023-02-10-14.30-1-95.jpg,2023,2,10,12,160,d_Unhealthy,2023-02-10,74.7,110.8,581.0,28.9,36.7,198.0
Mumbai,MH_UnFSG_2023-03-08-11.00-1-16.jpg,2023,3,8,12,124,c_Unhealthy_for_Sensitive_Groups,2023-03-08,97.1,144.8,836.0,49.2,63.9,264.0
"Knowledge park, Greater Noida",UP_UN_2023-03-01-08.30-1-437.jpg,2023,3,1,12,199,d_Unhealthy,2023-03-01,21.1,47.7,354.0,67.2,13.3,48.0
"ITO, Delhi",DL_VUNH_2023-02-04-17.00-1-35.jpg,2023,2,4,12,281,e_Very_Unhealthy,2023-02-04,2.8,4.9,89.0,0.2,0.1,62.0
Bengaluru,BENGR_Mod_2023-03-09-08.30-1-346.jpg,2023,3,9,12,51,b_Moderate,2023-03-09,32.7,47.8,341.0,6.8,6.3,123.0
"Knowledge park, Greater Noida",UP_UHFSG_2023-02-08-08.30-1-85.jpg,2023,2,8,12,133,c_Unhealthy_for_Sensitive_Groups,2023-02-08,53.7,112.2,526.0,86.8,19.1,87.0
"Knowledge park, Greater Noida",UP_UHFSG_2023-03-06-11.30-1-189.jpg,2023,3,6,12,104,c_Unhealthy_for_Sensitive_Groups,2023-03-06,57.3,103.8,710.0,101.0,20.8,124.0
Mumbai,MH_UnFSG_2023-02-23-11.00-1-206.jpg,2023,2,23,12,130,c_Unhealthy_for_Sensitive_Groups,2023-02-23,70.5,109.9,662.0,40.6,61.8,226.0
Bengaluru,BENGR_Mod_2023-02-25-08.30-1-141.jpg,2023,2,25,12,73,b_Moderate,2023-02-25,19.2,27.9,256.0,7.8,9.3,142.0
"Biratnagar, Nepal",BRI_UFSG_2023-02-03- 15.00-12.jpg,2023,2,3,12,141,c_Unhealthy_for_Sensitive_Groups,2023-02-03,69.8,99.7,581.0,11.6,6.8,112.0
Mumbai,MH_UH_2023-02-03- 09.30-1-23.jpg,2023,2,3,12,162,d_Unhealthy,2023-02-03,121.1,177.4,813.0,48.2,60.2,256.0
"Biratnagar, Nepal",BIR_UH_2023-03-16-12.30-1-99.jpg,2023,3,16,12,154,d_Unhealthy,2023-03-16,68.5,98.7,456.0,5.4,8.3,132.0
"New Ind Town, Faridabad",HAR_VUN_2022-10-02-10.00-1-2993.jpg,2022,10,2,12,230,e_Very_Unhealthy,2022-10-02,16.6,23.7,513.0,2.0,1.8,93.0
Bengaluru,BENGR_Mod_2023-02-23-08.30-1-6.jpg,2023,2,23,12,97,b_Moderate,2023-02-23,18.2,26.4,272.0,8.0,8.1,126.0
Mumbai,MH_UH_2023-02-11-03.30-1-7.jpg,2023,2,11,12,154,d_Unhealthy,2023-02-11,50.5,82.9,477.0,34.0,35.6,181.0
"ITO, Delhi",DEL_SEV_2023-02-20-14.00-2-421.jpg,2023,2,20,12,363,f_Severe,2023-02-20,4.4,7.8,136.0,0.3,0.0,76.0
"ITO, Delhi",DEL_UnH_2023-02-15-11.30-1-8.jpg,2023,2,15,12,179,d_Unhealthy,2023-02-15,2.5,3.7,124.0,1.0,0.0,54.0
"Biratnagar, Nepal",BIR_UH_2023-03-16-12.30-4-267.jpg,2023,3,16,12,154,d_Unhealthy,2023-03-16,68.5,98.7,456.0,5.4,8.3,132.0
Mumbai,MH_Mod_2023-03-21-15.00-1-421.jpg,2023,3,21,12,92,b_Moderate,2023-03-21,15.9,32.0,246.0,16.3,15.8,72.0
"ITO, Delhi",DEL_VUH_2023-02-04-17.00-2-33.jpg,2023,2,4,12,281,e_Very_Unhealthy,2023-02-04,2.8,4.9,89.0,0.2,0.1,62.0
Bengaluru,BENGR_Mod_2023-03-06-08.30-1-116.jpg,2023,3,6,12,68,b_Moderate,2023-03-06,12.6,18.6,218.0,6.5,8.2,129.0
Mumbai,MH_UH_2023-02-10-14.30-1-63.jpg,2023,2,10,12,160,d_Unhealthy,2023-02-10,74.7,110.8,581.0,28.9,36.7,198.0
"New Ind Town, Faridabad",HAR_VUN_2022-10-02-10.00-1-4097.jpg,2022,10,2,12,230,e_Very_Unhealthy,2022-10-02,16.6,23.7,513.0,2.0,1.8,93.0
Bengaluru,BENGR_Mod_2023-03-06-08.30-1-416.jpg,2023,3,6,12,68,b_Moderate,2023-03-06,12.6,18.6,218.0,6.5,8.2,129.0
"ITO, Delhi",DEL_VUH_2023-02-04-17.00-2-46.jpg,2023,2,4,12,281,e_Very_Unhealthy,2023-02-04,2.8,4.9,89.0,0.2,0.1,62.0
Tamil Nadu,TN_UnFSG_2023-03-01-08.30-1-111.jpg,2023,3,1,12,111,c_Unhealthy_for_Sensitive_Groups,2023-03-01,11.3,16.5,244.0,12.0,2.9,66.0
"New Ind Town, Faridabad",HAR_VUN_2022-10-02-10.00-1-1345.jpg,2022,10,2,12,230,e_Very_Unhealthy,2022-10-02,16.6,23.7,513.0,2.0,1.8,93.0
Mumbai,MH_UH_2023-02-19-12.00-1-53.jpg,2023,2,19,12,160,d_Unhealthy,2023-02-19,143.0,205.8,1159.0,48.0,73.1,327.0
"Knowledge park, Greater Noida",UP_SEV_2023-02-18-14.30-1-78.jpg,2023,2,18,12,331,f_Severe,2023-02-18,24.9,48.1,246.0,27.6,8.9,84.0
Bengaluru,BENGR_Good_2023-02-26-08.30-1-126.jpg,2023,2,26,12,48,a_Good,2023-02-26,24.5,35.4,262.0,6.6,12.6,156.0
Mumbai,MH_UN_2023-03-15-15.00-1-400.jpg,2023,3,15,12,162,d_Unhealthy,2023-03-15,190.5,276.6,1537.0,57.3,103.4,404.0
"ITO, Delhi",DEL_VUnH_2023-02-16-17.00-2-29.jpg,2023,2,16,12,293,e_Very_Unhealthy,2023-02-16,2.0,3.3,115.0,0.6,0.0,52.0
"Knowledge park, Greater Noida",UP_VUN_2023-02-27-10.30-1-129.jpg,2023,2,27,12,299,e_Very_Unhealthy,2023-02-27,44.7,71.7,613.0,101.2,20.5,98.0
"ITO, Delhi",DEL_VUnH_2023-02-16-14.00-3-19.jpg,2023,2,16,12,268,e_Very_Unhealthy,2023-02-16,2.0,3.3,115.0,0.6,0.0,52.0
Tamil Nadu,TN_Good_2023-02-20-08.30-1-38.jpg,2023,2,20,12,37,a_Good,2023-02-20,2.1,3.0,150.0,2.1,0.4,78.0
Tamil Nadu,TN_Good_2023-03-21-08.30-2-281.jpg,2023,3,21,12,27,a_Good,2023-03-21,8.3,12.3,214.0,11.7,1.2,58.0
Mumbai,MH_UH_2023-02-02- 09.30-1-88.jpg,2023,2,2,12,182,d_Unhealthy,2023-02-02,122.9,179.7,829.0,44.0,61.7,239.0
"New Ind Town, Faridabad",HAR_VUN_2022-10-02-10.00-1-5121.jpg,2022,10,2,12,230,e_Very_Unhealthy,2022-10-02,16.6,23.7,513.0,2.0,1.8,93.0
"Knowledge park, Greater Noida",UP_UHFSG_2023-02-24-08.30-1-33.jpg,2023,2,24,12,141,c_Unhealthy_for_Sensitive_Groups,2023-02-24,132.7,224.4,1109.0,243.3,40.8,181.0
"Knowledge park, Greater Noida",UP_VUN_2023-02-27-10.30-1-9.jpg,2023,2,27,12,299,e_Very_Unhealthy,2023-02-27,44.7,71.7,613.0,101.2,20.5,98.0
"Biratnagar, Nepal",BIR_UNH_VF_2023-02-02- 12.00-1-35.jpg,2023,2,2,12,158,d_Unhealthy,2023-02-02,57.2,81.7,581.0,12.1,8.5,98.0
Mumbai,MH_Good_2023-03-23-17.00-1-141.jpg,2023,3,23,12,47,a_Good,2023-03-23,18.4,34.5,257.0,17.2,19.2,71.0
"Biratnagar, Nepal",BIR_UFSG_2023-02-14- 14.30-2-44.jpg,2023,2,14,12,101,c_Unhealthy_for_Sensitive_Groups,2023-02-14,43.3,62.6,471.0,15.4,7.5,101.0
Mumbai,MH_Good_2023-03-23-17.00-1-365.jpg,2023,3,23,12,47,a_Good,2023-03-23,18.4,34.5,257.0,17.2,19.2,71.0
"New Ind Town, Faridabad",HAR_VUN_2022-10-02-10.00-1-5105.jpg,2022,10,2,12,230,e_Very_Unhealthy,2022-10-02,16.6,23.7,513.0,2.0,1.8,93.0
Mumbai,MH_UnFSG_2023-02-23-11.00-1-56.jpg,2023,2,23,12,130,c_Unhealthy_for_Sensitive_Groups,2023-02-23,70.5,109.9,662.0,40.6,61.8,226.0
"ITO, Delhi",DEL_VUnH_2023-02-16-14.30-1-146.jpg,2023,2,16,12,245,e_Very_Unhealthy,2023-02-16,2.0,3.3,115.0,0.6,0.0,52.0
"Biratnagar, Nepal",BIR_UFSG_2023-02-14- 14.30-1-36.jpg,2023,2,14,12,101,c_Unhealthy_for_Sensitive_Groups,2023-02-14,43.3,62.6,471.0,15.4,7.5,101.0
Bengaluru,BENGR_Good_2023-02-28-08.30-1-16.jpg,2023,2,28,12,37,a_Good,2023-02-28,27.2,39.7,398.0,7.6,7.8,127.0
"ITO, Delhi",DEL_VUH_2023-02-04-17.00-2-13.jpg,2023,2,4,12,281,e_Very_Unhealthy,2023-02-04,2.8,4.9,89.0,0.2,0.1,62.0
"Knowledge park, Greater Noida",UP_UN_2023-02-21-08.30-1.jpg,2023,2,21,12,189,d_Unhealthy,2023-02-21,19.8,39.7,224.0,28.1,6.5,85.0
Bengaluru,BENGR_Mod_2023-02-23-08.30-1-501.jpg,2023,2,23,12,97,b_Moderate,2023-02-23,18.2,26.4,272.0,8.0,8.1,126.0
Tamil Nadu,TN_UHFSG_2023-02-10-08.30-1-3.jpg,2023,2,10,12,105,c_Unhealthy_for_Sensitive_Groups,2023-02-10,3.4,5.3,152.0,3.8,0.5,78.0
Bengaluru,BENGR_Mod_2023-02-24-08.30-1-286.jpg,2023,2,24,12,68,b_Moderate,2023-02-24,11.3,16.6,250.0,9.2,10.1,126.0
Tamil Nadu,TN_Good_2023-03-21-08.30-2-137.jpg,2023,3,21,12,27,a_Good,2023-03-21,8.3,12.3,214.0,11.7,1.2,58.0
"Biratnagar, Nepal",BIR_MOD_2023-02-13-09.30-4-57.jpg,2023,2,13,12,91,b_Moderate,2023-02-13,40.7,59.3,429.0,13.7,9.2,101.0
"Biratnagar, Nepal",BIR_UFSG_2023-02-14- 14.30-3-52.jpg,2023,2,14,12,101,c_Unhealthy_for_Sensitive_Groups,2023-02-14,43.3,62.6,471.0,15.4,7.5,101.0
"ITO, Delhi",DEL_SEV_2023-02-07-14.00-1-52.jpg,2023,2,7,12,449,f_Severe,2023-02-07,3.0,5.3,89.0,0.3,0.1,54.0
Tamil Nadu,TN_UN_2023-03-06-09.00-2-6.jpg,2023,3,6,12,161,d_Unhealthy,2023-03-06,15.6,22.5,298.0,24.2,0.8,36.0
Mumbai,MH_UH_2023-02-11-03.30-1-38.jpg,2023,2,11,12,154,d_Unhealthy,2023-02-11,50.5,82.9,477.0,34.0,35.6,181.0
Tamil Nadu,TN_Good_2023-02-23-08.30-2-231.jpg,2023,2,23,12,43,a_Good,2023-02-23,2.9,4.1,131.0,0.9,1.6,95.0
"ITO, Delhi",DEL_SEV_2023-02-17-13.00-1-84.jpg,2023,2,17,12,372,f_Severe,2023-02-17,0.2,0.3,91.0,0.1,0.0,49.0
"ITO, Delhi",DEL_VUnH_2023-02-16-14.30-1-214.jpg,2023,2,16,12,245,e_Very_Unhealthy,2023-02-16,2.0,3.3,115.0,0.6,0.0,52.0
"ITO, Delhi",DEL_VUnH_2023-02-16-17.00-1-14.jpg,2023,2,16,12,293,e_Very_Unhealthy,2023-02-16,2.0,3.3,115.0,0.6,0.0,52.0
"Biratnagar, Nepal",BIR_UFSG_2023-02-14- 14.30-1-18.jpg,2023,2,14,12,101,c_Unhealthy_for_Sensitive_Groups,2023-02-14,43.3,62.6,471.0,15.4,7.5,101.0
Tamil Nadu,TN_UnFSG_2023-03-08-08.30-1-186.jpg,2023,3,8,12,121,c_Unhealthy_for_Sensitive_Groups,2023-03-08,21.1,30.5,475.0,70.5,1.8,17.0
Tamil Nadu,TN_Good_2023-02-20-16.30-2-186.jpg,2023,2,20,12,43,a_Good,2023-02-20,2.1,3.0,150.0,2.1,0.4,78.0
"Biratnagar, Nepal",BRI_Un_2023-02-02- 12.00-5.jpg,2023,2,2,12,158,d_Unhealthy,2023-02-02,57.2,81.7,581.0,12.1,8.5,98.0
"Biratnagar, Nepal",BIR_UNFSG_VF_2023-02-03-16.00-1-2.jpg,2023,2,3,12,141,c_Unhealthy_for_Sensitive_Groups,2023-02-03,69.8,99.7,581.0,11.6,6.8,112.0
"Biratnagar, Nepal",BIR_UNH_VF_2023-02-03- 10.00-2-10.jpg,2023,2,3,12,163,d_Unhealthy,2023-02-03,69.8,99.7,581.0,11.6,6.8,112.0
Tamil Nadu,TN_Good_2023-02-21-08.30-1-56.jpg,2023,2,21,12,29,a_Good,2023-02-21,2.1,3.2,146.0,1.6,0.3,82.0
Bengaluru,BENGR_Good_2023-03-25-08.30-1-7.jpg,2023,3,25,12,32,a_Good,2023-03-25,26.6,39.9,248.0,8.4,5.4,133.0
"New Ind Town, Faridabad",HAR_VUN_2022-10-02-10.00-1-4633.jpg,2022,10,2,12,230,e_Very_Unhealthy,2022-10-02,16.6,23.7,513.0,2.0,1.8,93.0
"Biratnagar, Nepal",BIR_UNFSG_VF_2023-02-03-16.00-3-21.jpg,2023,2,3,12,141,c_Unhealthy_for_Sensitive_Groups,2023-02-03,69.8,99.7,581.0,11.6,6.8,112.0
Mumbai,MH_Mod_2023-03-21-15.00-3.jpg,2023,3,21,12,92,b_Moderate,2023-03-21,15.9,32.0,246.0,16.3,15.8,72.0
"Biratnagar, Nepal",BIR_UNFSG_VF_2023-02-03-15.00-1-7.jpg,2023,2,3,12,141,c_Unhealthy_for_Sensitive_Groups,2023-02-03,69.8,99.7,581.0,11.6,6.8,112.0
Tamil Nadu,TN_UHFSG_2023-02-10-08.30-1-18.jpg,2023,2,10,12,105,c_Unhealthy_for_Sensitive_Groups,2023-02-10,3.4,5.3,152.0,3.8,0.5,78.0
"ITO, Delhi",DEL_VUnH_2023-02-16-14.30-1-65.jpg,2023,2,16,12,245,e_Very_Unhealthy,2023-02-16,2.0,3.3,115.0,0.6,0.0,52.0
Tamil Nadu,TN_UHFSG_2023-02-10-08.30-1-22.jpg,2023,2,10,12,105,c_Unhealthy_for_Sensitive_Groups,2023-02-10,3.4,5.3,152.0,3.8,0.5,78.0
Mumbai,MH_UnFSG_2023-03-18-11.00-1-50.jpg,2023,3,18,12,114,c_Unhealthy_for_Sensitive_Groups,2023-03-18,59.0,94.8,678.0,39.3,48.8,177.0
"Biratnagar, Nepal",BIR_UFSG_2023-02-14- 14.30-6.jpg,2023,2,14,12,101,c_Unhealthy_for_Sensitive_Groups,2023-02-14,43.3,62.6,471.0,15.4,7.5,101.0
Bengaluru,BENGR_Good_2023-03-17-08.30-1-43.jpg,2023,3,17,12,15,a_Good,2023-03-17,20.8,31.4,332.0,11.4,4.1,112.0
"Dimapur, Nagaland",Dimapur_UHFSG_2023-02-02- 09.00-1-50.jpg,2023,2,2,12,103,c_Unhealthy_for_Sensitive_Groups,2023-02-02,39.6,56.9,296.0,6.5,2.7,107.0
"Biratnagar, Nepal",BIR_UFSG_2023-02-14- 14.30-1-9.jpg,2023,2,14,12,101,c_Unhealthy_for_Sensitive_Groups,2023-02-14,43.3,62.6,471.0,15.4,7.5,101.0
Mumbai,MH_UH_2023-02-14-11.30-1-40.jpg,2023,2,14,12,160,d_Unhealthy,2023-02-14,81.3,119.0,721.0,41.8,52.8,260.0
Bengaluru,BENGR_Mod_2023-03-09-08.30-1-146.jpg,2023,3,9,12,51,b_Moderate,2023-03-09,32.7,47.8,341.0,6.8,6.3,123.0
"Knowledge park, Greater Noida",UP_UHFSG_2023-02-08-08.30-1-107.jpg,2023,2,8,12,133,c_Unhealthy_for_Sensitive_Groups,2023-02-08,53.7,112.2,526.0,86.8,19.1,87.0
"Knowledge park, Greater Noida",UP_SEV_2023-02-18-14.30-1-39.jpg,2023,2,18,12,331,f_Severe,2023-02-18,24.9,48.1,246.0,27.6,8.9,84.0
"Biratnagar, Nepal",BIR_UNH_VF_2023-02-03- 10.00-2-68.jpg,2023,2,3,12,163,d_Unhealthy,2023-02-03,69.8,99.7,581.0,11.6,6.8,112.0
Mumbai,MH_VUN_2023-02-24-15.00-1-256.jpg,2023,2,24,12,202,e_Very_Unhealthy,2023-02-24,73.3,112.7,633.0,41.2,49.7,231.0
"ITO, Delhi",DEL_VUnH_2023-02-16-14.30-1-124.jpg,2023,2,16,12,245,e_Very_Unhealthy,2023-02-16,2.0,3.3,115.0,0.6,0.0,52.0
Bengaluru,BENGR_Mod_2023-02-25-08.30-1-136.jpg,2023,2,25,12,73,b_Moderate,2023-02-25,19.2,27.9,256.0,7.8,9.3,142.0
Tamil Nadu,TN_Good_2023-02-20-16.30-2-46.jpg,2023,2,20,12,43,a_Good,2023-02-20,2.1,3.0,150.0,2.1,0.4,78.0
Mumbai,MH_UH_2023-02-02- 09.30-1-53.jpg,2023,2,2,12,182,d_Unhealthy,2023-02-02,122.9,179.7,829.0,44.0,61.7,239.0
"New Ind Town, Faridabad",HAR_VUN_2022-10-02-10.00-1-3745.jpg,2022,10,2,12,230,e_Very_Unhealthy,2022-10-02,16.6,23.7,513.0,2.0,1.8,93.0
"Knowledge park, Greater Noida",UP_UHFSG_2023-02-15-17.00-1.jpg,2023,2,15,12,144,c_Unhealthy_for_Sensitive_Groups,2023-02-15,68.9,104.8,389.0,56.2,16.2,190.0
Bengaluru,BENGR_Mod_2023-02-23-08.30-1-176.jpg,2023,2,23,12,97,b_Moderate,2023-02-23,18.2,26.4,272.0,8.0,8.1,126.0
Mumbai,MH_UnFSG_2023-03-08-11.00-1-66.jpg,2023,3,8,12,124,c_Unhealthy_for_Sensitive_Groups,2023-03-08,97.1,144.8,836.0,49.2,63.9,264.0
Mumbai,MH_Good_2023-03-22-11.00-1-351.jpg,2023,3,22,12,49,a_Good,2023-03-22,16.2,31.8,249.0,15.6,16.8,76.0
"Biratnagar, Nepal",BIR_MOD_2023-02-13-09.30-2-46.jpg,2023,2,13,12,91,b_Moderate,2023-02-13,40.7,59.3,429.0,13.7,9.2,101.0
"Biratnagar, Nepal",BIR_MOD_2023-02-13-09.30-2-18.jpg,2023,2,13,12,91,b_Moderate,2023-02-13,40.7,59.3,429.0,13.7,9.2,101.0
"ITO, Delhi",DEL_VUnH_2023-02-16-14.30-1-66.jpg,2023,2,16,12,245,e_Very_Unhealthy,2023-02-16,2.0,3.3,115.0,0.6,0.0,52.0
Tamil Nadu,TN_UNH_2023-02-03-12.30-1-26.jpg,2023,2,3,12,150,d_Unhealthy,2023-02-03,26.3,38.1,500.0,65.8,1.9,18.0
Tamil Nadu,TN_UNH_2023-02-03-13.30-1-5.jpg,2023,2,3,12,167,d_Unhealthy,2023-02-03,26.3,38.1,500.0,65.8,1.9,18.0
Mumbai,MH_Good_2023-03-22-11.00-1-232.jpg,2023,3,22,12,49,a_Good,2023-03-22,16.2,31.8,249.0,15.6,16.8,76.0
"New Ind Town, Faridabad",HAR_VUN_2022-10-02-10.00-1-2769.jpg,2022,10,2,12,230,e_Very_Unhealthy,2022-10-02,16.6,23.7,513.0,2.0,1.8,93.0
"ITO, Delhi",DEL_SEV_2023-02-17-13.00-1-17.jpg,2023,2,17,12,372,f_Severe,2023-02-17,0.2,0.3,91.0,0.1,0.0,49.0
"ITO, Delhi",DEL_VUH_2023-02-04-17.00-2-97.jpg,2023,2,4,12,281,e_Very_Unhealthy,2023-02-04,2.8,4.9,89.0,0.2,0.1,62.0
"Biratnagar, Nepal",BIR_UNH_VF_2023-02-03- 10.00-3-59.jpg,2023,2,3,12,163,d_Unhealthy,2023-02-03,69.8,99.7,581.0,11.6,6.8,112.0
Mumbai,MH_UnFSG_2023-02-17-13.00-2-62.jpg,2023,2,17,12,140,c_Unhealthy_for_Sensitive_Groups,2023-02-17,64.3,96.9,620.0,42.0,43.7,225.0
Bengaluru,BENGR_Mod_2023-03-06-08.30-1-366.jpg,2023,3,6,12,68,b_Moderate,2023-03-06,12.6,18.6,218.0,6.5,8.2,129.0
"ITO, Delhi",DEL_VUnH_2023-02-16-17.00-1-90.jpg,2023,2,16,12,293,e_Very_Unhealthy,2023-02-16,2.0,3.3,115.0,0.6,0.0,52.0
Bengaluru,BENGR_Good_2023-03-25-08.30-1-34.jpg,2023,3,25,12,32,a_Good,2023-03-25,26.6,39.9,248.0,8.4,5.4,133.0
"Biratnagar, Nepal",BIR_UNH_VF_2023-02-02- 15.00-2-47.jpg,2023,2,2,12,156,d_Unhealthy,2023-02-02,57.2,81.7,581.0,12.1,8.5,98.0
Tamil Nadu,TN_Good_2023-02-27-16.30-2-36.jpg,2023,2,27,12,43,a_Good,2023-02-27,5.9,9.2,177.0,7.1,1.1,74.0
"Biratnagar, Nepal",BIR_UNFSG_VF_2023-02-03-15.00-2-33.jpg,2023,2,3,12,141,c_Unhealthy_for_Sensitive_Groups,2023-02-03,69.8,99.7,581.0,11.6,6.8,112.0
"Knowledge park, Greater Noida",UP_SEV_2023-02-18-11.00-1-29.jpg,2023,2,18,12,320,f_Severe,2023-02-18,24.9,48.1,246.0,27.6,8.9,84.0
"Knowledge park, Greater Noida",UP_VUN_2023-03-02-09.00-1-101.jpg,2023,3,2,12,223,e_Very_Unhealthy,2023-03-02,20.5,48.2,338.0,56.9,14.0,72.0
Bengaluru,BENGR_Good_2023-03-21-08.30-1-526.jpg,2023,3,21,12,47,a_Good,2023-03-21,9.1,13.8,245.0,15.6,3.6,110.0
Tamil Nadu,TN_Good_2023-02-23-08.30-2-136.jpg,2023,2,23,12,43,a_Good,2023-02-23,2.9,4.1,131.0,0.9,1.6,95.0
"Biratnagar, Nepal",BIR_MOD_2023-02-13-09.30-2-27.jpg,2023,2,13,12,91,b_Moderate,2023-02-13,40.7,59.3,429.0,13.7,9.2,101.0
"ITO, Delhi",DEL_VUnH_2023-02-16-14.30-1-84.jpg,2023,2,16,12,245,e_Very_Unhealthy,2023-02-16,2.0,3.3,115.0,0.6,0.0,52.0
Bengaluru,BENGR_Mod_2023-03-06-08.30-1-321.jpg,2023,3,6,12,68,b_Moderate,2023-03-06,12.6,18.6,218.0,6.5,8.2,129.0
Tamil Nadu,TN_MOD_2023-02-09-08.30-1-2.jpg,2023,2,9,12,78,b_Moderate,2023-02-09,20.1,29.8,485.0,57.4,2.2,10.0
"Knowledge park, Greater Noida",UP_SEV_2023-02-20-08.30-1-65.jpg,2023,2,20,12,331,f_Severe,2023-02-20,26.1,49.7,219.0,20.0,5.1,100.0
"ITO, Delhi",DEL_VUH_2023-02-04-17.00-2-108.jpg,2023,2,4,12,281,e_Very_Unhealthy,2023-02-04,2.8,4.9,89.0,0.2,0.1,62.0
"Biratnagar, Nepal",BIR_UNH_VF_2023-02-02- 12.00-2-8.jpg,2023,2,2,12,158,d_Unhealthy,2023-02-02,57.2,81.7,581.0,12.1,8.5,98.0
Bengaluru,BENGR_Good_2023-02-27-08.30-1-381.jpg,2023,2,27,12,47,a_Good,2023-02-27,10.8,15.8,277.0,6.9,7.3,131.0
"ITO, Delhi",DEL_SEV_2023-02-22-14.00-2-606.jpg,2023,2,22,12,450,f_Severe,2023-02-22,2.4,4.2,128.0,0.1,0.0,83.0
"Knowledge park, Greater Noida",UP_SEV_2023-02-19-14.30-1-38.jpg,2023,2,19,12,357,f_Severe,2023-02-19,26.7,50.5,247.0,25.1,8.3,99.0
Bengaluru,BENGR_Mod_2023-02-23-08.30-1-336.jpg,2023,2,23,12,97,b_Moderate,2023-02-23,18.2,26.4,272.0,8.0,8.1,126.0
"ITO, Delhi",DEL_SEV_2023-02-20-14.00-1-121.jpg,2023,2,20,12,363,f_Severe,2023-02-20,4.4,7.8,136.0,0.3,0.0,76.0
"Knowledge park, Greater Noida",UP_VUN_2023-03-02-09.00-1-77.jpg,2023,3,2,12,223,e_Very_Unhealthy,2023-03-02,20.5,48.2,338.0,56.9,14.0,72.0
"ITO, Delhi",DEL_VUnH_2023-02-16-17.00-1-54.jpg,2023,2,16,12,293,e_Very_Unhealthy,2023-02-16,2.0,3.3,115.0,0.6,0.0,52.0
"Dimapur, Nagaland",Dimapur_UHFSG_2023-02-02- 09.00-1-61.jpg,2023,2,2,12,103,c_Unhealthy_for_Sensitive_Groups,2023-02-02,39.6,56.9,296.0,6.5,2.7,107.0
Tamil Nadu,TN_Good_2023-02-23-08.30-2.jpg,2023,2,23,12,43,a_Good,2023-02-23,2.9,4.1,131.0,0.9,1.6,95.0
"ITO, Delhi",DEL_VUnH_2023-02-16-14.00-2-34.jpg,2023,2,16,12,268,e_Very_Unhealthy,2023-02-16,2.0,3.3,115.0,0.6,0.0,52.0
"Biratnagar, Nepal",BIR_UNH_VF_2023-02-02- 15.00-2-57.jpg,2023,2,2,12,156,d_Unhealthy,2023-02-02,57.2,81.7,581.0,12.1,8.5,98.0
"Biratnagar, Nepal",BRI_Un_2023-02-02- 12.00-11.jpg,2023,2,2,12,158,d_Unhealthy,2023-02-02,57.2,81.7,581.0,12.1,8.5,98.0
Bengaluru,BENGR_Mod_2023-02-24-08.30-1-246.jpg,2023,2,24,12,68,b_Moderate,2023-02-24,11.3,16.6,250.0,9.2,10.1,126.0
Bengaluru,BENGR_Mod_2023-02-24-08.30-1-91.jpg,2023,2,24,12,68,b_Moderate,2023-02-24,11.3,16.6,250.0,9.2,10.1,126.0
"Biratnagar, Nepal",BIR_UNH_VF_2023-02-03- 10.00-2-46.jpg,2023,2,3,12,163,d_Unhealthy,2023-02-03,69.8,99.7,581.0,11.6,6.8,112.0
"ITO, Delhi",DEL_SEV_2023-02-20-14.00-2-556.jpg,2023,2,20,12,363,f_Severe,2023-02-20,4.4,7.8,136.0,0.3,0.0,76.0
Bengaluru,BENGR_Good_2023-03-25-08.30-1-68.jpg,2023,3,25,12,32,a_Good,2023-03-25,26.6,39.9,248.0,8.4,5.4,133.0
"ITO, Delhi",DEL_SEV_2023-02-22-14.00-2-446.jpg,2023,2,22,12,450,f_Severe,2023-02-22,2.4,4.2,128.0,0.1,0.0,83.0
Bengaluru,BENGR_Mod_2023-02-23-08.30-1-281.jpg,2023,2,23,12,97,b_Moderate,2023-02-23,18.2,26.4,272.0,8.0,8.1,126.0
"Biratnagar, Nepal",BIR_UNH_VF_2023-02-02- 12.00-3-6.jpg,2023,2,2,12,158,d_Unhealthy,2023-02-02,57.2,81.7,581.0,12.1,8.5,98.0
"Biratnagar, Nepal",BIR_UFSG_2023-02-14- 14.30-1-11.jpg,2023,2,14,12,101,c_Unhealthy_for_Sensitive_Groups,2023-02-14,43.3,62.6,471.0,15.4,7.5,101.0
Mumbai,MH_UnFSG_2023-03-08-11.00-1-351.jpg,2023,3,8,12,124,c_Unhealthy_for_Sensitive_Groups,2023-03-08,97.1,144.8,836.0,49.2,63.9,264.0
Bengaluru,BENGR_Mod_2023-03-06-08.30-1-336.jpg,2023,3,6,12,68,b_Moderate,2023-03-06,12.6,18.6,218.0,6.5,8.2,129.0
Bengaluru,BENGR_Mod_2023-03-09-08.30-1-331.jpg,2023,3,9,12,51,b_Moderate,2023-03-09,32.7,47.8,341.0,6.8,6.3,123.0
"ITO, Delhi",DEL_SEV_2023-02-17-13.00-1-79.jpg,2023,2,17,12,372,f_Severe,2023-02-17,0.2,0.3,91.0,0.1,0.0,49.0
Mumbai,MH_UnFSG_2023-03-14-13.00-1-49.jpg,2023,3,14,12,138,c_Unhealthy_for_Sensitive_Groups,2023-03-14,160.7,240.3,1639.0,42.4,85.0,345.0
"ITO, Delhi",DEL_VUnH_2023-02-16-17.00-1-74.jpg,2023,2,16,12,293,e_Very_Unhealthy,2023-02-16,2.0,3.3,115.0,0.6,0.0,52.0
Tamil Nadu,TN_Good_2023-02-27-16.30-2-31.jpg,2023,2,27,12,43,a_Good,2023-02-27,5.9,9.2,177.0,7.1,1.1,74.0
Bengaluru,BENGR_UHFSG_2023-02-03-08.30-1-49.jpg,2023,2,3,12,136,c_Unhealthy_for_Sensitive_Groups,2023-02-03,19.7,31.1,321.0,13.6,3.8,86.0
"Biratnagar, Nepal",BIR_UNFSG_VF_2023-02-03-15.00-2-8.jpg,2023,2,3,12,141,c_Unhealthy_for_Sensitive_Groups,2023-02-03,69.8,99.7,581.0,11.6,6.8,112.0
Bengaluru,BENGR_Good_2023-02-28-08.30-1-196.jpg,2023,2,28,12,37,a_Good,2023-02-28,27.2,39.7,398.0,7.6,7.8,127.0
"Knowledge park, Greater Noida",UP_VUN_2023-03-02-09.00-1-413.jpg,2023,3,2,12,223,e_Very_Unhealthy,2023-03-02,20.5,48.2,338.0,56.9,14.0,72.0
Mumbai,MH_UnFSG_2023-02-17-13.00-2-21.jpg,2023,2,17,12,140,c_Unhealthy_for_Sensitive_Groups,2023-02-17,64.3,96.9,620.0,42.0,43.7,225.0
"ITO, Delhi",DEL_VUnH_2023-02-04-17.00-6.jpg,2023,2,4,12,281,e_Very_Unhealthy,2023-02-04,2.8,4.9,89.0,0.2,0.1,62.0
"Dimapur, Nagaland",Dimapur_UHFSG_2023-02-02- 09.00-3-55.jpg,2023,2,2,12,103,c_Unhealthy_for_Sensitive_Groups,2023-02-02,39.6,56.9,296.0,6.5,2.7,107.0
"New Ind Town, Faridabad",HAR_VUN_2022-10-02-10.00-1-937.jpg,2022,10,2,12,230,e_Very_Unhealthy,2022-10-02,16.6,23.7,513.0,2.0,1.8,93.0
"Biratnagar, Nepal",BIR_UNFSG_VF_2023-02-03-16.00-2-36.jpg,2023,2,3,12,141,c_Unhealthy_for_Sensitive_Groups,2023-02-03,69.8,99.7,581.0,11.6,6.8,112.0
"ITO, Delhi",DEL_SEV_2023-02-20-14.00-1-501.jpg,2023,2,20,12,363,f_Severe,2023-02-20,4.4,7.8,136.0,0.3,0.0,76.0
"ITO, Delhi",DL_VUNH_2023-02-04-17.00-1-45.jpg,2023,2,4,12,281,e_Very_Unhealthy,2023-02-04,2.8,4.9,89.0,0.2,0.1,62.0
"Dimapur, Nagaland",Dimapur_UHFSG_2023-02-02- 09.00-2-12.jpg,2023,2,2,12,103,c_Unhealthy_for_Sensitive_Groups,2023-02-02,39.6,56.9,296.0,6.5,2.7,107.0
"Biratnagar, Nepal",BIR_UNH_VF_2023-02-02- 12.00-2-87.jpg,2023,2,2,12,158,d_Unhealthy,2023-02-02,57.2,81.7,581.0,12.1,8.5,98.0
Tamil Nadu,TN_UN_2023-03-11-08.00-1-151.jpg,2023,3,11,12,152,d_Unhealthy,2023-03-11,4.6,7.8,155.0,2.7,0.9,90.0
"Biratnagar, Nepal",BIR_UNH_VF_2023-02-03- 10.00-1-25.jpg,2023,2,3,12,163,d_Unhealthy,2023-02-03,69.8,99.7,581.0,11.6,6.8,112.0
"Knowledge park, Greater Noida",UP_UHFSG_2023-02-24-08.30-1-45.jpg,2023,2,24,12,141,c_Unhealthy_for_Sensitive_Groups,2023-02-24,132.7,224.4,1109.0,243.3,40.8,181.0
"ITO, Delhi",DEL_UnH_2023-02-15-11.30-1-24.jpg,2023,2,15,12,179,d_Unhealthy,2023-02-15,2.5,3.7,124.0,1.0,0.0,54.0
Bengaluru,BENGR_Mod_2023-03-01-08.30-1-231.jpg,2023,3,1,12,70,b_Moderate,2023-03-01,17.0,25.4,362.0,6.3,6.0,122.0
Mumbai,MH_UH_2023-02-03- 09.30-1-80.jpg,2023,2,3,12,162,d_Unhealthy,2023-02-03,121.1,177.4,813.0,48.2,60.2,256.0
"Knowledge park, Greater Noida",UP_UHFSG_2023-03-06-11.30-1-165.jpg,2023,3,6,12,104,c_Unhealthy_for_Sensitive_Groups,2023-03-06,57.3,103.8,710.0,101.0,20.8,124.0
"Knowledge park, Greater Noida",UP_UHFSG_2023-02-08-08.30-1-7.jpg,2023,2,8,12,133,c_Unhealthy_for_Sensitive_Groups,2023-02-08,53.7,112.2,526.0,86.8,19.1,87.0
"Knowledge park, Greater Noida",UP_SEV_2023-02-18-14.30-1-47.jpg,2023,2,18,12,331,f_Severe,2023-02-18,24.9,48.1,246.0,27.6,8.9,84.0
"ITO, Delhi",DL_VUNH_2023-02-04-17.00-1-57.jpg,2023,2,4,12,281,e_Very_Unhealthy,2023-02-04,2.8,4.9,89.0,0.2,0.1,62.0
Mumbai,MH_UN_2023-03-02-08.00-1-131.jpg,2023,3,2,12,156,d_Unhealthy,2023-03-02,165.8,246.8,1018.0,45.0,70.9,342.0
"Knowledge park, Greater Noida",UP_VUN_2023-03-02-09.00-1-213.jpg,2023,3,2,12,223,e_Very_Unhealthy,2023-03-02,20.5,48.2,338.0,56.9,14.0,72.0
"Biratnagar, Nepal",BRI_Un_2023-02-02- 12.00-6.jpg,2023,2,2,12,158,d_Unhealthy,2023-02-02,57.2,81.7,581.0,12.1,8.5,98.0
Tamil Nadu,TN_Good_2023-02-21-08.30-1-36.jpg,2023,2,21,12,29,a_Good,2023-02-21,2.1,3.2,146.0,1.6,0.3,82.0
Tamil Nadu,TN_UnFSG_2023-03-09-09.00-1-56.jpg,2023,3,9,12,134,c_Unhealthy_for_Sensitive_Groups,2023-03-09,10.4,15.2,234.0,12.8,0.9,62.0
"ITO, Delhi",DEL_VUnH_2023-02-16-14.30-1-23.jpg,2023,2,16,12,245,e_Very_Unhealthy,2023-02-16,2.0,3.3,115.0,0.6,0.0,52.0
Bengaluru,BENGR_Mod_2023-03-04-08.30-1-1.jpg,2023,3,4,12,71,b_Moderate,2023-03-04,17.8,26.3,251.0,6.2,6.9,118.0
"Biratnagar, Nepal",BIR_UNH_VF_2023-02-02- 12.00-1-60.jpg,2023,2,2,12,158,d_Unhealthy,2023-02-02,57.2,81.7,581.0,12.1,8.5,98.0
Bengaluru,BENGR_Mod_2023-03-04-08.30-1-61.jpg,2023,3,4,12,71,b_Moderate,2023-03-04,17.8,26.3,251.0,6.2,6.9,118.0
Bengaluru,BENGR_Mod_2023-02-24-08.30-1-411.jpg,2023,2,24,12,68,b_Moderate,2023-02-24,11.3,16.6,250.0,9.2,10.1,126.0
Tamil Nadu,TN_UnFSG_2023-03-01-08.30-1-131.jpg,2023,3,1,12,111,c_Unhealthy_for_Sensitive_Groups,2023-03-01,11.3,16.5,244.0,12.0,2.9,66.0
Bengaluru,BENGR_Good_2023-03-25-08.30-1-60.jpg,2023,3,25,12,32,a_Good,2023-03-25,26.6,39.9,248.0,8.4,5.4,133.0
Mumbai,MH_UN_2023-03-13-10.00-1-43.jpg,2023,3,13,12,197,d_Unhealthy,2023-03-13,346.5,501.1,2447.0,38.8,125.9,577.0
"Biratnagar, Nepal",BIR_UNH_VF_2023-02-02- 12.00-2-68.jpg,2023,2,2,12,158,d_Unhealthy,2023-02-02,57.2,81.7,581.0,12.1,8.5,98.0
Bengaluru,BENGR_Mod_2023-02-23-08.30-1-111.jpg,2023,2,23,12,97,b_Moderate,2023-02-23,18.2,26.4,272.0,8.0,8.1,126.0
Tamil Nadu,TN_Good_2023-02-20-08.30-1-9.jpg,2023,2,20,12,37,a_Good,2023-02-20,2.1,3.0,150.0,2.1,0.4,78.0
"Biratnagar, Nepal",BIR_UNH_VF_2023-02-02- 12.00-1-56.jpg,2023,2,2,12,158,d_Unhealthy,2023-02-02,57.2,81.7,581.0,12.1,8.5,98.0
Bengaluru,BENGR_Good_2023-03-17-08.30-1-330.jpg,2023,3,17,12,15,a_Good,2023-03-17,20.8,31.4,332.0,11.4,4.1,112.0
"New Ind Town, Faridabad",HAR_VUN_2022-10-02-10.00-1-3897.jpg,2022,10,2,12,230,e_Very_Unhealthy,2022-10-02,16.6,23.7,513.0,2.0,1.8,93.0
Mumbai,MH_Mod_2023-03-21-15.00-1-316.jpg,2023,3,21,12,92,b_Moderate,2023-03-21,15.9,32.0,246.0,16.3,15.8,72.0
"ITO, Delhi",DEL_VUnH_2023-02-16-14.30-1-250.jpg,2023,2,16,12,245,e_Very_Unhealthy,2023-02-16,2.0,3.3,115.0,0.6,0.0,52.0
"Biratnagar, Nepal",BIR_UNFSG_VF_2023-02-03-16.00-2-83.jpg,2023,2,3,12,141,c_Unhealthy_for_Sensitive_Groups,2023-02-03,69.8,99.7,581.0,11.6,6.8,112.0
"ITO, Delhi",DEL_SEV_2023-02-22-14.00-2-91.jpg,2023,2,22,12,450,f_Severe,2023-02-22,2.4,4.2,128.0,0.1,0.0,83.0
"New Ind Town, Faridabad",HAR_VUN_2022-10-02-10.00-1-3921.jpg,2022,10,2,12,230,e_Very_Unhealthy,2022-10-02,16.6,23.7,513.0,2.0,1.8,93.0
"Biratnagar, Nepal",BIR_UNH_VF_2023-02-02- 15.00-2-52.jpg,2023,2,2,12,156,d_Unhealthy,2023-02-02,57.2,81.7,581.0,12.1,8.5,98.0
"ITO, Delhi",DEL_VUnH_2023-02-16-14.00-3-50.jpg,2023,2,16,12,268,e_Very_Unhealthy,2023-02-16,2.0,3.3,115.0,0.6,0.0,52.0
Mumbai,MH_UnFSG_2023-03-14-13.00-12.jpg,2023,3,14,12,138,c_Unhealthy_for_Sensitive_Groups,2023-03-14,160.7,240.3,1639.0,42.4,85.0,345.0
"Knowledge park, Greater Noida",UP_VUN_2023-02-27-10.30-1-177.jpg,2023,2,27,12,299,e_Very_Unhealthy,2023-02-27,44.7,71.7,613.0,101.2,20.5,98.0
"ITO, Delhi",DEL_SEV_2023-02-22-14.00-1-26.jpg,2023,2,22,12,450,f_Severe,2023-02-22,2.4,4.2,128.0,0.1,0.0,83.0
"Knowledge park, Greater Noida",UP_UN_2023-03-01-08.30-1-201.jpg,2023,3,1,12,199,d_Unhealthy,2023-03-01,21.1,47.7,354.0,67.2,13.3,48.0
Tamil Nadu,TN_Good_2023-02-22-09.30-1-101.jpg,2023,2,22,12,36,a_Good,2023-02-22,8.3,12.4,216.0,13.8,2.4,52.0
Bengaluru,BENGR_UHFSG_2023-02-14-08.30-1-4.jpg,2023,2,14,12,102,c_Unhealthy_for_Sensitive_Groups,2023-02-14,18.2,26.3,268.0,8.6,13.0,152.0
"Biratnagar, Nepal",BIR_UNH_VF_2023-02-03- 10.00-1-9.jpg,2023,2,3,12,163,d_Unhealthy,2023-02-03,69.8,99.7,581.0,11.6,6.8,112.0
"Knowledge park, Greater Noida",UP_UHFSG_2023-02-08-08.30-1-108.jpg,2023,2,8,12,133,c_Unhealthy_for_Sensitive_Groups,2023-02-08,53.7,112.2,526.0,86.8,19.1,87.0
Tamil Nadu,TN_Good_2023-02-20-16.30-1-116.jpg,2023,2,20,12,43,a_Good,2023-02-20,2.1,3.0,150.0,2.1,0.4,78.0
"ITO, Delhi",DEL_UnH_2023-02-15-11.30-1-27.jpg,2023,2,15,12,179,d_Unhealthy,2023-02-15,2.5,3.7,124.0,1.0,0.0,54.0
Mumbai,MH_UH_2023-02-02- 09.30-1-49.jpg,2023,2,2,12,182,d_Unhealthy,2023-02-02,122.9,179.7,829.0,44.0,61.7,239.0
Bengaluru,BENGR_Good_2023-02-27-08.30-1-71.jpg,2023,2,27,12,47,a_Good,2023-02-27,10.8,15.8,277.0,6.9,7.3,131.0
"Biratnagar, Nepal",BIR_UNFSG_VF_2023-02-03-15.00-3-24.jpg,2023,2,3,12,141,c_Unhealthy_for_Sensitive_Groups,2023-02-03,69.8,99.7,581.0,11.6,6.8,112.0
Mumbai,MH_UH_2023-02-10-14.30-1-13.jpg,2023,2,10,12,160,d_Unhealthy,2023-02-10,74.7,110.8,581.0,28.9,36.7,198.0
Mumbai,MH_Good_2023-03-22-11.00-1-113.jpg,2023,3,22,12,49,a_Good,2023-03-22,16.2,31.8,249.0,15.6,16.8,76.0
Bengaluru,BENGR_Mod_2023-03-04-08.30-1-286.jpg,2023,3,4,12,71,b_Moderate,2023-03-04,17.8,26.3,251.0,6.2,6.9,118.0
"Knowledge park, Greater Noida",UP_UN_2023-03-01-08.30-4.jpg,2023,3,1,12,199,d_Unhealthy,2023-03-01,21.1,47.7,354.0,67.2,13.3,48.0
"ITO, Delhi",DEL_VUnH_2023-02-16-14.30-1-263.jpg,2023,2,16,12,245,e_Very_Unhealthy,2023-02-16,2.0,3.3,115.0,0.6,0.0,52.0
"ITO, Delhi",DEL_VUH_2023-02-04-17.00-2-159.jpg,2023,2,4,12,281,e_Very_Unhealthy,2023-02-04,2.8,4.9,89.0,0.2,0.1,62.0
Mumbai,MH_VUN_2023-02-24-15.00-1-101.jpg,2023,2,24,12,202,e_Very_Unhealthy,2023-02-24,73.3,112.7,633.0,41.2,49.7,231.0
Tamil Nadu,TN_UN_2023-03-06-09.00-1-91.jpg,2023,3,6,12,161,d_Unhealthy,2023-03-06,15.6,22.5,298.0,24.2,0.8,36.0
"New Ind Town, Faridabad",HAR_VUN_2022-10-02-10.00-1-1657.jpg,2022,10,2,12,230,e_Very_Unhealthy,2022-10-02,16.6,23.7,513.0,2.0,1.8,93.0
"Knowledge park, Greater Noida",UP_SEV_2023-02-18-14.30-1-99.jpg,2023,2,18,12,331,f_Severe,2023-02-18,24.9,48.1,246.0,27.6,8.9,84.0
"Biratnagar, Nepal",BIR_UNFSG_VF_2023-02-03-15.00-1-6.jpg,2023,2,3,12,141,c_Unhealthy_for_Sensitive_Groups,2023-02-03,69.8,99.7,581.0,11.6,6.8,112.0
"ITO, Delhi",DEL_VUnH_2023-02-16-17.00-2-32.jpg,2023,2,16,12,293,e_Very_Unhealthy,2023-02-16,2.0,3.3,115.0,0.6,0.0,52.0
"Biratnagar, Nepal",BIR_UNH_VF_2023-02-02- 1700-2-56.jpg,2023,2,2,12,156,d_Unhealthy,2023-02-02,57.2,81.7,581.0,12.1,8.5,98.0
Tamil Nadu,TN_UNH_2023-02-03-13.30-1-36.jpg,2023,2,3,12,167,d_Unhealthy,2023-02-03,26.3,38.1,500.0,65.8,1.9,18.0
Mumbai,MH_UH_2023-02-19-12.00-1-42.jpg,2023,2,19,12,160,d_Unhealthy,2023-02-19,143.0,205.8,1159.0,48.0,73.1,327.0
"ITO, Delhi",DEL_SEV_2023-02-07-14.00-1-77.jpg,2023,2,7,12,449,f_Severe,2023-02-07,3.0,5.3,89.0,0.3,0.1,54.0
"Biratnagar, Nepal",BRI_UFSG_2023-02-03- 16.00-6.jpg,2023,2,3,12,141,c_Unhealthy_for_Sensitive_Groups,2023-02-03,69.8,99.7,581.0,11.6,6.8,112.0
Mumbai,MH_UnFSG_2023-02-17-13.00-2-58.jpg,2023,2,17,12,140,c_Unhealthy_for_Sensitive_Groups,2023-02-17,64.3,96.9,620.0,42.0,43.7,225.0
Mumbai,MH_UnFSG_2023-02-17-13.00-2-34.jpg,2023,2,17,12,140,c_Unhealthy_for_Sensitive_Groups,2023-02-17,64.3,96.9,620.0,42.0,43.7,225.0
"ITO, Delhi",DEL_VUnH_2023-02-16-14.30-1-9.jpg,2023,2,16,12,245,e_Very_Unhealthy,2023-02-16,2.0,3.3,115.0,0.6,0.0,52.0
Bengaluru,BENGR_Good_2023-02-27-08.30-1-296.jpg,2023,2,27,12,47,a_Good,2023-02-27,10.8,15.8,277.0,6.9,7.3,131.0
Mumbai,MH_Good_2023-03-22-11.00-1-337.jpg,2023,3,22,12,49,a_Good,2023-03-22,16.2,31.8,249.0,15.6,16.8,76.0
Bengaluru,BENGR_Good_2023-02-28-08.30-1-521.jpg,2023,2,28,12,37,a_Good,2023-02-28,27.2,39.7,398.0,7.6,7.8,127.0
Bengaluru,BENGR_Mod_2023-02-24-08.30-1-431.jpg,2023,2,24,12,68,b_Moderate,2023-02-24,11.3,16.6,250.0,9.2,10.1,126.0
"Biratnagar, Nepal",BIR_UNH_VF_2023-02-02- 1700-2-63.jpg,2023,2,2,12,156,d_Unhealthy,2023-02-02,57.2,81.7,581.0,12.1,8.5,98.0
"ITO, Delhi",DEL_UnH_2023-02-15-11.30-2-26.jpg,2023,2,15,12,179,d_Unhealthy,2023-02-15,2.5,3.7,124.0,1.0,0.0,54.0
"Knowledge park, Greater Noida",UP_UHFSG_2023-02-08-08.30-1-121.jpg,2023,2,8,12,133,c_Unhealthy_for_Sensitive_Groups,2023-02-08,53.7,112.2,526.0,86.8,19.1,87.0
Bengaluru,BENGR_Mod_2023-03-04-08.30-1-576.jpg,2023,3,4,12,71,b_Moderate,2023-03-04,17.8,26.3,251.0,6.2,6.9,118.0
"Biratnagar, Nepal",BIR_UNH_VF_2023-02-02- 15.00-2-24.jpg,2023,2,2,12,156,d_Unhealthy,2023-02-02,57.2,81.7,581.0,12.1,8.5,98.0
Bengaluru,BENGR_Mod_2023-02-21-08.30-1-366.jpg,2023,2,21,12,56,b_Moderate,2023-02-21,26.0,37.8,303.0,8.9,11.2,152.0
Mumbai,MH_UnFSG_2023-03-18-11.00-1-36.jpg,2023,3,18,12,114,c_Unhealthy_for_Sensitive_Groups,2023-03-18,59.0,94.8,678.0,39.3,48.8,177.0
Bengaluru,BENGR_Good_2023-02-28-08.30-1-491.jpg,2023,2,28,12,37,a_Good,2023-02-28,27.2,39.7,398.0,7.6,7.8,127.0
Tamil Nadu,TN_Good_2023-02-21-08.30-2-136.jpg,2023,2,21,12,29,a_Good,2023-02-21,2.1,3.2,146.0,1.6,0.3,82.0
Mumbai,MH_Good_2023-03-23-17.00-1-36.jpg,2023,3,23,12,47,a_Good,2023-03-23,18.4,34.5,257.0,17.2,19.2,71.0
"Biratnagar, Nepal",BIR_UNFSG_VF_2023-02-03-16.00-2-44.jpg,2023,2,3,12,141,c_Unhealthy_for_Sensitive_Groups,2023-02-03,69.8,99.7,581.0,11.6,6.8,112.0
"New Ind Town, Faridabad",HAR_VUN_2022-10-02-10.00-1-841.jpg,2022,10,2,12,230,e_Very_Unhealthy,2022-10-02,16.6,23.7,513.0,2.0,1.8,93.0
"ITO, Delhi",DEL_VUnH_2023-02-16-14.30-1-252.jpg,2023,2,16,12,245,e_Very_Unhealthy,2023-02-16,2.0,3.3,115.0,0.6,0.0,52.0
Bengaluru,BENGR_Good_2023-03-25-08.30-1-74.jpg,2023,3,25,12,32,a_Good,2023-03-25,26.6,39.9,248.0,8.4,5.4,133.0
"Knowledge park, Greater Noida",UP_UHFSG_2023-02-24-08.30-1-313.jpg,2023,2,24,12,141,c_Unhealthy_for_Sensitive_Groups,2023-02-24,132.7,224.4,1109.0,243.3,40.8,181.0
"Knowledge park, Greater Noida",UP_SEV_2023-02-19-14.30-1-6.jpg,2023,2,19,12,357,f_Severe,2023-02-19,26.7,50.5,247.0,25.1,8.3,99.0
"Knowledge park, Greater Noida",UP_UN_2023-02-21-08.30-3.jpg,2023,2,21,12,189,d_Unhealthy,2023-02-21,19.8,39.7,224.0,28.1,6.5,85.0
Mumbai,MH_Good_2023-03-23-17.00-1-561.jpg,2023,3,23,12,47,a_Good,2023-03-23,18.4,34.5,257.0,17.2,19.2,71.0
"Biratnagar, Nepal",BIR_UNH_VF_2023-02-02- 1700-2-53.jpg,2023,2,2,12,156,d_Unhealthy,2023-02-02,57.2,81.7,581.0,12.1,8.5,98.0
"Biratnagar, Nepal",BIR_UNH_VF_2023-02-02- 12.00-1-89.jpg,2023,2,2,12,158,d_Unhealthy,2023-02-02,57.2,81.7,581.0,12.1,8.5,98.0
"Biratnagar, Nepal",BIR_UNFSG_VF_2023-02-03-16.00-3-35.jpg,2023,2,3,12,141,c_Unhealthy_for_Sensitive_Groups,2023-02-03,69.8,99.7,581.0,11.6,6.8,112.0
"ITO, Delhi",DEL_VUH_2023-02-04-17.00-2-155.jpg,2023,2,4,12,281,e_Very_Unhealthy,2023-02-04,2.8,4.9,89.0,0.2,0.1,62.0
Bengaluru,BENGR_Mod_2023-03-04-08.30-1-341.jpg,2023,3,4,12,71,b_Moderate,2023-03-04,17.8,26.3,251.0,6.2,6.9,118.0
"Dimapur, Nagaland",Dimapur_UHFSG_2023-02-02- 09.00-3-31.jpg,2023,2,2,12,103,c_Unhealthy_for_Sensitive_Groups,2023-02-02,39.6,56.9,296.0,6.5,2.7,107.0
"Knowledge park, Greater Noida",UP_SEV_2023-02-20-08.30-1-55.jpg,2023,2,20,12,331,f_Severe,2023-02-20,26.1,49.7,219.0,20.0,5.1,100.0
"Knowledge park, Greater Noida",UP_SEV_2023-02-18-14.30-1-91.jpg,2023,2,18,12,331,f_Severe,2023-02-18,24.9,48.1,246.0,27.6,8.9,84.0
"Knowledge park, Greater Noida",UP_SEV_2023-02-19-14.30-1-2.jpg,2023,2,19,12,357,f_Severe,2023-02-19,26.7,50.5,247.0,25.1,8.3,99.0
"Knowledge park, Greater Noida",UP_SEV_2023-02-18-14.30-1-88.jpg,2023,2,18,12,331,f_Severe,2023-02-18,24.9,48.1,246.0,27.6,8.9,84.0
"Biratnagar, Nepal",BIR_UNH_VF_2023-02-02- 15.00-4-76.jpg,2023,2,2,12,156,d_Unhealthy,2023-02-02,57.2,81.7,581.0,12.1,8.5,98.0
Bengaluru,BENGR_Mod_2023-02-24-08.30-1-231.jpg,2023,2,24,12,68,b_Moderate,2023-02-24,11.3,16.6,250.0,9.2,10.1,126.0
Bengaluru,BENGR_UnFSG_2023-03-08-08.30-1-201.jpg,2023,3,8,12,106,c_Unhealthy_for_Sensitive_Groups,2023-03-08,16.9,24.7,244.0,5.9,5.7,120.0
"Biratnagar, Nepal",BIR_UNFSG_VF_2023-02-03-16.00-1-37.jpg,2023,2,3,12,141,c_Unhealthy_for_Sensitive_Groups,2023-02-03,69.8,99.7,581.0,11.6,6.8,112.0
Bengaluru,BENGR_Mod_2023-03-13-08.30-1-414.jpg,2023,3,13,12,53,b_Moderate,2023-03-13,27.1,39.7,365.0,8.1,8.5,111.0
Mumbai,MH_UN_2023-03-15-15.00-1-351.jpg,2023,3,15,12,162,d_Unhealthy,2023-03-15,190.5,276.6,1537.0,57.3,103.4,404.0
Bengaluru,BENGR_UHFSG_2023-02-03-08.30-1-48.jpg,2023,2,3,12,136,c_Unhealthy_for_Sensitive_Groups,2023-02-03,19.7,31.1,321.0,13.6,3.8,86.0
"ITO, Delhi",DEL_VUH_2023-02-04-17.00-2-163.jpg,2023,2,4,12,281,e_Very_Unhealthy,2023-02-04,2.8,4.9,89.0,0.2,0.1,62.0
"ITO, Delhi",DEL_VUnH_2023-02-16-17.00-1-20.jpg,2023,2,16,12,293,e_Very_Unhealthy,2023-02-16,2.0,3.3,115.0,0.6,0.0,52.0
"ITO, Delhi",DEL_VUnH_2023-02-16-17.00-2-77.jpg,2023,2,16,12,293,e_Very_Unhealthy,2023-02-16,2.0,3.3,115.0,0.6,0.0,52.0
Bengaluru,BENGR_Mod_2023-02-23-08.30-1-371.jpg,2023,2,23,12,97,b_Moderate,2023-02-23,18.2,26.4,272.0,8.0,8.1,126.0
Mumbai,MH_Good_2023-03-22-11.00-13.jpg,2023,3,22,12,49,a_Good,2023-03-22,16.2,31.8,249.0,15.6,16.8,76.0
"Biratnagar, Nepal",BIR_UH_2023-03-16-12.30-4-92.jpg,2023,3,16,12,154,d_Unhealthy,2023-03-16,68.5,98.7,456.0,5.4,8.3,132.0
Mumbai,MH_UH_2023-02-11-03.30-1-37.jpg,2023,2,11,12,154,d_Unhealthy,2023-02-11,50.5,82.9,477.0,34.0,35.6,181.0
"ITO, Delhi",DEL_SEV_2023-02-17-13.00-2-16.jpg,2023,2,17,12,372,f_Severe,2023-02-17,0.2,0.3,91.0,0.1,0.0,49.0
Bengaluru,BENGR_Mod_2023-03-06-08.30-1-191.jpg,2023,3,6,12,68,b_Moderate,2023-03-06,12.6,18.6,218.0,6.5,8.2,129.0
"Dimapur, Nagaland",Dimapur_UHFSG_2023-02-02- 09.00-1-30.jpg,2023,2,2,12,103,c_Unhealthy_for_Sensitive_Groups,2023-02-02,39.6,56.9,296.0,6.5,2.7,107.0
"ITO, Delhi",DEL_SEV_2023-02-16-18.00-2-78.jpg,2023,2,16,12,330,f_Severe,2023-02-16,2.0,3.3,115.0,0.6,0.0,52.0
"New Ind Town, Faridabad",HAR_VUN_2022-10-02-10.00-1-3849.jpg,2022,10,2,12,230,e_Very_Unhealthy,2022-10-02,16.6,23.7,513.0,2.0,1.8,93.0
Mumbai,MH_UnFSG_2023-02-15-10.30-1-53.jpg,2023,2,15,12,143,c_Unhealthy_for_Sensitive_Groups,2023-02-15,82.2,119.0,737.0,40.3,51.8,253.0
Tamil Nadu,TN_Good_2023-02-22-09.30-2-36.jpg,2023,2,22,12,36,a_Good,2023-02-22,8.3,12.4,216.0,13.8,2.4,52.0
"Knowledge park, Greater Noida",UP_UHFSG_2023-02-24-08.30-1-25.jpg,2023,2,24,12,141,c_Unhealthy_for_Sensitive_Groups,2023-02-24,132.7,224.4,1109.0,243.3,40.8,181.0
"ITO, Delhi",DL_VUNH_2023-02-04-17.00-1-55.jpg,2023,2,4,12,281,e_Very_Unhealthy,2023-02-04,2.8,4.9,89.0,0.2,0.1,62.0
Mumbai,MH_UnFSG_2023-03-14-13.00-1-37.jpg,2023,3,14,12,138,c_Unhealthy_for_Sensitive_Groups,2023-03-14,160.7,240.3,1639.0,42.4,85.0,345.0
"Biratnagar, Nepal",BRI_Un_2023-02-02-1700-6.jpg,2023,2,2,12,156,d_Unhealthy,2023-02-02,57.2,81.7,581.0,12.1,8.5,98.0
"ITO, Delhi",DEL_VUnH_2023-02-16-17.00-1-25.jpg,2023,2,16,12,293,e_Very_Unhealthy,2023-02-16,2.0,3.3,115.0,0.6,0.0,52.0
Mumbai,MH_UnFSG_2023-02-23-11.00-1-86.jpg,2023,2,23,12,130,c_Unhealthy_for_Sensitive_Groups,2023-02-23,70.5,109.9,662.0,40.6,61.8,226.0
Mumbai,MH_UH_2023-02-11-03.30-2-22.jpg,2023,2,11,12,154,d_Unhealthy,2023-02-11,50.5,82.9,477.0,34.0,35.6,181.0
"Biratnagar, Nepal",BIR_MOD_2023-02-13-09.30-3-51.jpg,2023,2,13,12,91,b_Moderate,2023-02-13,40.7,59.3,429.0,13.7,9.2,101.0
"Biratnagar, Nepal",BIR_UNH_VF_2023-02-02- 12.00-2-74.jpg,2023,2,2,12,158,d_Unhealthy,2023-02-02,57.2,81.7,581.0,12.1,8.5,98.0
"New Ind Town, Faridabad",HAR_VUN_2022-10-02-10.00-1-89.jpg,2022,10,2,12,230,e_Very_Unhealthy,2022-10-02,16.6,23.7,513.0,2.0,1.8,93.0
Mumbai,MH_UH_2023-02-19-12.00-1-52.jpg,2023,2,19,12,160,d_Unhealthy,2023-02-19,143.0,205.8,1159.0,48.0,73.1,327.0
Tamil Nadu,TN_UnFSG_2023-03-08-08.30-1-26.jpg,2023,3,8,12,121,c_Unhealthy_for_Sensitive_Groups,2023-03-08,21.1,30.5,475.0,70.5,1.8,17.0
"ITO, Delhi",DEL_SEV_2023-02-22-14.00-2-271.jpg,2023,2,22,12,450,f_Severe,2023-02-22,2.4,4.2,128.0,0.1,0.0,83.0
"ITO, Delhi",DEL_SEV_2023-02-17-13.00-1-35.jpg,2023,2,17,12,372,f_Severe,2023-02-17,0.2,0.3,91.0,0.1,0.0,49.0
"ITO, Delhi",DEL_VUnH_2023-02-16-17.00-2-35.jpg,2023,2,16,12,293,e_Very_Unhealthy,2023-02-16,2.0,3.3,115.0,0.6,0.0,52.0
Mumbai,MH_UH_2023-02-02- 09.30-1-13.jpg,2023,2,2,12,182,d_Unhealthy,2023-02-02,122.9,179.7,829.0,44.0,61.7,239.0
Mumbai,MH_UnFSG_2023-02-23-11.00-1.jpg,2023,2,23,12,130,c_Unhealthy_for_Sensitive_Groups,2023-02-23,70.5,109.9,662.0,40.6,61.8,226.0
"ITO, Delhi",DEL_SEV_2023-02-07-14.00-1-33.jpg,2023,2,7,12,449,f_Severe,2023-02-07,3.0,5.3,89.0,0.3,0.1,54.0
Tamil Nadu,TN_Mod_2023-02-28-08.30-1-116.jpg,2023,2,28,12,73,b_Moderate,2023-02-28,3.8,5.7,174.0,4.3,0.9,75.0
Tamil Nadu,TN_Good_2023-02-23-08.30-1-61.jpg,2023,2,23,12,43,a_Good,2023-02-23,2.9,4.1,131.0,0.9,1.6,95.0
Tamil Nadu,TN_UnFSG_2023-03-02-08.30-2-141.jpg,2023,3,2,12,119,c_Unhealthy_for_Sensitive_Groups,2023-03-02,8.6,16.2,185.0,2.6,1.1,86.0
Tamil Nadu,TN_UnFSG_2023-03-02-08.30-2-136.jpg,2023,3,2,12,119,c_Unhealthy_for_Sensitive_Groups,2023-03-02,8.6,16.2,185.0,2.6,1.1,86.0
Tamil Nadu,TN_UHFSG_2023-02-02- 09.00-2-12.jpg,2023,2,2,12,107,c_Unhealthy_for_Sensitive_Groups,2023-02-02,23.7,34.2,540.0,59.0,1.5,15.0
Bengaluru,BENGR_Good_2023-02-27-08.30-1-101.jpg,2023,2,27,12,47,a_Good,2023-02-27,10.8,15.8,277.0,6.9,7.3,131.0
"ITO, Delhi",DL_VUNH_2023-02-04-17.00-1-23.jpg,2023,2,4,12,281,e_Very_Unhealthy,2023-02-04,2.8,4.9,89.0,0.2,0.1,62.0
"Knowledge park, Greater Noida",UP_UN_2023-03-01-08.30-1-253.jpg,2023,3,1,12,199,d_Unhealthy,2023-03-01,21.1,47.7,354.0,67.2,13.3,48.0
"Biratnagar, Nepal",BIR_UNFSG_VF_2023-02-03-15.00-3-70.jpg,2023,2,3,12,141,c_Unhealthy_for_Sensitive_Groups,2023-02-03,69.8,99.7,581.0,11.6,6.8,112.0
Mumbai,MH_UN_2023-03-15-15.00-1-267.jpg,2023,3,15,12,162,d_Unhealthy,2023-03-15,190.5,276.6,1537.0,57.3,103.4,404.0
Bengaluru,BENGR_Mod_2023-02-24-08.30-1-46.jpg,2023,2,24,12,68,b_Moderate,2023-02-24,11.3,16.6,250.0,9.2,10.1,126.0
Bengaluru,BENGR_Good_2023-02-19-08.30-1-21.jpg,2023,2,19,12,41,a_Good,2023-02-19,14.6,21.7,286.0,7.9,10.9,146.0
Mumbai,MH_UN_2023-03-02-08.00-1-121.jpg,2023,3,2,12,156,d_Unhealthy,2023-03-02,165.8,246.8,1018.0,45.0,70.9,342.0
Mumbai,MH_VUN_2023-03-05-08.30-2-161.jpg,2023,3,5,12,284,e_Very_Unhealthy,2023-03-05,278.5,401.4,1413.0,23.7,39.9,325.0
Tamil Nadu,TN_Good_2023-02-22-09.30-1-16.jpg,2023,2,22,12,36,a_Good,2023-02-22,8.3,12.4,216.0,13.8,2.4,52.0
Mumbai,MH_Good_2023-03-22-18.00-1-217.jpg,2023,3,22,12,47,a_Good,2023-03-22,16.2,31.8,249.0,15.6,16.8,76.0
Bengaluru,BENGR_Mod_2023-03-01-08.30-1-361.jpg,2023,3,1,12,70,b_Moderate,2023-03-01,17.0,25.4,362.0,6.3,6.0,122.0
"Knowledge park, Greater Noida",UP_UN_2023-03-01-08.30-1-445.jpg,2023,3,1,12,199,d_Unhealthy,2023-03-01,21.1,47.7,354.0,67.2,13.3,48.0
"Biratnagar, Nepal",BIR_UNH_VF_2023-02-02- 1700-2-11.jpg,2023,2,2,12,156,d_Unhealthy,2023-02-02,57.2,81.7,581.0,12.1,8.5,98.0
Tamil Nadu,TN_UHFSG_2023-02-02- 09.00-1-9.jpg,2023,2,2,12,107,c_Unhealthy_for_Sensitive_Groups,2023-02-02,23.7,34.2,540.0,59.0,1.5,15.0
Bengaluru,BENGR_Good_2023-02-26-08.30-1-66.jpg,2023,2,26,12,48,a_Good,2023-02-26,24.5,35.4,262.0,6.6,12.6,156.0
"ITO, Delhi",DEL_VUnH_2023-02-16-14.30-1-193.jpg,2023,2,16,12,245,e_Very_Unhealthy,2023-02-16,2.0,3.3,115.0,0.6,0.0,52.0
"Knowledge park, Greater Noida",UP_UN_2023-03-01-08.30-1-245.jpg,2023,3,1,12,199,d_Unhealthy,2023-03-01,21.1,47.7,354.0,67.2,13.3,48.0
"ITO, Delhi",DEL_VUnH_2023-02-16-17.00-2-33.jpg,2023,2,16,12,293,e_Very_Unhealthy,2023-02-16,2.0,3.3,115.0,0.6,0.0,52.0
"Biratnagar, Nepal",BIR_UNH_VF_2023-02-02- 12.00-2-90.jpg,2023,2,2,12,158,d_Unhealthy,2023-02-02,57.2,81.7,581.0,12.1,8.5,98.0
"Biratnagar, Nepal",BIR_UH_2023-03-16-12.30-3-288.jpg,2023,3,16,12,154,d_Unhealthy,2023-03-16,68.5,98.7,456.0,5.4,8.3,132.0
"Biratnagar, Nepal",BIR_UNFSG_VF_2023-02-03-15.00-2-43.jpg,2023,2,3,12,141,c_Unhealthy_for_Sensitive_Groups,2023-02-03,69.8,99.7,581.0,11.6,6.8,112.0
"Biratnagar, Nepal",BIR_UH_2023-03-16-12.30-3-218.jpg,2023,3,16,12,154,d_Unhealthy,2023-03-16,68.5,98.7,456.0,5.4,8.3,132.0
Bengaluru,BENGR_Mod_2023-02-25-08.30-1-546.jpg,2023,2,25,12,73,b_Moderate,2023-02-25,19.2,27.9,256.0,7.8,9.3,142.0
Mumbai,MH_UnFSG_2023-02-17-13.00-2-63.jpg,2023,2,17,12,140,c_Unhealthy_for_Sensitive_Groups,2023-02-17,64.3,96.9,620.0,42.0,43.7,225.0
Mumbai,MH_UH_2023-02-10-14.30-1-20.jpg,2023,2,10,12,160,d_Unhealthy,2023-02-10,74.7,110.8,581.0,28.9,36.7,198.0
"Biratnagar, Nepal",BIR_UFSG_2023-02-14- 14.30-1-34.jpg,2023,2,14,12,101,c_Unhealthy_for_Sensitive_Groups,2023-02-14,43.3,62.6,471.0,15.4,7.5,101.0
"Knowledge park, Greater Noida",UP_UHFSG_2023-03-06-11.30-1-97.jpg,2023,3,6,12,104,c_Unhealthy_for_Sensitive_Groups,2023-03-06,57.3,103.8,710.0,101.0,20.8,124.0
"ITO, Delhi",DEL_VUnH_2023-02-16-14.30-1-162.jpg,2023,2,16,12,245,e_Very_Unhealthy,2023-02-16,2.0,3.3,115.0,0.6,0.0,52.0
"ITO, Delhi",DEL_VUnH_2023-02-16-17.00-1-79.jpg,2023,2,16,12,293,e_Very_Unhealthy,2023-02-16,2.0,3.3,115.0,0.6,0.0,52.0
Mumbai,MH_UN_2023-03-15-15.00-1-239.jpg,2023,3,15,12,162,d_Unhealthy,2023-03-15,190.5,276.6,1537.0,57.3,103.4,404.0
Mumbai,MH_UN_2023-03-12-13.00-1-386.jpg,2023,3,12,12,156,d_Unhealthy,2023-03-12,240.3,345.5,1730.0,61.2,111.6,478.0
"Knowledge park, Greater Noida",UP_UHFSG_2023-02-08-08.30-1-60.jpg,2023,2,8,12,133,c_Unhealthy_for_Sensitive_Groups,2023-02-08,53.7,112.2,526.0,86.8,19.1,87.0
Tamil Nadu,TN_Good_2023-02-22-09.30-1-141.jpg,2023,2,22,12,36,a_Good,2023-02-22,8.3,12.4,216.0,13.8,2.4,52.0
"ITO, Delhi",DL_VUNH_2023-02-04-17.00-1-50.jpg,2023,2,4,12,281,e_Very_Unhealthy,2023-02-04,2.8,4.9,89.0,0.2,0.1,62.0
Bengaluru,BENGR_Mod_2023-03-04-08.30-1-156.jpg,2023,3,4,12,71,b_Moderate,2023-03-04,17.8,26.3,251.0,6.2,6.9,118.0
"ITO, Delhi",DEL_VUnH_2023-02-16-14.30-1-79.jpg,2023,2,16,12,245,e_Very_Unhealthy,2023-02-16,2.0,3.3,115.0,0.6,0.0,52.0
"Biratnagar, Nepal",BIR_UNH_VF_2023-02-03- 10.00-3-56.jpg,2023,2,3,12,163,d_Unhealthy,2023-02-03,69.8,99.7,581.0,11.6,6.8,112.0
Bengaluru,BENGR_Mod_2023-02-24-08.30-1-336.jpg,2023,2,24,12,68,b_Moderate,2023-02-24,11.3,16.6,250.0,9.2,10.1,126.0
Mumbai,MH_UN_2023-03-16-11.00-1-155.jpg,2023,3,16,12,159,d_Unhealthy,2023-03-16,59.3,90.6,871.0,64.4,81.4,199.0
Mumbai,MH_UN_2023-03-15-15.00-1-218.jpg,2023,3,15,12,162,d_Unhealthy,2023-03-15,190.5,276.6,1537.0,57.3,103.4,404.0
"Biratnagar, Nepal",BIR_UFSG_2023-02-14- 14.30-2-7.jpg,2023,2,14,12,101,c_Unhealthy_for_Sensitive_Groups,2023-02-14,43.3,62.6,471.0,15.4,7.5,101.0
"Knowledge park, Greater Noida",UP_UHFSG_2023-02-08-08.30-1-11.jpg,2023,2,8,12,133,c_Unhealthy_for_Sensitive_Groups,2023-02-08,53.7,112.2,526.0,86.8,19.1,87.0
"Biratnagar, Nepal",BIR_MOD_2023-02-13-09.30-2-6.jpg,2023,2,13,12,91,b_Moderate,2023-02-13,40.7,59.3,429.0,13.7,9.2,101.0
Bengaluru,BENGR_Good_2023-03-21-08.30-1-302.jpg,2023,3,21,12,47,a_Good,2023-03-21,9.1,13.8,245.0,15.6,3.6,110.0
Bengaluru,BENGR_Good_2023-03-25-08.30-1-77.jpg,2023,3,25,12,32,a_Good,2023-03-25,26.6,39.9,248.0,8.4,5.4,133.0
Bengaluru,BENGR_UHFSG_2023-02-15-14.30-1-37.jpg,2023,2,15,12,103,c_Unhealthy_for_Sensitive_Groups,2023-02-15,18.6,26.8,278.0,7.8,11.8,147.0
Mumbai,MH_VUN_2023-03-05-08.30-3.jpg,2023,3,5,12,284,e_Very_Unhealthy,2023-03-05,278.5,401.4,1413.0,23.7,39.9,325.0
"Dimapur, Nagaland",Dimapur_MOD_2023-02-10-08.30-2-74.jpg,2023,2,10,12,63,b_Moderate,2023-02-10,95.7,140.2,322.0,4.6,4.8,113.0
"Biratnagar, Nepal",BIR_MOD_2023-02-13-09.30-2-65.jpg,2023,2,13,12,91,b_Moderate,2023-02-13,40.7,59.3,429.0,13.7,9.2,101.0
Mumbai,MH_UH_2023-02-11-03.30-2-58.jpg,2023,2,11,12,154,d_Unhealthy,2023-02-11,50.5,82.9,477.0,34.0,35.6,181.0
Bengaluru,BENGR_Good_2023-02-28-08.30-1-41.jpg,2023,2,28,12,37,a_Good,2023-02-28,27.2,39.7,398.0,7.6,7.8,127.0
"Biratnagar, Nepal",BIR_UNFSG_VF_2023-02-03-16.00-3-28.jpg,2023,2,3,12,141,c_Unhealthy_for_Sensitive_Groups,2023-02-03,69.8,99.7,581.0,11.6,6.8,112.0
Bengaluru,BENGR_Mod_2023-03-01-08.30-1-416.jpg,2023,3,1,12,70,b_Moderate,2023-03-01,17.0,25.4,362.0,6.3,6.0,122.0
Bengaluru,BENGR_Mod_2023-03-01-08.30-1-126.jpg,2023,3,1,12,70,b_Moderate,2023-03-01,17.0,25.4,362.0,6.3,6.0,122.0
"ITO, Delhi",DEL_SEV_2023-02-07-14.00-1-32.jpg,2023,2,7,12,449,f_Severe,2023-02-07,3.0,5.3,89.0,0.3,0.1,54.0
Tamil Nadu,TN_UN_2023-03-06-09.00-2-46.jpg,2023,3,6,12,161,d_Unhealthy,2023-03-06,15.6,22.5,298.0,24.2,0.8,36.0
Tamil Nadu,TN_UHFSG_2023-02-10-08.30-1-28.jpg,2023,2,10,12,105,c_Unhealthy_for_Sensitive_Groups,2023-02-10,3.4,5.3,152.0,3.8,0.5,78.0
"Knowledge park, Greater Noida",UP_UHFSG_2023-02-08-08.30-1-92.jpg,2023,2,8,12,133,c_Unhealthy_for_Sensitive_Groups,2023-02-08,53.7,112.2,526.0,86.8,19.1,87.0
"ITO, Delhi",DEL_VUnH_2023-02-16-17.00-1-30.jpg,2023,2,16,12,293,e_Very_Unhealthy,2023-02-16,2.0,3.3,115.0,0.6,0.0,52.0
Tamil Nadu,TN_UHFSG_2023-02-02- 09.00-2-10.jpg,2023,2,2,12,107,c_Unhealthy_for_Sensitive_Groups,2023-02-02,23.7,34.2,540.0,59.0,1.5,15.0
"Biratnagar, Nepal",BIR_MOD_2023-02-13-09.30-4-29.jpg,2023,2,13,12,91,b_Moderate,2023-02-13,40.7,59.3,429.0,13.7,9.2,101.0
Mumbai,MH_UnFSG_2023-02-15-10.30-1-65.jpg,2023,2,15,12,143,c_Unhealthy_for_Sensitive_Groups,2023-02-15,82.2,119.0,737.0,40.3,51.8,253.0
Bengaluru,BENGR_UHFSG_2023-02-03-08.30-1-27.jpg,2023,2,3,12,136,c_Unhealthy_for_Sensitive_Groups,2023-02-03,19.7,31.1,321.0,13.6,3.8,86.0
Tamil Nadu,TN_UNH_2023-02-03-12.30-1-3.jpg,2023,2,3,12,150,d_Unhealthy,2023-02-03,26.3,38.1,500.0,65.8,1.9,18.0
"Biratnagar, Nepal",BIR_UNH_VF_2023-02-02- 15.00-2-50.jpg,2023,2,2,12,156,d_Unhealthy,2023-02-02,57.2,81.7,581.0,12.1,8.5,98.0
"Knowledge park, Greater Noida",UP_SEV_2023-02-18-11.00-1-55.jpg,2023,2,18,12,320,f_Severe,2023-02-18,24.9,48.1,246.0,27.6,8.9,84.0
Mumbai,MH_UH_2023-02-02- 09.30-1-32.jpg,2023,2,2,12,182,d_Unhealthy,2023-02-02,122.9,179.7,829.0,44.0,61.7,239.0
Mumbai,MH_VUN_2023-02-25-10.00-1-21.jpg,2023,2,25,12,206,e_Very_Unhealthy,2023-02-25,64.3,98.3,654.0,37.4,50.9,173.0
Bengaluru,BENGR_Good_2023-03-21-08.30-1-540.jpg,2023,3,21,12,47,a_Good,2023-03-21,9.1,13.8,245.0,15.6,3.6,110.0
Tamil Nadu,TN_Good_2023-02-22-09.30-1-171.jpg,2023,2,22,12,36,a_Good,2023-02-22,8.3,12.4,216.0,13.8,2.4,52.0
"Biratnagar, Nepal",BIR_UNFSG_VF_2023-02-03-16.00-3-70.jpg,2023,2,3,12,141,c_Unhealthy_for_Sensitive_Groups,2023-02-03,69.8,99.7,581.0,11.6,6.8,112.0
"Knowledge park, Greater Noida",UP_UHFSG_2023-02-08-08.30-1-118.jpg,2023,2,8,12,133,c_Unhealthy_for_Sensitive_Groups,2023-02-08,53.7,112.2,526.0,86.8,19.1,87.0
Mumbai,MH_Mod_2023-03-21-15.00-1-337.jpg,2023,3,21,12,92,b_Moderate,2023-03-21,15.9,32.0,246.0,16.3,15.8,72.0
"Knowledge park, Greater Noida",UP_UHFSG_2023-03-06-11.30-1-25.jpg,2023,3,6,12,104,c_Unhealthy_for_Sensitive_Groups,2023-03-06,57.3,103.8,710.0,101.0,20.8,124.0
Mumbai,MH_UN_2023-03-12-13.00-1.jpg,2023,3,12,12,156,d_Unhealthy,2023-03-12,240.3,345.5,1730.0,61.2,111.6,478.0
Mumbai,MH_UnFSG_2023-02-16-17.00-5.jpg,2023,2,16,12,128,c_Unhealthy_for_Sensitive_Groups,2023-02-16,80.8,118.3,643.0,38.1,47.3,247.0
Tamil Nadu,TN_Good_2023-02-27-16.30-2-66.jpg,2023,2,27,12,43,a_Good,2023-02-27,5.9,9.2,177.0,7.1,1.1,74.0
Mumbai,MH_UN_2023-03-15-15.00-1-113.jpg,2023,3,15,12,162,d_Unhealthy,2023-03-15,190.5,276.6,1537.0,57.3,103.4,404.0
"Knowledge park, Greater Noida",UP_UN_2023-03-01-08.30-1-241.jpg,2023,3,1,12,199,d_Unhealthy,2023-03-01,21.1,47.7,354.0,67.2,13.3,48.0
"ITO, Delhi",DEL_VUnH_2023-02-16-17.00-2-30.jpg,2023,2,16,12,293,e_Very_Unhealthy,2023-02-16,2.0,3.3,115.0,0.6,0.0,52.0
Bengaluru,BENGR_Good_2023-03-25-08.30-1-71.jpg,2023,3,25,12,32,a_Good,2023-03-25,26.6,39.9,248.0,8.4,5.4,133.0
"Knowledge park, Greater Noida",UP_UHFSG_2023-03-06-11.30-1-405.jpg,2023,3,6,12,104,c_Unhealthy_for_Sensitive_Groups,2023-03-06,57.3,103.8,710.0,101.0,20.8,124.0
"Knowledge park, Greater Noida",UP_UHFSG_2023-02-08-08.30-1-14.jpg,2023,2,8,12,133,c_Unhealthy_for_Sensitive_Groups,2023-02-08,53.7,112.2,526.0,86.8,19.1,87.0
"Biratnagar, Nepal",BIR_UNH_VF_2023-02-02- 15.00-2-72.jpg,2023,2,2,12,156,d_Unhealthy,2023-02-02,57.2,81.7,581.0,12.1,8.5,98.0
Bengaluru,BENGR_Mod_2023-02-24-08.30-1-271.jpg,2023,2,24,12,68,b_Moderate,2023-02-24,11.3,16.6,250.0,9.2,10.1,126.0
"New Ind Town, Faridabad",HAR_VUN_2022-10-02-10.00-1-905.jpg,2022,10,2,12,230,e_Very_Unhealthy,2022-10-02,16.6,23.7,513.0,2.0,1.8,93.0
"Biratnagar, Nepal",BIR_UH_2023-03-16-12.30-1-8.jpg,2023,3,16,12,154,d_Unhealthy,2023-03-16,68.5,98.7,456.0,5.4,8.3,132.0
Tamil Nadu,TN_UnFSG_2023-03-02-08.30-2-116.jpg,2023,3,2,12,119,c_Unhealthy_for_Sensitive_Groups,2023-03-02,8.6,16.2,185.0,2.6,1.1,86.0
Mumbai,MH_UnFSG_2023-02-23-11.00-1-61.jpg,2023,2,23,12,130,c_Unhealthy_for_Sensitive_Groups,2023-02-23,70.5,109.9,662.0,40.6,61.8,226.0
"Biratnagar, Nepal",BIR_UFSG_2023-02-14- 14.30-3-8.jpg,2023,2,14,12,101,c_Unhealthy_for_Sensitive_Groups,2023-02-14,43.3,62.6,471.0,15.4,7.5,101.0
Bengaluru,BENGR_Mod_2023-02-21-08.30-1-341.jpg,2023,2,21,12,56,b_Moderate,2023-02-21,26.0,37.8,303.0,8.9,11.2,152.0
"ITO, Delhi",DEL_VUnH_2023-02-16-14.30-1-108.jpg,2023,2,16,12,245,e_Very_Unhealthy,2023-02-16,2.0,3.3,115.0,0.6,0.0,52.0
Bengaluru,BENGR_UHFSG_2023-02-03-08.30-1-42.jpg,2023,2,3,12,136,c_Unhealthy_for_Sensitive_Groups,2023-02-03,19.7,31.1,321.0,13.6,3.8,86.0
"Biratnagar, Nepal",BIR_UNH_VF_2023-02-02- 15.00-2-37.jpg,2023,2,2,12,156,d_Unhealthy,2023-02-02,57.2,81.7,581.0,12.1,8.5,98.0
Mumbai,MH_VUN_2023-02-25-10.00-1-301.jpg,2023,2,25,12,206,e_Very_Unhealthy,2023-02-25,64.3,98.3,654.0,37.4,50.9,173.0
"ITO, Delhi",DEL_VUnH_2023-02-16-14.30-1-8.jpg,2023,2,16,12,245,e_Very_Unhealthy,2023-02-16,2.0,3.3,115.0,0.6,0.0,52.0
Tamil Nadu,TN_UHFSG_2023-02-10-08.30-1-2.jpg,2023,2,10,12,105,c_Unhealthy_for_Sensitive_Groups,2023-02-10,3.4,5.3,152.0,3.8,0.5,78.0
"ITO, Delhi",DEL_SEV_2023-02-20-14.00-2-481.jpg,2023,2,20,12,363,f_Severe,2023-02-20,4.4,7.8,136.0,0.3,0.0,76.0
"Biratnagar, Nepal",BIR_MOD_2023-02-13-09.30-2-43.jpg,2023,2,13,12,91,b_Moderate,2023-02-13,40.7,59.3,429.0,13.7,9.2,101.0
"ITO, Delhi",DEL_SEV_2023-02-22-14.00-1-176.jpg,2023,2,22,12,450,f_Severe,2023-02-22,2.4,4.2,128.0,0.1,0.0,83.0
Mumbai,MH_UH_2023-02-02- 09.30-1-31.jpg,2023,2,2,12,182,d_Unhealthy,2023-02-02,122.9,179.7,829.0,44.0,61.7,239.0
Mumbai,MH_UN_2023-03-15-15.00-1-288.jpg,2023,3,15,12,162,d_Unhealthy,2023-03-15,190.5,276.6,1537.0,57.3,103.4,404.0
Mumbai,MH_Good_2023-03-22-18.00-1-403.jpg,2023,3,22,12,47,a_Good,2023-03-22,16.2,31.8,249.0,15.6,16.8,76.0
Mumbai,MH_UnFSG_2023-02-17-19.00-2-2.jpg,2023,2,17,12,145,c_Unhealthy_for_Sensitive_Groups,2023-02-17,64.3,96.9,620.0,42.0,43.7,225.0
"ITO, Delhi",DEL_VUnH_2023-02-16-14.30-1-107.jpg,2023,2,16,12,245,e_Very_Unhealthy,2023-02-16,2.0,3.3,115.0,0.6,0.0,52.0
Mumbai,MH_UnFSG_2023-03-14-13.00-1-121.jpg,2023,3,14,12,138,c_Unhealthy_for_Sensitive_Groups,2023-03-14,160.7,240.3,1639.0,42.4,85.0,345.0
"New Ind Town, Faridabad",HAR_VUN_2022-10-02-10.00-1-1001.jpg,2022,10,2,12,230,e_Very_Unhealthy,2022-10-02,16.6,23.7,513.0,2.0,1.8,93.0
"Biratnagar, Nepal",BIR_UNH_VF_2023-02-02- 15.00-4-36.jpg,2023,2,2,12,156,d_Unhealthy,2023-02-02,57.2,81.7,581.0,12.1,8.5,98.0
Mumbai,MH_UH_2023-02-19-12.00-1-11.jpg,2023,2,19,12,160,d_Unhealthy,2023-02-19,143.0,205.8,1159.0,48.0,73.1,327.0
Mumbai,MH_UnFSG_2023-02-23-11.00-1-191.jpg,2023,2,23,12,130,c_Unhealthy_for_Sensitive_Groups,2023-02-23,70.5,109.9,662.0,40.6,61.8,226.0
Bengaluru,BENGR_Mod_2023-03-06-08.30-1-521.jpg,2023,3,6,12,68,b_Moderate,2023-03-06,12.6,18.6,218.0,6.5,8.2,129.0
"Knowledge park, Greater Noida",UP_SEV_2023-02-18-11.00-1-99.jpg,2023,2,18,12,320,f_Severe,2023-02-18,24.9,48.1,246.0,27.6,8.9,84.0
"ITO, Delhi",DEL_SEV_2023-02-20-14.00-2-271.jpg,2023,2,20,12,363,f_Severe,2023-02-20,4.4,7.8,136.0,0.3,0.0,76.0
"Biratnagar, Nepal",BIR_UNH_VF_2023-02-02- 15.00-2-1.jpg,2023,2,2,12,156,d_Unhealthy,2023-02-02,57.2,81.7,581.0,12.1,8.5,98.0
"Biratnagar, Nepal",BIR_MOD_2023-02-13-09.30-1-42.jpg,2023,2,13,12,91,b_Moderate,2023-02-13,40.7,59.3,429.0,13.7,9.2,101.0
"ITO, Delhi",DEL_VUnH_2023-02-16-14.30-1-42.jpg,2023,2,16,12,245,e_Very_Unhealthy,2023-02-16,2.0,3.3,115.0,0.6,0.0,52.0
"Biratnagar, Nepal",BIR_UNFSG_VF_2023-02-03-15.00-3-81.jpg,2023,2,3,12,141,c_Unhealthy_for_Sensitive_Groups,2023-02-03,69.8,99.7,581.0,11.6,6.8,112.0
"Biratnagar, Nepal",BIR_UNH_VF_2023-02-02- 12.00-1-134.jpg,2023,2,2,12,158,d_Unhealthy,2023-02-02,57.2,81.7,581.0,12.1,8.5,98.0
"Knowledge park, Greater Noida",UP_VUN_2023-03-02-09.00-1-249.jpg,2023,3,2,12,223,e_Very_Unhealthy,2023-03-02,20.5,48.2,338.0,56.9,14.0,72.0
"ITO, Delhi",DEL_VUH_2023-02-04-17.00-2-180.jpg,2023,2,4,12,281,e_Very_Unhealthy,2023-02-04,2.8,4.9,89.0,0.2,0.1,62.0
"Knowledge park, Greater Noida",UP_UHFSG_2023-03-06-11.30-1-217.jpg,2023,3,6,12,104,c_Unhealthy_for_Sensitive_Groups,2023-03-06,57.3,103.8,710.0,101.0,20.8,124.0
Mumbai,MH_UN_2023-03-15-15.00-1-190.jpg,2023,3,15,12,162,d_Unhealthy,2023-03-15,190.5,276.6,1537.0,57.3,103.4,404.0
Mumbai,MH_Good_2023-03-22-11.00-10.jpg,2023,3,22,12,49,a_Good,2023-03-22,16.2,31.8,249.0,15.6,16.8,76.0
Mumbai,MH_Mod_2023-03-21-15.00-1-442.jpg,2023,3,21,12,92,b_Moderate,2023-03-21,15.9,32.0,246.0,16.3,15.8,72.0
"Dimapur, Nagaland",Dimapur_UHFSG_2023-02-02- 09.00-3-56.jpg,2023,2,2,12,103,c_Unhealthy_for_Sensitive_Groups,2023-02-02,39.6,56.9,296.0,6.5,2.7,107.0
Tamil Nadu,TN_UNH_2023-02-03-12.30-1-11.jpg,2023,2,3,12,150,d_Unhealthy,2023-02-03,26.3,38.1,500.0,65.8,1.9,18.0
Tamil Nadu,TN_Good_2023-02-20-08.30-1-15.jpg,2023,2,20,12,37,a_Good,2023-02-20,2.1,3.0,150.0,2.1,0.4,78.0
"Biratnagar, Nepal",BIR_UNFSG_VF_2023-02-03-15.00-3-20.jpg,2023,2,3,12,141,c_Unhealthy_for_Sensitive_Groups,2023-02-03,69.8,99.7,581.0,11.6,6.8,112.0
"ITO, Delhi",DEL_VUnH_2023-02-16-14.30-1-12.jpg,2023,2,16,12,245,e_Very_Unhealthy,2023-02-16,2.0,3.3,115.0,0.6,0.0,52.0
Mumbai,MH_UH_2023-02-14-11.30-1-11.jpg,2023,2,14,12,160,d_Unhealthy,2023-02-14,81.3,119.0,721.0,41.8,52.8,260.0
"Knowledge park, Greater Noida",UP_UHFSG_2023-02-08-08.30-1-21.jpg,2023,2,8,12,133,c_Unhealthy_for_Sensitive_Groups,2023-02-08,53.7,112.2,526.0,86.8,19.1,87.0
Bengaluru,BENGR_Mod_2023-02-25-08.30-1-176.jpg,2023,2,25,12,73,b_Moderate,2023-02-25,19.2,27.9,256.0,7.8,9.3,142.0
"ITO, Delhi",DEL_SEV_2023-02-20-14.00-3-111.jpg,2023,2,20,12,363,f_Severe,2023-02-20,4.4,7.8,136.0,0.3,0.0,76.0
"ITO, Delhi",DEL_SEV_2023-02-20-14.00-2-11.jpg,2023,2,20,12,363,f_Severe,2023-02-20,4.4,7.8,136.0,0.3,0.0,76.0
Mumbai,MH_Good_2023-03-22-11.00-1-106.jpg,2023,3,22,12,49,a_Good,2023-03-22,16.2,31.8,249.0,15.6,16.8,76.0
"New Ind Town, Faridabad",HAR_VUN_2022-10-02-10.00-1-1449.jpg,2022,10,2,12,230,e_Very_Unhealthy,2022-10-02,16.6,23.7,513.0,2.0,1.8,93.0
Tamil Nadu,TN_UnFSG_2023-03-02-08.30-1-201.jpg,2023,3,2,12,119,c_Unhealthy_for_Sensitive_Groups,2023-03-02,8.6,16.2,185.0,2.6,1.1,86.0
"ITO, Delhi",DEL_SEV_2023-02-20-14.00-2-621.jpg,2023,2,20,12,363,f_Severe,2023-02-20,4.4,7.8,136.0,0.3,0.0,76.0
"ITO, Delhi",DEL_VUnH_2023-02-16-14.30-1-15.jpg,2023,2,16,12,245,e_Very_Unhealthy,2023-02-16,2.0,3.3,115.0,0.6,0.0,52.0
Tamil Nadu,TN_UN_2023-03-06-09.00-1-191.jpg,2023,3,6,12,161,d_Unhealthy,2023-03-06,15.6,22.5,298.0,24.2,0.8,36.0
"Knowledge park, Greater Noida",UP_UHFSG_2023-02-08-08.30-1-24.jpg,2023,2,8,12,133,c_Unhealthy_for_Sensitive_Groups,2023-02-08,53.7,112.2,526.0,86.8,19.1,87.0
"Knowledge park, Greater Noida",UP_VUN_2023-03-02-09.00-1-113.jpg,2023,3,2,12,223,e_Very_Unhealthy,2023-03-02,20.5,48.2,338.0,56.9,14.0,72.0
Tamil Nadu,TN_UnFSG_2023-03-09-09.00-1-206.jpg,2023,3,9,12,134,c_Unhealthy_for_Sensitive_Groups,2023-03-09,10.4,15.2,234.0,12.8,0.9,62.0
"Biratnagar, Nepal",BIR_UNH_VF_2023-02-03- 10.00-1-30.jpg,2023,2,3,12,163,d_Unhealthy,2023-02-03,69.8,99.7,581.0,11.6,6.8,112.0
"New Ind Town, Faridabad",HAR_VUN_2022-10-02-10.00-1-2689.jpg,2022,10,2,12,230,e_Very_Unhealthy,2022-10-02,16.6,23.7,513.0,2.0,1.8,93.0
"Knowledge park, Greater Noida",UP_UHFSG_2023-02-15-08.30-5.jpg,2023,2,15,12,134,c_Unhealthy_for_Sensitive_Groups,2023-02-15,68.9,104.8,389.0,56.2,16.2,190.0
"Biratnagar, Nepal",BIR_UFSG_2023-02-14- 14.30-2-42.jpg,2023,2,14,12,101,c_Unhealthy_for_Sensitive_Groups,2023-02-14,43.3,62.6,471.0,15.4,7.5,101.0
Bengaluru,BENGR_Mod_2023-03-06-08.30-1-96.jpg,2023,3,6,12,68,b_Moderate,2023-03-06,12.6,18.6,218.0,6.5,8.2,129.0
"New Ind Town, Faridabad",HAR_VUN_2022-10-02-10.00-1-3113.jpg,2022,10,2,12,230,e_Very_Unhealthy,2022-10-02,16.6,23.7,513.0,2.0,1.8,93.0
"ITO, Delhi",DEL_SEV_2023-02-20-14.00-1-196.jpg,2023,2,20,12,363,f_Severe,2023-02-20,4.4,7.8,136.0,0.3,0.0,76.0
"ITO, Delhi",DEL_VUH_2023-02-04-17.00-2-55.jpg,2023,2,4,12,281,e_Very_Unhealthy,2023-02-04,2.8,4.9,89.0,0.2,0.1,62.0
Bengaluru,BENGR_Mod_2023-03-01-08.30-1-136.jpg,2023,3,1,12,70,b_Moderate,2023-03-01,17.0,25.4,362.0,6.3,6.0,122.0
"Biratnagar, Nepal",BIR_UNFSG_VF_2023-02-03-16.00-1-103.jpg,2023,2,3,12,141,c_Unhealthy_for_Sensitive_Groups,2023-02-03,69.8,99.7,581.0,11.6,6.8,112.0
Mumbai,MH_UH_2023-02-03- 09.30-1-39.jpg,2023,2,3,12,162,d_Unhealthy,2023-02-03,121.1,177.4,813.0,48.2,60.2,256.0
"Biratnagar, Nepal",BIR_UFSG_2023-02-14- 14.30-2-25.jpg,2023,2,14,12,101,c_Unhealthy_for_Sensitive_Groups,2023-02-14,43.3,62.6,471.0,15.4,7.5,101.0
"Dimapur, Nagaland",Dimapur_UHFSG_2023-02-02- 09.00-3-51.jpg,2023,2,2,12,103,c_Unhealthy_for_Sensitive_Groups,2023-02-02,39.6,56.9,296.0,6.5,2.7,107.0
Mumbai,MH_UnFSG_2023-02-17-19.00-2-41.jpg,2023,2,17,12,145,c_Unhealthy_for_Sensitive_Groups,2023-02-17,64.3,96.9,620.0,42.0,43.7,225.0
"ITO, Delhi",DEL_VUnH_2023-02-16-14.30-1-230.jpg,2023,2,16,12,245,e_Very_Unhealthy,2023-02-16,2.0,3.3,115.0,0.6,0.0,52.0
Tamil Nadu,TN_Good_2023-02-22-09.30-1-211.jpg,2023,2,22,12,36,a_Good,2023-02-22,8.3,12.4,216.0,13.8,2.4,52.0
Mumbai,MH_UH_2023-02-19-12.00-1-8.jpg,2023,2,19,12,160,d_Unhealthy,2023-02-19,143.0,205.8,1159.0,48.0,73.1,327.0
Tamil Nadu,TN_UN_2023-03-06-09.00-1-236.jpg,2023,3,6,12,161,d_Unhealthy,2023-03-06,15.6,22.5,298.0,24.2,0.8,36.0
Bengaluru,BENGR_Mod_2023-02-24-08.30-1-371.jpg,2023,2,24,12,68,b_Moderate,2023-02-24,11.3,16.6,250.0,9.2,10.1,126.0
Bengaluru,BENGR_Good_2023-02-19-08.30-1-36.jpg,2023,2,19,12,41,a_Good,2023-02-19,14.6,21.7,286.0,7.9,10.9,146.0
Mumbai,MH_UnFSG_2023-02-17-19.00-2-29.jpg,2023,2,17,12,145,c_Unhealthy_for_Sensitive_Groups,2023-02-17,64.3,96.9,620.0,42.0,43.7,225.0
"Biratnagar, Nepal",BIR_UNFSG_VF_2023-02-03-16.00-2-113.jpg,2023,2,3,12,141,c_Unhealthy_for_Sensitive_Groups,2023-02-03,69.8,99.7,581.0,11.6,6.8,112.0
Mumbai,MH_UH_2023-02-18-11.00-1-51.jpg,2023,2,18,12,151,d_Unhealthy,2023-02-18,100.4,145.8,792.0,40.1,53.4,275.0
"New Ind Town, Faridabad",HAR_VUN_2022-10-02-10.00-1-1217.jpg,2022,10,2,12,230,e_Very_Unhealthy,2022-10-02,16.6,23.7,513.0,2.0,1.8,93.0
Bengaluru,BENGR_Good_2023-03-25-08.30-1-82.jpg,2023,3,25,12,32,a_Good,2023-03-25,26.6,39.9,248.0,8.4,5.4,133.0
Mumbai,MH_Good_2023-03-23-17.00-1-295.jpg,2023,3,23,12,47,a_Good,2023-03-23,18.4,34.5,257.0,17.2,19.2,71.0
"Biratnagar, Nepal",BIR_UNH_VF_2023-02-02- 12.00-1-124.jpg,2023,2,2,12,158,d_Unhealthy,2023-02-02,57.2,81.7,581.0,12.1,8.5,98.0
"ITO, Delhi",DL_VUNH_2023-02-04-17.00-1-41.jpg,2023,2,4,12,281,e_Very_Unhealthy,2023-02-04,2.8,4.9,89.0,0.2,0.1,62.0
"New Ind Town, Faridabad",HAR_VUN_2022-10-02-10.00-1-4873.jpg,2022,10,2,12,230,e_Very_Unhealthy,2022-10-02,16.6,23.7,513.0,2.0,1.8,93.0
Mumbai,MH_UH_2023-02-03- 09.30-1-56.jpg,2023,2,3,12,162,d_Unhealthy,2023-02-03,121.1,177.4,813.0,48.2,60.2,256.0
"ITO, Delhi",DEL_SEV_2023-02-22-14.00-2-601.jpg,2023,2,22,12,450,f_Severe,2023-02-22,2.4,4.2,128.0,0.1,0.0,83.0
Mumbai,MH_UnFSG_2023-03-14-13.00-1-391.jpg,2023,3,14,12,138,c_Unhealthy_for_Sensitive_Groups,2023-03-14,160.7,240.3,1639.0,42.4,85.0,345.0
"Knowledge park, Greater Noida",UP_SEV_2023-02-20-08.30-1-13.jpg,2023,2,20,12,331,f_Severe,2023-02-20,26.1,49.7,219.0,20.0,5.1,100.0
Tamil Nadu,TN_UNH_2023-02-03-13.30-1-38.jpg,2023,2,3,12,167,d_Unhealthy,2023-02-03,26.3,38.1,500.0,65.8,1.9,18.0
Mumbai,MH_Good_2023-03-23-17.00-1-309.jpg,2023,3,23,12,47,a_Good,2023-03-23,18.4,34.5,257.0,17.2,19.2,71.0
Bengaluru,BENGR_Good_2023-03-17-08.30-1-260.jpg,2023,3,17,12,15,a_Good,2023-03-17,20.8,31.4,332.0,11.4,4.1,112.0
Bengaluru,BENGR_Good_2023-02-28-08.30-1-271.jpg,2023,2,28,12,37,a_Good,2023-02-28,27.2,39.7,398.0,7.6,7.8,127.0
"Dimapur, Nagaland",Dimapur_MOD_2023-02-10-08.30-1-20.jpg,2023,2,10,12,63,b_Moderate,2023-02-10,95.7,140.2,322.0,4.6,4.8,113.0
Mumbai,MH_VUN_2023-02-25-10.00-1-291.jpg,2023,2,25,12,206,e_Very_Unhealthy,2023-02-25,64.3,98.3,654.0,37.4,50.9,173.0
Mumbai,MH_VUN_2023-03-05-08.30-2-81.jpg,2023,3,5,12,284,e_Very_Unhealthy,2023-03-05,278.5,401.4,1413.0,23.7,39.9,325.0
Tamil Nadu,TN_UnFSG_2023-03-02-08.30-1-116.jpg,2023,3,2,12,119,c_Unhealthy_for_Sensitive_Groups,2023-03-02,8.6,16.2,185.0,2.6,1.1,86.0
"ITO, Delhi",DEL_SEV_2023-02-20-14.00-3-46.jpg,2023,2,20,12,363,f_Severe,2023-02-20,4.4,7.8,136.0,0.3,0.0,76.0
"ITO, Delhi",DEL_VUnH_2023-02-16-17.00-2-39.jpg,2023,2,16,12,293,e_Very_Unhealthy,2023-02-16,2.0,3.3,115.0,0.6,0.0,52.0
"ITO, Delhi",DEL_SEV_2023-02-07-14.00-1-10.jpg,2023,2,7,12,449,f_Severe,2023-02-07,3.0,5.3,89.0,0.3,0.1,54.0
"Dimapur, Nagaland",Dimapur_MOD_2023-02-10-08.30-2-2.jpg,2023,2,10,12,63,b_Moderate,2023-02-10,95.7,140.2,322.0,4.6,4.8,113.0
"ITO, Delhi",DEL_SEV_2023-02-17-13.00-3.jpg,2023,2,17,12,372,f_Severe,2023-02-17,0.2,0.3,91.0,0.1,0.0,49.0
Mumbai,MH_VUN_2023-03-05-08.30-2-51.jpg,2023,3,5,12,284,e_Very_Unhealthy,2023-03-05,278.5,401.4,1413.0,23.7,39.9,325.0
"Knowledge park, Greater Noida",UP_VUN_2023-03-02-09.00-1-717.jpg,2023,3,2,12,223,e_Very_Unhealthy,2023-03-02,20.5,48.2,338.0,56.9,14.0,72.0
Tamil Nadu,TN_Good_2023-02-20-16.30-2-56.jpg,2023,2,20,12,43,a_Good,2023-02-20,2.1,3.0,150.0,2.1,0.4,78.0
Bengaluru,BENGR_Good_2023-02-26-08.30-1-441.jpg,2023,2,26,12,48,a_Good,2023-02-26,24.5,35.4,262.0,6.6,12.6,156.0
"ITO, Delhi",DEL_SEV_2023-02-17-13.00-1-12.jpg,2023,2,17,12,372,f_Severe,2023-02-17,0.2,0.3,91.0,0.1,0.0,49.0
Mumbai,MH_UnFSG_2023-02-15-10.30-2.jpg,2023,2,15,12,143,c_Unhealthy_for_Sensitive_Groups,2023-02-15,82.2,119.0,737.0,40.3,51.8,253.0
"New Ind Town, Faridabad",HAR_VUN_2022-10-02-10.00-1-1113.jpg,2022,10,2,12,230,e_Very_Unhealthy,2022-10-02,16.6,23.7,513.0,2.0,1.8,93.0
Bengaluru,BENGR_Mod_2023-02-24-08.30-1-451.jpg,2023,2,24,12,68,b_Moderate,2023-02-24,11.3,16.6,250.0,9.2,10.1,126.0
Mumbai,MH_UnFSG_2023-02-17-13.00-1-4.jpg,2023,2,17,12,140,c_Unhealthy_for_Sensitive_Groups,2023-02-17,64.3,96.9,620.0,42.0,43.7,225.0
Tamil Nadu,TN_UnFSG_2023-03-09-09.00-1-236.jpg,2023,3,9,12,134,c_Unhealthy_for_Sensitive_Groups,2023-03-09,10.4,15.2,234.0,12.8,0.9,62.0
Mumbai,MH_Mod_2023-03-21-15.00-1-57.jpg,2023,3,21,12,92,b_Moderate,2023-03-21,15.9,32.0,246.0,16.3,15.8,72.0
Mumbai,MH_UH_2023-02-14-11.30-5.jpg,2023,2,14,12,160,d_Unhealthy,2023-02-14,81.3,119.0,721.0,41.8,52.8,260.0
Mumbai,MH_VUN_2023-03-05-08.30-2-321.jpg,2023,3,5,12,284,e_Very_Unhealthy,2023-03-05,278.5,401.4,1413.0,23.7,39.9,325.0
"Biratnagar, Nepal",BIR_UNH_VF_2023-02-03- 10.00-1-16.jpg,2023,2,3,12,163,d_Unhealthy,2023-02-03,69.8,99.7,581.0,11.6,6.8,112.0
"Biratnagar, Nepal",BIR_MOD_2023-02-13-09.30-1-29.jpg,2023,2,13,12,91,b_Moderate,2023-02-13,40.7,59.3,429.0,13.7,9.2,101.0
"ITO, Delhi",DEL_VUnH_2023-02-16-17.00-1-130.jpg,2023,2,16,12,293,e_Very_Unhealthy,2023-02-16,2.0,3.3,115.0,0.6,0.0,52.0
Mumbai,MH_UN_2023-03-02-08.00-2.jpg,2023,3,2,12,156,d_Unhealthy,2023-03-02,165.8,246.8,1018.0,45.0,70.9,342.0
Bengaluru,BENGR_Mod_2023-03-09-08.30-1-171.jpg,2023,3,9,12,51,b_Moderate,2023-03-09,32.7,47.8,341.0,6.8,6.3,123.0
"Knowledge park, Greater Noida",UP_UHFSG_2023-03-06-11.30-1-273.jpg,2023,3,6,12,104,c_Unhealthy_for_Sensitive_Groups,2023-03-06,57.3,103.8,710.0,101.0,20.8,124.0
Bengaluru,BENGR_Mod_2023-03-06-08.30-1-146.jpg,2023,3,6,12,68,b_Moderate,2023-03-06,12.6,18.6,218.0,6.5,8.2,129.0
Bengaluru,BENGR_Mod_2023-02-25-08.30-1-611.jpg,2023,2,25,12,73,b_Moderate,2023-02-25,19.2,27.9,256.0,7.8,9.3,142.0
"Knowledge park, Greater Noida",UP_UHFSG_2023-02-08-08.30-1-97.jpg,2023,2,8,12,133,c_Unhealthy_for_Sensitive_Groups,2023-02-08,53.7,112.2,526.0,86.8,19.1,87.0
"Biratnagar, Nepal",BIR_UNH_VF_2023-02-02- 12.00-1-20.jpg,2023,2,2,12,158,d_Unhealthy,2023-02-02,57.2,81.7,581.0,12.1,8.5,98.0
"ITO, Delhi",DEL_VUnH_2023-02-16-17.00-2-50.jpg,2023,2,16,12,293,e_Very_Unhealthy,2023-02-16,2.0,3.3,115.0,0.6,0.0,52.0
"ITO, Delhi",DEL_SEV_2023-02-16-18.00-2-81.jpg,2023,2,16,12,330,f_Severe,2023-02-16,2.0,3.3,115.0,0.6,0.0,52.0
"Knowledge park, Greater Noida",UP_SEV_2023-02-20-08.30-1-67.jpg,2023,2,20,12,331,f_Severe,2023-02-20,26.1,49.7,219.0,20.0,5.1,100.0
"Knowledge park, Greater Noida",UP_SEV_2023-02-18-11.00-1-2.jpg,2023,2,18,12,320,f_Severe,2023-02-18,24.9,48.1,246.0,27.6,8.9,84.0
Bengaluru,BENGR_Mod_2023-03-06-08.30-1-136.jpg,2023,3,6,12,68,b_Moderate,2023-03-06,12.6,18.6,218.0,6.5,8.2,129.0
Mumbai,MH_UH_2023-02-10-14.30-1-102.jpg,2023,2,10,12,160,d_Unhealthy,2023-02-10,74.7,110.8,581.0,28.9,36.7,198.0
"Knowledge park, Greater Noida",UP_VUN_2023-03-02-09.00-1-485.jpg,2023,3,2,12,223,e_Very_Unhealthy,2023-03-02,20.5,48.2,338.0,56.9,14.0,72.0
Bengaluru,BENGR_Good_2023-03-25-08.30-1-58.jpg,2023,3,25,12,32,a_Good,2023-03-25,26.6,39.9,248.0,8.4,5.4,133.0
Bengaluru,BENGR_Mod_2023-02-23-08.30-1-316.jpg,2023,2,23,12,97,b_Moderate,2023-02-23,18.2,26.4,272.0,8.0,8.1,126.0
"ITO, Delhi",DEL_SEV_2023-02-20-14.00-3-276.jpg,2023,2,20,12,363,f_Severe,2023-02-20,4.4,7.8,136.0,0.3,0.0,76.0
Bengaluru,BENGR_Good_2023-03-21-08.30-1-533.jpg,2023,3,21,12,47,a_Good,2023-03-21,9.1,13.8,245.0,15.6,3.6,110.0
"Knowledge park, Greater Noida",UP_UHFSG_2023-02-24-08.30-1-245.jpg,2023,2,24,12,141,c_Unhealthy_for_Sensitive_Groups,2023-02-24,132.7,224.4,1109.0,243.3,40.8,181.0
Tamil Nadu,TN_UnFSG_2023-03-03-09.00-1-176.jpg,2023,3,3,12,121,c_Unhealthy_for_Sensitive_Groups,2023-03-03,5.2,9.4,154.0,1.6,1.3,86.0
Mumbai,MH_UH_2023-02-19-12.00-1-14.jpg,2023,2,19,12,160,d_Unhealthy,2023-02-19,143.0,205.8,1159.0,48.0,73.1,327.0
"Knowledge park, Greater Noida",UP_SEV_2023-02-18-11.00-1-95.jpg,2023,2,18,12,320,f_Severe,2023-02-18,24.9,48.1,246.0,27.6,8.9,84.0
Bengaluru,BENGR_Good_2023-02-26-08.30-1-251.jpg,2023,2,26,12,48,a_Good,2023-02-26,24.5,35.4,262.0,6.6,12.6,156.0
"Biratnagar, Nepal",BIR_UNH_VF_2023-02-02- 1700-2-13.jpg,2023,2,2,12,156,d_Unhealthy,2023-02-02,57.2,81.7,581.0,12.1,8.5,98.0
"ITO, Delhi",DEL_SEV_2023-02-20-14.00-3-341.jpg,2023,2,20,12,363,f_Severe,2023-02-20,4.4,7.8,136.0,0.3,0.0,76.0
Bengaluru,BENGR_Good_2023-02-26-08.30-1-281.jpg,2023,2,26,12,48,a_Good,2023-02-26,24.5,35.4,262.0,6.6,12.6,156.0
Tamil Nadu,TN_UNH_2023-02-03-12.30-1-17.jpg,2023,2,3,12,150,d_Unhealthy,2023-02-03,26.3,38.1,500.0,65.8,1.9,18.0
"Knowledge park, Greater Noida",UP_SEV_2023-02-18-14.30-1-54.jpg,2023,2,18,12,331,f_Severe,2023-02-18,24.9,48.1,246.0,27.6,8.9,84.0
"Biratnagar, Nepal",BIR_UNFSG_VF_2023-02-03-16.00-1-26.jpg,2023,2,3,12,141,c_Unhealthy_for_Sensitive_Groups,2023-02-03,69.8,99.7,581.0,11.6,6.8,112.0
Bengaluru,BENGR_UnFSG_2023-03-08-08.30-1-271.jpg,2023,3,8,12,106,c_Unhealthy_for_Sensitive_Groups,2023-03-08,16.9,24.7,244.0,5.9,5.7,120.0
"Biratnagar, Nepal",BIR_UNH_VF_2023-02-02- 1700-3-38.jpg,2023,2,2,12,156,d_Unhealthy,2023-02-02,57.2,81.7,581.0,12.1,8.5,98.0
"Knowledge park, Greater Noida",UP_SEV_2023-02-18-11.00-1-103.jpg,2023,2,18,12,320,f_Severe,2023-02-18,24.9,48.1,246.0,27.6,8.9,84.0
"Dimapur, Nagaland",Dimapur_MOD_2023-02-10-08.30-2-14.jpg,2023,2,10,12,63,b_Moderate,2023-02-10,95.7,140.2,322.0,4.6,4.8,113.0
"Biratnagar, Nepal",BIR_UNH_VF_2023-02-02- 15.00-4-20.jpg,2023,2,2,12,156,d_Unhealthy,2023-02-02,57.2,81.7,581.0,12.1,8.5,98.0
"Biratnagar, Nepal",BIR_UNFSG_VF_2023-02-03-16.00-2-107.jpg,2023,2,3,12,141,c_Unhealthy_for_Sensitive_Groups,2023-02-03,69.8,99.7,581.0,11.6,6.8,112.0
"ITO, Delhi",DEL_VUH_2023-02-04-17.00-2-132.jpg,2023,2,4,12,281,e_Very_Unhealthy,2023-02-04,2.8,4.9,89.0,0.2,0.1,62.0
"Biratnagar, Nepal",BIR_UNFSG_VF_2023-02-03-16.00-3-72.jpg,2023,2,3,12,141,c_Unhealthy_for_Sensitive_Groups,2023-02-03,69.8,99.7,581.0,11.6,6.8,112.0
"Biratnagar, Nepal",BIR_UFSG_2023-02-14- 14.30-2-37.jpg,2023,2,14,12,101,c_Unhealthy_for_Sensitive_Groups,2023-02-14,43.3,62.6,471.0,15.4,7.5,101.0
"ITO, Delhi",DEL_SEV_2023-02-22-14.00-2-131.jpg,2023,2,22,12,450,f_Severe,2023-02-22,2.4,4.2,128.0,0.1,0.0,83.0
"Dimapur, Nagaland",Dimapur_UHFSG_2023-02-02- 09.00-2-28.jpg,2023,2,2,12,103,c_Unhealthy_for_Sensitive_Groups,2023-02-02,39.6,56.9,296.0,6.5,2.7,107.0
"Knowledge park, Greater Noida",UP_VUN_2023-02-27-10.30-1-181.jpg,2023,2,27,12,299,e_Very_Unhealthy,2023-02-27,44.7,71.7,613.0,101.2,20.5,98.0
"ITO, Delhi",DEL_VUH_2023-02-04-17.00-2-105.jpg,2023,2,4,12,281,e_Very_Unhealthy,2023-02-04,2.8,4.9,89.0,0.2,0.1,62.0
"Biratnagar, Nepal",BIR_UH_2023-03-16-12.30-4-127.jpg,2023,3,16,12,154,d_Unhealthy,2023-03-16,68.5,98.7,456.0,5.4,8.3,132.0
"Knowledge park, Greater Noida",UP_SEV_2023-02-18-11.00-1-84.jpg,2023,2,18,12,320,f_Severe,2023-02-18,24.9,48.1,246.0,27.6,8.9,84.0
Tamil Nadu,TN_UnFSG_2023-03-03-09.00-1-111.jpg,2023,3,3,12,121,c_Unhealthy_for_Sensitive_Groups,2023-03-03,5.2,9.4,154.0,1.6,1.3,86.0
Bengaluru,BENGR_Good_2023-02-27-08.30-1-236.jpg,2023,2,27,12,47,a_Good,2023-02-27,10.8,15.8,277.0,6.9,7.3,131.0
"ITO, Delhi",DEL_SEV_2023-02-16-18.00-1-4.jpg,2023,2,16,12,330,f_Severe,2023-02-16,2.0,3.3,115.0,0.6,0.0,52.0
Tamil Nadu,TN_UnFSG_2023-03-02-08.30-1-86.jpg,2023,3,2,12,119,c_Unhealthy_for_Sensitive_Groups,2023-03-02,8.6,16.2,185.0,2.6,1.1,86.0
"ITO, Delhi",DEL_SEV_2023-02-22-14.00-1.jpg,2023,2,22,12,450,f_Severe,2023-02-22,2.4,4.2,128.0,0.1,0.0,83.0
"Biratnagar, Nepal",BIR_UNH_VF_2023-02-03- 10.00-3-9.jpg,2023,2,3,12,163,d_Unhealthy,2023-02-03,69.8,99.7,581.0,11.6,6.8,112.0
"Biratnagar, Nepal",BIR_UNH_VF_2023-02-02- 12.00-2-22.jpg,2023,2,2,12,158,d_Unhealthy,2023-02-02,57.2,81.7,581.0,12.1,8.5,98.0
"ITO, Delhi",DEL_SEV_2023-02-16-18.00-2-115.jpg,2023,2,16,12,330,f_Severe,2023-02-16,2.0,3.3,115.0,0.6,0.0,52.0
Mumbai,MH_UH_2023-02-14-11.30-1-61.jpg,2023,2,14,12,160,d_Unhealthy,2023-02-14,81.3,119.0,721.0,41.8,52.8,260.0
"New Ind Town, Faridabad",HAR_VUN_2022-10-02-10.00-1-3665.jpg,2022,10,2,12,230,e_Very_Unhealthy,2022-10-02,16.6,23.7,513.0,2.0,1.8,93.0
Bengaluru,BENGR_Good_2023-03-17-08.30-1-316.jpg,2023,3,17,12,15,a_Good,2023-03-17,20.8,31.4,332.0,11.4,4.1,112.0
"ITO, Delhi",DEL_SEV_2023-02-16-18.00-2-29.jpg,2023,2,16,12,330,f_Severe,2023-02-16,2.0,3.3,115.0,0.6,0.0,52.0
Mumbai,MH_UH_2023-02-19-12.00-1-51.jpg,2023,2,19,12,160,d_Unhealthy,2023-02-19,143.0,205.8,1159.0,48.0,73.1,327.0
"Biratnagar, Nepal",BIR_UH_2023-03-16-12.30-9.jpg,2023,3,16,12,154,d_Unhealthy,2023-03-16,68.5,98.7,456.0,5.4,8.3,132.0
Mumbai,MH_UnFSG_2023-03-14-13.00-1-229.jpg,2023,3,14,12,138,c_Unhealthy_for_Sensitive_Groups,2023-03-14,160.7,240.3,1639.0,42.4,85.0,345.0
Mumbai,MH_UN_2023-03-15-15.00-1-120.jpg,2023,3,15,12,162,d_Unhealthy,2023-03-15,190.5,276.6,1537.0,57.3,103.4,404.0
Bengaluru,BENGR_Good_2023-03-25-08.30-1-30.jpg,2023,3,25,12,32,a_Good,2023-03-25,26.6,39.9,248.0,8.4,5.4,133.0
"New Ind Town, Faridabad",HAR_VUN_2022-10-02-10.00-1-1201.jpg,2022,10,2,12,230,e_Very_Unhealthy,2022-10-02,16.6,23.7,513.0,2.0,1.8,93.0
"ITO, Delhi",DEL_SEV_2023-02-17-13.00-1-83.jpg,2023,2,17,12,372,f_Severe,2023-02-17,0.2,0.3,91.0,0.1,0.0,49.0
"Knowledge park, Greater Noida",UP_SEV_2023-02-17-12.00-3.jpg,2023,2,17,12,347,f_Severe,2023-02-17,32.0,70.8,327.0,40.4,10.2,83.0
Tamil Nadu,TN_Good_2023-02-21-08.30-1-6.jpg,2023,2,21,12,29,a_Good,2023-02-21,2.1,3.2,146.0,1.6,0.3,82.0
Mumbai,MH_Good_2023-03-22-18.00-1-163.jpg,2023,3,22,12,47,a_Good,2023-03-22,16.2,31.8,249.0,15.6,16.8,76.0
"Biratnagar, Nepal",BIR_UNFSG_VF_2023-02-03-15.00-2-6.jpg,2023,2,3,12,141,c_Unhealthy_for_Sensitive_Groups,2023-02-03,69.8,99.7,581.0,11.6,6.8,112.0
Bengaluru,BENGR_Good_2023-02-28-08.30-1-376.jpg,2023,2,28,12,37,a_Good,2023-02-28,27.2,39.7,398.0,7.6,7.8,127.0
Tamil Nadu,TN_MOD_2023-02-09-08.30-2-30.jpg,2023,2,9,12,78,b_Moderate,2023-02-09,20.1,29.8,485.0,57.4,2.2,10.0
"Knowledge park, Greater Noida",UP_SEV_2023-02-20-08.30-1-5.jpg,2023,2,20,12,331,f_Severe,2023-02-20,26.1,49.7,219.0,20.0,5.1,100.0
"ITO, Delhi",DEL_VUnH_2023-02-16-14.30-1-110.jpg,2023,2,16,12,245,e_Very_Unhealthy,2023-02-16,2.0,3.3,115.0,0.6,0.0,52.0
"Knowledge park, Greater Noida",UP_UHFSG_2023-03-06-11.30-1-81.jpg,2023,3,6,12,104,c_Unhealthy_for_Sensitive_Groups,2023-03-06,57.3,103.8,710.0,101.0,20.8,124.0
Mumbai,MH_UnFSG_2023-02-23-11.00-2.jpg,2023,2,23,12,130,c_Unhealthy_for_Sensitive_Groups,2023-02-23,70.5,109.9,662.0,40.6,61.8,226.0
Mumbai,MH_UH_2023-02-02- 09.30-1-22.jpg,2023,2,2,12,182,d_Unhealthy,2023-02-02,122.9,179.7,829.0,44.0,61.7,239.0
"Biratnagar, Nepal",BIR_MOD_2023-02-13-09.30-2-9.jpg,2023,2,13,12,91,b_Moderate,2023-02-13,40.7,59.3,429.0,13.7,9.2,101.0
Mumbai,MH_UnFSG_2023-02-15-10.30-1-56.jpg,2023,2,15,12,143,c_Unhealthy_for_Sensitive_Groups,2023-02-15,82.2,119.0,737.0,40.3,51.8,253.0
Mumbai,MH_VUN_2023-03-05-08.30-2-66.jpg,2023,3,5,12,284,e_Very_Unhealthy,2023-03-05,278.5,401.4,1413.0,23.7,39.9,325.0
Mumbai,MH_UN_2023-03-16-11.00-1-260.jpg,2023,3,16,12,159,d_Unhealthy,2023-03-16,59.3,90.6,871.0,64.4,81.4,199.0
Tamil Nadu,TN_UN_2023-03-06-09.00-1-86.jpg,2023,3,6,12,161,d_Unhealthy,2023-03-06,15.6,22.5,298.0,24.2,0.8,36.0
"ITO, Delhi",DEL_VUnH_2023-02-16-17.00-1-70.jpg,2023,2,16,12,293,e_Very_Unhealthy,2023-02-16,2.0,3.3,115.0,0.6,0.0,52.0
Bengaluru,BENGR_Mod_2023-02-23-08.30-1-211.jpg,2023,2,23,12,97,b_Moderate,2023-02-23,18.2,26.4,272.0,8.0,8.1,126.0
"ITO, Delhi",DEL_SEV_2023-02-16-18.00-2-102.jpg,2023,2,16,12,330,f_Severe,2023-02-16,2.0,3.3,115.0,0.6,0.0,52.0
Tamil Nadu,TN_Good_2023-02-23-08.30-2-151.jpg,2023,2,23,12,43,a_Good,2023-02-23,2.9,4.1,131.0,0.9,1.6,95.0
Mumbai,MH_UnFSG_2023-03-14-13.00-3.jpg,2023,3,14,12,138,c_Unhealthy_for_Sensitive_Groups,2023-03-14,160.7,240.3,1639.0,42.4,85.0,345.0
Mumbai,MH_VUN_2023-02-25-10.00-1-346.jpg,2023,2,25,12,206,e_Very_Unhealthy,2023-02-25,64.3,98.3,654.0,37.4,50.9,173.0
Bengaluru,BENGR_Mod_2023-03-04-08.30-1-426.jpg,2023,3,4,12,71,b_Moderate,2023-03-04,17.8,26.3,251.0,6.2,6.9,118.0
"ITO, Delhi",DEL_VUH_2023-02-04-17.00-2-172.jpg,2023,2,4,12,281,e_Very_Unhealthy,2023-02-04,2.8,4.9,89.0,0.2,0.1,62.0
"Knowledge park, Greater Noida",UP_VUN_2023-03-02-09.00-1-221.jpg,2023,3,2,12,223,e_Very_Unhealthy,2023-03-02,20.5,48.2,338.0,56.9,14.0,72.0
"ITO, Delhi",DEL_SEV_2023-02-20-14.00-1-526.jpg,2023,2,20,12,363,f_Severe,2023-02-20,4.4,7.8,136.0,0.3,0.0,76.0
Bengaluru,BENGR_UHFSG_2023-02-03-08.30-1-14.jpg,2023,2,3,12,136,c_Unhealthy_for_Sensitive_Groups,2023-02-03,19.7,31.1,321.0,13.6,3.8,86.0
Mumbai,MH_UH_2023-02-10-14.30-1-14.jpg,2023,2,10,12,160,d_Unhealthy,2023-02-10,74.7,110.8,581.0,28.9,36.7,198.0
Mumbai,MH_Good_2023-03-22-18.00-1-283.jpg,2023,3,22,12,47,a_Good,2023-03-22,16.2,31.8,249.0,15.6,16.8,76.0
"ITO, Delhi",DEL_VUnH_2023-02-16-17.00-1-80.jpg,2023,2,16,12,293,e_Very_Unhealthy,2023-02-16,2.0,3.3,115.0,0.6,0.0,52.0
Bengaluru,BENGR_Good_2023-02-28-08.30-1-586.jpg,2023,2,28,12,37,a_Good,2023-02-28,27.2,39.7,398.0,7.6,7.8,127.0
"ITO, Delhi",DEL_SEV_2023-02-20-14.00-2-591.jpg,2023,2,20,12,363,f_Severe,2023-02-20,4.4,7.8,136.0,0.3,0.0,76.0
"Biratnagar, Nepal",BIR_UFSG_2023-02-14- 14.30-1-19.jpg,2023,2,14,12,101,c_Unhealthy_for_Sensitive_Groups,2023-02-14,43.3,62.6,471.0,15.4,7.5,101.0
"Biratnagar, Nepal",BIR_MOD_2023-02-13-09.30-1-19.jpg,2023,2,13,12,91,b_Moderate,2023-02-13,40.7,59.3,429.0,13.7,9.2,101.0
Mumbai,MH_Good_2023-03-22-11.00-1-344.jpg,2023,3,22,12,49,a_Good,2023-03-22,16.2,31.8,249.0,15.6,16.8,76.0
"Biratnagar, Nepal",BIR_UNFSG_VF_2023-02-03-15.00-1-26.jpg,2023,2,3,12,141,c_Unhealthy_for_Sensitive_Groups,2023-02-03,69.8,99.7,581.0,11.6,6.8,112.0
Mumbai,MH_UnFSG_2023-02-23-11.00-1-161.jpg,2023,2,23,12,130,c_Unhealthy_for_Sensitive_Groups,2023-02-23,70.5,109.9,662.0,40.6,61.8,226.0
Mumbai,MH_UnFSG_2023-03-08-11.00-1-131.jpg,2023,3,8,12,124,c_Unhealthy_for_Sensitive_Groups,2023-03-08,97.1,144.8,836.0,49.2,63.9,264.0
"ITO, Delhi",DEL_VUnH_2023-02-16-17.00-1-151.jpg,2023,2,16,12,293,e_Very_Unhealthy,2023-02-16,2.0,3.3,115.0,0.6,0.0,52.0
Bengaluru,BENGR_Good_2023-02-26-08.30-1-201.jpg,2023,2,26,12,48,a_Good,2023-02-26,24.5,35.4,262.0,6.6,12.6,156.0
Bengaluru,BENGR_Good_2023-02-27-08.30-1-361.jpg,2023,2,27,12,47,a_Good,2023-02-27,10.8,15.8,277.0,6.9,7.3,131.0
"ITO, Delhi",DEL_VUH_2023-02-04-17.00-2-111.jpg,2023,2,4,12,281,e_Very_Unhealthy,2023-02-04,2.8,4.9,89.0,0.2,0.1,62.0
"Knowledge park, Greater Noida",UP_UHFSG_2023-03-06-11.30-1-245.jpg,2023,3,6,12,104,c_Unhealthy_for_Sensitive_Groups,2023-03-06,57.3,103.8,710.0,101.0,20.8,124.0
Bengaluru,BENGR_Mod_2023-03-06-08.30-1-206.jpg,2023,3,6,12,68,b_Moderate,2023-03-06,12.6,18.6,218.0,6.5,8.2,129.0
"Dimapur, Nagaland",Dimapur_UHFSG_2023-02-02- 09.00-2-38.jpg,2023,2,2,12,103,c_Unhealthy_for_Sensitive_Groups,2023-02-02,39.6,56.9,296.0,6.5,2.7,107.0
"Dimapur, Nagaland",Dimapur_UHFSG_2023-02-02- 09.00-2-22.jpg,2023,2,2,12,103,c_Unhealthy_for_Sensitive_Groups,2023-02-02,39.6,56.9,296.0,6.5,2.7,107.0
Bengaluru,BENGR_Mod_2023-02-25-08.30-1-296.jpg,2023,2,25,12,73,b_Moderate,2023-02-25,19.2,27.9,256.0,7.8,9.3,142.0
Bengaluru,BENGR_Mod_2023-02-24-08.30-1-126.jpg,2023,2,24,12,68,b_Moderate,2023-02-24,11.3,16.6,250.0,9.2,10.1,126.0
"Knowledge park, Greater Noida",UP_UHFSG_2023-02-08-08.30-1-80.jpg,2023,2,8,12,133,c_Unhealthy_for_Sensitive_Groups,2023-02-08,53.7,112.2,526.0,86.8,19.1,87.0
Bengaluru,BENGR_Mod_2023-02-21-08.30-1-471.jpg,2023,2,21,12,56,b_Moderate,2023-02-21,26.0,37.8,303.0,8.9,11.2,152.0
Tamil Nadu,TN_Mod_2023-02-28-08.30-1-201.jpg,2023,2,28,12,73,b_Moderate,2023-02-28,3.8,5.7,174.0,4.3,0.9,75.0
Bengaluru,BENGR_UnFSG_2023-03-08-08.30-1-301.jpg,2023,3,8,12,106,c_Unhealthy_for_Sensitive_Groups,2023-03-08,16.9,24.7,244.0,5.9,5.7,120.0
Mumbai,MH_UnFSG_2023-02-17-13.00-2-55.jpg,2023,2,17,12,140,c_Unhealthy_for_Sensitive_Groups,2023-02-17,64.3,96.9,620.0,42.0,43.7,225.0
Mumbai,MH_UN_2023-03-15-15.00-1-302.jpg,2023,3,15,12,162,d_Unhealthy,2023-03-15,190.5,276.6,1537.0,57.3,103.4,404.0
Mumbai,MH_VUN_2023-02-24-15.00-1-36.jpg,2023,2,24,12,202,e_Very_Unhealthy,2023-02-24,73.3,112.7,633.0,41.2,49.7,231.0
Tamil Nadu,TN_UN_2023-03-06-09.00-1-131.jpg,2023,3,6,12,161,d_Unhealthy,2023-03-06,15.6,22.5,298.0,24.2,0.8,36.0
"Knowledge park, Greater Noida",UP_UN_2023-03-01-08.30-1-349.jpg,2023,3,1,12,199,d_Unhealthy,2023-03-01,21.1,47.7,354.0,67.2,13.3,48.0
"ITO, Delhi",DEL_SEV_2023-02-07-14.00-2-10.jpg,2023,2,7,12,449,f_Severe,2023-02-07,3.0,5.3,89.0,0.3,0.1,54.0
"New Ind Town, Faridabad",HAR_VUN_2022-10-02-10.00-1-4785.jpg,2022,10,2,12,230,e_Very_Unhealthy,2022-10-02,16.6,23.7,513.0,2.0,1.8,93.0
Mumbai,MH_VUN_2023-02-24-15.00-1-131.jpg,2023,2,24,12,202,e_Very_Unhealthy,2023-02-24,73.3,112.7,633.0,41.2,49.7,231.0
"Biratnagar, Nepal",BIR_UNH_VF_2023-02-03- 10.00-3-18.jpg,2023,2,3,12,163,d_Unhealthy,2023-02-03,69.8,99.7,581.0,11.6,6.8,112.0
Mumbai,MH_Good_2023-03-22-11.00-1-379.jpg,2023,3,22,12,49,a_Good,2023-03-22,16.2,31.8,249.0,15.6,16.8,76.0
"Dimapur, Nagaland",Dimapur_UHFSG_2023-02-02- 09.00-3-16.jpg,2023,2,2,12,103,c_Unhealthy_for_Sensitive_Groups,2023-02-02,39.6,56.9,296.0,6.5,2.7,107.0
Mumbai,MH_Mod_2023-03-21-15.00-1-358.jpg,2023,3,21,12,92,b_Moderate,2023-03-21,15.9,32.0,246.0,16.3,15.8,72.0
Mumbai,MH_UH_2023-02-18-11.00-1-61.jpg,2023,2,18,12,151,d_Unhealthy,2023-02-18,100.4,145.8,792.0,40.1,53.4,275.0
Bengaluru,BENGR_Good_2023-02-28-08.30-1-656.jpg,2023,2,28,12,37,a_Good,2023-02-28,27.2,39.7,398.0,7.6,7.8,127.0
"ITO, Delhi",DEL_VUH_2023-02-04-17.00-2-174.jpg,2023,2,4,12,281,e_Very_Unhealthy,2023-02-04,2.8,4.9,89.0,0.2,0.1,62.0
"ITO, Delhi",DEL_VUnH_2023-02-16-14.00-4.jpg,2023,2,16,12,268,e_Very_Unhealthy,2023-02-16,2.0,3.3,115.0,0.6,0.0,52.0
"ITO, Delhi",DEL_VUH_2023-02-04-17.00-2-14.jpg,2023,2,4,12,281,e_Very_Unhealthy,2023-02-04,2.8,4.9,89.0,0.2,0.1,62.0
Bengaluru,BENGR_Mod_2023-02-23-08.30-1-191.jpg,2023,2,23,12,97,b_Moderate,2023-02-23,18.2,26.4,272.0,8.0,8.1,126.0
"ITO, Delhi",DEL_SEV_2023-02-07-14.00-2-12.jpg,2023,2,7,12,449,f_Severe,2023-02-07,3.0,5.3,89.0,0.3,0.1,54.0
Bengaluru,BENGR_Mod_2023-03-13-08.30-1-253.jpg,2023,3,13,12,53,b_Moderate,2023-03-13,27.1,39.7,365.0,8.1,8.5,111.0
"Knowledge park, Greater Noida",UP_UHFSG_2023-03-06-11.30-1-5.jpg,2023,3,6,12,104,c_Unhealthy_for_Sensitive_Groups,2023-03-06,57.3,103.8,710.0,101.0,20.8,124.0
Tamil Nadu,TN_Good_2023-02-21-08.30-1-46.jpg,2023,2,21,12,29,a_Good,2023-02-21,2.1,3.2,146.0,1.6,0.3,82.0
"New Ind Town, Faridabad",HAR_VUN_2022-10-02-10.00-1-2529.jpg,2022,10,2,12,230,e_Very_Unhealthy,2022-10-02,16.6,23.7,513.0,2.0,1.8,93.0
"ITO, Delhi",DEL_VUnH_2023-02-16-17.00-1-37.jpg,2023,2,16,12,293,e_Very_Unhealthy,2023-02-16,2.0,3.3,115.0,0.6,0.0,52.0
Bengaluru,BENGR_Good_2023-02-27-08.30-1-276.jpg,2023,2,27,12,47,a_Good,2023-02-27,10.8,15.8,277.0,6.9,7.3,131.0
"Knowledge park, Greater Noida",UP_VUN_2023-03-02-09.00-1.jpg,2023,3,2,12,223,e_Very_Unhealthy,2023-03-02,20.5,48.2,338.0,56.9,14.0,72.0
Bengaluru,BENGR_Good_2023-02-28-08.30-1-536.jpg,2023,2,28,12,37,a_Good,2023-02-28,27.2,39.7,398.0,7.6,7.8,127.0
Tamil Nadu,TN_UnFSG_2023-03-01-08.30-1-201.jpg,2023,3,1,12,111,c_Unhealthy_for_Sensitive_Groups,2023-03-01,11.3,16.5,244.0,12.0,2.9,66.0
"ITO, Delhi",DEL_SEV_2023-02-20-14.00-2-216.jpg,2023,2,20,12,363,f_Severe,2023-02-20,4.4,7.8,136.0,0.3,0.0,76.0
Tamil Nadu,TN_UN_2023-03-06-09.00-2-66.jpg,2023,3,6,12,161,d_Unhealthy,2023-03-06,15.6,22.5,298.0,24.2,0.8,36.0
"Biratnagar, Nepal",BRI_Un_2023-02-09-08.00-9.jpg,2023,2,9,12,171,d_Unhealthy,2023-02-09,94.8,138.8,596.0,11.1,12.4,122.0
"Knowledge park, Greater Noida",UP_VUN_2023-02-27-10.30-1-189.jpg,2023,2,27,12,299,e_Very_Unhealthy,2023-02-27,44.7,71.7,613.0,101.2,20.5,98.0
"ITO, Delhi",DEL_VUH_2023-02-04-17.00-2-32.jpg,2023,2,4,12,281,e_Very_Unhealthy,2023-02-04,2.8,4.9,89.0,0.2,0.1,62.0
"ITO, Delhi",DEL_SEV_2023-02-20-14.00-3-231.jpg,2023,2,20,12,363,f_Severe,2023-02-20,4.4,7.8,136.0,0.3,0.0,76.0
Bengaluru,BENGR_Mod_2023-03-01-08.30-1-401.jpg,2023,3,1,12,70,b_Moderate,2023-03-01,17.0,25.4,362.0,6.3,6.0,122.0
"ITO, Delhi",DEL_SEV_2023-02-22-14.00-2-671.jpg,2023,2,22,12,450,f_Severe,2023-02-22,2.4,4.2,128.0,0.1,0.0,83.0
Bengaluru,BENGR_Mod_2023-02-25-08.30-1-311.jpg,2023,2,25,12,73,b_Moderate,2023-02-25,19.2,27.9,256.0,7.8,9.3,142.0
"Knowledge park, Greater Noida",UP_UHFSG_2023-02-24-08.30-1-309.jpg,2023,2,24,12,141,c_Unhealthy_for_Sensitive_Groups,2023-02-24,132.7,224.4,1109.0,243.3,40.8,181.0
"Knowledge park, Greater Noida",UP_UHFSG_2023-02-24-08.30-1-1.jpg,2023,2,24,12,141,c_Unhealthy_for_Sensitive_Groups,2023-02-24,132.7,224.4,1109.0,243.3,40.8,181.0
"ITO, Delhi",DEL_SEV_2023-02-20-14.00-2-436.jpg,2023,2,20,12,363,f_Severe,2023-02-20,4.4,7.8,136.0,0.3,0.0,76.0
"Biratnagar, Nepal",BIR_MOD_2023-02-13-09.30-1-45.jpg,2023,2,13,12,91,b_Moderate,2023-02-13,40.7,59.3,429.0,13.7,9.2,101.0
"Knowledge park, Greater Noida",UP_UHFSG_2023-02-24-08.30-1-129.jpg,2023,2,24,12,141,c_Unhealthy_for_Sensitive_Groups,2023-02-24,132.7,224.4,1109.0,243.3,40.8,181.0
Tamil Nadu,TN_Good_2023-02-23-08.30-2-51.jpg,2023,2,23,12,43,a_Good,2023-02-23,2.9,4.1,131.0,0.9,1.6,95.0
"Knowledge park, Greater Noida",UP_UHFSG_2023-03-06-11.30-1-125.jpg,2023,3,6,12,104,c_Unhealthy_for_Sensitive_Groups,2023-03-06,57.3,103.8,710.0,101.0,20.8,124.0
"ITO, Delhi",DEL_VUnH_2023-02-16-14.30-1-63.jpg,2023,2,16,12,245,e_Very_Unhealthy,2023-02-16,2.0,3.3,115.0,0.6,0.0,52.0
"ITO, Delhi",DEL_SEV_2023-02-17-13.00-2-35.jpg,2023,2,17,12,372,f_Severe,2023-02-17,0.2,0.3,91.0,0.1,0.0,49.0
"Biratnagar, Nepal",BIR_UNH_VF_2023-02-02- 12.00-3-14.jpg,2023,2,2,12,158,d_Unhealthy,2023-02-02,57.2,81.7,581.0,12.1,8.5,98.0
Tamil Nadu,TN_Good_2023-02-20-16.30-1-136.jpg,2023,2,20,12,43,a_Good,2023-02-20,2.1,3.0,150.0,2.1,0.4,78.0
Mumbai,MH_Mod_2023-03-21-15.00-1-1.jpg,2023,3,21,12,92,b_Moderate,2023-03-21,15.9,32.0,246.0,16.3,15.8,72.0
Mumbai,MH_UN_2023-03-02-08.00-3.jpg,2023,3,2,12,156,d_Unhealthy,2023-03-02,165.8,246.8,1018.0,45.0,70.9,342.0
"Knowledge park, Greater Noida",UP_SEV_2023-02-20-08.30-1-4.jpg,2023,2,20,12,331,f_Severe,2023-02-20,26.1,49.7,219.0,20.0,5.1,100.0
"Biratnagar, Nepal",BIR_UNH_VF_2023-02-02- 12.00-3-29.jpg,2023,2,2,12,158,d_Unhealthy,2023-02-02,57.2,81.7,581.0,12.1,8.5,98.0
"Knowledge park, Greater Noida",UP_UHFSG_2023-03-06-11.30-1-521.jpg,2023,3,6,12,104,c_Unhealthy_for_Sensitive_Groups,2023-03-06,57.3,103.8,710.0,101.0,20.8,124.0
Bengaluru,BENGR_UnFSG_2023-03-08-08.30-1-291.jpg,2023,3,8,12,106,c_Unhealthy_for_Sensitive_Groups,2023-03-08,16.9,24.7,244.0,5.9,5.7,120.0
Bengaluru,BENGR_UHFSG_2023-02-15-14.30-1-20.jpg,2023,2,15,12,103,c_Unhealthy_for_Sensitive_Groups,2023-02-15,18.6,26.8,278.0,7.8,11.8,147.0
Bengaluru,BENGR_Mod_2023-02-23-08.30-1-551.jpg,2023,2,23,12,97,b_Moderate,2023-02-23,18.2,26.4,272.0,8.0,8.1,126.0
Bengaluru,BENGR_UHFSG_2023-02-03-08.30-1-36.jpg,2023,2,3,12,136,c_Unhealthy_for_Sensitive_Groups,2023-02-03,19.7,31.1,321.0,13.6,3.8,86.0
"ITO, Delhi",DEL_SEV_2023-02-20-14.00-3-151.jpg,2023,2,20,12,363,f_Severe,2023-02-20,4.4,7.8,136.0,0.3,0.0,76.0
"ITO, Delhi",DEL_SEV_2023-02-20-14.00-2-571.jpg,2023,2,20,12,363,f_Severe,2023-02-20,4.4,7.8,136.0,0.3,0.0,76.0
"Knowledge park, Greater Noida",UP_UHFSG_2023-03-06-11.30-1-17.jpg,2023,3,6,12,104,c_Unhealthy_for_Sensitive_Groups,2023-03-06,57.3,103.8,710.0,101.0,20.8,124.0
"New Ind Town, Faridabad",HAR_VUN_2022-10-02-10.00-1-3737.jpg,2022,10,2,12,230,e_Very_Unhealthy,2022-10-02,16.6,23.7,513.0,2.0,1.8,93.0
"Biratnagar, Nepal",BIR_UFSG_2023-02-14- 14.30-2.jpg,2023,2,14,12,101,c_Unhealthy_for_Sensitive_Groups,2023-02-14,43.3,62.6,471.0,15.4,7.5,101.0
Bengaluru,BENGR_Good_2023-02-28-08.30-1-666.jpg,2023,2,28,12,37,a_Good,2023-02-28,27.2,39.7,398.0,7.6,7.8,127.0
"Biratnagar, Nepal",BIR_UNH_VF_2023-02-02- 12.00-3-1.jpg,2023,2,2,12,158,d_Unhealthy,2023-02-02,57.2,81.7,581.0,12.1,8.5,98.0
Mumbai,MH_UN_2023-03-02-08.00-1-266.jpg,2023,3,2,12,156,d_Unhealthy,2023-03-02,165.8,246.8,1018.0,45.0,70.9,342.0
Mumbai,MH_Good_2023-03-22-18.00-1-277.jpg,2023,3,22,12,47,a_Good,2023-03-22,16.2,31.8,249.0,15.6,16.8,76.0
"ITO, Delhi",DEL_SEV_2023-02-16-18.00-2-55.jpg,2023,2,16,12,330,f_Severe,2023-02-16,2.0,3.3,115.0,0.6,0.0,52.0
Mumbai,MH_UH_2023-02-18-11.00-1-58.jpg,2023,2,18,12,151,d_Unhealthy,2023-02-18,100.4,145.8,792.0,40.1,53.4,275.0
"Knowledge park, Greater Noida",UP_UN_2023-03-01-08.30-1-225.jpg,2023,3,1,12,199,d_Unhealthy,2023-03-01,21.1,47.7,354.0,67.2,13.3,48.0
Bengaluru,BENGR_Mod_2023-02-21-08.30-1-516.jpg,2023,2,21,12,56,b_Moderate,2023-02-21,26.0,37.8,303.0,8.9,11.2,152.0
"Biratnagar, Nepal",BIR_MOD_2023-02-13-09.30-4-45.jpg,2023,2,13,12,91,b_Moderate,2023-02-13,40.7,59.3,429.0,13.7,9.2,101.0
"ITO, Delhi",DEL_SEV_2023-02-22-14.00-2-281.jpg,2023,2,22,12,450,f_Severe,2023-02-22,2.4,4.2,128.0,0.1,0.0,83.0
Bengaluru,BENGR_Mod_2023-03-09-08.30-1-1.jpg,2023,3,9,12,51,b_Moderate,2023-03-09,32.7,47.8,341.0,6.8,6.3,123.0
Bengaluru,BENGR_Good_2023-03-17-08.30-1-106.jpg,2023,3,17,12,15,a_Good,2023-03-17,20.8,31.4,332.0,11.4,4.1,112.0
"Knowledge park, Greater Noida",UP_UHFSG_2023-02-08-08.30-1-67.jpg,2023,2,8,12,133,c_Unhealthy_for_Sensitive_Groups,2023-02-08,53.7,112.2,526.0,86.8,19.1,87.0
"Biratnagar, Nepal",BIR_UFSG_2023-02-14- 14.30-3-70.jpg,2023,2,14,12,101,c_Unhealthy_for_Sensitive_Groups,2023-02-14,43.3,62.6,471.0,15.4,7.5,101.0
"ITO, Delhi",DL_VUNH_2023-02-04-17.00-1-21.jpg,2023,2,4,12,281,e_Very_Unhealthy,2023-02-04,2.8,4.9,89.0,0.2,0.1,62.0
"Knowledge park, Greater Noida",UP_SEV_2023-02-19-14.30-1-16.jpg,2023,2,19,12,357,f_Severe,2023-02-19,26.7,50.5,247.0,25.1,8.3,99.0
"Biratnagar, Nepal",BIR_UNFSG_VF_2023-02-03-15.00-3-47.jpg,2023,2,3,12,141,c_Unhealthy_for_Sensitive_Groups,2023-02-03,69.8,99.7,581.0,11.6,6.8,112.0
"ITO, Delhi",DEL_SEV_2023-02-22-14.00-2-496.jpg,2023,2,22,12,450,f_Severe,2023-02-22,2.4,4.2,128.0,0.1,0.0,83.0
"Biratnagar, Nepal",BIR_UNFSG_VF_2023-02-03-16.00-1-52.jpg,2023,2,3,12,141,c_Unhealthy_for_Sensitive_Groups,2023-02-03,69.8,99.7,581.0,11.6,6.8,112.0
Bengaluru,BENGR_Mod_2023-03-04-08.30-1-471.jpg,2023,3,4,12,71,b_Moderate,2023-03-04,17.8,26.3,251.0,6.2,6.9,118.0
Tamil Nadu,TN_UNH_2023-02-03-13.30-1-17.jpg,2023,2,3,12,167,d_Unhealthy,2023-02-03,26.3,38.1,500.0,65.8,1.9,18.0
Tamil Nadu,TN_Good_2023-02-20-16.30-1-166.jpg,2023,2,20,12,43,a_Good,2023-02-20,2.1,3.0,150.0,2.1,0.4,78.0
"Biratnagar, Nepal",BIR_MOD_2023-02-13-09.30-4-27.jpg,2023,2,13,12,91,b_Moderate,2023-02-13,40.7,59.3,429.0,13.7,9.2,101.0
"Biratnagar, Nepal",BIR_UH_2023-03-16-12.30-3-344.jpg,2023,3,16,12,154,d_Unhealthy,2023-03-16,68.5,98.7,456.0,5.4,8.3,132.0
Bengaluru,BENGR_Good_2023-02-28-08.30-1-26.jpg,2023,2,28,12,37,a_Good,2023-02-28,27.2,39.7,398.0,7.6,7.8,127.0
"Biratnagar, Nepal",BIR_UFSG_2023-02-14- 14.30-3-79.jpg,2023,2,14,12,101,c_Unhealthy_for_Sensitive_Groups,2023-02-14,43.3,62.6,471.0,15.4,7.5,101.0
Bengaluru,BENGR_Mod_2023-03-13-08.30-1-442.jpg,2023,3,13,12,53,b_Moderate,2023-03-13,27.1,39.7,365.0,8.1,8.5,111.0
Bengaluru,BENGR_Good_2023-02-26-08.30-1-216.jpg,2023,2,26,12,48,a_Good,2023-02-26,24.5,35.4,262.0,6.6,12.6,156.0
"ITO, Delhi",DEL_SEV_2023-02-20-14.00-2-466.jpg,2023,2,20,12,363,f_Severe,2023-02-20,4.4,7.8,136.0,0.3,0.0,76.0
"Knowledge park, Greater Noida",UP_SEV_2023-02-19-14.30-1-43.jpg,2023,2,19,12,357,f_Severe,2023-02-19,26.7,50.5,247.0,25.1,8.3,99.0
Bengaluru,BENGR_Good_2023-03-25-08.30-1-42.jpg,2023,3,25,12,32,a_Good,2023-03-25,26.6,39.9,248.0,8.4,5.4,133.0
"ITO, Delhi",DEL_SEV_2023-02-07-14.00-1-54.jpg,2023,2,7,12,449,f_Severe,2023-02-07,3.0,5.3,89.0,0.3,0.1,54.0
Bengaluru,BENGR_Mod_2023-02-25-08.30-1-496.jpg,2023,2,25,12,73,b_Moderate,2023-02-25,19.2,27.9,256.0,7.8,9.3,142.0
Bengaluru,BENGR_Good_2023-02-26-08.30-1-286.jpg,2023,2,26,12,48,a_Good,2023-02-26,24.5,35.4,262.0,6.6,12.6,156.0
Bengaluru,BENGR_Good_2023-03-21-08.30-1-435.jpg,2023,3,21,12,47,a_Good,2023-03-21,9.1,13.8,245.0,15.6,3.6,110.0
"Biratnagar, Nepal",BIR_UNH_VF_2023-02-03- 10.00-3-8.jpg,2023,2,3,12,163,d_Unhealthy,2023-02-03,69.8,99.7,581.0,11.6,6.8,112.0
"New Ind Town, Faridabad",HAR_VUN_2022-10-02-10.00-1-3441.jpg,2022,10,2,12,230,e_Very_Unhealthy,2022-10-02,16.6,23.7,513.0,2.0,1.8,93.0
"Biratnagar, Nepal",BIR_UNH_VF_2023-02-02- 12.00-1-100.jpg,2023,2,2,12,158,d_Unhealthy,2023-02-02,57.2,81.7,581.0,12.1,8.5,98.0
"Knowledge park, Greater Noida",UP_UHFSG_2023-03-06-11.30-1-225.jpg,2023,3,6,12,104,c_Unhealthy_for_Sensitive_Groups,2023-03-06,57.3,103.8,710.0,101.0,20.8,124.0
"ITO, Delhi",DEL_SEV_2023-02-22-14.00-2-676.jpg,2023,2,22,12,450,f_Severe,2023-02-22,2.4,4.2,128.0,0.1,0.0,83.0
"ITO, Delhi",DEL_SEV_2023-02-20-14.00-1-541.jpg,2023,2,20,12,363,f_Severe,2023-02-20,4.4,7.8,136.0,0.3,0.0,76.0
Tamil Nadu,TN_Good_2023-02-20-16.30-1-171.jpg,2023,2,20,12,43,a_Good,2023-02-20,2.1,3.0,150.0,2.1,0.4,78.0
Tamil Nadu,TN_UnFSG_2023-03-02-08.30-2-156.jpg,2023,3,2,12,119,c_Unhealthy_for_Sensitive_Groups,2023-03-02,8.6,16.2,185.0,2.6,1.1,86.0
Bengaluru,BENGR_Mod_2023-02-24-08.30-1-41.jpg,2023,2,24,12,68,b_Moderate,2023-02-24,11.3,16.6,250.0,9.2,10.1,126.0
"ITO, Delhi",DEL_SEV_2023-02-07-14.00-2-46.jpg,2023,2,7,12,449,f_Severe,2023-02-07,3.0,5.3,89.0,0.3,0.1,54.0
"ITO, Delhi",DEL_VUH_2023-02-04-17.00-2-149.jpg,2023,2,4,12,281,e_Very_Unhealthy,2023-02-04,2.8,4.9,89.0,0.2,0.1,62.0
Tamil Nadu,TN_UHFSG_2023-02-02- 09.00-1-7.jpg,2023,2,2,12,107,c_Unhealthy_for_Sensitive_Groups,2023-02-02,23.7,34.2,540.0,59.0,1.5,15.0
Bengaluru,BENGR_Mod_2023-02-24-08.30-1-366.jpg,2023,2,24,12,68,b_Moderate,2023-02-24,11.3,16.6,250.0,9.2,10.1,126.0
Mumbai,MH_Good_2023-03-22-18.00-1-175.jpg,2023,3,22,12,47,a_Good,2023-03-22,16.2,31.8,249.0,15.6,16.8,76.0
Bengaluru,BENGR_UnFSG_2023-03-08-08.30-1-506.jpg,2023,3,8,12,106,c_Unhealthy_for_Sensitive_Groups,2023-03-08,16.9,24.7,244.0,5.9,5.7,120.0
Bengaluru,BENGR_Mod_2023-02-25-08.30-1-196.jpg,2023,2,25,12,73,b_Moderate,2023-02-25,19.2,27.9,256.0,7.8,9.3,142.0
"Biratnagar, Nepal",BIR_UNH_VF_2023-02-02- 12.00-2-71.jpg,2023,2,2,12,158,d_Unhealthy,2023-02-02,57.2,81.7,581.0,12.1,8.5,98.0
"New Ind Town, Faridabad",HAR_VUN_2022-10-02-10.00-1-3473.jpg,2022,10,2,12,230,e_Very_Unhealthy,2022-10-02,16.6,23.7,513.0,2.0,1.8,93.0
Mumbai,MH_UN_2023-03-13-10.00-1-106.jpg,2023,3,13,12,197,d_Unhealthy,2023-03-13,346.5,501.1,2447.0,38.8,125.9,577.0
"Knowledge park, Greater Noida",UP_VUN_2023-02-27-10.30-1-293.jpg,2023,2,27,12,299,e_Very_Unhealthy,2023-02-27,44.7,71.7,613.0,101.2,20.5,98.0
Bengaluru,BENGR_UnFSG_2023-03-08-08.30-1-231.jpg,2023,3,8,12,106,c_Unhealthy_for_Sensitive_Groups,2023-03-08,16.9,24.7,244.0,5.9,5.7,120.0
"Biratnagar, Nepal",BIR_UFSG_2023-02-14- 14.30-3-3.jpg,2023,2,14,12,101,c_Unhealthy_for_Sensitive_Groups,2023-02-14,43.3,62.6,471.0,15.4,7.5,101.0
Bengaluru,BENGR_Mod_2023-03-01-08.30-1-21.jpg,2023,3,1,12,70,b_Moderate,2023-03-01,17.0,25.4,362.0,6.3,6.0,122.0
"New Ind Town, Faridabad",HAR_VUN_2022-10-02-10.00-1-3697.jpg,2022,10,2,12,230,e_Very_Unhealthy,2022-10-02,16.6,23.7,513.0,2.0,1.8,93.0
Mumbai,MH_VUN_2023-03-05-08.30-2-11.jpg,2023,3,5,12,284,e_Very_Unhealthy,2023-03-05,278.5,401.4,1413.0,23.7,39.9,325.0
"Biratnagar, Nepal",BIR_UNH_VF_2023-02-03- 10.00-3-68.jpg,2023,2,3,12,163,d_Unhealthy,2023-02-03,69.8,99.7,581.0,11.6,6.8,112.0
"Knowledge park, Greater Noida",UP_VUN_2023-03-02-09.00-1-569.jpg,2023,3,2,12,223,e_Very_Unhealthy,2023-03-02,20.5,48.2,338.0,56.9,14.0,72.0
"Knowledge park, Greater Noida",UP_SEV_2023-02-20-08.30-1-10.jpg,2023,2,20,12,331,f_Severe,2023-02-20,26.1,49.7,219.0,20.0,5.1,100.0
"Knowledge park, Greater Noida",UP_SEV_2023-02-18-14.30-1-2.jpg,2023,2,18,12,331,f_Severe,2023-02-18,24.9,48.1,246.0,27.6,8.9,84.0
Bengaluru,BENGR_Good_2023-02-28-08.30-1-261.jpg,2023,2,28,12,37,a_Good,2023-02-28,27.2,39.7,398.0,7.6,7.8,127.0
"Dimapur, Nagaland",Dimapur_MOD_2023-02-10-08.30-2-33.jpg,2023,2,10,12,63,b_Moderate,2023-02-10,95.7,140.2,322.0,4.6,4.8,113.0
"ITO, Delhi",DEL_SEV_2023-02-07-14.00-1-80.jpg,2023,2,7,12,449,f_Severe,2023-02-07,3.0,5.3,89.0,0.3,0.1,54.0
"ITO, Delhi",DEL_VUH_2023-02-04-17.00-2-176.jpg,2023,2,4,12,281,e_Very_Unhealthy,2023-02-04,2.8,4.9,89.0,0.2,0.1,62.0
"Biratnagar, Nepal",BIR_UNH_VF_2023-02-02- 1700-2-26.jpg,2023,2,2,12,156,d_Unhealthy,2023-02-02,57.2,81.7,581.0,12.1,8.5,98.0
"ITO, Delhi",DEL_SEV_2023-02-20-14.00-3-116.jpg,2023,2,20,12,363,f_Severe,2023-02-20,4.4,7.8,136.0,0.3,0.0,76.0
Bengaluru,BENGR_Good_2023-02-26-08.30-1-396.jpg,2023,2,26,12,48,a_Good,2023-02-26,24.5,35.4,262.0,6.6,12.6,156.0
Bengaluru,BENGR_Good_2023-02-19-08.30-1-5.jpg,2023,2,19,12,41,a_Good,2023-02-19,14.6,21.7,286.0,7.9,10.9,146.0
Mumbai,MH_UnFSG_2023-03-18-11.00-1-113.jpg,2023,3,18,12,114,c_Unhealthy_for_Sensitive_Groups,2023-03-18,59.0,94.8,678.0,39.3,48.8,177.0
Tamil Nadu,TN_UN_2023-03-06-09.00-1-16.jpg,2023,3,6,12,161,d_Unhealthy,2023-03-06,15.6,22.5,298.0,24.2,0.8,36.0
"Knowledge park, Greater Noida",UP_VUN_2023-03-02-09.00-1-613.jpg,2023,3,2,12,223,e_Very_Unhealthy,2023-03-02,20.5,48.2,338.0,56.9,14.0,72.0
"Biratnagar, Nepal",BIR_UNH_VF_2023-02-02- 1700-2-32.jpg,2023,2,2,12,156,d_Unhealthy,2023-02-02,57.2,81.7,581.0,12.1,8.5,98.0
Tamil Nadu,TN_Good_2023-02-20-16.30-2-171.jpg,2023,2,20,12,43,a_Good,2023-02-20,2.1,3.0,150.0,2.1,0.4,78.0
Tamil Nadu,TN_UnFSG_2023-03-03-09.00-2-16.jpg,2023,3,3,12,121,c_Unhealthy_for_Sensitive_Groups,2023-03-03,5.2,9.4,154.0,1.6,1.3,86.0
Tamil Nadu,TN_UN_2023-03-06-09.00-1-116.jpg,2023,3,6,12,161,d_Unhealthy,2023-03-06,15.6,22.5,298.0,24.2,0.8,36.0
Mumbai,MH_Good_2023-03-22-11.00-1-141.jpg,2023,3,22,12,49,a_Good,2023-03-22,16.2,31.8,249.0,15.6,16.8,76.0
Mumbai,MH_UH_2023-02-19-12.00-1-70.jpg,2023,2,19,12,160,d_Unhealthy,2023-02-19,143.0,205.8,1159.0,48.0,73.1,327.0
Bengaluru,BENGR_Mod_2023-03-06-08.30-1-511.jpg,2023,3,6,12,68,b_Moderate,2023-03-06,12.6,18.6,218.0,6.5,8.2,129.0
"Knowledge park, Greater Noida",UP_SEV_2023-02-20-08.30-1-31.jpg,2023,2,20,12,331,f_Severe,2023-02-20,26.1,49.7,219.0,20.0,5.1,100.0
"Biratnagar, Nepal",BIR_UNFSG_VF_2023-02-03-16.00-1-63.jpg,2023,2,3,12,141,c_Unhealthy_for_Sensitive_Groups,2023-02-03,69.8,99.7,581.0,11.6,6.8,112.0
"ITO, Delhi",DEL_SEV_2023-02-07-14.00-2-1.jpg,2023,2,7,12,449,f_Severe,2023-02-07,3.0,5.3,89.0,0.3,0.1,54.0
"ITO, Delhi",DEL_VUnH_2023-02-16-14.00-2-6.jpg,2023,2,16,12,268,e_Very_Unhealthy,2023-02-16,2.0,3.3,115.0,0.6,0.0,52.0
"Biratnagar, Nepal",BIR_UH_2023-03-16-12.30-4-316.jpg,2023,3,16,12,154,d_Unhealthy,2023-03-16,68.5,98.7,456.0,5.4,8.3,132.0
"Biratnagar, Nepal",BIR_UNH_VF_2023-02-02- 15.00-3-27.jpg,2023,2,2,12,156,d_Unhealthy,2023-02-02,57.2,81.7,581.0,12.1,8.5,98.0
"ITO, Delhi",DEL_SEV_2023-02-17-13.00-2-45.jpg,2023,2,17,12,372,f_Severe,2023-02-17,0.2,0.3,91.0,0.1,0.0,49.0
"ITO, Delhi",DEL_VUnH_2023-02-16-14.30-1-99.jpg,2023,2,16,12,245,e_Very_Unhealthy,2023-02-16,2.0,3.3,115.0,0.6,0.0,52.0
"Biratnagar, Nepal",BIR_UNH_VF_2023-02-03- 10.00-2-40.jpg,2023,2,3,12,163,d_Unhealthy,2023-02-03,69.8,99.7,581.0,11.6,6.8,112.0
Mumbai,MH_UH_2023-02-10-14.30-1-73.jpg,2023,2,10,12,160,d_Unhealthy,2023-02-10,74.7,110.8,581.0,28.9,36.7,198.0
"Biratnagar, Nepal",BIR_UNFSG_VF_2023-02-03-15.00-1-30.jpg,2023,2,3,12,141,c_Unhealthy_for_Sensitive_Groups,2023-02-03,69.8,99.7,581.0,11.6,6.8,112.0
"Knowledge park, Greater Noida",UP_UN_2023-03-01-08.30-1-73.jpg,2023,3,1,12,199,d_Unhealthy,2023-03-01,21.1,47.7,354.0,67.2,13.3,48.0
"Knowledge park, Greater Noida",UP_UHFSG_2023-03-06-11.30-1-597.jpg,2023,3,6,12,104,c_Unhealthy_for_Sensitive_Groups,2023-03-06,57.3,103.8,710.0,101.0,20.8,124.0
"Dimapur, Nagaland",Dimapur_MOD_2023-02-10-08.30-2-13.jpg,2023,2,10,12,63,b_Moderate,2023-02-10,95.7,140.2,322.0,4.6,4.8,113.0
"ITO, Delhi",DEL_SEV_2023-02-20-14.00-3-126.jpg,2023,2,20,12,363,f_Severe,2023-02-20,4.4,7.8,136.0,0.3,0.0,76.0
Bengaluru,BENGR_Mod_2023-03-13-08.30-1-1.jpg,2023,3,13,12,53,b_Moderate,2023-03-13,27.1,39.7,365.0,8.1,8.5,111.0
Bengaluru,BENGR_Good_2023-03-17-08.30-1-169.jpg,2023,3,17,12,15,a_Good,2023-03-17,20.8,31.4,332.0,11.4,4.1,112.0
Bengaluru,BENGR_Good_2023-02-27-08.30-1-221.jpg,2023,2,27,12,47,a_Good,2023-02-27,10.8,15.8,277.0,6.9,7.3,131.0
"Biratnagar, Nepal",BIR_UNH_VF_2023-02-02- 12.00-1-12.jpg,2023,2,2,12,158,d_Unhealthy,2023-02-02,57.2,81.7,581.0,12.1,8.5,98.0
"Dimapur, Nagaland",Dimapur_MOD_2023-02-10-08.30-1-39.jpg,2023,2,10,12,63,b_Moderate,2023-02-10,95.7,140.2,322.0,4.6,4.8,113.0
"ITO, Delhi",DEL_SEV_2023-02-20-14.00-3-246.jpg,2023,2,20,12,363,f_Severe,2023-02-20,4.4,7.8,136.0,0.3,0.0,76.0
Bengaluru,BENGR_UHFSG_2023-02-03-08.30-1-30.jpg,2023,2,3,12,136,c_Unhealthy_for_Sensitive_Groups,2023-02-03,19.7,31.1,321.0,13.6,3.8,86.0
"Knowledge park, Greater Noida",UP_SEV_2023-02-18-11.00-1-112.jpg,2023,2,18,12,320,f_Severe,2023-02-18,24.9,48.1,246.0,27.6,8.9,84.0
"ITO, Delhi",DEL_UnH_2023-02-15-11.30-2-19.jpg,2023,2,15,12,179,d_Unhealthy,2023-02-15,2.5,3.7,124.0,1.0,0.0,54.0
Tamil Nadu,TN_Good_2023-02-22-09.30-2-46.jpg,2023,2,22,12,36,a_Good,2023-02-22,8.3,12.4,216.0,13.8,2.4,52.0
Tamil Nadu,TN_UN_2023-03-11-08.00-1-11.jpg,2023,3,11,12,152,d_Unhealthy,2023-03-11,4.6,7.8,155.0,2.7,0.9,90.0
"Biratnagar, Nepal",BIR_UNH_VF_2023-02-02- 15.00-2-27.jpg,2023,2,2,12,156,d_Unhealthy,2023-02-02,57.2,81.7,581.0,12.1,8.5,98.0
Mumbai,MH_VUN_2023-02-24-15.00-1-56.jpg,2023,2,24,12,202,e_Very_Unhealthy,2023-02-24,73.3,112.7,633.0,41.2,49.7,231.0
"Biratnagar, Nepal",BRI_Un_2023-02-03- 10.00-5.jpg,2023,2,3,12,163,d_Unhealthy,2023-02-03,69.8,99.7,581.0,11.6,6.8,112.0
"Dimapur, Nagaland",Dimapur_UHFSG_2023-02-02- 09.00-1-17.jpg,2023,2,2,12,103,c_Unhealthy_for_Sensitive_Groups,2023-02-02,39.6,56.9,296.0,6.5,2.7,107.0
"Knowledge park, Greater Noida",UP_SEV_2023-02-19-14.30-1.jpg,2023,2,19,12,357,f_Severe,2023-02-19,26.7,50.5,247.0,25.1,8.3,99.0
"New Ind Town, Faridabad",HAR_VUN_2022-10-02-10.00-1-4753.jpg,2022,10,2,12,230,e_Very_Unhealthy,2022-10-02,16.6,23.7,513.0,2.0,1.8,93.0
"Biratnagar, Nepal",BIR_UNFSG_VF_2023-02-03-15.00-2-38.jpg,2023,2,3,12,141,c_Unhealthy_for_Sensitive_Groups,2023-02-03,69.8,99.7,581.0,11.6,6.8,112.0
Bengaluru,BENGR_Mod_2023-02-24-08.30-1-281.jpg,2023,2,24,12,68,b_Moderate,2023-02-24,11.3,16.6,250.0,9.2,10.1,126.0
"Knowledge park, Greater Noida",UP_UHFSG_2023-02-24-08.30-1-325.jpg,2023,2,24,12,141,c_Unhealthy_for_Sensitive_Groups,2023-02-24,132.7,224.4,1109.0,243.3,40.8,181.0
Mumbai,MH_Mod_2023-03-21-15.00-1-428.jpg,2023,3,21,12,92,b_Moderate,2023-03-21,15.9,32.0,246.0,16.3,15.8,72.0
"Biratnagar, Nepal",BIR_UNH_VF_2023-02-02- 1700-3-67.jpg,2023,2,2,12,156,d_Unhealthy,2023-02-02,57.2,81.7,581.0,12.1,8.5,98.0
"ITO, Delhi",DEL_VUnH_2023-02-16-14.00-3-20.jpg,2023,2,16,12,268,e_Very_Unhealthy,2023-02-16,2.0,3.3,115.0,0.6,0.0,52.0
"ITO, Delhi",DEL_VUnH_2023-02-16-14.30-1-38.jpg,2023,2,16,12,245,e_Very_Unhealthy,2023-02-16,2.0,3.3,115.0,0.6,0.0,52.0
Mumbai,MH_UnFSG_2023-02-15-10.30-1-7.jpg,2023,2,15,12,143,c_Unhealthy_for_Sensitive_Groups,2023-02-15,82.2,119.0,737.0,40.3,51.8,253.0
"Knowledge park, Greater Noida",UP_SEV_2023-02-18-14.30-1-6.jpg,2023,2,18,12,331,f_Severe,2023-02-18,24.9,48.1,246.0,27.6,8.9,84.0
"Biratnagar, Nepal",BIR_UNH_VF_2023-02-02- 15.00-4-35.jpg,2023,2,2,12,156,d_Unhealthy,2023-02-02,57.2,81.7,581.0,12.1,8.5,98.0
Mumbai,MH_UN_2023-03-12-13.00-1-22.jpg,2023,3,12,12,156,d_Unhealthy,2023-03-12,240.3,345.5,1730.0,61.2,111.6,478.0
Mumbai,MH_Good_2023-03-22-18.00-1-331.jpg,2023,3,22,12,47,a_Good,2023-03-22,16.2,31.8,249.0,15.6,16.8,76.0
"Biratnagar, Nepal",BIR_MOD_2023-02-13-09.30-4-14.jpg,2023,2,13,12,91,b_Moderate,2023-02-13,40.7,59.3,429.0,13.7,9.2,101.0
"Biratnagar, Nepal",BIR_UNH_VF_2023-02-02- 12.00-2-55.jpg,2023,2,2,12,158,d_Unhealthy,2023-02-02,57.2,81.7,581.0,12.1,8.5,98.0
"Knowledge park, Greater Noida",UP_UHFSG_2023-02-08-08.30-1-91.jpg,2023,2,8,12,133,c_Unhealthy_for_Sensitive_Groups,2023-02-08,53.7,112.2,526.0,86.8,19.1,87.0
"Knowledge park, Greater Noida",UP_VUN_2023-03-02-09.00-1-25.jpg,2023,3,2,12,223,e_Very_Unhealthy,2023-03-02,20.5,48.2,338.0,56.9,14.0,72.0
"Knowledge park, Greater Noida",UP_SEV_2023-02-18-11.00-1-3.jpg,2023,2,18,12,320,f_Severe,2023-02-18,24.9,48.1,246.0,27.6,8.9,84.0
Tamil Nadu,TN_UnFSG_2023-03-08-08.30-1-281.jpg,2023,3,8,12,121,c_Unhealthy_for_Sensitive_Groups,2023-03-08,21.1,30.5,475.0,70.5,1.8,17.0
Tamil Nadu,TN_UnFSG_2023-03-09-09.00-1-66.jpg,2023,3,9,12,134,c_Unhealthy_for_Sensitive_Groups,2023-03-09,10.4,15.2,234.0,12.8,0.9,62.0
Bengaluru,BENGR_Mod_2023-02-24-08.30-1-296.jpg,2023,2,24,12,68,b_Moderate,2023-02-24,11.3,16.6,250.0,9.2,10.1,126.0
"ITO, Delhi",DEL_VUnH_2023-02-16-17.00-1-152.jpg,2023,2,16,12,293,e_Very_Unhealthy,2023-02-16,2.0,3.3,115.0,0.6,0.0,52.0
Mumbai,MH_VUN_2023-03-05-08.30-1-126.jpg,2023,3,5,12,284,e_Very_Unhealthy,2023-03-05,278.5,401.4,1413.0,23.7,39.9,325.0
Mumbai,MH_UnFSG_2023-03-08-11.00-1-201.jpg,2023,3,8,12,124,c_Unhealthy_for_Sensitive_Groups,2023-03-08,97.1,144.8,836.0,49.2,63.9,264.0
Bengaluru,BENGR_Mod_2023-03-04-08.30-1-296.jpg,2023,3,4,12,71,b_Moderate,2023-03-04,17.8,26.3,251.0,6.2,6.9,118.0
"Dimapur, Nagaland",Dimapur_UHFSG_2023-02-02- 09.00-1-6.jpg,2023,2,2,12,103,c_Unhealthy_for_Sensitive_Groups,2023-02-02,39.6,56.9,296.0,6.5,2.7,107.0
"Knowledge park, Greater Noida",UP_SEV_2023-02-19-14.30-1-5.jpg,2023,2,19,12,357,f_Severe,2023-02-19,26.7,50.5,247.0,25.1,8.3,99.0
Bengaluru,BENGR_Mod_2023-02-25-08.30-1-371.jpg,2023,2,25,12,73,b_Moderate,2023-02-25,19.2,27.9,256.0,7.8,9.3,142.0
Mumbai,MH_Mod_2023-03-21-15.00-1-393.jpg,2023,3,21,12,92,b_Moderate,2023-03-21,15.9,32.0,246.0,16.3,15.8,72.0
"Biratnagar, Nepal",BIR_UNFSG_VF_2023-02-03-16.00-2-7.jpg,2023,2,3,12,141,c_Unhealthy_for_Sensitive_Groups,2023-02-03,69.8,99.7,581.0,11.6,6.8,112.0
"ITO, Delhi",DEL_SEV_2023-02-16-18.00-2-10.jpg,2023,2,16,12,330,f_Severe,2023-02-16,2.0,3.3,115.0,0.6,0.0,52.0
Tamil Nadu,TN_Good_2023-02-22-09.30-1-6.jpg,2023,2,22,12,36,a_Good,2023-02-22,8.3,12.4,216.0,13.8,2.4,52.0
"ITO, Delhi",DEL_VUnH_2023-02-16-14.30-1-125.jpg,2023,2,16,12,245,e_Very_Unhealthy,2023-02-16,2.0,3.3,115.0,0.6,0.0,52.0
Bengaluru,BENGR_Good_2023-02-26-08.30-1-26.jpg,2023,2,26,12,48,a_Good,2023-02-26,24.5,35.4,262.0,6.6,12.6,156.0
"ITO, Delhi",DEL_VUnH_2023-02-16-17.00-1-55.jpg,2023,2,16,12,293,e_Very_Unhealthy,2023-02-16,2.0,3.3,115.0,0.6,0.0,52.0
Bengaluru,BENGR_Good_2023-02-28-08.30-1-371.jpg,2023,2,28,12,37,a_Good,2023-02-28,27.2,39.7,398.0,7.6,7.8,127.0
"Knowledge park, Greater Noida",UP_SEV_2023-02-20-08.30-1-49.jpg,2023,2,20,12,331,f_Severe,2023-02-20,26.1,49.7,219.0,20.0,5.1,100.0
Mumbai,MH_UnFSG_2023-02-17-13.00-2-45.jpg,2023,2,17,12,140,c_Unhealthy_for_Sensitive_Groups,2023-02-17,64.3,96.9,620.0,42.0,43.7,225.0
Tamil Nadu,TN_UnFSG_2023-03-03-09.00-2-211.jpg,2023,3,3,12,121,c_Unhealthy_for_Sensitive_Groups,2023-03-03,5.2,9.4,154.0,1.6,1.3,86.0
"New Ind Town, Faridabad",HAR_VUN_2022-10-02-10.00-1-1025.jpg,2022,10,2,12,230,e_Very_Unhealthy,2022-10-02,16.6,23.7,513.0,2.0,1.8,93.0
"ITO, Delhi",DEL_VUnH_2023-02-16-14.30-1-278.jpg,2023,2,16,12,245,e_Very_Unhealthy,2023-02-16,2.0,3.3,115.0,0.6,0.0,52.0
"Biratnagar, Nepal",BIR_MOD_2023-02-13-09.30-3-29.jpg,2023,2,13,12,91,b_Moderate,2023-02-13,40.7,59.3,429.0,13.7,9.2,101.0
Mumbai,MH_UH_2023-02-19-12.00-1-15.jpg,2023,2,19,12,160,d_Unhealthy,2023-02-19,143.0,205.8,1159.0,48.0,73.1,327.0
"ITO, Delhi",DEL_VUnH_2023-02-16-17.00-1-92.jpg,2023,2,16,12,293,e_Very_Unhealthy,2023-02-16,2.0,3.3,115.0,0.6,0.0,52.0
"Knowledge park, Greater Noida",UP_SEV_2023-02-19-14.30-1-28.jpg,2023,2,19,12,357,f_Severe,2023-02-19,26.7,50.5,247.0,25.1,8.3,99.0
Mumbai,MH_VUN_2023-02-25-10.00-1-86.jpg,2023,2,25,12,206,e_Very_Unhealthy,2023-02-25,64.3,98.3,654.0,37.4,50.9,173.0
"Knowledge park, Greater Noida",UP_UHFSG_2023-02-24-08.30-1-329.jpg,2023,2,24,12,141,c_Unhealthy_for_Sensitive_Groups,2023-02-24,132.7,224.4,1109.0,243.3,40.8,181.0
Mumbai,MH_UH_2023-02-14-11.30-1-8.jpg,2023,2,14,12,160,d_Unhealthy,2023-02-14,81.3,119.0,721.0,41.8,52.8,260.0
"Knowledge park, Greater Noida",UP_UHFSG_2023-03-06-11.30-1-9.jpg,2023,3,6,12,104,c_Unhealthy_for_Sensitive_Groups,2023-03-06,57.3,103.8,710.0,101.0,20.8,124.0
Mumbai,MH_UnFSG_2023-03-08-11.00-1-26.jpg,2023,3,8,12,124,c_Unhealthy_for_Sensitive_Groups,2023-03-08,97.1,144.8,836.0,49.2,63.9,264.0
Mumbai,MH_UH_2023-02-03- 09.30-1-50.jpg,2023,2,3,12,162,d_Unhealthy,2023-02-03,121.1,177.4,813.0,48.2,60.2,256.0
"Dimapur, Nagaland",Dimapur_MOD_2023-02-10-08.30-1-31.jpg,2023,2,10,12,63,b_Moderate,2023-02-10,95.7,140.2,322.0,4.6,4.8,113.0
"ITO, Delhi",DEL_SEV_2023-02-22-14.00-2-441.jpg,2023,2,22,12,450,f_Severe,2023-02-22,2.4,4.2,128.0,0.1,0.0,83.0
"ITO, Delhi",DEL_VUnH_2023-02-16-14.30-1-154.jpg,2023,2,16,12,245,e_Very_Unhealthy,2023-02-16,2.0,3.3,115.0,0.6,0.0,52.0
Mumbai,MH_UnFSG_2023-02-15-10.30-1-36.jpg,2023,2,15,12,143,c_Unhealthy_for_Sensitive_Groups,2023-02-15,82.2,119.0,737.0,40.3,51.8,253.0
Bengaluru,BENGR_Good_2023-03-17-08.30-1-211.jpg,2023,3,17,12,15,a_Good,2023-03-17,20.8,31.4,332.0,11.4,4.1,112.0
"ITO, Delhi",DEL_UnH_2023-02-15-11.30-1-53.jpg,2023,2,15,12,179,d_Unhealthy,2023-02-15,2.5,3.7,124.0,1.0,0.0,54.0
"New Ind Town, Faridabad",HAR_VUN_2022-10-02-10.00-1-2105.jpg,2022,10,2,12,230,e_Very_Unhealthy,2022-10-02,16.6,23.7,513.0,2.0,1.8,93.0
"Biratnagar, Nepal",BIR_UNH_VF_2023-02-02- 1700-2-2.jpg,2023,2,2,12,156,d_Unhealthy,2023-02-02,57.2,81.7,581.0,12.1,8.5,98.0
"ITO, Delhi",DEL_VUH_2023-02-04-17.00-2-175.jpg,2023,2,4,12,281,e_Very_Unhealthy,2023-02-04,2.8,4.9,89.0,0.2,0.1,62.0
"Knowledge park, Greater Noida",UP_VUN_2023-03-02-09.00-1-517.jpg,2023,3,2,12,223,e_Very_Unhealthy,2023-03-02,20.5,48.2,338.0,56.9,14.0,72.0
"New Ind Town, Faridabad",HAR_VUN_2022-10-02-10.00-1-1105.jpg,2022,10,2,12,230,e_Very_Unhealthy,2022-10-02,16.6,23.7,513.0,2.0,1.8,93.0
Mumbai,MH_UH_2023-02-14-11.30-1-51.jpg,2023,2,14,12,160,d_Unhealthy,2023-02-14,81.3,119.0,721.0,41.8,52.8,260.0
Mumbai,MH_UnFSG_2023-02-17-13.00-2-67.jpg,2023,2,17,12,140,c_Unhealthy_for_Sensitive_Groups,2023-02-17,64.3,96.9,620.0,42.0,43.7,225.0
Tamil Nadu,TN_Good_2023-02-23-08.30-2-36.jpg,2023,2,23,12,43,a_Good,2023-02-23,2.9,4.1,131.0,0.9,1.6,95.0
"Biratnagar, Nepal",BIR_MOD_2023-02-13-09.30-1-39.jpg,2023,2,13,12,91,b_Moderate,2023-02-13,40.7,59.3,429.0,13.7,9.2,101.0
Bengaluru,BENGR_Mod_2023-02-21-08.30-1-26.jpg,2023,2,21,12,56,b_Moderate,2023-02-21,26.0,37.8,303.0,8.9,11.2,152.0
Mumbai,MH_UnFSG_2023-03-18-11.00-1-365.jpg,2023,3,18,12,114,c_Unhealthy_for_Sensitive_Groups,2023-03-18,59.0,94.8,678.0,39.3,48.8,177.0
Tamil Nadu,TN_Good_2023-02-20-08.30-1-40.jpg,2023,2,20,12,37,a_Good,2023-02-20,2.1,3.0,150.0,2.1,0.4,78.0
"Biratnagar, Nepal",BIR_UFSG_2023-02-14- 14.30-1-40.jpg,2023,2,14,12,101,c_Unhealthy_for_Sensitive_Groups,2023-02-14,43.3,62.6,471.0,15.4,7.5,101.0
"Biratnagar, Nepal",BIR_UNH_VF_2023-02-03- 10.00-3-5.jpg,2023,2,3,12,163,d_Unhealthy,2023-02-03,69.8,99.7,581.0,11.6,6.8,112.0
Tamil Nadu,TN_Good_2023-02-20-16.30-1-86.jpg,2023,2,20,12,43,a_Good,2023-02-20,2.1,3.0,150.0,2.1,0.4,78.0
Tamil Nadu,TN_MOD_2023-02-09-08.30-2-22.jpg,2023,2,9,12,78,b_Moderate,2023-02-09,20.1,29.8,485.0,57.4,2.2,10.0
Bengaluru,BENGR_Good_2023-03-21-08.30-1-463.jpg,2023,3,21,12,47,a_Good,2023-03-21,9.1,13.8,245.0,15.6,3.6,110.0
Mumbai,MH_UnFSG_2023-03-14-13.00-1-169.jpg,2023,3,14,12,138,c_Unhealthy_for_Sensitive_Groups,2023-03-14,160.7,240.3,1639.0,42.4,85.0,345.0
Bengaluru,BENGR_Mod_2023-02-25-08.30-1-516.jpg,2023,2,25,12,73,b_Moderate,2023-02-25,19.2,27.9,256.0,7.8,9.3,142.0
Bengaluru,BENGR_Good_2023-02-28-08.30-1-356.jpg,2023,2,28,12,37,a_Good,2023-02-28,27.2,39.7,398.0,7.6,7.8,127.0
Tamil Nadu,TN_Good_2023-02-27-16.30-2-46.jpg,2023,2,27,12,43,a_Good,2023-02-27,5.9,9.2,177.0,7.1,1.1,74.0
"Biratnagar, Nepal",BIR_MOD_2023-02-13-09.30-4-44.jpg,2023,2,13,12,91,b_Moderate,2023-02-13,40.7,59.3,429.0,13.7,9.2,101.0
Bengaluru,BENGR_Mod_2023-02-24-08.30-1-236.jpg,2023,2,24,12,68,b_Moderate,2023-02-24,11.3,16.6,250.0,9.2,10.1,126.0
Bengaluru,BENGR_UHFSG_2023-02-15-14.30-1-32.jpg,2023,2,15,12,103,c_Unhealthy_for_Sensitive_Groups,2023-02-15,18.6,26.8,278.0,7.8,11.8,147.0
Mumbai,MH_UN_2023-03-16-11.00-1-211.jpg,2023,3,16,12,159,d_Unhealthy,2023-03-16,59.3,90.6,871.0,64.4,81.4,199.0
Tamil Nadu,TN_Good_2023-02-20-16.30-2-91.jpg,2023,2,20,12,43,a_Good,2023-02-20,2.1,3.0,150.0,2.1,0.4,78.0
Bengaluru,BENGR_Mod_2023-02-25-08.30-1-431.jpg,2023,2,25,12,73,b_Moderate,2023-02-25,19.2,27.9,256.0,7.8,9.3,142.0
Bengaluru,BENGR_Mod_2023-03-09-08.30-1-16.jpg,2023,3,9,12,51,b_Moderate,2023-03-09,32.7,47.8,341.0,6.8,6.3,123.0
"ITO, Delhi",DEL_VUH_2023-02-04-17.00-2-171.jpg,2023,2,4,12,281,e_Very_Unhealthy,2023-02-04,2.8,4.9,89.0,0.2,0.1,62.0
"Knowledge park, Greater Noida",UP_VUN_2023-03-02-09.00-1-69.jpg,2023,3,2,12,223,e_Very_Unhealthy,2023-03-02,20.5,48.2,338.0,56.9,14.0,72.0
"Knowledge park, Greater Noida",UP_SEV_2023-02-19-14.30-1-37.jpg,2023,2,19,12,357,f_Severe,2023-02-19,26.7,50.5,247.0,25.1,8.3,99.0
"Biratnagar, Nepal",BIR_UNH_VF_2023-02-03- 10.00-1-18.jpg,2023,2,3,12,163,d_Unhealthy,2023-02-03,69.8,99.7,581.0,11.6,6.8,112.0
"Biratnagar, Nepal",BRI_UFSG_2023-02-03- 16.00-12.jpg,2023,2,3,12,141,c_Unhealthy_for_Sensitive_Groups,2023-02-03,69.8,99.7,581.0,11.6,6.8,112.0
"ITO, Delhi",DEL_VUnH_2023-02-16-14.30-1-90.jpg,2023,2,16,12,245,e_Very_Unhealthy,2023-02-16,2.0,3.3,115.0,0.6,0.0,52.0
"ITO, Delhi",DEL_SEV_2023-02-20-14.00-3-106.jpg,2023,2,20,12,363,f_Severe,2023-02-20,4.4,7.8,136.0,0.3,0.0,76.0
Tamil Nadu,TN_Good_2023-02-20-16.30-2-216.jpg,2023,2,20,12,43,a_Good,2023-02-20,2.1,3.0,150.0,2.1,0.4,78.0
"Biratnagar, Nepal",BIR_UFSG_2023-02-14- 14.30-2-43.jpg,2023,2,14,12,101,c_Unhealthy_for_Sensitive_Groups,2023-02-14,43.3,62.6,471.0,15.4,7.5,101.0
Tamil Nadu,TN_Good_2023-02-20-08.30-1-10.jpg,2023,2,20,12,37,a_Good,2023-02-20,2.1,3.0,150.0,2.1,0.4,78.0
"Biratnagar, Nepal",BIR_MOD_2023-02-13-09.30-3-1.jpg,2023,2,13,12,91,b_Moderate,2023-02-13,40.7,59.3,429.0,13.7,9.2,101.0
"Knowledge park, Greater Noida",UP_UHFSG_2023-02-08-08.30-1-95.jpg,2023,2,8,12,133,c_Unhealthy_for_Sensitive_Groups,2023-02-08,53.7,112.2,526.0,86.8,19.1,87.0
"Biratnagar, Nepal",BIR_UNH_VF_2023-02-02- 15.00-4-34.jpg,2023,2,2,12,156,d_Unhealthy,2023-02-02,57.2,81.7,581.0,12.1,8.5,98.0
"Biratnagar, Nepal",BIR_UH_2023-03-16-12.30-4-337.jpg,2023,3,16,12,154,d_Unhealthy,2023-03-16,68.5,98.7,456.0,5.4,8.3,132.0
Mumbai,MH_Good_2023-03-23-17.00-1-323.jpg,2023,3,23,12,47,a_Good,2023-03-23,18.4,34.5,257.0,17.2,19.2,71.0
Bengaluru,BENGR_Mod_2023-02-24-08.30-1-401.jpg,2023,2,24,12,68,b_Moderate,2023-02-24,11.3,16.6,250.0,9.2,10.1,126.0
"Biratnagar, Nepal",BIR_UNFSG_VF_2023-02-03-15.00-3-46.jpg,2023,2,3,12,141,c_Unhealthy_for_Sensitive_Groups,2023-02-03,69.8,99.7,581.0,11.6,6.8,112.0
Bengaluru,BENGR_Mod_2023-03-04-08.30-1-216.jpg,2023,3,4,12,71,b_Moderate,2023-03-04,17.8,26.3,251.0,6.2,6.9,118.0
"Biratnagar, Nepal",BIR_UNH_VF_2023-02-02- 12.00-1-91.jpg,2023,2,2,12,158,d_Unhealthy,2023-02-02,57.2,81.7,581.0,12.1,8.5,98.0
Bengaluru,BENGR_Good_2023-02-27-08.30-1-56.jpg,2023,2,27,12,47,a_Good,2023-02-27,10.8,15.8,277.0,6.9,7.3,131.0
Mumbai,MH_Good_2023-03-22-11.00-4.jpg,2023,3,22,12,49,a_Good,2023-03-22,16.2,31.8,249.0,15.6,16.8,76.0
Tamil Nadu,TN_UnFSG_2023-03-03-09.00-2-146.jpg,2023,3,3,12,121,c_Unhealthy_for_Sensitive_Groups,2023-03-03,5.2,9.4,154.0,1.6,1.3,86.0
"Biratnagar, Nepal",BIR_UNH_VF_2023-02-02- 15.00-3-53.jpg,2023,2,2,12,156,d_Unhealthy,2023-02-02,57.2,81.7,581.0,12.1,8.5,98.0
Tamil Nadu,TN_Good_2023-02-23-08.30-2-261.jpg,2023,2,23,12,43,a_Good,2023-02-23,2.9,4.1,131.0,0.9,1.6,95.0
Bengaluru,BENGR_Mod_2023-03-04-08.30-1-56.jpg,2023,3,4,12,71,b_Moderate,2023-03-04,17.8,26.3,251.0,6.2,6.9,118.0
"ITO, Delhi",DEL_SEV_2023-02-20-14.00-3-221.jpg,2023,2,20,12,363,f_Severe,2023-02-20,4.4,7.8,136.0,0.3,0.0,76.0
Bengaluru,BENGR_Good_2023-02-28-08.30-1-646.jpg,2023,2,28,12,37,a_Good,2023-02-28,27.2,39.7,398.0,7.6,7.8,127.0
"ITO, Delhi",DEL_SEV_2023-02-16-18.00-2-75.jpg,2023,2,16,12,330,f_Severe,2023-02-16,2.0,3.3,115.0,0.6,0.0,52.0
Tamil Nadu,TN_UnFSG_2023-03-09-09.00-2-101.jpg,2023,3,9,12,134,c_Unhealthy_for_Sensitive_Groups,2023-03-09,10.4,15.2,234.0,12.8,0.9,62.0
Bengaluru,BENGR_Mod_2023-02-25-08.30-1-421.jpg,2023,2,25,12,73,b_Moderate,2023-02-25,19.2,27.9,256.0,7.8,9.3,142.0
"ITO, Delhi",DEL_SEV_2023-02-20-14.00-2-296.jpg,2023,2,20,12,363,f_Severe,2023-02-20,4.4,7.8,136.0,0.3,0.0,76.0
Bengaluru,BENGR_Good_2023-03-17-08.30-1-498.jpg,2023,3,17,12,15,a_Good,2023-03-17,20.8,31.4,332.0,11.4,4.1,112.0
"New Ind Town, Faridabad",HAR_VUN_2022-10-02-10.00-1-489.jpg,2022,10,2,12,230,e_Very_Unhealthy,2022-10-02,16.6,23.7,513.0,2.0,1.8,93.0
Bengaluru,BENGR_Mod_2023-02-21-08.30-1-51.jpg,2023,2,21,12,56,b_Moderate,2023-02-21,26.0,37.8,303.0,8.9,11.2,152.0
"Biratnagar, Nepal",BRI_Un_2023-02-02-1700-1.jpg,2023,2,2,12,156,d_Unhealthy,2023-02-02,57.2,81.7,581.0,12.1,8.5,98.0
Bengaluru,BENGR_Good_2023-03-17-08.30-1-57.jpg,2023,3,17,12,15,a_Good,2023-03-17,20.8,31.4,332.0,11.4,4.1,112.0
Bengaluru,BENGR_Good_2023-02-28-08.30-1-176.jpg,2023,2,28,12,37,a_Good,2023-02-28,27.2,39.7,398.0,7.6,7.8,127.0
Bengaluru,BENGR_Mod_2023-03-01-08.30-1-186.jpg,2023,3,1,12,70,b_Moderate,2023-03-01,17.0,25.4,362.0,6.3,6.0,122.0
Tamil Nadu,TN_UnFSG_2023-03-01-08.30-1-181.jpg,2023,3,1,12,111,c_Unhealthy_for_Sensitive_Groups,2023-03-01,11.3,16.5,244.0,12.0,2.9,66.0
Tamil Nadu,TN_UnFSG_2023-03-03-09.00-1-16.jpg,2023,3,3,12,121,c_Unhealthy_for_Sensitive_Groups,2023-03-03,5.2,9.4,154.0,1.6,1.3,86.0
Mumbai,MH_UnFSG_2023-03-08-11.00-1-6.jpg,2023,3,8,12,124,c_Unhealthy_for_Sensitive_Groups,2023-03-08,97.1,144.8,836.0,49.2,63.9,264.0
Bengaluru,BENGR_UHFSG_2023-02-03-08.30-1-25.jpg,2023,2,3,12,136,c_Unhealthy_for_Sensitive_Groups,2023-02-03,19.7,31.1,321.0,13.6,3.8,86.0
"Knowledge park, Greater Noida",UP_UHFSG_2023-03-06-11.30-1-213.jpg,2023,3,6,12,104,c_Unhealthy_for_Sensitive_Groups,2023-03-06,57.3,103.8,710.0,101.0,20.8,124.0
"Biratnagar, Nepal",BIR_MOD_2023-02-13-09.30-2-51.jpg,2023,2,13,12,91,b_Moderate,2023-02-13,40.7,59.3,429.0,13.7,9.2,101.0
Tamil Nadu,TN_UnFSG_2023-03-01-08.30-1-56.jpg,2023,3,1,12,111,c_Unhealthy_for_Sensitive_Groups,2023-03-01,11.3,16.5,244.0,12.0,2.9,66.0
"Knowledge park, Greater Noida",UP_UN_2023-03-01-08.30-1-105.jpg,2023,3,1,12,199,d_Unhealthy,2023-03-01,21.1,47.7,354.0,67.2,13.3,48.0
"Knowledge park, Greater Noida",UP_UHFSG_2023-03-06-11.30-1.jpg,2023,3,6,12,104,c_Unhealthy_for_Sensitive_Groups,2023-03-06,57.3,103.8,710.0,101.0,20.8,124.0
Mumbai,MH_UN_2023-03-15-15.00-1-337.jpg,2023,3,15,12,162,d_Unhealthy,2023-03-15,190.5,276.6,1537.0,57.3,103.4,404.0
"Dimapur, Nagaland",Dimapur_UHFSG_2023-02-02- 09.00-2-37.jpg,2023,2,2,12,103,c_Unhealthy_for_Sensitive_Groups,2023-02-02,39.6,56.9,296.0,6.5,2.7,107.0
"Biratnagar, Nepal",BIR_UNFSG_VF_2023-02-03-16.00-3-44.jpg,2023,2,3,12,141,c_Unhealthy_for_Sensitive_Groups,2023-02-03,69.8,99.7,581.0,11.6,6.8,112.0
Bengaluru,BENGR_Mod_2023-02-21-08.30-1-536.jpg,2023,2,21,12,56,b_Moderate,2023-02-21,26.0,37.8,303.0,8.9,11.2,152.0
Mumbai,MH_VUN_2023-02-25-10.00-1-316.jpg,2023,2,25,12,206,e_Very_Unhealthy,2023-02-25,64.3,98.3,654.0,37.4,50.9,173.0
"ITO, Delhi",DEL_VUnH_2023-02-16-17.00-1-65.jpg,2023,2,16,12,293,e_Very_Unhealthy,2023-02-16,2.0,3.3,115.0,0.6,0.0,52.0
"Knowledge park, Greater Noida",UP_SEV_2023-02-19-14.30-1-48.jpg,2023,2,19,12,357,f_Severe,2023-02-19,26.7,50.5,247.0,25.1,8.3,99.0
"Biratnagar, Nepal",BIR_MOD_2023-02-13-09.30-2-58.jpg,2023,2,13,12,91,b_Moderate,2023-02-13,40.7,59.3,429.0,13.7,9.2,101.0
"ITO, Delhi",DEL_SEV_2023-02-20-14.00-3-431.jpg,2023,2,20,12,363,f_Severe,2023-02-20,4.4,7.8,136.0,0.3,0.0,76.0
Tamil Nadu,TN_UnFSG_2023-03-02-08.30-1-41.jpg,2023,3,2,12,119,c_Unhealthy_for_Sensitive_Groups,2023-03-02,8.6,16.2,185.0,2.6,1.1,86.0
"Knowledge park, Greater Noida",UP_UN_2023-03-01-08.30-1-321.jpg,2023,3,1,12,199,d_Unhealthy,2023-03-01,21.1,47.7,354.0,67.2,13.3,48.0
"New Ind Town, Faridabad",HAR_VUN_2022-10-02-10.00-1-3553.jpg,2022,10,2,12,230,e_Very_Unhealthy,2022-10-02,16.6,23.7,513.0,2.0,1.8,93.0
"ITO, Delhi",DEL_VUH_2023-02-04-17.00-2-6.jpg,2023,2,4,12,281,e_Very_Unhealthy,2023-02-04,2.8,4.9,89.0,0.2,0.1,62.0
"Knowledge park, Greater Noida",UP_SEV_2023-02-19-14.30-1-15.jpg,2023,2,19,12,357,f_Severe,2023-02-19,26.7,50.5,247.0,25.1,8.3,99.0
Bengaluru,BENGR_Good_2023-02-26-08.30-1-326.jpg,2023,2,26,12,48,a_Good,2023-02-26,24.5,35.4,262.0,6.6,12.6,156.0
Mumbai,MH_UnFSG_2023-03-08-11.00-1-51.jpg,2023,3,8,12,124,c_Unhealthy_for_Sensitive_Groups,2023-03-08,97.1,144.8,836.0,49.2,63.9,264.0
Bengaluru,BENGR_Good_2023-02-27-08.30-1-141.jpg,2023,2,27,12,47,a_Good,2023-02-27,10.8,15.8,277.0,6.9,7.3,131.0
"Knowledge park, Greater Noida",UP_SEV_2023-02-18-11.00-1-50.jpg,2023,2,18,12,320,f_Severe,2023-02-18,24.9,48.1,246.0,27.6,8.9,84.0
"Biratnagar, Nepal",BIR_UFSG_2023-02-14- 14.30-3-35.jpg,2023,2,14,12,101,c_Unhealthy_for_Sensitive_Groups,2023-02-14,43.3,62.6,471.0,15.4,7.5,101.0
Mumbai,MH_UN_2023-03-13-10.00-1-8.jpg,2023,3,13,12,197,d_Unhealthy,2023-03-13,346.5,501.1,2447.0,38.8,125.9,577.0
Mumbai,MH_UN_2023-03-13-10.00-1-15.jpg,2023,3,13,12,197,d_Unhealthy,2023-03-13,346.5,501.1,2447.0,38.8,125.9,577.0
Tamil Nadu,TN_UnFSG_2023-03-03-09.00-1-46.jpg,2023,3,3,12,121,c_Unhealthy_for_Sensitive_Groups,2023-03-03,5.2,9.4,154.0,1.6,1.3,86.0
"Knowledge park, Greater Noida",UP_UHFSG_2023-02-24-08.30-1-273.jpg,2023,2,24,12,141,c_Unhealthy_for_Sensitive_Groups,2023-02-24,132.7,224.4,1109.0,243.3,40.8,181.0
Mumbai,MH_Good_2023-03-23-17.00-1-393.jpg,2023,3,23,12,47,a_Good,2023-03-23,18.4,34.5,257.0,17.2,19.2,71.0
"Biratnagar, Nepal",BIR_UH_2023-03-16-12.30-3-162.jpg,2023,3,16,12,154,d_Unhealthy,2023-03-16,68.5,98.7,456.0,5.4,8.3,132.0
Bengaluru,BENGR_Good_2023-03-17-08.30-1-295.jpg,2023,3,17,12,15,a_Good,2023-03-17,20.8,31.4,332.0,11.4,4.1,112.0
Mumbai,MH_Good_2023-03-23-17.00-1-50.jpg,2023,3,23,12,47,a_Good,2023-03-23,18.4,34.5,257.0,17.2,19.2,71.0
Mumbai,MH_UH_2023-02-11-03.30-1-36.jpg,2023,2,11,12,154,d_Unhealthy,2023-02-11,50.5,82.9,477.0,34.0,35.6,181.0
"Dimapur, Nagaland",Dimapur_MOD_2023-02-10-08.30-2-48.jpg,2023,2,10,12,63,b_Moderate,2023-02-10,95.7,140.2,322.0,4.6,4.8,113.0
Mumbai,MH_VUN_2023-02-25-10.00-1-266.jpg,2023,2,25,12,206,e_Very_Unhealthy,2023-02-25,64.3,98.3,654.0,37.4,50.9,173.0
Bengaluru,BENGR_Mod_2023-03-13-08.30-1-64.jpg,2023,3,13,12,53,b_Moderate,2023-03-13,27.1,39.7,365.0,8.1,8.5,111.0
"ITO, Delhi",DEL_VUnH_2023-02-16-17.00-1-142.jpg,2023,2,16,12,293,e_Very_Unhealthy,2023-02-16,2.0,3.3,115.0,0.6,0.0,52.0
"Biratnagar, Nepal",BRI_UFSG_2023-02-03- 16.00-15.jpg,2023,2,3,12,141,c_Unhealthy_for_Sensitive_Groups,2023-02-03,69.8,99.7,581.0,11.6,6.8,112.0
"Biratnagar, Nepal",BIR_UH_2023-03-16-12.30-2-64.jpg,2023,3,16,12,154,d_Unhealthy,2023-03-16,68.5,98.7,456.0,5.4,8.3,132.0
"Knowledge park, Greater Noida",UP_VUN_2023-03-02-09.00-1-725.jpg,2023,3,2,12,223,e_Very_Unhealthy,2023-03-02,20.5,48.2,338.0,56.9,14.0,72.0
"Knowledge park, Greater Noida",UP_SEV_2023-02-19-14.30-1-55.jpg,2023,2,19,12,357,f_Severe,2023-02-19,26.7,50.5,247.0,25.1,8.3,99.0
Tamil Nadu,TN_UHFSG_2023-02-02- 09.00-1-8.jpg,2023,2,2,12,107,c_Unhealthy_for_Sensitive_Groups,2023-02-02,23.7,34.2,540.0,59.0,1.5,15.0
"Knowledge park, Greater Noida",UP_UHFSG_2023-03-06-11.30-1-21.jpg,2023,3,6,12,104,c_Unhealthy_for_Sensitive_Groups,2023-03-06,57.3,103.8,710.0,101.0,20.8,124.0
"Biratnagar, Nepal",BRI_UFSG_2023-02-03- 16.00-7.jpg,2023,2,3,12,141,c_Unhealthy_for_Sensitive_Groups,2023-02-03,69.8,99.7,581.0,11.6,6.8,112.0
Mumbai,MH_VUN_2023-02-24-15.00-1-226.jpg,2023,2,24,12,202,e_Very_Unhealthy,2023-02-24,73.3,112.7,633.0,41.2,49.7,231.0
Mumbai,MH_UH_2023-02-11-03.30-2-8.jpg,2023,2,11,12,154,d_Unhealthy,2023-02-11,50.5,82.9,477.0,34.0,35.6,181.0
"Biratnagar, Nepal",BIR_MOD_2023-02-13-09.30-3-78.jpg,2023,2,13,12,91,b_Moderate,2023-02-13,40.7,59.3,429.0,13.7,9.2,101.0
"Biratnagar, Nepal",BIR_UFSG_2023-02-14- 14.30-2-41.jpg,2023,2,14,12,101,c_Unhealthy_for_Sensitive_Groups,2023-02-14,43.3,62.6,471.0,15.4,7.5,101.0
Bengaluru,BENGR_Good_2023-02-26-08.30-1-431.jpg,2023,2,26,12,48,a_Good,2023-02-26,24.5,35.4,262.0,6.6,12.6,156.0
Bengaluru,BENGR_Good_2023-02-28-08.30-1-576.jpg,2023,2,28,12,37,a_Good,2023-02-28,27.2,39.7,398.0,7.6,7.8,127.0
"Biratnagar, Nepal",BIR_UNH_VF_2023-02-02- 12.00-1-79.jpg,2023,2,2,12,158,d_Unhealthy,2023-02-02,57.2,81.7,581.0,12.1,8.5,98.0
"Biratnagar, Nepal",BIR_MOD_2023-02-13-09.30-4-24.jpg,2023,2,13,12,91,b_Moderate,2023-02-13,40.7,59.3,429.0,13.7,9.2,101.0
Mumbai,MH_UnFSG_2023-03-18-11.00-1-309.jpg,2023,3,18,12,114,c_Unhealthy_for_Sensitive_Groups,2023-03-18,59.0,94.8,678.0,39.3,48.8,177.0
"ITO, Delhi",DEL_SEV_2023-02-20-14.00-3-421.jpg,2023,2,20,12,363,f_Severe,2023-02-20,4.4,7.8,136.0,0.3,0.0,76.0
"ITO, Delhi",DEL_SEV_2023-02-20-14.00-3-416.jpg,2023,2,20,12,363,f_Severe,2023-02-20,4.4,7.8,136.0,0.3,0.0,76.0
"ITO, Delhi",DEL_VUnH_2023-02-16-14.30-1-112.jpg,2023,2,16,12,245,e_Very_Unhealthy,2023-02-16,2.0,3.3,115.0,0.6,0.0,52.0
"Biratnagar, Nepal",BIR_UNH_VF_2023-02-02- 12.00-2-72.jpg,2023,2,2,12,158,d_Unhealthy,2023-02-02,57.2,81.7,581.0,12.1,8.5,98.0
"Knowledge park, Greater Noida",UP_VUN_2023-03-02-09.00-1-173.jpg,2023,3,2,12,223,e_Very_Unhealthy,2023-03-02,20.5,48.2,338.0,56.9,14.0,72.0
Mumbai,MH_UN_2023-03-02-08.00-1-51.jpg,2023,3,2,12,156,d_Unhealthy,2023-03-02,165.8,246.8,1018.0,45.0,70.9,342.0
Tamil Nadu,TN_UnFSG_2023-03-02-08.30-1-131.jpg,2023,3,2,12,119,c_Unhealthy_for_Sensitive_Groups,2023-03-02,8.6,16.2,185.0,2.6,1.1,86.0
Mumbai,MH_UH_2023-02-19-12.00-1-50.jpg,2023,2,19,12,160,d_Unhealthy,2023-02-19,143.0,205.8,1159.0,48.0,73.1,327.0
Bengaluru,BENGR_Mod_2023-03-01-08.30-1-206.jpg,2023,3,1,12,70,b_Moderate,2023-03-01,17.0,25.4,362.0,6.3,6.0,122.0
Tamil Nadu,TN_Good_2023-02-20-16.30-2-181.jpg,2023,2,20,12,43,a_Good,2023-02-20,2.1,3.0,150.0,2.1,0.4,78.0
"Biratnagar, Nepal",BIR_UNH_VF_2023-02-03- 10.00-1-5.jpg,2023,2,3,12,163,d_Unhealthy,2023-02-03,69.8,99.7,581.0,11.6,6.8,112.0
"ITO, Delhi",DEL_SEV_2023-02-20-14.00-2-551.jpg,2023,2,20,12,363,f_Severe,2023-02-20,4.4,7.8,136.0,0.3,0.0,76.0
"New Ind Town, Faridabad",HAR_VUN_2022-10-02-10.00-1-1929.jpg,2022,10,2,12,230,e_Very_Unhealthy,2022-10-02,16.6,23.7,513.0,2.0,1.8,93.0
Bengaluru,BENGR_Mod_2023-03-04-08.30-1-146.jpg,2023,3,4,12,71,b_Moderate,2023-03-04,17.8,26.3,251.0,6.2,6.9,118.0
Mumbai,MH_Good_2023-03-23-17.00-1-85.jpg,2023,3,23,12,47,a_Good,2023-03-23,18.4,34.5,257.0,17.2,19.2,71.0
Mumbai,MH_UN_2023-03-13-10.00-1-92.jpg,2023,3,13,12,197,d_Unhealthy,2023-03-13,346.5,501.1,2447.0,38.8,125.9,577.0
Mumbai,MH_UnFSG_2023-02-23-11.00-1-46.jpg,2023,2,23,12,130,c_Unhealthy_for_Sensitive_Groups,2023-02-23,70.5,109.9,662.0,40.6,61.8,226.0
"ITO, Delhi",DEL_VUH_2023-02-04-17.00-2-51.jpg,2023,2,4,12,281,e_Very_Unhealthy,2023-02-04,2.8,4.9,89.0,0.2,0.1,62.0
Tamil Nadu,TN_Good_2023-02-22-09.30-3-6.jpg,2023,2,22,12,36,a_Good,2023-02-22,8.3,12.4,216.0,13.8,2.4,52.0
"Biratnagar, Nepal",BIR_UH_2023-03-16-12.30-2-92.jpg,2023,3,16,12,154,d_Unhealthy,2023-03-16,68.5,98.7,456.0,5.4,8.3,132.0
"ITO, Delhi",DEL_UnH_2023-02-15-11.30-2-16.jpg,2023,2,15,12,179,d_Unhealthy,2023-02-15,2.5,3.7,124.0,1.0,0.0,54.0
"ITO, Delhi",DEL_VUnH_2023-02-16-17.00-2-16.jpg,2023,2,16,12,293,e_Very_Unhealthy,2023-02-16,2.0,3.3,115.0,0.6,0.0,52.0
Tamil Nadu,TN_Good_2023-03-21-08.30-1-127.jpg,2023,3,21,12,27,a_Good,2023-03-21,8.3,12.3,214.0,11.7,1.2,58.0
Tamil Nadu,TN_UnFSG_2023-03-09-09.00-1-151.jpg,2023,3,9,12,134,c_Unhealthy_for_Sensitive_Groups,2023-03-09,10.4,15.2,234.0,12.8,0.9,62.0
"ITO, Delhi",DEL_SEV_2023-02-20-14.00-2-446.jpg,2023,2,20,12,363,f_Severe,2023-02-20,4.4,7.8,136.0,0.3,0.0,76.0
"Knowledge park, Greater Noida",UP_SEV_2023-02-18-14.30-1-21.jpg,2023,2,18,12,331,f_Severe,2023-02-18,24.9,48.1,246.0,27.6,8.9,84.0
"Knowledge park, Greater Noida",UP_UHFSG_2023-02-08-08.30-1-99.jpg,2023,2,8,12,133,c_Unhealthy_for_Sensitive_Groups,2023-02-08,53.7,112.2,526.0,86.8,19.1,87.0
"ITO, Delhi",DEL_VUnH_2023-02-16-17.00-1-144.jpg,2023,2,16,12,293,e_Very_Unhealthy,2023-02-16,2.0,3.3,115.0,0.6,0.0,52.0
Mumbai,MH_UN_2023-03-02-08.00-1-116.jpg,2023,3,2,12,156,d_Unhealthy,2023-03-02,165.8,246.8,1018.0,45.0,70.9,342.0
"Knowledge park, Greater Noida",UP_UHFSG_2023-02-24-08.30-1-73.jpg,2023,2,24,12,141,c_Unhealthy_for_Sensitive_Groups,2023-02-24,132.7,224.4,1109.0,243.3,40.8,181.0
"Knowledge park, Greater Noida",UP_VUN_2023-02-27-10.30-1-169.jpg,2023,2,27,12,299,e_Very_Unhealthy,2023-02-27,44.7,71.7,613.0,101.2,20.5,98.0
"Biratnagar, Nepal",BIR_UNFSG_VF_2023-02-03-16.00-1-40.jpg,2023,2,3,12,141,c_Unhealthy_for_Sensitive_Groups,2023-02-03,69.8,99.7,581.0,11.6,6.8,112.0
"Biratnagar, Nepal",BIR_UNH_VF_2023-02-03- 10.00-3-37.jpg,2023,2,3,12,163,d_Unhealthy,2023-02-03,69.8,99.7,581.0,11.6,6.8,112.0
"ITO, Delhi",DEL_SEV_2023-02-20-14.00-3-161.jpg,2023,2,20,12,363,f_Severe,2023-02-20,4.4,7.8,136.0,0.3,0.0,76.0
"ITO, Delhi",DEL_SEV_2023-02-07-14.00-1-102.jpg,2023,2,7,12,449,f_Severe,2023-02-07,3.0,5.3,89.0,0.3,0.1,54.0
"ITO, Delhi",DEL_SEV_2023-02-16-18.00-2-123.jpg,2023,2,16,12,330,f_Severe,2023-02-16,2.0,3.3,115.0,0.6,0.0,52.0
Mumbai,MH_VUN_2023-02-24-15.00-1-126.jpg,2023,2,24,12,202,e_Very_Unhealthy,2023-02-24,73.3,112.7,633.0,41.2,49.7,231.0
"Knowledge park, Greater Noida",UP_VUN_2023-02-27-10.30-1-101.jpg,2023,2,27,12,299,e_Very_Unhealthy,2023-02-27,44.7,71.7,613.0,101.2,20.5,98.0
Mumbai,MH_UN_2023-03-16-11.00-1-225.jpg,2023,3,16,12,159,d_Unhealthy,2023-03-16,59.3,90.6,871.0,64.4,81.4,199.0
Bengaluru,BENGR_Mod_2023-03-01-08.30-1-11.jpg,2023,3,1,12,70,b_Moderate,2023-03-01,17.0,25.4,362.0,6.3,6.0,122.0
Tamil Nadu,TN_Good_2023-02-23-08.30-1-156.jpg,2023,2,23,12,43,a_Good,2023-02-23,2.9,4.1,131.0,0.9,1.6,95.0
"ITO, Delhi",DEL_SEV_2023-02-20-14.00-2-276.jpg,2023,2,20,12,363,f_Severe,2023-02-20,4.4,7.8,136.0,0.3,0.0,76.0
"Biratnagar, Nepal",BIR_UNH_VF_2023-02-02- 12.00-3-39.jpg,2023,2,2,12,158,d_Unhealthy,2023-02-02,57.2,81.7,581.0,12.1,8.5,98.0
"Biratnagar, Nepal",BIR_UNH_VF_2023-02-02- 1700-3-10.jpg,2023,2,2,12,156,d_Unhealthy,2023-02-02,57.2,81.7,581.0,12.1,8.5,98.0
Bengaluru,BENGR_Good_2023-03-21-08.30-1-106.jpg,2023,3,21,12,47,a_Good,2023-03-21,9.1,13.8,245.0,15.6,3.6,110.0
Mumbai,MH_UH_2023-02-11-03.30-1-33.jpg,2023,2,11,12,154,d_Unhealthy,2023-02-11,50.5,82.9,477.0,34.0,35.6,181.0
"Biratnagar, Nepal",BIR_MOD_2023-02-13-09.30-1-21.jpg,2023,2,13,12,91,b_Moderate,2023-02-13,40.7,59.3,429.0,13.7,9.2,101.0
"Biratnagar, Nepal",BIR_UNH_VF_2023-02-02- 12.00-1-125.jpg,2023,2,2,12,158,d_Unhealthy,2023-02-02,57.2,81.7,581.0,12.1,8.5,98.0
"ITO, Delhi",DEL_VUnH_2023-02-16-17.00-2-51.jpg,2023,2,16,12,293,e_Very_Unhealthy,2023-02-16,2.0,3.3,115.0,0.6,0.0,52.0
"Biratnagar, Nepal",BIR_UH_2023-03-16-12.30-4-344.jpg,2023,3,16,12,154,d_Unhealthy,2023-03-16,68.5,98.7,456.0,5.4,8.3,132.0
Tamil Nadu,TN_UN_2023-03-11-08.00-1-256.jpg,2023,3,11,12,152,d_Unhealthy,2023-03-11,4.6,7.8,155.0,2.7,0.9,90.0
Tamil Nadu,TN_UNH_2023-02-03-13.30-1-7.jpg,2023,2,3,12,167,d_Unhealthy,2023-02-03,26.3,38.1,500.0,65.8,1.9,18.0
"ITO, Delhi",DEL_VUH_2023-02-04-17.00-2-106.jpg,2023,2,4,12,281,e_Very_Unhealthy,2023-02-04,2.8,4.9,89.0,0.2,0.1,62.0
Bengaluru,BENGR_Good_2023-02-26-08.30-1-211.jpg,2023,2,26,12,48,a_Good,2023-02-26,24.5,35.4,262.0,6.6,12.6,156.0
Tamil Nadu,TN_UnFSG_2023-03-01-08.30-1-186.jpg,2023,3,1,12,111,c_Unhealthy_for_Sensitive_Groups,2023-03-01,11.3,16.5,244.0,12.0,2.9,66.0
Bengaluru,BENGR_UHFSG_2023-02-03-08.30-1-32.jpg,2023,2,3,12,136,c_Unhealthy_for_Sensitive_Groups,2023-02-03,19.7,31.1,321.0,13.6,3.8,86.0
"Biratnagar, Nepal",BIR_UNH_VF_2023-02-02- 12.00-1-42.jpg,2023,2,2,12,158,d_Unhealthy,2023-02-02,57.2,81.7,581.0,12.1,8.5,98.0
Mumbai,MH_UN_2023-03-12-13.00-1-358.jpg,2023,3,12,12,156,d_Unhealthy,2023-03-12,240.3,345.5,1730.0,61.2,111.6,478.0
Bengaluru,BENGR_Mod_2023-02-25-08.30-1-171.jpg,2023,2,25,12,73,b_Moderate,2023-02-25,19.2,27.9,256.0,7.8,9.3,142.0
Mumbai,MH_VUN_2023-02-25-10.00-1-76.jpg,2023,2,25,12,206,e_Very_Unhealthy,2023-02-25,64.3,98.3,654.0,37.4,50.9,173.0
"Knowledge park, Greater Noida",UP_SEV_2023-02-18-11.00-1-63.jpg,2023,2,18,12,320,f_Severe,2023-02-18,24.9,48.1,246.0,27.6,8.9,84.0
Mumbai,MH_UnFSG_2023-02-15-10.30-1-55.jpg,2023,2,15,12,143,c_Unhealthy_for_Sensitive_Groups,2023-02-15,82.2,119.0,737.0,40.3,51.8,253.0
"Biratnagar, Nepal",BIR_UNH_VF_2023-02-03- 10.00-2-50.jpg,2023,2,3,12,163,d_Unhealthy,2023-02-03,69.8,99.7,581.0,11.6,6.8,112.0
Mumbai,MH_VUN_2023-02-24-15.00-1-206.jpg,2023,2,24,12,202,e_Very_Unhealthy,2023-02-24,73.3,112.7,633.0,41.2,49.7,231.0
Mumbai,MH_UH_2023-02-10-14.30-1-56.jpg,2023,2,10,12,160,d_Unhealthy,2023-02-10,74.7,110.8,581.0,28.9,36.7,198.0
Tamil Nadu,TN_Good_2023-03-21-08.30-2-81.jpg,2023,3,21,12,27,a_Good,2023-03-21,8.3,12.3,214.0,11.7,1.2,58.0
"Biratnagar, Nepal",BIR_UNFSG_VF_2023-02-03-16.00-2-9.jpg,2023,2,3,12,141,c_Unhealthy_for_Sensitive_Groups,2023-02-03,69.8,99.7,581.0,11.6,6.8,112.0
"Biratnagar, Nepal",BIR_UH_2023-03-16-12.30-3-316.jpg,2023,3,16,12,154,d_Unhealthy,2023-03-16,68.5,98.7,456.0,5.4,8.3,132.0
Mumbai,MH_UnFSG_2023-02-23-11.00-1-181.jpg,2023,2,23,12,130,c_Unhealthy_for_Sensitive_Groups,2023-02-23,70.5,109.9,662.0,40.6,61.8,226.0
"Biratnagar, Nepal",BIR_UH_2023-03-16-12.30-2-15.jpg,2023,3,16,12,154,d_Unhealthy,2023-03-16,68.5,98.7,456.0,5.4,8.3,132.0
Bengaluru,BENGR_Mod_2023-02-23-08.30-1-56.jpg,2023,2,23,12,97,b_Moderate,2023-02-23,18.2,26.4,272.0,8.0,8.1,126.0
Mumbai,MH_Mod_2023-03-21-15.00-1-211.jpg,2023,3,21,12,92,b_Moderate,2023-03-21,15.9,32.0,246.0,16.3,15.8,72.0
"ITO, Delhi",DEL_SEV_2023-02-20-14.00-3-251.jpg,2023,2,20,12,363,f_Severe,2023-02-20,4.4,7.8,136.0,0.3,0.0,76.0
"Knowledge park, Greater Noida",UP_UHFSG_2023-02-08-08.30-1-124.jpg,2023,2,8,12,133,c_Unhealthy_for_Sensitive_Groups,2023-02-08,53.7,112.2,526.0,86.8,19.1,87.0
Mumbai,MH_UN_2023-03-13-10.00-1-162.jpg,2023,3,13,12,197,d_Unhealthy,2023-03-13,346.5,501.1,2447.0,38.8,125.9,577.0
"Biratnagar, Nepal",BRI_Un_2023-02-09-08.00-8.jpg,2023,2,9,12,171,d_Unhealthy,2023-02-09,94.8,138.8,596.0,11.1,12.4,122.0
Bengaluru,BENGR_UHFSG_2023-02-09-08.30-1-28.jpg,2023,2,9,12,103,c_Unhealthy_for_Sensitive_Groups,2023-02-09,28.2,41.3,282.0,10.7,8.9,132.0
"Dimapur, Nagaland",Dimapur_UHFSG_2023-02-02- 09.00-1-15.jpg,2023,2,2,12,103,c_Unhealthy_for_Sensitive_Groups,2023-02-02,39.6,56.9,296.0,6.5,2.7,107.0
"ITO, Delhi",DEL_VUnH_2023-02-16-14.00-3-33.jpg,2023,2,16,12,268,e_Very_Unhealthy,2023-02-16,2.0,3.3,115.0,0.6,0.0,52.0
"Biratnagar, Nepal",BIR_UNH_VF_2023-02-02- 12.00-1-126.jpg,2023,2,2,12,158,d_Unhealthy,2023-02-02,57.2,81.7,581.0,12.1,8.5,98.0
"Biratnagar, Nepal",BIR_UNFSG_VF_2023-02-03-16.00-3-12.jpg,2023,2,3,12,141,c_Unhealthy_for_Sensitive_Groups,2023-02-03,69.8,99.7,581.0,11.6,6.8,112.0
Mumbai,MH_UH_2023-02-03- 09.30-1-66.jpg,2023,2,3,12,162,d_Unhealthy,2023-02-03,121.1,177.4,813.0,48.2,60.2,256.0
"Biratnagar, Nepal",BIR_UFSG_2023-02-14- 14.30-3-34.jpg,2023,2,14,12,101,c_Unhealthy_for_Sensitive_Groups,2023-02-14,43.3,62.6,471.0,15.4,7.5,101.0
Mumbai,MH_UnFSG_2023-02-17-19.00-2-25.jpg,2023,2,17,12,145,c_Unhealthy_for_Sensitive_Groups,2023-02-17,64.3,96.9,620.0,42.0,43.7,225.0
"Biratnagar, Nepal",BIR_UNH_VF_2023-02-02- 1700-3-55.jpg,2023,2,2,12,156,d_Unhealthy,2023-02-02,57.2,81.7,581.0,12.1,8.5,98.0
"New Ind Town, Faridabad",HAR_VUN_2022-10-02-10.00-1-2457.jpg,2022,10,2,12,230,e_Very_Unhealthy,2022-10-02,16.6,23.7,513.0,2.0,1.8,93.0
"ITO, Delhi",DEL_VUnH_2023-02-16-14.30-1-24.jpg,2023,2,16,12,245,e_Very_Unhealthy,2023-02-16,2.0,3.3,115.0,0.6,0.0,52.0
"Dimapur, Nagaland",Dimapur_UHFSG_2023-02-02- 09.00-3-9.jpg,2023,2,2,12,103,c_Unhealthy_for_Sensitive_Groups,2023-02-02,39.6,56.9,296.0,6.5,2.7,107.0
"New Ind Town, Faridabad",HAR_VUN_2022-10-02-10.00-1-1537.jpg,2022,10,2,12,230,e_Very_Unhealthy,2022-10-02,16.6,23.7,513.0,2.0,1.8,93.0
"Biratnagar, Nepal",BRI_UFSG_2023-02-03- 15.00-8.jpg,2023,2,3,12,141,c_Unhealthy_for_Sensitive_Groups,2023-02-03,69.8,99.7,581.0,11.6,6.8,112.0
Mumbai,MH_UH_2023-02-02- 09.30-1-37.jpg,2023,2,2,12,182,d_Unhealthy,2023-02-02,122.9,179.7,829.0,44.0,61.7,239.0
Mumbai,MH_Good_2023-03-22-11.00-1-176.jpg,2023,3,22,12,49,a_Good,2023-03-22,16.2,31.8,249.0,15.6,16.8,76.0
"Dimapur, Nagaland",Dimapur_UHFSG_2023-02-02- 09.00-3-58.jpg,2023,2,2,12,103,c_Unhealthy_for_Sensitive_Groups,2023-02-02,39.6,56.9,296.0,6.5,2.7,107.0
Tamil Nadu,TN_Mod_2023-02-28-08.30-1-196.jpg,2023,2,28,12,73,b_Moderate,2023-02-28,3.8,5.7,174.0,4.3,0.9,75.0
"Dimapur, Nagaland",Dimapur_UHFSG_2023-02-02- 09.00-1-76.jpg,2023,2,2,12,103,c_Unhealthy_for_Sensitive_Groups,2023-02-02,39.6,56.9,296.0,6.5,2.7,107.0
"Knowledge park, Greater Noida",UP_UHFSG_2023-03-06-11.30-4.jpg,2023,3,6,12,104,c_Unhealthy_for_Sensitive_Groups,2023-03-06,57.3,103.8,710.0,101.0,20.8,124.0
"Knowledge park, Greater Noida",UP_SEV_2023-02-18-14.30-1-40.jpg,2023,2,18,12,331,f_Severe,2023-02-18,24.9,48.1,246.0,27.6,8.9,84.0
Mumbai,MH_UnFSG_2023-02-15-10.30-1-58.jpg,2023,2,15,12,143,c_Unhealthy_for_Sensitive_Groups,2023-02-15,82.2,119.0,737.0,40.3,51.8,253.0
Tamil Nadu,TN_Good_2023-02-27-16.30-1-131.jpg,2023,2,27,12,43,a_Good,2023-02-27,5.9,9.2,177.0,7.1,1.1,74.0
Mumbai,MH_Good_2023-03-22-11.00-7.jpg,2023,3,22,12,49,a_Good,2023-03-22,16.2,31.8,249.0,15.6,16.8,76.0
Bengaluru,BENGR_Good_2023-02-27-08.30-1-346.jpg,2023,2,27,12,47,a_Good,2023-02-27,10.8,15.8,277.0,6.9,7.3,131.0
Mumbai,MH_UH_2023-02-02- 09.30-1-91.jpg,2023,2,2,12,182,d_Unhealthy,2023-02-02,122.9,179.7,829.0,44.0,61.7,239.0
"Biratnagar, Nepal",BIR_UNH_VF_2023-02-02- 12.00-3-68.jpg,2023,2,2,12,158,d_Unhealthy,2023-02-02,57.2,81.7,581.0,12.1,8.5,98.0
Tamil Nadu,TN_Good_2023-02-22-09.30-3-61.jpg,2023,2,22,12,36,a_Good,2023-02-22,8.3,12.4,216.0,13.8,2.4,52.0
"ITO, Delhi",DEL_SEV_2023-02-20-14.00-2-91.jpg,2023,2,20,12,363,f_Severe,2023-02-20,4.4,7.8,136.0,0.3,0.0,76.0
"Biratnagar, Nepal",BIR_UNH_VF_2023-02-02- 1700-3-34.jpg,2023,2,2,12,156,d_Unhealthy,2023-02-02,57.2,81.7,581.0,12.1,8.5,98.0
Mumbai,MH_UnFSG_2023-03-14-13.00-1-103.jpg,2023,3,14,12,138,c_Unhealthy_for_Sensitive_Groups,2023-03-14,160.7,240.3,1639.0,42.4,85.0,345.0
Mumbai,MH_UnFSG_2023-02-17-19.00-2-17.jpg,2023,2,17,12,145,c_Unhealthy_for_Sensitive_Groups,2023-02-17,64.3,96.9,620.0,42.0,43.7,225.0
Mumbai,MH_VUN_2023-02-24-15.00-1-261.jpg,2023,2,24,12,202,e_Very_Unhealthy,2023-02-24,73.3,112.7,633.0,41.2,49.7,231.0
"ITO, Delhi",DEL_VUnH_2023-02-16-14.30-1-40.jpg,2023,2,16,12,245,e_Very_Unhealthy,2023-02-16,2.0,3.3,115.0,0.6,0.0,52.0
"ITO, Delhi",DEL_VUH_2023-02-04-17.00-2-179.jpg,2023,2,4,12,281,e_Very_Unhealthy,2023-02-04,2.8,4.9,89.0,0.2,0.1,62.0
Mumbai,MH_UnFSG_2023-03-14-13.00-6.jpg,2023,3,14,12,138,c_Unhealthy_for_Sensitive_Groups,2023-03-14,160.7,240.3,1639.0,42.4,85.0,345.0
"New Ind Town, Faridabad",HAR_VUN_2022-10-02-10.00-1-81.jpg,2022,10,2,12,230,e_Very_Unhealthy,2022-10-02,16.6,23.7,513.0,2.0,1.8,93.0
"Dimapur, Nagaland",Dimapur_UHFSG_2023-02-02- 09.00-3-21.jpg,2023,2,2,12,103,c_Unhealthy_for_Sensitive_Groups,2023-02-02,39.6,56.9,296.0,6.5,2.7,107.0
"ITO, Delhi",DEL_VUnH_2023-02-16-17.00-1-33.jpg,2023,2,16,12,293,e_Very_Unhealthy,2023-02-16,2.0,3.3,115.0,0.6,0.0,52.0
"Biratnagar, Nepal",BIR_UNFSG_VF_2023-02-03-15.00-1-17.jpg,2023,2,3,12,141,c_Unhealthy_for_Sensitive_Groups,2023-02-03,69.8,99.7,581.0,11.6,6.8,112.0
Tamil Nadu,TN_UHFSG_2023-02-02- 09.00-2-16.jpg,2023,2,2,12,107,c_Unhealthy_for_Sensitive_Groups,2023-02-02,23.7,34.2,540.0,59.0,1.5,15.0
Bengaluru,BENGR_Mod_2023-03-01-08.30-1-251.jpg,2023,3,1,12,70,b_Moderate,2023-03-01,17.0,25.4,362.0,6.3,6.0,122.0
Tamil Nadu,TN_MOD_2023-02-09-08.30-2-19.jpg,2023,2,9,12,78,b_Moderate,2023-02-09,20.1,29.8,485.0,57.4,2.2,10.0
"ITO, Delhi",DEL_SEV_2023-02-07-14.00-1-31.jpg,2023,2,7,12,449,f_Severe,2023-02-07,3.0,5.3,89.0,0.3,0.1,54.0
Bengaluru,BENGR_Good_2023-02-26-08.30-1-171.jpg,2023,2,26,12,48,a_Good,2023-02-26,24.5,35.4,262.0,6.6,12.6,156.0
"Biratnagar, Nepal",BIR_UNFSG_VF_2023-02-03-15.00-1-8.jpg,2023,2,3,12,141,c_Unhealthy_for_Sensitive_Groups,2023-02-03,69.8,99.7,581.0,11.6,6.8,112.0
Mumbai,MH_UN_2023-03-12-13.00-1-267.jpg,2023,3,12,12,156,d_Unhealthy,2023-03-12,240.3,345.5,1730.0,61.2,111.6,478.0
Mumbai,MH_UN_2023-03-12-13.00-1-316.jpg,2023,3,12,12,156,d_Unhealthy,2023-03-12,240.3,345.5,1730.0,61.2,111.6,478.0
"ITO, Delhi",DEL_SEV_2023-02-07-14.00-1-63.jpg,2023,2,7,12,449,f_Severe,2023-02-07,3.0,5.3,89.0,0.3,0.1,54.0
"Biratnagar, Nepal",BIR_UNH_VF_2023-02-03- 10.00-3-20.jpg,2023,2,3,12,163,d_Unhealthy,2023-02-03,69.8,99.7,581.0,11.6,6.8,112.0
Tamil Nadu,TN_Good_2023-03-21-08.30-1-57.jpg,2023,3,21,12,27,a_Good,2023-03-21,8.3,12.3,214.0,11.7,1.2,58.0
"ITO, Delhi",DEL_SEV_2023-02-20-14.00-1-366.jpg,2023,2,20,12,363,f_Severe,2023-02-20,4.4,7.8,136.0,0.3,0.0,76.0
"Dimapur, Nagaland",Dimapur_UHFSG_2023-02-02- 09.00-3-10.jpg,2023,2,2,12,103,c_Unhealthy_for_Sensitive_Groups,2023-02-02,39.6,56.9,296.0,6.5,2.7,107.0
Tamil Nadu,TN_UnFSG_2023-03-02-08.30-1-106.jpg,2023,3,2,12,119,c_Unhealthy_for_Sensitive_Groups,2023-03-02,8.6,16.2,185.0,2.6,1.1,86.0
"ITO, Delhi",DEL_VUnH_2023-02-16-14.30-1-36.jpg,2023,2,16,12,245,e_Very_Unhealthy,2023-02-16,2.0,3.3,115.0,0.6,0.0,52.0
Bengaluru,BENGR_Good_2023-02-19-08.30-1-6.jpg,2023,2,19,12,41,a_Good,2023-02-19,14.6,21.7,286.0,7.9,10.9,146.0
"Knowledge park, Greater Noida",UP_SEV_2023-02-20-08.30-1-71.jpg,2023,2,20,12,331,f_Severe,2023-02-20,26.1,49.7,219.0,20.0,5.1,100.0
Bengaluru,BENGR_UHFSG_2023-02-15-14.30-1-36.jpg,2023,2,15,12,103,c_Unhealthy_for_Sensitive_Groups,2023-02-15,18.6,26.8,278.0,7.8,11.8,147.0
Bengaluru,BENGR_UHFSG_2023-02-09-08.30-1-24.jpg,2023,2,9,12,103,c_Unhealthy_for_Sensitive_Groups,2023-02-09,28.2,41.3,282.0,10.7,8.9,132.0
Mumbai,MH_Good_2023-03-23-17.00-1-330.jpg,2023,3,23,12,47,a_Good,2023-03-23,18.4,34.5,257.0,17.2,19.2,71.0
"Biratnagar, Nepal",BIR_UNH_VF_2023-02-02- 1700-3-2.jpg,2023,2,2,12,156,d_Unhealthy,2023-02-02,57.2,81.7,581.0,12.1,8.5,98.0
Tamil Nadu,TN_UN_2023-03-11-08.00-1-141.jpg,2023,3,11,12,152,d_Unhealthy,2023-03-11,4.6,7.8,155.0,2.7,0.9,90.0
Tamil Nadu,TN_MOD_2023-02-09-08.30-2-41.jpg,2023,2,9,12,78,b_Moderate,2023-02-09,20.1,29.8,485.0,57.4,2.2,10.0
"Dimapur, Nagaland",Dimapur_UHFSG_2023-02-02- 09.00-2-16.jpg,2023,2,2,12,103,c_Unhealthy_for_Sensitive_Groups,2023-02-02,39.6,56.9,296.0,6.5,2.7,107.0
Mumbai,MH_UnFSG_2023-02-23-11.00-1-1.jpg,2023,2,23,12,130,c_Unhealthy_for_Sensitive_Groups,2023-02-23,70.5,109.9,662.0,40.6,61.8,226.0
"Biratnagar, Nepal",BRI_Un_2023-02-02-1700-16.jpg,2023,2,2,12,156,d_Unhealthy,2023-02-02,57.2,81.7,581.0,12.1,8.5,98.0
Bengaluru,BENGR_UHFSG_2023-02-03-08.30-1-31.jpg,2023,2,3,12,136,c_Unhealthy_for_Sensitive_Groups,2023-02-03,19.7,31.1,321.0,13.6,3.8,86.0
"New Ind Town, Faridabad",HAR_VUN_2022-10-02-10.00-1-1241.jpg,2022,10,2,12,230,e_Very_Unhealthy,2022-10-02,16.6,23.7,513.0,2.0,1.8,93.0
Mumbai,MH_UnFSG_2023-02-17-19.00-2-52.jpg,2023,2,17,12,145,c_Unhealthy_for_Sensitive_Groups,2023-02-17,64.3,96.9,620.0,42.0,43.7,225.0
Mumbai,MH_Good_2023-03-23-17.00-1-477.jpg,2023,3,23,12,47,a_Good,2023-03-23,18.4,34.5,257.0,17.2,19.2,71.0
"Biratnagar, Nepal",BIR_UH_2023-03-16-12.30-1-246.jpg,2023,3,16,12,154,d_Unhealthy,2023-03-16,68.5,98.7,456.0,5.4,8.3,132.0
Mumbai,MH_Good_2023-03-23-17.00-1.jpg,2023,3,23,12,47,a_Good,2023-03-23,18.4,34.5,257.0,17.2,19.2,71.0
"ITO, Delhi",DEL_SEV_2023-02-17-13.00-2-31.jpg,2023,2,17,12,372,f_Severe,2023-02-17,0.2,0.3,91.0,0.1,0.0,49.0
"ITO, Delhi",DEL_VUnH_2023-02-16-14.00-3-18.jpg,2023,2,16,12,268,e_Very_Unhealthy,2023-02-16,2.0,3.3,115.0,0.6,0.0,52.0
Tamil Nadu,TN_UNH_2023-02-03-12.30-1-2.jpg,2023,2,3,12,150,d_Unhealthy,2023-02-03,26.3,38.1,500.0,65.8,1.9,18.0
Bengaluru,BENGR_Mod_2023-02-25-08.30-1-86.jpg,2023,2,25,12,73,b_Moderate,2023-02-25,19.2,27.9,256.0,7.8,9.3,142.0
Bengaluru,BENGR_Good_2023-03-25-08.30-1-55.jpg,2023,3,25,12,32,a_Good,2023-03-25,26.6,39.9,248.0,8.4,5.4,133.0
"Biratnagar, Nepal",BIR_UNH_VF_2023-02-02- 12.00-1-137.jpg,2023,2,2,12,158,d_Unhealthy,2023-02-02,57.2,81.7,581.0,12.1,8.5,98.0
Mumbai,MH_Good_2023-03-22-11.00-1-372.jpg,2023,3,22,12,49,a_Good,2023-03-22,16.2,31.8,249.0,15.6,16.8,76.0
Bengaluru,BENGR_Mod_2023-03-09-08.30-1-456.jpg,2023,3,9,12,51,b_Moderate,2023-03-09,32.7,47.8,341.0,6.8,6.3,123.0
Tamil Nadu,TN_Good_2023-02-22-09.30-1-131.jpg,2023,2,22,12,36,a_Good,2023-02-22,8.3,12.4,216.0,13.8,2.4,52.0
"Biratnagar, Nepal",BIR_MOD_2023-02-13-09.30-2-74.jpg,2023,2,13,12,91,b_Moderate,2023-02-13,40.7,59.3,429.0,13.7,9.2,101.0
"Biratnagar, Nepal",BIR_UNH_VF_2023-02-02- 12.00-2-6.jpg,2023,2,2,12,158,d_Unhealthy,2023-02-02,57.2,81.7,581.0,12.1,8.5,98.0
Mumbai,MH_UH_2023-02-14-11.30-1-55.jpg,2023,2,14,12,160,d_Unhealthy,2023-02-14,81.3,119.0,721.0,41.8,52.8,260.0
Mumbai,MH_UH_2023-02-10-14.30-1-66.jpg,2023,2,10,12,160,d_Unhealthy,2023-02-10,74.7,110.8,581.0,28.9,36.7,198.0
"ITO, Delhi",DEL_SEV_2023-02-22-14.00-1-16.jpg,2023,2,22,12,450,f_Severe,2023-02-22,2.4,4.2,128.0,0.1,0.0,83.0
"ITO, Delhi",DEL_SEV_2023-02-17-13.00-1-73.jpg,2023,2,17,12,372,f_Severe,2023-02-17,0.2,0.3,91.0,0.1,0.0,49.0
Tamil Nadu,TN_UHFSG_2023-02-10-08.30-1-4.jpg,2023,2,10,12,105,c_Unhealthy_for_Sensitive_Groups,2023-02-10,3.4,5.3,152.0,3.8,0.5,78.0
"Biratnagar, Nepal",BIR_UNH_VF_2023-02-02- 12.00-3-48.jpg,2023,2,2,12,158,d_Unhealthy,2023-02-02,57.2,81.7,581.0,12.1,8.5,98.0
"Knowledge park, Greater Noida",UP_UHFSG_2023-02-08-08.30-1-36.jpg,2023,2,8,12,133,c_Unhealthy_for_Sensitive_Groups,2023-02-08,53.7,112.2,526.0,86.8,19.1,87.0
Mumbai,MH_UH_2023-02-14-11.30-1-41.jpg,2023,2,14,12,160,d_Unhealthy,2023-02-14,81.3,119.0,721.0,41.8,52.8,260.0
"ITO, Delhi",DEL_VUH_2023-02-04-17.00-2-9.jpg,2023,2,4,12,281,e_Very_Unhealthy,2023-02-04,2.8,4.9,89.0,0.2,0.1,62.0
"Biratnagar, Nepal",BIR_UNFSG_VF_2023-02-03-16.00-3-73.jpg,2023,2,3,12,141,c_Unhealthy_for_Sensitive_Groups,2023-02-03,69.8,99.7,581.0,11.6,6.8,112.0
Mumbai,MH_Mod_2023-03-21-15.00-1-148.jpg,2023,3,21,12,92,b_Moderate,2023-03-21,15.9,32.0,246.0,16.3,15.8,72.0
Mumbai,MH_VUN_2023-03-05-08.30-2-231.jpg,2023,3,5,12,284,e_Very_Unhealthy,2023-03-05,278.5,401.4,1413.0,23.7,39.9,325.0
"ITO, Delhi",DEL_SEV_2023-02-20-14.00-1-431.jpg,2023,2,20,12,363,f_Severe,2023-02-20,4.4,7.8,136.0,0.3,0.0,76.0
Bengaluru,BENGR_Mod_2023-03-04-08.30-1-161.jpg,2023,3,4,12,71,b_Moderate,2023-03-04,17.8,26.3,251.0,6.2,6.9,118.0
Mumbai,MH_UnFSG_2023-03-14-13.00-1-187.jpg,2023,3,14,12,138,c_Unhealthy_for_Sensitive_Groups,2023-03-14,160.7,240.3,1639.0,42.4,85.0,345.0
"Biratnagar, Nepal",BIR_UNH_VF_2023-02-02- 15.00-3-11.jpg,2023,2,2,12,156,d_Unhealthy,2023-02-02,57.2,81.7,581.0,12.1,8.5,98.0
Bengaluru,BENGR_Good_2023-03-17-08.30-1-533.jpg,2023,3,17,12,15,a_Good,2023-03-17,20.8,31.4,332.0,11.4,4.1,112.0
Bengaluru,BENGR_UHFSG_2023-02-05-08.30-1-31.jpg,2023,2,3,12,111,c_Unhealthy_for_Sensitive_Groups,2023-02-03,19.7,31.1,321.0,13.6,3.8,86.0
"Biratnagar, Nepal",BIR_UNH_VF_2023-02-02- 15.00-3-54.jpg,2023,2,2,12,156,d_Unhealthy,2023-02-02,57.2,81.7,581.0,12.1,8.5,98.0
"New Ind Town, Faridabad",HAR_VUN_2022-10-02-10.00-1-2857.jpg,2022,10,2,12,230,e_Very_Unhealthy,2022-10-02,16.6,23.7,513.0,2.0,1.8,93.0
"Dimapur, Nagaland",Dimapur_UHFSG_2023-02-02- 09.00-1-44.jpg,2023,2,2,12,103,c_Unhealthy_for_Sensitive_Groups,2023-02-02,39.6,56.9,296.0,6.5,2.7,107.0
Tamil Nadu,TN_UnFSG_2023-03-09-09.00-1-91.jpg,2023,3,9,12,134,c_Unhealthy_for_Sensitive_Groups,2023-03-09,10.4,15.2,234.0,12.8,0.9,62.0
Bengaluru,BENGR_Mod_2023-02-25-08.30-1-406.jpg,2023,2,25,12,73,b_Moderate,2023-02-25,19.2,27.9,256.0,7.8,9.3,142.0
"Knowledge park, Greater Noida",UP_VUN_2023-03-02-09.00-1-545.jpg,2023,3,2,12,223,e_Very_Unhealthy,2023-03-02,20.5,48.2,338.0,56.9,14.0,72.0
Mumbai,MH_Good_2023-03-22-11.00-1-162.jpg,2023,3,22,12,49,a_Good,2023-03-22,16.2,31.8,249.0,15.6,16.8,76.0
Mumbai,MH_UN_2023-03-16-11.00-1-169.jpg,2023,3,16,12,159,d_Unhealthy,2023-03-16,59.3,90.6,871.0,64.4,81.4,199.0
Mumbai,MH_VUN_2023-03-05-08.30-2-221.jpg,2023,3,5,12,284,e_Very_Unhealthy,2023-03-05,278.5,401.4,1413.0,23.7,39.9,325.0
Mumbai,MH_UH_2023-02-14-11.30-1-14.jpg,2023,2,14,12,160,d_Unhealthy,2023-02-14,81.3,119.0,721.0,41.8,52.8,260.0
"Biratnagar, Nepal",BIR_MOD_2023-02-13-09.30-4-12.jpg,2023,2,13,12,91,b_Moderate,2023-02-13,40.7,59.3,429.0,13.7,9.2,101.0
"Knowledge park, Greater Noida",UP_VUN_2023-02-27-08.30-1.jpg,2023,2,27,12,288,e_Very_Unhealthy,2023-02-27,44.7,71.7,613.0,101.2,20.5,98.0
"Knowledge park, Greater Noida",UP_SEV_2023-02-18-11.00-1-86.jpg,2023,2,18,12,320,f_Severe,2023-02-18,24.9,48.1,246.0,27.6,8.9,84.0
"ITO, Delhi",DEL_VUnH_2023-02-16-14.30-1-137.jpg,2023,2,16,12,245,e_Very_Unhealthy,2023-02-16,2.0,3.3,115.0,0.6,0.0,52.0
Bengaluru,BENGR_UHFSG_2023-02-05-08.30-1-36.jpg,2023,2,3,12,111,c_Unhealthy_for_Sensitive_Groups,2023-02-03,19.7,31.1,321.0,13.6,3.8,86.0
Bengaluru,BENGR_Good_2023-02-28-08.30-1-46.jpg,2023,2,28,12,37,a_Good,2023-02-28,27.2,39.7,398.0,7.6,7.8,127.0
Bengaluru,BENGR_Good_2023-03-21-08.30-1-274.jpg,2023,3,21,12,47,a_Good,2023-03-21,9.1,13.8,245.0,15.6,3.6,110.0
Bengaluru,BENGR_Mod_2023-02-24-08.30-1-396.jpg,2023,2,24,12,68,b_Moderate,2023-02-24,11.3,16.6,250.0,9.2,10.1,126.0
"Dimapur, Nagaland",Dimapur_UHFSG_2023-02-02- 09.00-2-54.jpg,2023,2,2,12,103,c_Unhealthy_for_Sensitive_Groups,2023-02-02,39.6,56.9,296.0,6.5,2.7,107.0
Bengaluru,BENGR_Mod_2023-03-01-08.30-1-396.jpg,2023,3,1,12,70,b_Moderate,2023-03-01,17.0,25.4,362.0,6.3,6.0,122.0
"ITO, Delhi",DEL_UnH_2023-02-15-11.30-2-33.jpg,2023,2,15,12,179,d_Unhealthy,2023-02-15,2.5,3.7,124.0,1.0,0.0,54.0
Tamil Nadu,TN_Good_2023-02-22-09.30-1-76.jpg,2023,2,22,12,36,a_Good,2023-02-22,8.3,12.4,216.0,13.8,2.4,52.0
"ITO, Delhi",DEL_VUnH_2023-02-16-14.30-1-51.jpg,2023,2,16,12,245,e_Very_Unhealthy,2023-02-16,2.0,3.3,115.0,0.6,0.0,52.0
"Biratnagar, Nepal",BIR_UNFSG_VF_2023-02-03-16.00-1-15.jpg,2023,2,3,12,141,c_Unhealthy_for_Sensitive_Groups,2023-02-03,69.8,99.7,581.0,11.6,6.8,112.0
"Biratnagar, Nepal",BRI_Un_2023-02-09-08.00-11.jpg,2023,2,9,12,171,d_Unhealthy,2023-02-09,94.8,138.8,596.0,11.1,12.4,122.0
"Knowledge park, Greater Noida",UP_UN_2023-03-01-08.30-1-381.jpg,2023,3,1,12,199,d_Unhealthy,2023-03-01,21.1,47.7,354.0,67.2,13.3,48.0
"Dimapur, Nagaland",Dimapur_UHFSG_2023-02-02- 09.00-3-3.jpg,2023,2,2,12,103,c_Unhealthy_for_Sensitive_Groups,2023-02-02,39.6,56.9,296.0,6.5,2.7,107.0
Tamil Nadu,TN_UHFSG_2023-02-10-08.30-1-42.jpg,2023,2,10,12,105,c_Unhealthy_for_Sensitive_Groups,2023-02-10,3.4,5.3,152.0,3.8,0.5,78.0
"Biratnagar, Nepal",BIR_UNFSG_VF_2023-02-03-16.00-2-78.jpg,2023,2,3,12,141,c_Unhealthy_for_Sensitive_Groups,2023-02-03,69.8,99.7,581.0,11.6,6.8,112.0
"ITO, Delhi",DEL_SEV_2023-02-20-14.00-3-61.jpg,2023,2,20,12,363,f_Severe,2023-02-20,4.4,7.8,136.0,0.3,0.0,76.0
"ITO, Delhi",DEL_VUnH_2023-02-16-14.30-1-30.jpg,2023,2,16,12,245,e_Very_Unhealthy,2023-02-16,2.0,3.3,115.0,0.6,0.0,52.0
"ITO, Delhi",DEL_SEV_2023-02-20-14.00-1-446.jpg,2023,2,20,12,363,f_Severe,2023-02-20,4.4,7.8,136.0,0.3,0.0,76.0
"Knowledge park, Greater Noida",UP_VUN_2023-03-02-09.00-1-749.jpg,2023,3,2,12,223,e_Very_Unhealthy,2023-03-02,20.5,48.2,338.0,56.9,14.0,72.0
"New Ind Town, Faridabad",HAR_VUN_2022-10-02-10.00-1-2377.jpg,2022,10,2,12,230,e_Very_Unhealthy,2022-10-02,16.6,23.7,513.0,2.0,1.8,93.0
"ITO, Delhi",DEL_VUnH_2023-02-16-17.00-2-5.jpg,2023,2,16,12,293,e_Very_Unhealthy,2023-02-16,2.0,3.3,115.0,0.6,0.0,52.0
"Biratnagar, Nepal",BIR_UNFSG_VF_2023-02-03-16.00-1-85.jpg,2023,2,3,12,141,c_Unhealthy_for_Sensitive_Groups,2023-02-03,69.8,99.7,581.0,11.6,6.8,112.0
"Biratnagar, Nepal",BIR_UNFSG_VF_2023-02-03-16.00-1-44.jpg,2023,2,3,12,141,c_Unhealthy_for_Sensitive_Groups,2023-02-03,69.8,99.7,581.0,11.6,6.8,112.0
Tamil Nadu,TN_Good_2023-02-20-16.30-1-131.jpg,2023,2,20,12,43,a_Good,2023-02-20,2.1,3.0,150.0,2.1,0.4,78.0
"Knowledge park, Greater Noida",UP_UHFSG_2023-02-24-08.30-1-317.jpg,2023,2,24,12,141,c_Unhealthy_for_Sensitive_Groups,2023-02-24,132.7,224.4,1109.0,243.3,40.8,181.0
"Biratnagar, Nepal",BIR_UNH_VF_2023-02-02- 1700-2-16.jpg,2023,2,2,12,156,d_Unhealthy,2023-02-02,57.2,81.7,581.0,12.1,8.5,98.0
"ITO, Delhi",DEL_VUnH_2023-02-16-17.00-1-10.jpg,2023,2,16,12,293,e_Very_Unhealthy,2023-02-16,2.0,3.3,115.0,0.6,0.0,52.0
Mumbai,MH_UH_2023-02-14-11.30-1-3.jpg,2023,2,14,12,160,d_Unhealthy,2023-02-14,81.3,119.0,721.0,41.8,52.8,260.0
"ITO, Delhi",DEL_SEV_2023-02-07-14.00-2-14.jpg,2023,2,7,12,449,f_Severe,2023-02-07,3.0,5.3,89.0,0.3,0.1,54.0
"ITO, Delhi",DEL_VUnH_2023-02-16-14.00-2.jpg,2023,2,16,12,268,e_Very_Unhealthy,2023-02-16,2.0,3.3,115.0,0.6,0.0,52.0
Mumbai,MH_Good_2023-03-22-18.00-1-199.jpg,2023,3,22,12,47,a_Good,2023-03-22,16.2,31.8,249.0,15.6,16.8,76.0
"New Ind Town, Faridabad",HAR_VUN_2022-10-02-10.00-1-4161.jpg,2022,10,2,12,230,e_Very_Unhealthy,2022-10-02,16.6,23.7,513.0,2.0,1.8,93.0
"ITO, Delhi",DEL_SEV_2023-02-16-18.00-2-24.jpg,2023,2,16,12,330,f_Severe,2023-02-16,2.0,3.3,115.0,0.6,0.0,52.0
"ITO, Delhi",DEL_SEV_2023-02-20-14.00-1-481.jpg,2023,2,20,12,363,f_Severe,2023-02-20,4.4,7.8,136.0,0.3,0.0,76.0
"Dimapur, Nagaland",Dimapur_UHFSG_2023-02-02- 09.00-1-77.jpg,2023,2,2,12,103,c_Unhealthy_for_Sensitive_Groups,2023-02-02,39.6,56.9,296.0,6.5,2.7,107.0
"ITO, Delhi",DEL_VUH_2023-02-04-17.00-2-95.jpg,2023,2,4,12,281,e_Very_Unhealthy,2023-02-04,2.8,4.9,89.0,0.2,0.1,62.0
Tamil Nadu,TN_UnFSG_2023-03-09-09.00-1-96.jpg,2023,3,9,12,134,c_Unhealthy_for_Sensitive_Groups,2023-03-09,10.4,15.2,234.0,12.8,0.9,62.0
Tamil Nadu,TN_MOD_2023-02-09-08.30-2-1.jpg,2023,2,9,12,78,b_Moderate,2023-02-09,20.1,29.8,485.0,57.4,2.2,10.0
"ITO, Delhi",DEL_SEV_2023-02-07-14.00-2-44.jpg,2023,2,7,12,449,f_Severe,2023-02-07,3.0,5.3,89.0,0.3,0.1,54.0
"Knowledge park, Greater Noida",UP_UN_2023-03-01-08.30-1-261.jpg,2023,3,1,12,199,d_Unhealthy,2023-03-01,21.1,47.7,354.0,67.2,13.3,48.0
Mumbai,MH_UN_2023-03-15-15.00-7.jpg,2023,3,15,12,162,d_Unhealthy,2023-03-15,190.5,276.6,1537.0,57.3,103.4,404.0
"Biratnagar, Nepal",BIR_UNH_VF_2023-02-03- 10.00-3-52.jpg,2023,2,3,12,163,d_Unhealthy,2023-02-03,69.8,99.7,581.0,11.6,6.8,112.0
Mumbai,MH_UN_2023-03-12-13.00-1-50.jpg,2023,3,12,12,156,d_Unhealthy,2023-03-12,240.3,345.5,1730.0,61.2,111.6,478.0
Mumbai,MH_UnFSG_2023-02-17-19.00-2-8.jpg,2023,2,17,12,145,c_Unhealthy_for_Sensitive_Groups,2023-02-17,64.3,96.9,620.0,42.0,43.7,225.0
"Biratnagar, Nepal",BIR_UNH_VF_2023-02-02- 1700-2-44.jpg,2023,2,2,12,156,d_Unhealthy,2023-02-02,57.2,81.7,581.0,12.1,8.5,98.0
"Biratnagar, Nepal",BIR_UNH_VF_2023-02-03- 10.00-3-61.jpg,2023,2,3,12,163,d_Unhealthy,2023-02-03,69.8,99.7,581.0,11.6,6.8,112.0
"Biratnagar, Nepal",BIR_UNH_VF_2023-02-02- 15.00-4-26.jpg,2023,2,2,12,156,d_Unhealthy,2023-02-02,57.2,81.7,581.0,12.1,8.5,98.0
Bengaluru,BENGR_UHFSG_2023-02-03-08.30-1-23.jpg,2023,2,3,12,136,c_Unhealthy_for_Sensitive_Groups,2023-02-03,19.7,31.1,321.0,13.6,3.8,86.0
"Biratnagar, Nepal",BIR_UNFSG_VF_2023-02-03-15.00-1-27.jpg,2023,2,3,12,141,c_Unhealthy_for_Sensitive_Groups,2023-02-03,69.8,99.7,581.0,11.6,6.8,112.0
"ITO, Delhi",DEL_VUH_2023-02-04-17.00-2-136.jpg,2023,2,4,12,281,e_Very_Unhealthy,2023-02-04,2.8,4.9,89.0,0.2,0.1,62.0
"ITO, Delhi",DEL_SEV_2023-02-07-14.00-1-112.jpg,2023,2,7,12,449,f_Severe,2023-02-07,3.0,5.3,89.0,0.3,0.1,54.0
Bengaluru,BENGR_Mod_2023-03-06-08.30-1-306.jpg,2023,3,6,12,68,b_Moderate,2023-03-06,12.6,18.6,218.0,6.5,8.2,129.0
"Biratnagar, Nepal",BIR_UNFSG_VF_2023-02-03-16.00-2-86.jpg,2023,2,3,12,141,c_Unhealthy_for_Sensitive_Groups,2023-02-03,69.8,99.7,581.0,11.6,6.8,112.0
"Dimapur, Nagaland",Dimapur_UHFSG_2023-02-02- 09.00-1-41.jpg,2023,2,2,12,103,c_Unhealthy_for_Sensitive_Groups,2023-02-02,39.6,56.9,296.0,6.5,2.7,107.0
Mumbai,MH_VUN_2023-02-24-15.00-1-111.jpg,2023,2,24,12,202,e_Very_Unhealthy,2023-02-24,73.3,112.7,633.0,41.2,49.7,231.0
"Biratnagar, Nepal",BIR_UNH_VF_2023-02-03- 10.00-3-35.jpg,2023,2,3,12,163,d_Unhealthy,2023-02-03,69.8,99.7,581.0,11.6,6.8,112.0
Mumbai,MH_UnFSG_2023-03-10-16.00-1-146.jpg,2023,3,10,12,141,c_Unhealthy_for_Sensitive_Groups,2023-03-10,51.1,75.7,577.0,42.8,39.8,185.0
Mumbai,MH_UH_2023-02-11-03.30-2-39.jpg,2023,2,11,12,154,d_Unhealthy,2023-02-11,50.5,82.9,477.0,34.0,35.6,181.0
Tamil Nadu,TN_Mod_2023-02-28-08.30-1-176.jpg,2023,2,28,12,73,b_Moderate,2023-02-28,3.8,5.7,174.0,4.3,0.9,75.0
"Biratnagar, Nepal",BIR_UNH_VF_2023-02-02- 15.00-3-37.jpg,2023,2,2,12,156,d_Unhealthy,2023-02-02,57.2,81.7,581.0,12.1,8.5,98.0
Mumbai,MH_Good_2023-03-22-18.00-6.jpg,2023,3,22,12,47,a_Good,2023-03-22,16.2,31.8,249.0,15.6,16.8,76.0
"Knowledge park, Greater Noida",UP_UN_2023-03-01-08.30-1-129.jpg,2023,3,1,12,199,d_Unhealthy,2023-03-01,21.1,47.7,354.0,67.2,13.3,48.0
Bengaluru,BENGR_Good_2023-03-25-08.30-1-70.jpg,2023,3,25,12,32,a_Good,2023-03-25,26.6,39.9,248.0,8.4,5.4,133.0
"Biratnagar, Nepal",BIR_UNH_VF_2023-02-02- 15.00-3-21.jpg,2023,2,2,12,156,d_Unhealthy,2023-02-02,57.2,81.7,581.0,12.1,8.5,98.0
"Knowledge park, Greater Noida",UP_UHFSG_2023-02-24-08.30-1-61.jpg,2023,2,24,12,141,c_Unhealthy_for_Sensitive_Groups,2023-02-24,132.7,224.4,1109.0,243.3,40.8,181.0
"Biratnagar, Nepal",BIR_MOD_2023-02-13-09.30-2-79.jpg,2023,2,13,12,91,b_Moderate,2023-02-13,40.7,59.3,429.0,13.7,9.2,101.0
Tamil Nadu,TN_Good_2023-02-20-08.30-1-33.jpg,2023,2,20,12,37,a_Good,2023-02-20,2.1,3.0,150.0,2.1,0.4,78.0
"New Ind Town, Faridabad",HAR_VUN_2022-10-02-10.00-1-4729.jpg,2022,10,2,12,230,e_Very_Unhealthy,2022-10-02,16.6,23.7,513.0,2.0,1.8,93.0
"Knowledge park, Greater Noida",UP_VUN_2023-02-27-10.30-1-225.jpg,2023,2,27,12,299,e_Very_Unhealthy,2023-02-27,44.7,71.7,613.0,101.2,20.5,98.0
Mumbai,MH_UnFSG_2023-03-08-11.00-1-101.jpg,2023,3,8,12,124,c_Unhealthy_for_Sensitive_Groups,2023-03-08,97.1,144.8,836.0,49.2,63.9,264.0
"Biratnagar, Nepal",BIR_UNFSG_VF_2023-02-03-15.00-3-45.jpg,2023,2,3,12,141,c_Unhealthy_for_Sensitive_Groups,2023-02-03,69.8,99.7,581.0,11.6,6.8,112.0
Tamil Nadu,TN_UnFSG_2023-03-02-08.30-1-226.jpg,2023,3,2,12,119,c_Unhealthy_for_Sensitive_Groups,2023-03-02,8.6,16.2,185.0,2.6,1.1,86.0
Tamil Nadu,TN_UNH_2023-02-03-13.30-1-48.jpg,2023,2,3,12,167,d_Unhealthy,2023-02-03,26.3,38.1,500.0,65.8,1.9,18.0
Bengaluru,BENGR_UHFSG_2023-02-05-08.30-1-33.jpg,2023,2,3,12,111,c_Unhealthy_for_Sensitive_Groups,2023-02-03,19.7,31.1,321.0,13.6,3.8,86.0
"New Ind Town, Faridabad",HAR_VUN_2022-10-02-10.00-1-1529.jpg,2022,10,2,12,230,e_Very_Unhealthy,2022-10-02,16.6,23.7,513.0,2.0,1.8,93.0
"New Ind Town, Faridabad",HAR_VUN_2022-10-02-10.00-1-217.jpg,2022,10,2,12,230,e_Very_Unhealthy,2022-10-02,16.6,23.7,513.0,2.0,1.8,93.0
"ITO, Delhi",DEL_VUnH_2023-02-16-14.00-2-13.jpg,2023,2,16,12,268,e_Very_Unhealthy,2023-02-16,2.0,3.3,115.0,0.6,0.0,52.0
"Biratnagar, Nepal",BIR_UNH_VF_2023-02-02- 12.00-3-33.jpg,2023,2,2,12,158,d_Unhealthy,2023-02-02,57.2,81.7,581.0,12.1,8.5,98.0
"Biratnagar, Nepal",BIR_UH_2023-03-16-12.30-3-15.jpg,2023,3,16,12,154,d_Unhealthy,2023-03-16,68.5,98.7,456.0,5.4,8.3,132.0
Tamil Nadu,TN_Good_2023-02-20-16.30-2-31.jpg,2023,2,20,12,43,a_Good,2023-02-20,2.1,3.0,150.0,2.1,0.4,78.0
"Knowledge park, Greater Noida",UP_UHFSG_2023-02-24-08.30-1-169.jpg,2023,2,24,12,141,c_Unhealthy_for_Sensitive_Groups,2023-02-24,132.7,224.4,1109.0,243.3,40.8,181.0
"ITO, Delhi",DEL_SEV_2023-02-17-13.00-2-42.jpg,2023,2,17,12,372,f_Severe,2023-02-17,0.2,0.3,91.0,0.1,0.0,49.0
Mumbai,MH_Good_2023-03-22-18.00-1-307.jpg,2023,3,22,12,47,a_Good,2023-03-22,16.2,31.8,249.0,15.6,16.8,76.0
Bengaluru,BENGR_Good_2023-02-28-08.30-1-411.jpg,2023,2,28,12,37,a_Good,2023-02-28,27.2,39.7,398.0,7.6,7.8,127.0
"Biratnagar, Nepal",BIR_UNH_VF_2023-02-02- 12.00-3-30.jpg,2023,2,2,12,158,d_Unhealthy,2023-02-02,57.2,81.7,581.0,12.1,8.5,98.0
"Biratnagar, Nepal",BIR_UFSG_2023-02-14- 14.30-3-48.jpg,2023,2,14,12,101,c_Unhealthy_for_Sensitive_Groups,2023-02-14,43.3,62.6,471.0,15.4,7.5,101.0
Bengaluru,BENGR_Mod_2023-03-01-08.30-1-171.jpg,2023,3,1,12,70,b_Moderate,2023-03-01,17.0,25.4,362.0,6.3,6.0,122.0
"ITO, Delhi",DEL_VUnH_2023-02-16-17.00-1-75.jpg,2023,2,16,12,293,e_Very_Unhealthy,2023-02-16,2.0,3.3,115.0,0.6,0.0,52.0
Mumbai,MH_VUN_2023-02-24-15.00-1-41.jpg,2023,2,24,12,202,e_Very_Unhealthy,2023-02-24,73.3,112.7,633.0,41.2,49.7,231.0
Mumbai,MH_UN_2023-03-15-15.00-1-393.jpg,2023,3,15,12,162,d_Unhealthy,2023-03-15,190.5,276.6,1537.0,57.3,103.4,404.0
Mumbai,MH_UnFSG_2023-02-23-11.00-1-101.jpg,2023,2,23,12,130,c_Unhealthy_for_Sensitive_Groups,2023-02-23,70.5,109.9,662.0,40.6,61.8,226.0
"Biratnagar, Nepal",BIR_UNFSG_VF_2023-02-03-16.00-2-64.jpg,2023,2,3,12,141,c_Unhealthy_for_Sensitive_Groups,2023-02-03,69.8,99.7,581.0,11.6,6.8,112.0
"ITO, Delhi",DEL_SEV_2023-02-17-13.00-2-21.jpg,2023,2,17,12,372,f_Severe,2023-02-17,0.2,0.3,91.0,0.1,0.0,49.0
Tamil Nadu,TN_Good_2023-02-21-08.30-2-11.jpg,2023,2,21,12,29,a_Good,2023-02-21,2.1,3.2,146.0,1.6,0.3,82.0
"Biratnagar, Nepal",BIR_UNFSG_VF_2023-02-03-16.00-1-59.jpg,2023,2,3,12,141,c_Unhealthy_for_Sensitive_Groups,2023-02-03,69.8,99.7,581.0,11.6,6.8,112.0
"ITO, Delhi",DEL_SEV_2023-02-22-14.00-2-111.jpg,2023,2,22,12,450,f_Severe,2023-02-22,2.4,4.2,128.0,0.1,0.0,83.0
"Biratnagar, Nepal",BIR_UNFSG_VF_2023-02-03-15.00-2-12.jpg,2023,2,3,12,141,c_Unhealthy_for_Sensitive_Groups,2023-02-03,69.8,99.7,581.0,11.6,6.8,112.0
Tamil Nadu,TN_Good_2023-02-27-16.30-2-71.jpg,2023,2,27,12,43,a_Good,2023-02-27,5.9,9.2,177.0,7.1,1.1,74.0
Bengaluru,BENGR_Mod_2023-02-23-08.30-1-161.jpg,2023,2,23,12,97,b_Moderate,2023-02-23,18.2,26.4,272.0,8.0,8.1,126.0
"Biratnagar, Nepal",BIR_UNH_VF_2023-02-02- 12.00-3-10.jpg,2023,2,2,12,158,d_Unhealthy,2023-02-02,57.2,81.7,581.0,12.1,8.5,98.0
Mumbai,MH_UN_2023-03-12-13.00-1-393.jpg,2023,3,12,12,156,d_Unhealthy,2023-03-12,240.3,345.5,1730.0,61.2,111.6,478.0
"Knowledge park, Greater Noida",UP_UHFSG_2023-03-06-11.30-1-53.jpg,2023,3,6,12,104,c_Unhealthy_for_Sensitive_Groups,2023-03-06,57.3,103.8,710.0,101.0,20.8,124.0
"ITO, Delhi",DEL_VUnH_2023-02-16-17.00-2-49.jpg,2023,2,16,12,293,e_Very_Unhealthy,2023-02-16,2.0,3.3,115.0,0.6,0.0,52.0
"ITO, Delhi",DEL_VUnH_2023-02-16-14.30-1-217.jpg,2023,2,16,12,245,e_Very_Unhealthy,2023-02-16,2.0,3.3,115.0,0.6,0.0,52.0
Bengaluru,BENGR_Mod_2023-03-06-08.30-1-226.jpg,2023,3,6,12,68,b_Moderate,2023-03-06,12.6,18.6,218.0,6.5,8.2,129.0
Tamil Nadu,TN_Good_2023-02-23-08.30-2-81.jpg,2023,2,23,12,43,a_Good,2023-02-23,2.9,4.1,131.0,0.9,1.6,95.0
"Biratnagar, Nepal",BIR_UNH_VF_2023-02-02- 15.00-2-73.jpg,2023,2,2,12,156,d_Unhealthy,2023-02-02,57.2,81.7,581.0,12.1,8.5,98.0
Bengaluru,BENGR_Good_2023-02-28-08.30-1-191.jpg,2023,2,28,12,37,a_Good,2023-02-28,27.2,39.7,398.0,7.6,7.8,127.0
"Dimapur, Nagaland",Dimapur_UHFSG_2023-02-02- 09.00-1-79.jpg,2023,2,2,12,103,c_Unhealthy_for_Sensitive_Groups,2023-02-02,39.6,56.9,296.0,6.5,2.7,107.0
"ITO, Delhi",DEL_VUH_2023-02-04-17.00-2-63.jpg,2023,2,4,12,281,e_Very_Unhealthy,2023-02-04,2.8,4.9,89.0,0.2,0.1,62.0
Bengaluru,BENGR_UHFSG_2023-02-03-08.30-1-13.jpg,2023,2,3,12,136,c_Unhealthy_for_Sensitive_Groups,2023-02-03,19.7,31.1,321.0,13.6,3.8,86.0
"ITO, Delhi",DEL_SEV_2023-02-07-14.00-2-27.jpg,2023,2,7,12,449,f_Severe,2023-02-07,3.0,5.3,89.0,0.3,0.1,54.0
Tamil Nadu,TN_Good_2023-02-20-16.30-2-106.jpg,2023,2,20,12,43,a_Good,2023-02-20,2.1,3.0,150.0,2.1,0.4,78.0
"Biratnagar, Nepal",BIR_UNH_VF_2023-02-02- 12.00-1-113.jpg,2023,2,2,12,158,d_Unhealthy,2023-02-02,57.2,81.7,581.0,12.1,8.5,98.0
Tamil Nadu,TN_Good_2023-02-27-16.30-1-36.jpg,2023,2,27,12,43,a_Good,2023-02-27,5.9,9.2,177.0,7.1,1.1,74.0
Tamil Nadu,TN_UN_2023-03-06-09.00-1-36.jpg,2023,3,6,12,161,d_Unhealthy,2023-03-06,15.6,22.5,298.0,24.2,0.8,36.0
Mumbai,MH_UnFSG_2023-03-08-11.00-1-396.jpg,2023,3,8,12,124,c_Unhealthy_for_Sensitive_Groups,2023-03-08,97.1,144.8,836.0,49.2,63.9,264.0
Mumbai,MH_VUN_2023-02-24-15.00-1-216.jpg,2023,2,24,12,202,e_Very_Unhealthy,2023-02-24,73.3,112.7,633.0,41.2,49.7,231.0
"New Ind Town, Faridabad",HAR_VUN_2022-10-02-10.00-1-449.jpg,2022,10,2,12,230,e_Very_Unhealthy,2022-10-02,16.6,23.7,513.0,2.0,1.8,93.0
"ITO, Delhi",DEL_SEV_2023-02-07-14.00-2-11.jpg,2023,2,7,12,449,f_Severe,2023-02-07,3.0,5.3,89.0,0.3,0.1,54.0
"Knowledge park, Greater Noida",UP_UN_2023-03-01-08.30-1-465.jpg,2023,3,1,12,199,d_Unhealthy,2023-03-01,21.1,47.7,354.0,67.2,13.3,48.0
Bengaluru,BENGR_Mod_2023-03-06-08.30-1-251.jpg,2023,3,6,12,68,b_Moderate,2023-03-06,12.6,18.6,218.0,6.5,8.2,129.0
Tamil Nadu,TN_Good_2023-02-22-09.30-1-216.jpg,2023,2,22,12,36,a_Good,2023-02-22,8.3,12.4,216.0,13.8,2.4,52.0
"Knowledge park, Greater Noida",UP_VUN_2023-02-27-10.30-1-317.jpg,2023,2,27,12,299,e_Very_Unhealthy,2023-02-27,44.7,71.7,613.0,101.2,20.5,98.0
"ITO, Delhi",DEL_SEV_2023-02-16-18.00-2-36.jpg,2023,2,16,12,330,f_Severe,2023-02-16,2.0,3.3,115.0,0.6,0.0,52.0
Tamil Nadu,TN_UN_2023-03-06-09.00-1-196.jpg,2023,3,6,12,161,d_Unhealthy,2023-03-06,15.6,22.5,298.0,24.2,0.8,36.0
Bengaluru,BENGR_Good_2023-02-26-08.30-1-91.jpg,2023,2,26,12,48,a_Good,2023-02-26,24.5,35.4,262.0,6.6,12.6,156.0
Tamil Nadu,TN_Good_2023-02-20-08.30-1-25.jpg,2023,2,20,12,37,a_Good,2023-02-20,2.1,3.0,150.0,2.1,0.4,78.0
Bengaluru,BENGR_UHFSG_2023-02-09-08.30-1-29.jpg,2023,2,9,12,103,c_Unhealthy_for_Sensitive_Groups,2023-02-09,28.2,41.3,282.0,10.7,8.9,132.0
Bengaluru,BENGR_Mod_2023-03-04-08.30-1-556.jpg,2023,3,4,12,71,b_Moderate,2023-03-04,17.8,26.3,251.0,6.2,6.9,118.0
"Biratnagar, Nepal",BIR_UNH_VF_2023-02-02- 12.00-1-34.jpg,2023,2,2,12,158,d_Unhealthy,2023-02-02,57.2,81.7,581.0,12.1,8.5,98.0
Bengaluru,BENGR_Good_2023-02-27-08.30-1-406.jpg,2023,2,27,12,47,a_Good,2023-02-27,10.8,15.8,277.0,6.9,7.3,131.0
"New Ind Town, Faridabad",HAR_VUN_2022-10-02-10.00-1-2545.jpg,2022,10,2,12,230,e_Very_Unhealthy,2022-10-02,16.6,23.7,513.0,2.0,1.8,93.0
Bengaluru,BENGR_Mod_2023-02-23-08.30-1-571.jpg,2023,2,23,12,97,b_Moderate,2023-02-23,18.2,26.4,272.0,8.0,8.1,126.0
"Dimapur, Nagaland",Dimapur_UHFSG_2023-02-02- 09.00-2-52.jpg,2023,2,2,12,103,c_Unhealthy_for_Sensitive_Groups,2023-02-02,39.6,56.9,296.0,6.5,2.7,107.0
"Biratnagar, Nepal",BIR_UH_2023-03-16-12.30-4-8.jpg,2023,3,16,12,154,d_Unhealthy,2023-03-16,68.5,98.7,456.0,5.4,8.3,132.0
Bengaluru,BENGR_Mod_2023-02-25-08.30-1-656.jpg,2023,2,25,12,73,b_Moderate,2023-02-25,19.2,27.9,256.0,7.8,9.3,142.0
"Knowledge park, Greater Noida",UP_UHFSG_2023-03-06-11.30-1-353.jpg,2023,3,6,12,104,c_Unhealthy_for_Sensitive_Groups,2023-03-06,57.3,103.8,710.0,101.0,20.8,124.0
Tamil Nadu,TN_Good_2023-02-21-08.30-2-51.jpg,2023,2,21,12,29,a_Good,2023-02-21,2.1,3.2,146.0,1.6,0.3,82.0
Mumbai,MH_UH_2023-02-10-14.30-1-36.jpg,2023,2,10,12,160,d_Unhealthy,2023-02-10,74.7,110.8,581.0,28.9,36.7,198.0
Bengaluru,BENGR_Good_2023-03-21-08.30-1-407.jpg,2023,3,21,12,47,a_Good,2023-03-21,9.1,13.8,245.0,15.6,3.6,110.0
Tamil Nadu,TN_Mod_2023-02-28-08.30-1-16.jpg,2023,2,28,12,73,b_Moderate,2023-02-28,3.8,5.7,174.0,4.3,0.9,75.0
Mumbai,MH_UH_2023-02-02- 09.30-1-60.jpg,2023,2,2,12,182,d_Unhealthy,2023-02-02,122.9,179.7,829.0,44.0,61.7,239.0
Bengaluru,BENGR_Good_2023-02-28-08.30-1-96.jpg,2023,2,28,12,37,a_Good,2023-02-28,27.2,39.7,398.0,7.6,7.8,127.0
Bengaluru,BENGR_Mod_2023-03-06-08.30-1-456.jpg,2023,3,6,12,68,b_Moderate,2023-03-06,12.6,18.6,218.0,6.5,8.2,129.0
Bengaluru,BENGR_Mod_2023-02-21-08.30-1-16.jpg,2023,2,21,12,56,b_Moderate,2023-02-21,26.0,37.8,303.0,8.9,11.2,152.0
"Biratnagar, Nepal",BIR_UNH_VF_2023-02-02- 12.00-2-77.jpg,2023,2,2,12,158,d_Unhealthy,2023-02-02,57.2,81.7,581.0,12.1,8.5,98.0
Bengaluru,BENGR_Good_2023-02-19-08.30-1-9.jpg,2023,2,19,12,41,a_Good,2023-02-19,14.6,21.7,286.0,7.9,10.9,146.0
Tamil Nadu,TN_Good_2023-02-22-09.30-2-91.jpg,2023,2,22,12,36,a_Good,2023-02-22,8.3,12.4,216.0,13.8,2.4,52.0
Tamil Nadu,TN_Good_2023-03-21-08.30-2-273.jpg,2023,3,21,12,27,a_Good,2023-03-21,8.3,12.3,214.0,11.7,1.2,58.0
"ITO, Delhi",DEL_VUnH_2023-02-16-17.00-1-23.jpg,2023,2,16,12,293,e_Very_Unhealthy,2023-02-16,2.0,3.3,115.0,0.6,0.0,52.0
"ITO, Delhi",DEL_VUH_2023-02-04-17.00-2-98.jpg,2023,2,4,12,281,e_Very_Unhealthy,2023-02-04,2.8,4.9,89.0,0.2,0.1,62.0
Tamil Nadu,TN_Good_2023-02-27-16.30-1-161.jpg,2023,2,27,12,43,a_Good,2023-02-27,5.9,9.2,177.0,7.1,1.1,74.0
Mumbai,MH_UnFSG_2023-03-14-13.00-1-235.jpg,2023,3,14,12,138,c_Unhealthy_for_Sensitive_Groups,2023-03-14,160.7,240.3,1639.0,42.4,85.0,345.0
Mumbai,MH_Good_2023-03-22-18.00-1-385.jpg,2023,3,22,12,47,a_Good,2023-03-22,16.2,31.8,249.0,15.6,16.8,76.0
"ITO, Delhi",DEL_VUnH_2023-02-16-17.00-1-149.jpg,2023,2,16,12,293,e_Very_Unhealthy,2023-02-16,2.0,3.3,115.0,0.6,0.0,52.0
"ITO, Delhi",DEL_SEV_2023-02-20-14.00-1-166.jpg,2023,2,20,12,363,f_Severe,2023-02-20,4.4,7.8,136.0,0.3,0.0,76.0
"Biratnagar, Nepal",BIR_UNH_VF_2023-02-03- 10.00-2-62.jpg,2023,2,3,12,163,d_Unhealthy,2023-02-03,69.8,99.7,581.0,11.6,6.8,112.0
Mumbai,MH_UH_2023-02-19-12.00-1-60.jpg,2023,2,19,12,160,d_Unhealthy,2023-02-19,143.0,205.8,1159.0,48.0,73.1,327.0
Mumbai,MH_Mod_2023-03-21-15.00-1-183.jpg,2023,3,21,12,92,b_Moderate,2023-03-21,15.9,32.0,246.0,16.3,15.8,72.0
"Knowledge park, Greater Noida",UP_UHFSG_2023-03-06-11.30-1-593.jpg,2023,3,6,12,104,c_Unhealthy_for_Sensitive_Groups,2023-03-06,57.3,103.8,710.0,101.0,20.8,124.0
"ITO, Delhi",DEL_SEV_2023-02-20-14.00-1-611.jpg,2023,2,20,12,363,f_Severe,2023-02-20,4.4,7.8,136.0,0.3,0.0,76.0
"ITO, Delhi",DEL_UnH_2023-02-15-11.30-2-45.jpg,2023,2,15,12,179,d_Unhealthy,2023-02-15,2.5,3.7,124.0,1.0,0.0,54.0
Mumbai,MH_UnFSG_2023-03-08-11.00-1-206.jpg,2023,3,8,12,124,c_Unhealthy_for_Sensitive_Groups,2023-03-08,97.1,144.8,836.0,49.2,63.9,264.0
Tamil Nadu,TN_UnFSG_2023-03-09-09.00-2-21.jpg,2023,3,9,12,134,c_Unhealthy_for_Sensitive_Groups,2023-03-09,10.4,15.2,234.0,12.8,0.9,62.0
Bengaluru,BENGR_Good_2023-03-17-08.30-1-484.jpg,2023,3,17,12,15,a_Good,2023-03-17,20.8,31.4,332.0,11.4,4.1,112.0
"ITO, Delhi",DEL_SEV_2023-02-17-13.00-1-54.jpg,2023,2,17,12,372,f_Severe,2023-02-17,0.2,0.3,91.0,0.1,0.0,49.0
"ITO, Delhi",DEL_SEV_2023-02-16-18.00-2-76.jpg,2023,2,16,12,330,f_Severe,2023-02-16,2.0,3.3,115.0,0.6,0.0,52.0
Mumbai,MH_UN_2023-03-15-15.00-1-64.jpg,2023,3,15,12,162,d_Unhealthy,2023-03-15,190.5,276.6,1537.0,57.3,103.4,404.0
Mumbai,MH_UnFSG_2023-03-14-13.00-1-343.jpg,2023,3,14,12,138,c_Unhealthy_for_Sensitive_Groups,2023-03-14,160.7,240.3,1639.0,42.4,85.0,345.0
Mumbai,MH_UN_2023-03-02-08.00-1-246.jpg,2023,3,2,12,156,d_Unhealthy,2023-03-02,165.8,246.8,1018.0,45.0,70.9,342.0
Bengaluru,BENGR_Mod_2023-03-04-08.30-1-416.jpg,2023,3,4,12,71,b_Moderate,2023-03-04,17.8,26.3,251.0,6.2,6.9,118.0
Bengaluru,BENGR_UHFSG_2023-02-05-08.30-1-15.jpg,2023,2,3,12,111,c_Unhealthy_for_Sensitive_Groups,2023-02-03,19.7,31.1,321.0,13.6,3.8,86.0
Bengaluru,BENGR_Mod_2023-02-21-08.30-1-41.jpg,2023,2,21,12,56,b_Moderate,2023-02-21,26.0,37.8,303.0,8.9,11.2,152.0
"Biratnagar, Nepal",BIR_UNH_VF_2023-02-02- 15.00-4-18.jpg,2023,2,2,12,156,d_Unhealthy,2023-02-02,57.2,81.7,581.0,12.1,8.5,98.0
Mumbai,MH_UH_2023-02-14-11.30-1-53.jpg,2023,2,14,12,160,d_Unhealthy,2023-02-14,81.3,119.0,721.0,41.8,52.8,260.0
"Biratnagar, Nepal",BIR_UNH_VF_2023-02-03- 10.00-1-17.jpg,2023,2,3,12,163,d_Unhealthy,2023-02-03,69.8,99.7,581.0,11.6,6.8,112.0
Mumbai,MH_UnFSG_2023-03-14-13.00-1-205.jpg,2023,3,14,12,138,c_Unhealthy_for_Sensitive_Groups,2023-03-14,160.7,240.3,1639.0,42.4,85.0,345.0
"Biratnagar, Nepal",BIR_UNFSG_VF_2023-02-03-15.00-3-28.jpg,2023,2,3,12,141,c_Unhealthy_for_Sensitive_Groups,2023-02-03,69.8,99.7,581.0,11.6,6.8,112.0
Bengaluru,BENGR_Mod_2023-03-13-08.30-1-43.jpg,2023,3,13,12,53,b_Moderate,2023-03-13,27.1,39.7,365.0,8.1,8.5,111.0
"ITO, Delhi",DEL_VUnH_2023-02-16-14.30-1-39.jpg,2023,2,16,12,245,e_Very_Unhealthy,2023-02-16,2.0,3.3,115.0,0.6,0.0,52.0
"Biratnagar, Nepal",BIR_UNH_VF_2023-02-03- 10.00-2-28.jpg,2023,2,3,12,163,d_Unhealthy,2023-02-03,69.8,99.7,581.0,11.6,6.8,112.0
"Biratnagar, Nepal",BIR_MOD_2023-02-13-09.30-4-26.jpg,2023,2,13,12,91,b_Moderate,2023-02-13,40.7,59.3,429.0,13.7,9.2,101.0
Tamil Nadu,TN_UnFSG_2023-03-02-08.30-1-136.jpg,2023,3,2,12,119,c_Unhealthy_for_Sensitive_Groups,2023-03-02,8.6,16.2,185.0,2.6,1.1,86.0
"Biratnagar, Nepal",BIR_UNH_VF_2023-02-02- 1700-2-61.jpg,2023,2,2,12,156,d_Unhealthy,2023-02-02,57.2,81.7,581.0,12.1,8.5,98.0
"Biratnagar, Nepal",BIR_UNH_VF_2023-02-02- 12.00-2-44.jpg,2023,2,2,12,158,d_Unhealthy,2023-02-02,57.2,81.7,581.0,12.1,8.5,98.0
"ITO, Delhi",DEL_VUnH_2023-02-16-14.00-3-15.jpg,2023,2,16,12,268,e_Very_Unhealthy,2023-02-16,2.0,3.3,115.0,0.6,0.0,52.0
"Biratnagar, Nepal",BIR_UH_2023-03-16-12.30-4-57.jpg,2023,3,16,12,154,d_Unhealthy,2023-03-16,68.5,98.7,456.0,5.4,8.3,132.0
"Biratnagar, Nepal",BIR_UNH_VF_2023-02-02- 12.00-2-97.jpg,2023,2,2,12,158,d_Unhealthy,2023-02-02,57.2,81.7,581.0,12.1,8.5,98.0
Mumbai,MH_Mod_2023-03-21-15.00-1-512.jpg,2023,3,21,12,92,b_Moderate,2023-03-21,15.9,32.0,246.0,16.3,15.8,72.0
"Biratnagar, Nepal",BIR_UNH_VF_2023-02-02- 12.00-3-62.jpg,2023,2,2,12,158,d_Unhealthy,2023-02-02,57.2,81.7,581.0,12.1,8.5,98.0
Bengaluru,BENGR_Good_2023-02-26-08.30-1-176.jpg,2023,2,26,12,48,a_Good,2023-02-26,24.5,35.4,262.0,6.6,12.6,156.0
"Knowledge park, Greater Noida",UP_UHFSG_2023-02-08-08.30-1-12.jpg,2023,2,8,12,133,c_Unhealthy_for_Sensitive_Groups,2023-02-08,53.7,112.2,526.0,86.8,19.1,87.0
"New Ind Town, Faridabad",HAR_VUN_2022-10-02-10.00-1-4297.jpg,2022,10,2,12,230,e_Very_Unhealthy,2022-10-02,16.6,23.7,513.0,2.0,1.8,93.0
"Knowledge park, Greater Noida",UP_SEV_2023-02-19-14.30-1-46.jpg,2023,2,19,12,357,f_Severe,2023-02-19,26.7,50.5,247.0,25.1,8.3,99.0
Mumbai,MH_UN_2023-03-13-10.00-1-36.jpg,2023,3,13,12,197,d_Unhealthy,2023-03-13,346.5,501.1,2447.0,38.8,125.9,577.0
Mumbai,MH_UnFSG_2023-03-14-13.00-1-145.jpg,2023,3,14,12,138,c_Unhealthy_for_Sensitive_Groups,2023-03-14,160.7,240.3,1639.0,42.4,85.0,345.0
"Biratnagar, Nepal",BIR_UH_2023-03-16-12.30-2-50.jpg,2023,3,16,12,154,d_Unhealthy,2023-03-16,68.5,98.7,456.0,5.4,8.3,132.0
Mumbai,MH_UH_2023-02-03- 09.30-1-88.jpg,2023,2,3,12,162,d_Unhealthy,2023-02-03,121.1,177.4,813.0,48.2,60.2,256.0
"Biratnagar, Nepal",BIR_UNFSG_VF_2023-02-03-15.00-1-35.jpg,2023,2,3,12,141,c_Unhealthy_for_Sensitive_Groups,2023-02-03,69.8,99.7,581.0,11.6,6.8,112.0
Mumbai,MH_UnFSG_2023-03-10-16.00-1-291.jpg,2023,3,10,12,141,c_Unhealthy_for_Sensitive_Groups,2023-03-10,51.1,75.7,577.0,42.8,39.8,185.0
Bengaluru,BENGR_Good_2023-03-25-08.30-1-3.jpg,2023,3,25,12,32,a_Good,2023-03-25,26.6,39.9,248.0,8.4,5.4,133.0
"ITO, Delhi",DEL_SEV_2023-02-07-14.00-1-70.jpg,2023,2,7,12,449,f_Severe,2023-02-07,3.0,5.3,89.0,0.3,0.1,54.0
Tamil Nadu,TN_UnFSG_2023-03-09-09.00-1-106.jpg,2023,3,9,12,134,c_Unhealthy_for_Sensitive_Groups,2023-03-09,10.4,15.2,234.0,12.8,0.9,62.0
"ITO, Delhi",DEL_VUH_2023-02-04-17.00-2-130.jpg,2023,2,4,12,281,e_Very_Unhealthy,2023-02-04,2.8,4.9,89.0,0.2,0.1,62.0
Bengaluru,BENGR_UHFSG_2023-02-15-14.30-1-46.jpg,2023,2,15,12,103,c_Unhealthy_for_Sensitive_Groups,2023-02-15,18.6,26.8,278.0,7.8,11.8,147.0
"ITO, Delhi",DEL_VUnH_2023-02-16-14.30-1-43.jpg,2023,2,16,12,245,e_Very_Unhealthy,2023-02-16,2.0,3.3,115.0,0.6,0.0,52.0
Mumbai,MH_UnFSG_2023-03-10-16.00-1-26.jpg,2023,3,10,12,141,c_Unhealthy_for_Sensitive_Groups,2023-03-10,51.1,75.7,577.0,42.8,39.8,185.0
"ITO, Delhi",DEL_SEV_2023-02-22-14.00-1-66.jpg,2023,2,22,12,450,f_Severe,2023-02-22,2.4,4.2,128.0,0.1,0.0,83.0
"Knowledge park, Greater Noida",UP_SEV_2023-02-18-11.00-1-100.jpg,2023,2,18,12,320,f_Severe,2023-02-18,24.9,48.1,246.0,27.6,8.9,84.0
Mumbai,MH_Good_2023-03-23-17.00-1-498.jpg,2023,3,23,12,47,a_Good,2023-03-23,18.4,34.5,257.0,17.2,19.2,71.0
Mumbai,MH_UnFSG_2023-03-10-16.00-1-91.jpg,2023,3,10,12,141,c_Unhealthy_for_Sensitive_Groups,2023-03-10,51.1,75.7,577.0,42.8,39.8,185.0
"ITO, Delhi",DEL_UnH_2023-02-15-11.30-2-51.jpg,2023,2,15,12,179,d_Unhealthy,2023-02-15,2.5,3.7,124.0,1.0,0.0,54.0
Tamil Nadu,TN_Good_2023-02-23-08.30-1-176.jpg,2023,2,23,12,43,a_Good,2023-02-23,2.9,4.1,131.0,0.9,1.6,95.0
Mumbai,MH_Good_2023-03-23-17.00-1-484.jpg,2023,3,23,12,47,a_Good,2023-03-23,18.4,34.5,257.0,17.2,19.2,71.0
"Biratnagar, Nepal",BIR_UNH_VF_2023-02-02- 12.00-1-16.jpg,2023,2,2,12,158,d_Unhealthy,2023-02-02,57.2,81.7,581.0,12.1,8.5,98.0
"Knowledge park, Greater Noida",UP_SEV_2023-02-18-14.30-1-80.jpg,2023,2,18,12,331,f_Severe,2023-02-18,24.9,48.1,246.0,27.6,8.9,84.0
Bengaluru,BENGR_UnFSG_2023-03-08-08.30-1-81.jpg,2023,3,8,12,106,c_Unhealthy_for_Sensitive_Groups,2023-03-08,16.9,24.7,244.0,5.9,5.7,120.0
"Knowledge park, Greater Noida",UP_VUN_2023-03-02-09.00-1-281.jpg,2023,3,2,12,223,e_Very_Unhealthy,2023-03-02,20.5,48.2,338.0,56.9,14.0,72.0
"New Ind Town, Faridabad",HAR_VUN_2022-10-02-10.00-1-417.jpg,2022,10,2,12,230,e_Very_Unhealthy,2022-10-02,16.6,23.7,513.0,2.0,1.8,93.0
Tamil Nadu,TN_UnFSG_2023-03-09-09.00-1-276.jpg,2023,3,9,12,134,c_Unhealthy_for_Sensitive_Groups,2023-03-09,10.4,15.2,234.0,12.8,0.9,62.0
Tamil Nadu,TN_UnFSG_2023-03-01-08.30-1-116.jpg,2023,3,1,12,111,c_Unhealthy_for_Sensitive_Groups,2023-03-01,11.3,16.5,244.0,12.0,2.9,66.0
"Biratnagar, Nepal",BIR_UNFSG_VF_2023-02-03-16.00-1-13.jpg,2023,2,3,12,141,c_Unhealthy_for_Sensitive_Groups,2023-02-03,69.8,99.7,581.0,11.6,6.8,112.0
"Dimapur, Nagaland",Dimapur_UHFSG_2023-02-02- 09.00-2-33.jpg,2023,2,2,12,103,c_Unhealthy_for_Sensitive_Groups,2023-02-02,39.6,56.9,296.0,6.5,2.7,107.0
Mumbai,MH_UnFSG_2023-03-10-16.00-1-281.jpg,2023,3,10,12,141,c_Unhealthy_for_Sensitive_Groups,2023-03-10,51.1,75.7,577.0,42.8,39.8,185.0
"Biratnagar, Nepal",BIR_UNFSG_VF_2023-02-03-15.00-2-2.jpg,2023,2,3,12,141,c_Unhealthy_for_Sensitive_Groups,2023-02-03,69.8,99.7,581.0,11.6,6.8,112.0
Mumbai,MH_UnFSG_2023-03-14-13.00-1.jpg,2023,3,14,12,138,c_Unhealthy_for_Sensitive_Groups,2023-03-14,160.7,240.3,1639.0,42.4,85.0,345.0
Bengaluru,BENGR_Mod_2023-03-09-08.30-1-251.jpg,2023,3,9,12,51,b_Moderate,2023-03-09,32.7,47.8,341.0,6.8,6.3,123.0
Mumbai,MH_Mod_2023-03-21-15.00-1-372.jpg,2023,3,21,12,92,b_Moderate,2023-03-21,15.9,32.0,246.0,16.3,15.8,72.0
Bengaluru,BENGR_Mod_2023-02-21-08.30-1-171.jpg,2023,2,21,12,56,b_Moderate,2023-02-21,26.0,37.8,303.0,8.9,11.2,152.0
"ITO, Delhi",DEL_VUnH_2023-02-16-17.00-1-99.jpg,2023,2,16,12,293,e_Very_Unhealthy,2023-02-16,2.0,3.3,115.0,0.6,0.0,52.0
"ITO, Delhi",DEL_VUnH_2023-02-16-14.00-3-54.jpg,2023,2,16,12,268,e_Very_Unhealthy,2023-02-16,2.0,3.3,115.0,0.6,0.0,52.0
"Biratnagar, Nepal",BIR_UNFSG_VF_2023-02-03-15.00-3-17.jpg,2023,2,3,12,141,c_Unhealthy_for_Sensitive_Groups,2023-02-03,69.8,99.7,581.0,11.6,6.8,112.0
Mumbai,MH_Good_2023-03-23-17.00-1-57.jpg,2023,3,23,12,47,a_Good,2023-03-23,18.4,34.5,257.0,17.2,19.2,71.0
"Biratnagar, Nepal",BIR_UNH_VF_2023-02-02- 15.00-2-65.jpg,2023,2,2,12,156,d_Unhealthy,2023-02-02,57.2,81.7,581.0,12.1,8.5,98.0
"Biratnagar, Nepal",BIR_UNFSG_VF_2023-02-03-16.00-2-65.jpg,2023,2,3,12,141,c_Unhealthy_for_Sensitive_Groups,2023-02-03,69.8,99.7,581.0,11.6,6.8,112.0
Bengaluru,BENGR_Good_2023-02-26-08.30-1-181.jpg,2023,2,26,12,48,a_Good,2023-02-26,24.5,35.4,262.0,6.6,12.6,156.0
"ITO, Delhi",DEL_VUnH_2023-02-16-14.00-3-55.jpg,2023,2,16,12,268,e_Very_Unhealthy,2023-02-16,2.0,3.3,115.0,0.6,0.0,52.0
"Biratnagar, Nepal",BIR_UNH_VF_2023-02-03- 10.00-3-31.jpg,2023,2,3,12,163,d_Unhealthy,2023-02-03,69.8,99.7,581.0,11.6,6.8,112.0
"ITO, Delhi",DEL_SEV_2023-02-22-14.00-2-331.jpg,2023,2,22,12,450,f_Severe,2023-02-22,2.4,4.2,128.0,0.1,0.0,83.0
"ITO, Delhi",DEL_SEV_2023-02-07-14.00-1-126.jpg,2023,2,7,12,449,f_Severe,2023-02-07,3.0,5.3,89.0,0.3,0.1,54.0
"Biratnagar, Nepal",BIR_UNFSG_VF_2023-02-03-16.00-3-23.jpg,2023,2,3,12,141,c_Unhealthy_for_Sensitive_Groups,2023-02-03,69.8,99.7,581.0,11.6,6.8,112.0
Bengaluru,BENGR_Mod_2023-03-09-08.30-1-496.jpg,2023,3,9,12,51,b_Moderate,2023-03-09,32.7,47.8,341.0,6.8,6.3,123.0
"ITO, Delhi",DEL_UnH_2023-02-15-11.30-1-2.jpg,2023,2,15,12,179,d_Unhealthy,2023-02-15,2.5,3.7,124.0,1.0,0.0,54.0
Bengaluru,BENGR_Mod_2023-03-09-08.30-1-366.jpg,2023,3,9,12,51,b_Moderate,2023-03-09,32.7,47.8,341.0,6.8,6.3,123.0
"Biratnagar, Nepal",BIR_UNH_VF_2023-02-02- 12.00-2-4.jpg,2023,2,2,12,158,d_Unhealthy,2023-02-02,57.2,81.7,581.0,12.1,8.5,98.0
"ITO, Delhi",DEL_SEV_2023-02-20-14.00-1-486.jpg,2023,2,20,12,363,f_Severe,2023-02-20,4.4,7.8,136.0,0.3,0.0,76.0
Mumbai,MH_UN_2023-03-02-08.00-1-201.jpg,2023,3,2,12,156,d_Unhealthy,2023-03-02,165.8,246.8,1018.0,45.0,70.9,342.0
Tamil Nadu,TN_MOD_2023-02-09-08.30-2-17.jpg,2023,2,9,12,78,b_Moderate,2023-02-09,20.1,29.8,485.0,57.4,2.2,10.0
"Biratnagar, Nepal",BIR_UNH_VF_2023-02-02- 12.00-3-69.jpg,2023,2,2,12,158,d_Unhealthy,2023-02-02,57.2,81.7,581.0,12.1,8.5,98.0
"ITO, Delhi",DEL_SEV_2023-02-20-14.00-3-271.jpg,2023,2,20,12,363,f_Severe,2023-02-20,4.4,7.8,136.0,0.3,0.0,76.0
Tamil Nadu,TN_Good_2023-02-20-16.30-1-146.jpg,2023,2,20,12,43,a_Good,2023-02-20,2.1,3.0,150.0,2.1,0.4,78.0
Bengaluru,BENGR_Mod_2023-03-09-08.30-1-236.jpg,2023,3,9,12,51,b_Moderate,2023-03-09,32.7,47.8,341.0,6.8,6.3,123.0
"ITO, Delhi",DEL_SEV_2023-02-16-18.00-2-80.jpg,2023,2,16,12,330,f_Severe,2023-02-16,2.0,3.3,115.0,0.6,0.0,52.0
"ITO, Delhi",DEL_UnH_2023-02-15-11.30-1-17.jpg,2023,2,15,12,179,d_Unhealthy,2023-02-15,2.5,3.7,124.0,1.0,0.0,54.0
"New Ind Town, Faridabad",HAR_VUN_2022-10-02-10.00-1-1249.jpg,2022,10,2,12,230,e_Very_Unhealthy,2022-10-02,16.6,23.7,513.0,2.0,1.8,93.0
"ITO, Delhi",DEL_VUnH_2023-02-16-14.30-1-240.jpg,2023,2,16,12,245,e_Very_Unhealthy,2023-02-16,2.0,3.3,115.0,0.6,0.0,52.0
"ITO, Delhi",DEL_VUnH_2023-02-16-14.30-1-215.jpg,2023,2,16,12,245,e_Very_Unhealthy,2023-02-16,2.0,3.3,115.0,0.6,0.0,52.0
"Knowledge park, Greater Noida",UP_UHFSG_2023-02-08-08.30-1-29.jpg,2023,2,8,12,133,c_Unhealthy_for_Sensitive_Groups,2023-02-08,53.7,112.2,526.0,86.8,19.1,87.0
Mumbai,MH_Good_2023-03-22-18.00-1-121.jpg,2023,3,22,12,47,a_Good,2023-03-22,16.2,31.8,249.0,15.6,16.8,76.0
"Biratnagar, Nepal",BIR_MOD_2023-02-13-09.30-1-22.jpg,2023,2,13,12,91,b_Moderate,2023-02-13,40.7,59.3,429.0,13.7,9.2,101.0
Tamil Nadu,TN_UnFSG_2023-03-09-09.00-1-46.jpg,2023,3,9,12,134,c_Unhealthy_for_Sensitive_Groups,2023-03-09,10.4,15.2,234.0,12.8,0.9,62.0
"ITO, Delhi",DEL_VUnH_2023-02-16-17.00-2-107.jpg,2023,2,16,12,293,e_Very_Unhealthy,2023-02-16,2.0,3.3,115.0,0.6,0.0,52.0
"Biratnagar, Nepal",BIR_UNH_VF_2023-02-03- 10.00-3-64.jpg,2023,2,3,12,163,d_Unhealthy,2023-02-03,69.8,99.7,581.0,11.6,6.8,112.0
"ITO, Delhi",DEL_VUnH_2023-02-16-14.30-1-105.jpg,2023,2,16,12,245,e_Very_Unhealthy,2023-02-16,2.0,3.3,115.0,0.6,0.0,52.0
"Knowledge park, Greater Noida",UP_VUN_2023-02-27-10.30-1-161.jpg,2023,2,27,12,299,e_Very_Unhealthy,2023-02-27,44.7,71.7,613.0,101.2,20.5,98.0
"Dimapur, Nagaland",Dimapur_UHFSG_2023-02-02- 09.00-3-44.jpg,2023,2,2,12,103,c_Unhealthy_for_Sensitive_Groups,2023-02-02,39.6,56.9,296.0,6.5,2.7,107.0
Bengaluru,BENGR_Mod_2023-03-01-08.30-1-271.jpg,2023,3,1,12,70,b_Moderate,2023-03-01,17.0,25.4,362.0,6.3,6.0,122.0
"New Ind Town, Faridabad",HAR_VUN_2022-10-02-10.00-1-4289.jpg,2022,10,2,12,230,e_Very_Unhealthy,2022-10-02,16.6,23.7,513.0,2.0,1.8,93.0
Bengaluru,BENGR_Good_2023-02-19-08.30-1-10.jpg,2023,2,19,12,41,a_Good,2023-02-19,14.6,21.7,286.0,7.9,10.9,146.0
"New Ind Town, Faridabad",HAR_VUN_2022-10-02-10.00-1-2753.jpg,2022,10,2,12,230,e_Very_Unhealthy,2022-10-02,16.6,23.7,513.0,2.0,1.8,93.0
"Dimapur, Nagaland",Dimapur_UHFSG_2023-02-02- 09.00-3-18.jpg,2023,2,2,12,103,c_Unhealthy_for_Sensitive_Groups,2023-02-02,39.6,56.9,296.0,6.5,2.7,107.0
Bengaluru,BENGR_Good_2023-03-25-08.30-1-64.jpg,2023,3,25,12,32,a_Good,2023-03-25,26.6,39.9,248.0,8.4,5.4,133.0
Bengaluru,BENGR_Mod_2023-02-24-08.30-1-196.jpg,2023,2,24,12,68,b_Moderate,2023-02-24,11.3,16.6,250.0,9.2,10.1,126.0
Mumbai,MH_UnFSG_2023-02-15-10.30-1-81.jpg,2023,2,15,12,143,c_Unhealthy_for_Sensitive_Groups,2023-02-15,82.2,119.0,737.0,40.3,51.8,253.0
Tamil Nadu,TN_Good_2023-02-20-16.30-1-161.jpg,2023,2,20,12,43,a_Good,2023-02-20,2.1,3.0,150.0,2.1,0.4,78.0
"Knowledge park, Greater Noida",UP_UN_2023-03-01-08.30-1-325.jpg,2023,3,1,12,199,d_Unhealthy,2023-03-01,21.1,47.7,354.0,67.2,13.3,48.0
Bengaluru,BENGR_Mod_2023-03-04-08.30-1-96.jpg,2023,3,4,12,71,b_Moderate,2023-03-04,17.8,26.3,251.0,6.2,6.9,118.0
"Biratnagar, Nepal",BIR_UNH_VF_2023-02-02- 1700-3-28.jpg,2023,2,2,12,156,d_Unhealthy,2023-02-02,57.2,81.7,581.0,12.1,8.5,98.0
"Dimapur, Nagaland",Dimapur_UHFSG_2023-02-02- 09.00-2-53.jpg,2023,2,2,12,103,c_Unhealthy_for_Sensitive_Groups,2023-02-02,39.6,56.9,296.0,6.5,2.7,107.0
Mumbai,MH_UnFSG_2023-03-18-11.00-1-169.jpg,2023,3,18,12,114,c_Unhealthy_for_Sensitive_Groups,2023-03-18,59.0,94.8,678.0,39.3,48.8,177.0
"Knowledge park, Greater Noida",UP_SEV_2023-02-20-08.30-1-2.jpg,2023,2,20,12,331,f_Severe,2023-02-20,26.1,49.7,219.0,20.0,5.1,100.0
Bengaluru,BENGR_Mod_2023-02-25-08.30-1-271.jpg,2023,2,25,12,73,b_Moderate,2023-02-25,19.2,27.9,256.0,7.8,9.3,142.0
"ITO, Delhi",DEL_SEV_2023-02-17-13.00-2-4.jpg,2023,2,17,12,372,f_Severe,2023-02-17,0.2,0.3,91.0,0.1,0.0,49.0
Mumbai,MH_Good_2023-03-22-18.00-1-271.jpg,2023,3,22,12,47,a_Good,2023-03-22,16.2,31.8,249.0,15.6,16.8,76.0
Mumbai,MH_Good_2023-03-22-11.00-3.jpg,2023,3,22,12,49,a_Good,2023-03-22,16.2,31.8,249.0,15.6,16.8,76.0
"Knowledge park, Greater Noida",UP_SEV_2023-02-18-14.30-1-76.jpg,2023,2,18,12,331,f_Severe,2023-02-18,24.9,48.1,246.0,27.6,8.9,84.0
Mumbai,MH_Good_2023-03-23-17.00-3.jpg,2023,3,23,12,47,a_Good,2023-03-23,18.4,34.5,257.0,17.2,19.2,71.0
Bengaluru,BENGR_Good_2023-02-28-08.30-1-416.jpg,2023,2,28,12,37,a_Good,2023-02-28,27.2,39.7,398.0,7.6,7.8,127.0
"Biratnagar, Nepal",BIR_UNFSG_VF_2023-02-03-16.00-1-23.jpg,2023,2,3,12,141,c_Unhealthy_for_Sensitive_Groups,2023-02-03,69.8,99.7,581.0,11.6,6.8,112.0
"ITO, Delhi",DEL_SEV_2023-02-20-14.00-3-206.jpg,2023,2,20,12,363,f_Severe,2023-02-20,4.4,7.8,136.0,0.3,0.0,76.0
"ITO, Delhi",DEL_VUnH_2023-02-16-17.00-2-100.jpg,2023,2,16,12,293,e_Very_Unhealthy,2023-02-16,2.0,3.3,115.0,0.6,0.0,52.0
"ITO, Delhi",DEL_VUnH_2023-02-16-14.00-3-46.jpg,2023,2,16,12,268,e_Very_Unhealthy,2023-02-16,2.0,3.3,115.0,0.6,0.0,52.0
"ITO, Delhi",DEL_SEV_2023-02-20-14.00-3-201.jpg,2023,2,20,12,363,f_Severe,2023-02-20,4.4,7.8,136.0,0.3,0.0,76.0
"ITO, Delhi",DEL_SEV_2023-02-22-14.00-2-121.jpg,2023,2,22,12,450,f_Severe,2023-02-22,2.4,4.2,128.0,0.1,0.0,83.0
"ITO, Delhi",DEL_VUnH_2023-02-16-14.30-1-158.jpg,2023,2,16,12,245,e_Very_Unhealthy,2023-02-16,2.0,3.3,115.0,0.6,0.0,52.0
Mumbai,MH_UN_2023-03-12-13.00-1-155.jpg,2023,3,12,12,156,d_Unhealthy,2023-03-12,240.3,345.5,1730.0,61.2,111.6,478.0
Bengaluru,BENGR_Good_2023-02-26-08.30-1-51.jpg,2023,2,26,12,48,a_Good,2023-02-26,24.5,35.4,262.0,6.6,12.6,156.0
Mumbai,MH_Good_2023-03-22-18.00-1-103.jpg,2023,3,22,12,47,a_Good,2023-03-22,16.2,31.8,249.0,15.6,16.8,76.0
Bengaluru,BENGR_Mod_2023-02-25-08.30-1-356.jpg,2023,2,25,12,73,b_Moderate,2023-02-25,19.2,27.9,256.0,7.8,9.3,142.0
Tamil Nadu,TN_UnFSG_2023-03-08-08.30-1-176.jpg,2023,3,8,12,121,c_Unhealthy_for_Sensitive_Groups,2023-03-08,21.1,30.5,475.0,70.5,1.8,17.0
"Biratnagar, Nepal",BIR_UFSG_2023-02-14- 14.30-3-42.jpg,2023,2,14,12,101,c_Unhealthy_for_Sensitive_Groups,2023-02-14,43.3,62.6,471.0,15.4,7.5,101.0
Mumbai,MH_UnFSG_2023-03-08-11.00-1-56.jpg,2023,3,8,12,124,c_Unhealthy_for_Sensitive_Groups,2023-03-08,97.1,144.8,836.0,49.2,63.9,264.0
"ITO, Delhi",DEL_SEV_2023-02-07-14.00-1-115.jpg,2023,2,7,12,449,f_Severe,2023-02-07,3.0,5.3,89.0,0.3,0.1,54.0
"Knowledge park, Greater Noida",UP_UHFSG_2023-02-13-11.00-1.jpg,2023,2,13,12,137,c_Unhealthy_for_Sensitive_Groups,2023-02-13,68.2,107.6,509.0,91.1,18.2,133.0
Mumbai,MH_UH_2023-02-14-11.30-1-63.jpg,2023,2,14,12,160,d_Unhealthy,2023-02-14,81.3,119.0,721.0,41.8,52.8,260.0
Bengaluru,BENGR_Mod_2023-03-06-08.30-1-411.jpg,2023,3,6,12,68,b_Moderate,2023-03-06,12.6,18.6,218.0,6.5,8.2,129.0
"Knowledge park, Greater Noida",UP_VUN_2023-02-27-10.30-1-149.jpg,2023,2,27,12,299,e_Very_Unhealthy,2023-02-27,44.7,71.7,613.0,101.2,20.5,98.0
"Dimapur, Nagaland",Dimapur_UHFSG_2023-02-02- 09.00-1-31.jpg,2023,2,2,12,103,c_Unhealthy_for_Sensitive_Groups,2023-02-02,39.6,56.9,296.0,6.5,2.7,107.0
Mumbai,MH_Good_2023-03-22-18.00-1-211.jpg,2023,3,22,12,47,a_Good,2023-03-22,16.2,31.8,249.0,15.6,16.8,76.0
"ITO, Delhi",DEL_UnH_2023-02-15-11.30-2-13.jpg,2023,2,15,12,179,d_Unhealthy,2023-02-15,2.5,3.7,124.0,1.0,0.0,54.0
Tamil Nadu,TN_UnFSG_2023-03-03-09.00-2-196.jpg,2023,3,3,12,121,c_Unhealthy_for_Sensitive_Groups,2023-03-03,5.2,9.4,154.0,1.6,1.3,86.0
Mumbai,MH_UH_2023-02-18-11.00-1-15.jpg,2023,2,18,12,151,d_Unhealthy,2023-02-18,100.4,145.8,792.0,40.1,53.4,275.0
Mumbai,MH_VUN_2023-02-24-15.00-1-291.jpg,2023,2,24,12,202,e_Very_Unhealthy,2023-02-24,73.3,112.7,633.0,41.2,49.7,231.0
"Knowledge park, Greater Noida",UP_VUN_2023-03-02-09.00-1-121.jpg,2023,3,2,12,223,e_Very_Unhealthy,2023-03-02,20.5,48.2,338.0,56.9,14.0,72.0
"Dimapur, Nagaland",Dimapur_UHFSG_2023-02-02- 09.00-1-24.jpg,2023,2,2,12,103,c_Unhealthy_for_Sensitive_Groups,2023-02-02,39.6,56.9,296.0,6.5,2.7,107.0
Mumbai,MH_Good_2023-03-23-17.00-1-15.jpg,2023,3,23,12,47,a_Good,2023-03-23,18.4,34.5,257.0,17.2,19.2,71.0
"New Ind Town, Faridabad",HAR_VUN_2022-10-02-10.00-1-1609.jpg,2022,10,2,12,230,e_Very_Unhealthy,2022-10-02,16.6,23.7,513.0,2.0,1.8,93.0
Tamil Nadu,TN_Good_2023-02-22-09.30-3-156.jpg,2023,2,22,12,36,a_Good,2023-02-22,8.3,12.4,216.0,13.8,2.4,52.0
"New Ind Town, Faridabad",HAR_VUN_2022-10-02-10.00-1-3033.jpg,2022,10,2,12,230,e_Very_Unhealthy,2022-10-02,16.6,23.7,513.0,2.0,1.8,93.0
"Dimapur, Nagaland",Dimapur_MOD_2023-02-10-08.30-1-24.jpg,2023,2,10,12,63,b_Moderate,2023-02-10,95.7,140.2,322.0,4.6,4.8,113.0
Bengaluru,BENGR_Good_2023-02-26-08.30-1-351.jpg,2023,2,26,12,48,a_Good,2023-02-26,24.5,35.4,262.0,6.6,12.6,156.0
Tamil Nadu,TN_Good_2023-02-20-16.30-2-146.jpg,2023,2,20,12,43,a_Good,2023-02-20,2.1,3.0,150.0,2.1,0.4,78.0
Mumbai,MH_UH_2023-02-03- 09.30-1-73.jpg,2023,2,3,12,162,d_Unhealthy,2023-02-03,121.1,177.4,813.0,48.2,60.2,256.0
Mumbai,MH_Good_2023-03-23-17.00-1-344.jpg,2023,3,23,12,47,a_Good,2023-03-23,18.4,34.5,257.0,17.2,19.2,71.0
Tamil Nadu,TN_UN_2023-03-06-09.00-1-141.jpg,2023,3,6,12,161,d_Unhealthy,2023-03-06,15.6,22.5,298.0,24.2,0.8,36.0
Mumbai,MH_UN_2023-03-16-11.00-1-57.jpg,2023,3,16,12,159,d_Unhealthy,2023-03-16,59.3,90.6,871.0,64.4,81.4,199.0
"ITO, Delhi",DEL_SEV_2023-02-07-14.00-1-125.jpg,2023,2,7,12,449,f_Severe,2023-02-07,3.0,5.3,89.0,0.3,0.1,54.0
Mumbai,MH_UN_2023-03-16-11.00-1.jpg,2023,3,16,12,159,d_Unhealthy,2023-03-16,59.3,90.6,871.0,64.4,81.4,199.0
"Biratnagar, Nepal",BIR_MOD_2023-02-13-09.30-2-54.jpg,2023,2,13,12,91,b_Moderate,2023-02-13,40.7,59.3,429.0,13.7,9.2,101.0
Mumbai,MH_UH_2023-02-03- 09.30-1-69.jpg,2023,2,3,12,162,d_Unhealthy,2023-02-03,121.1,177.4,813.0,48.2,60.2,256.0
"Biratnagar, Nepal",BIR_MOD_2023-02-13-09.30-3-57.jpg,2023,2,13,12,91,b_Moderate,2023-02-13,40.7,59.3,429.0,13.7,9.2,101.0
"Biratnagar, Nepal",BIR_MOD_2023-02-13-09.30-2-25.jpg,2023,2,13,12,91,b_Moderate,2023-02-13,40.7,59.3,429.0,13.7,9.2,101.0
Tamil Nadu,TN_UHFSG_2023-02-02- 09.00-1-2.jpg,2023,2,2,12,107,c_Unhealthy_for_Sensitive_Groups,2023-02-02,23.7,34.2,540.0,59.0,1.5,15.0
Mumbai,MH_UN_2023-03-12-13.00-1-134.jpg,2023,3,12,12,156,d_Unhealthy,2023-03-12,240.3,345.5,1730.0,61.2,111.6,478.0
Tamil Nadu,TN_UnFSG_2023-03-03-09.00-1-161.jpg,2023,3,3,12,121,c_Unhealthy_for_Sensitive_Groups,2023-03-03,5.2,9.4,154.0,1.6,1.3,86.0
"ITO, Delhi",DEL_VUnH_2023-02-16-14.30-1-133.jpg,2023,2,16,12,245,e_Very_Unhealthy,2023-02-16,2.0,3.3,115.0,0.6,0.0,52.0
"Biratnagar, Nepal",BIR_MOD_2023-02-13-09.30-2-49.jpg,2023,2,13,12,91,b_Moderate,2023-02-13,40.7,59.3,429.0,13.7,9.2,101.0
Mumbai,MH_UH_2023-02-10-14.30-1-51.jpg,2023,2,10,12,160,d_Unhealthy,2023-02-10,74.7,110.8,581.0,28.9,36.7,198.0
"Biratnagar, Nepal",BIR_UFSG_2023-02-14- 14.30-14.jpg,2023,2,14,12,101,c_Unhealthy_for_Sensitive_Groups,2023-02-14,43.3,62.6,471.0,15.4,7.5,101.0
Mumbai,MH_VUN_2023-02-25-10.00-1-181.jpg,2023,2,25,12,206,e_Very_Unhealthy,2023-02-25,64.3,98.3,654.0,37.4,50.9,173.0
Bengaluru,BENGR_Good_2023-02-19-08.30-1-17.jpg,2023,2,19,12,41,a_Good,2023-02-19,14.6,21.7,286.0,7.9,10.9,146.0
Bengaluru,BENGR_Mod_2023-02-24-08.30-1-341.jpg,2023,2,24,12,68,b_Moderate,2023-02-24,11.3,16.6,250.0,9.2,10.1,126.0
"New Ind Town, Faridabad",HAR_VUN_2022-10-02-10.00-1-881.jpg,2022,10,2,12,230,e_Very_Unhealthy,2022-10-02,16.6,23.7,513.0,2.0,1.8,93.0
Bengaluru,BENGR_Mod_2023-03-01-08.30-1-201.jpg,2023,3,1,12,70,b_Moderate,2023-03-01,17.0,25.4,362.0,6.3,6.0,122.0
Mumbai,MH_Mod_2023-03-21-15.00-1-365.jpg,2023,3,21,12,92,b_Moderate,2023-03-21,15.9,32.0,246.0,16.3,15.8,72.0
"Dimapur, Nagaland",Dimapur_UHFSG_2023-02-02- 09.00-1-66.jpg,2023,2,2,12,103,c_Unhealthy_for_Sensitive_Groups,2023-02-02,39.6,56.9,296.0,6.5,2.7,107.0
Mumbai,MH_UH_2023-02-14-11.30-6.jpg,2023,2,14,12,160,d_Unhealthy,2023-02-14,81.3,119.0,721.0,41.8,52.8,260.0
Tamil Nadu,TN_Good_2023-02-23-08.30-2-6.jpg,2023,2,23,12,43,a_Good,2023-02-23,2.9,4.1,131.0,0.9,1.6,95.0
"Biratnagar, Nepal",BIR_UNFSG_VF_2023-02-03-16.00-2-55.jpg,2023,2,3,12,141,c_Unhealthy_for_Sensitive_Groups,2023-02-03,69.8,99.7,581.0,11.6,6.8,112.0
"Biratnagar, Nepal",BIR_MOD_2023-02-13-09.30-3-44.jpg,2023,2,13,12,91,b_Moderate,2023-02-13,40.7,59.3,429.0,13.7,9.2,101.0
Tamil Nadu,TN_Good_2023-03-21-08.30-2-241.jpg,2023,3,21,12,27,a_Good,2023-03-21,8.3,12.3,214.0,11.7,1.2,58.0
Bengaluru,BENGR_Mod_2023-03-09-08.30-1-306.jpg,2023,3,9,12,51,b_Moderate,2023-03-09,32.7,47.8,341.0,6.8,6.3,123.0
"ITO, Delhi",DEL_SEV_2023-02-16-18.00-2-89.jpg,2023,2,16,12,330,f_Severe,2023-02-16,2.0,3.3,115.0,0.6,0.0,52.0
"Biratnagar, Nepal",BIR_UFSG_2023-02-14- 14.30-1-49.jpg,2023,2,14,12,101,c_Unhealthy_for_Sensitive_Groups,2023-02-14,43.3,62.6,471.0,15.4,7.5,101.0
Bengaluru,BENGR_UHFSG_2023-02-14-08.30-1-12.jpg,2023,2,14,12,102,c_Unhealthy_for_Sensitive_Groups,2023-02-14,18.2,26.3,268.0,8.6,13.0,152.0
"Dimapur, Nagaland",Dimapur_UHFSG_2023-02-02- 09.00-1-40.jpg,2023,2,2,12,103,c_Unhealthy_for_Sensitive_Groups,2023-02-02,39.6,56.9,296.0,6.5,2.7,107.0
"Dimapur, Nagaland",Dimapur_UHFSG_2023-02-02- 09.00-1-47.jpg,2023,2,2,12,103,c_Unhealthy_for_Sensitive_Groups,2023-02-02,39.6,56.9,296.0,6.5,2.7,107.0
Mumbai,MH_UH_2023-02-10-14.30-1-60.jpg,2023,2,10,12,160,d_Unhealthy,2023-02-10,74.7,110.8,581.0,28.9,36.7,198.0
"Knowledge park, Greater Noida",UP_SEV_2023-02-18-14.30-1-108.jpg,2023,2,18,12,331,f_Severe,2023-02-18,24.9,48.1,246.0,27.6,8.9,84.0
"Dimapur, Nagaland",Dimapur_UHFSG_2023-02-02- 09.00-1-53.jpg,2023,2,2,12,103,c_Unhealthy_for_Sensitive_Groups,2023-02-02,39.6,56.9,296.0,6.5,2.7,107.0
"ITO, Delhi",DEL_VUnH_2023-02-16-14.30-1-73.jpg,2023,2,16,12,245,e_Very_Unhealthy,2023-02-16,2.0,3.3,115.0,0.6,0.0,52.0
Bengaluru,BENGR_Mod_2023-02-21-08.30-1-431.jpg,2023,2,21,12,56,b_Moderate,2023-02-21,26.0,37.8,303.0,8.9,11.2,152.0
Bengaluru,BENGR_Mod_2023-03-06-08.30-1-276.jpg,2023,3,6,12,68,b_Moderate,2023-03-06,12.6,18.6,218.0,6.5,8.2,129.0
Tamil Nadu,TN_UnFSG_2023-03-09-09.00-1.jpg,2023,3,9,12,134,c_Unhealthy_for_Sensitive_Groups,2023-03-09,10.4,15.2,234.0,12.8,0.9,62.0
Bengaluru,BENGR_Good_2023-02-27-08.30-1-256.jpg,2023,2,27,12,47,a_Good,2023-02-27,10.8,15.8,277.0,6.9,7.3,131.0
"ITO, Delhi",DEL_SEV_2023-02-17-13.00-1-38.jpg,2023,2,17,12,372,f_Severe,2023-02-17,0.2,0.3,91.0,0.1,0.0,49.0
Mumbai,MH_Mod_2023-03-21-15.00-1-204.jpg,2023,3,21,12,92,b_Moderate,2023-03-21,15.9,32.0,246.0,16.3,15.8,72.0
"Knowledge park, Greater Noida",UP_SEV_2023-02-20-08.30-1-52.jpg,2023,2,20,12,331,f_Severe,2023-02-20,26.1,49.7,219.0,20.0,5.1,100.0
"Biratnagar, Nepal",BIR_MOD_2023-02-13-09.30-2-30.jpg,2023,2,13,12,91,b_Moderate,2023-02-13,40.7,59.3,429.0,13.7,9.2,101.0
"Knowledge park, Greater Noida",UP_SEV_2023-02-18-11.00-1-32.jpg,2023,2,18,12,320,f_Severe,2023-02-18,24.9,48.1,246.0,27.6,8.9,84.0
"New Ind Town, Faridabad",HAR_VUN_2022-10-02-10.00-1-2873.jpg,2022,10,2,12,230,e_Very_Unhealthy,2022-10-02,16.6,23.7,513.0,2.0,1.8,93.0
"Biratnagar, Nepal",BIR_UNH_VF_2023-02-02- 1700-2-21.jpg,2023,2,2,12,156,d_Unhealthy,2023-02-02,57.2,81.7,581.0,12.1,8.5,98.0
Bengaluru,BENGR_Mod_2023-02-23-08.30-1-441.jpg,2023,2,23,12,97,b_Moderate,2023-02-23,18.2,26.4,272.0,8.0,8.1,126.0
Mumbai,MH_VUN_2023-02-24-15.00-1-176.jpg,2023,2,24,12,202,e_Very_Unhealthy,2023-02-24,73.3,112.7,633.0,41.2,49.7,231.0
Mumbai,MH_UnFSG_2023-02-15-10.30-1-21.jpg,2023,2,15,12,143,c_Unhealthy_for_Sensitive_Groups,2023-02-15,82.2,119.0,737.0,40.3,51.8,253.0
Mumbai,MH_UnFSG_2023-03-18-11.00-1-274.jpg,2023,3,18,12,114,c_Unhealthy_for_Sensitive_Groups,2023-03-18,59.0,94.8,678.0,39.3,48.8,177.0
Mumbai,MH_UH_2023-02-14-11.30-1-4.jpg,2023,2,14,12,160,d_Unhealthy,2023-02-14,81.3,119.0,721.0,41.8,52.8,260.0
"ITO, Delhi",DEL_SEV_2023-02-16-18.00-2-21.jpg,2023,2,16,12,330,f_Severe,2023-02-16,2.0,3.3,115.0,0.6,0.0,52.0
Bengaluru,BENGR_Mod_2023-03-01-08.30-1-421.jpg,2023,3,1,12,70,b_Moderate,2023-03-01,17.0,25.4,362.0,6.3,6.0,122.0
"ITO, Delhi",DEL_SEV_2023-02-20-14.00-1-466.jpg,2023,2,20,12,363,f_Severe,2023-02-20,4.4,7.8,136.0,0.3,0.0,76.0
"ITO, Delhi",DEL_VUnH_2023-02-16-17.00-1-113.jpg,2023,2,16,12,293,e_Very_Unhealthy,2023-02-16,2.0,3.3,115.0,0.6,0.0,52.0
"ITO, Delhi",DEL_VUnH_2023-02-16-14.30-1-185.jpg,2023,2,16,12,245,e_Very_Unhealthy,2023-02-16,2.0,3.3,115.0,0.6,0.0,52.0
Mumbai,MH_UnFSG_2023-03-08-11.00-1-381.jpg,2023,3,8,12,124,c_Unhealthy_for_Sensitive_Groups,2023-03-08,97.1,144.8,836.0,49.2,63.9,264.0
"New Ind Town, Faridabad",HAR_VUN_2022-10-02-10.00-1-2409.jpg,2022,10,2,12,230,e_Very_Unhealthy,2022-10-02,16.6,23.7,513.0,2.0,1.8,93.0
"ITO, Delhi",DEL_VUnH_2023-02-16-14.30-1-221.jpg,2023,2,16,12,245,e_Very_Unhealthy,2023-02-16,2.0,3.3,115.0,0.6,0.0,52.0
Mumbai,MH_UH_2023-02-11-03.30-2-61.jpg,2023,2,11,12,154,d_Unhealthy,2023-02-11,50.5,82.9,477.0,34.0,35.6,181.0
"ITO, Delhi",DEL_VUnH_2023-02-16-14.30-1-210.jpg,2023,2,16,12,245,e_Very_Unhealthy,2023-02-16,2.0,3.3,115.0,0.6,0.0,52.0
"Dimapur, Nagaland",Dimapur_UHFSG_2023-02-02- 09.00-3-42.jpg,2023,2,2,12,103,c_Unhealthy_for_Sensitive_Groups,2023-02-02,39.6,56.9,296.0,6.5,2.7,107.0
"Knowledge park, Greater Noida",UP_UHFSG_2023-03-06-11.30-1-337.jpg,2023,3,6,12,104,c_Unhealthy_for_Sensitive_Groups,2023-03-06,57.3,103.8,710.0,101.0,20.8,124.0
Mumbai,MH_UnFSG_2023-03-18-11.00-1-211.jpg,2023,3,18,12,114,c_Unhealthy_for_Sensitive_Groups,2023-03-18,59.0,94.8,678.0,39.3,48.8,177.0
"Knowledge park, Greater Noida",UP_VUN_2023-03-02-09.00-1-477.jpg,2023,3,2,12,223,e_Very_Unhealthy,2023-03-02,20.5,48.2,338.0,56.9,14.0,72.0
"ITO, Delhi",DEL_SEV_2023-02-07-14.00-1-1.jpg,2023,2,7,12,449,f_Severe,2023-02-07,3.0,5.3,89.0,0.3,0.1,54.0
Bengaluru,BENGR_Good_2023-03-17-08.30-1-540.jpg,2023,3,17,12,15,a_Good,2023-03-17,20.8,31.4,332.0,11.4,4.1,112.0
"Biratnagar, Nepal",BIR_UNH_VF_2023-02-03- 10.00-1-35.jpg,2023,2,3,12,163,d_Unhealthy,2023-02-03,69.8,99.7,581.0,11.6,6.8,112.0
"ITO, Delhi",DEL_VUnH_2023-02-16-17.00-1-116.jpg,2023,2,16,12,293,e_Very_Unhealthy,2023-02-16,2.0,3.3,115.0,0.6,0.0,52.0
Tamil Nadu,TN_UN_2023-03-11-08.00-1-266.jpg,2023,3,11,12,152,d_Unhealthy,2023-03-11,4.6,7.8,155.0,2.7,0.9,90.0
Bengaluru,BENGR_Mod_2023-02-25-08.30-1-251.jpg,2023,2,25,12,73,b_Moderate,2023-02-25,19.2,27.9,256.0,7.8,9.3,142.0
"New Ind Town, Faridabad",HAR_VUN_2022-10-02-10.00-1-1897.jpg,2022,10,2,12,230,e_Very_Unhealthy,2022-10-02,16.6,23.7,513.0,2.0,1.8,93.0
Mumbai,MH_UnFSG_2023-03-18-11.00-1-134.jpg,2023,3,18,12,114,c_Unhealthy_for_Sensitive_Groups,2023-03-18,59.0,94.8,678.0,39.3,48.8,177.0
"Knowledge park, Greater Noida",UP_SEV_2023-02-18-14.30-1-41.jpg,2023,2,18,12,331,f_Severe,2023-02-18,24.9,48.1,246.0,27.6,8.9,84.0
"Knowledge park, Greater Noida",UP_UHFSG_2023-02-24-08.30-1-233.jpg,2023,2,24,12,141,c_Unhealthy_for_Sensitive_Groups,2023-02-24,132.7,224.4,1109.0,243.3,40.8,181.0
"Biratnagar, Nepal",BIR_UNFSG_VF_2023-02-03-16.00-2-14.jpg,2023,2,3,12,141,c_Unhealthy_for_Sensitive_Groups,2023-02-03,69.8,99.7,581.0,11.6,6.8,112.0
"New Ind Town, Faridabad",HAR_VUN_2022-10-02-10.00-1-1849.jpg,2022,10,2,12,230,e_Very_Unhealthy,2022-10-02,16.6,23.7,513.0,2.0,1.8,93.0
Mumbai,MH_UN_2023-03-13-10.00-1-50.jpg,2023,3,13,12,197,d_Unhealthy,2023-03-13,346.5,501.1,2447.0,38.8,125.9,577.0
Bengaluru,BENGR_Mod_2023-02-23-08.30-1-121.jpg,2023,2,23,12,97,b_Moderate,2023-02-23,18.2,26.4,272.0,8.0,8.1,126.0
"Knowledge park, Greater Noida",UP_UN_2023-03-01-08.30-1-469.jpg,2023,3,1,12,199,d_Unhealthy,2023-03-01,21.1,47.7,354.0,67.2,13.3,48.0
"Knowledge park, Greater Noida",UP_SEV_2023-02-18-11.00-1-114.jpg,2023,2,18,12,320,f_Severe,2023-02-18,24.9,48.1,246.0,27.6,8.9,84.0
Mumbai,MH_UnFSG_2023-03-08-11.00-1-21.jpg,2023,3,8,12,124,c_Unhealthy_for_Sensitive_Groups,2023-03-08,97.1,144.8,836.0,49.2,63.9,264.0
"Biratnagar, Nepal",BIR_MOD_2023-02-13-09.30-2-16.jpg,2023,2,13,12,91,b_Moderate,2023-02-13,40.7,59.3,429.0,13.7,9.2,101.0
"Biratnagar, Nepal",BIR_UNH_VF_2023-02-03- 10.00-3-73.jpg,2023,2,3,12,163,d_Unhealthy,2023-02-03,69.8,99.7,581.0,11.6,6.8,112.0
Tamil Nadu,TN_Good_2023-02-23-08.30-2-106.jpg,2023,2,23,12,43,a_Good,2023-02-23,2.9,4.1,131.0,0.9,1.6,95.0
Bengaluru,BENGR_Good_2023-02-27-08.30-1-461.jpg,2023,2,27,12,47,a_Good,2023-02-27,10.8,15.8,277.0,6.9,7.3,131.0
"ITO, Delhi",DEL_SEV_2023-02-22-14.00-2-736.jpg,2023,2,22,12,450,f_Severe,2023-02-22,2.4,4.2,128.0,0.1,0.0,83.0
Mumbai,MH_UnFSG_2023-02-23-11.00-1-236.jpg,2023,2,23,12,130,c_Unhealthy_for_Sensitive_Groups,2023-02-23,70.5,109.9,662.0,40.6,61.8,226.0
Mumbai,MH_UH_2023-02-11-03.30-1-11.jpg,2023,2,11,12,154,d_Unhealthy,2023-02-11,50.5,82.9,477.0,34.0,35.6,181.0
"New Ind Town, Faridabad",HAR_VUN_2022-10-02-10.00-1-4553.jpg,2022,10,2,12,230,e_Very_Unhealthy,2022-10-02,16.6,23.7,513.0,2.0,1.8,93.0
"Dimapur, Nagaland",Dimapur_UHFSG_2023-02-02- 09.00-3-27.jpg,2023,2,2,12,103,c_Unhealthy_for_Sensitive_Groups,2023-02-02,39.6,56.9,296.0,6.5,2.7,107.0
Bengaluru,BENGR_Mod_2023-02-25-08.30-1-126.jpg,2023,2,25,12,73,b_Moderate,2023-02-25,19.2,27.9,256.0,7.8,9.3,142.0
"ITO, Delhi",DEL_VUnH_2023-02-16-14.00-3-24.jpg,2023,2,16,12,268,e_Very_Unhealthy,2023-02-16,2.0,3.3,115.0,0.6,0.0,52.0
"Biratnagar, Nepal",BIR_MOD_2023-02-13-09.30-3-28.jpg,2023,2,13,12,91,b_Moderate,2023-02-13,40.7,59.3,429.0,13.7,9.2,101.0
Bengaluru,BENGR_Good_2023-02-28-08.30-1-276.jpg,2023,2,28,12,37,a_Good,2023-02-28,27.2,39.7,398.0,7.6,7.8,127.0
"Biratnagar, Nepal",BIR_UNH_VF_2023-02-02- 12.00-1-50.jpg,2023,2,2,12,158,d_Unhealthy,2023-02-02,57.2,81.7,581.0,12.1,8.5,98.0
"ITO, Delhi",DEL_VUnH_2023-02-16-17.00-2-22.jpg,2023,2,16,12,293,e_Very_Unhealthy,2023-02-16,2.0,3.3,115.0,0.6,0.0,52.0
"Dimapur, Nagaland",Dimapur_UHFSG_2023-02-02- 09.00-2-2.jpg,2023,2,2,12,103,c_Unhealthy_for_Sensitive_Groups,2023-02-02,39.6,56.9,296.0,6.5,2.7,107.0
"Knowledge park, Greater Noida",UP_SEV_2023-02-19-14.30-1-52.jpg,2023,2,19,12,357,f_Severe,2023-02-19,26.7,50.5,247.0,25.1,8.3,99.0
"ITO, Delhi",DEL_VUnH_2023-02-16-17.00-1-85.jpg,2023,2,16,12,293,e_Very_Unhealthy,2023-02-16,2.0,3.3,115.0,0.6,0.0,52.0
Mumbai,MH_UH_2023-02-11-03.30-2-56.jpg,2023,2,11,12,154,d_Unhealthy,2023-02-11,50.5,82.9,477.0,34.0,35.6,181.0
Bengaluru,BENGR_Good_2023-03-17-08.30-1-477.jpg,2023,3,17,12,15,a_Good,2023-03-17,20.8,31.4,332.0,11.4,4.1,112.0
"ITO, Delhi",DEL_VUnH_2023-02-16-14.00-2-9.jpg,2023,2,16,12,268,e_Very_Unhealthy,2023-02-16,2.0,3.3,115.0,0.6,0.0,52.0
Bengaluru,BENGR_Good_2023-02-19-08.30-1-31.jpg,2023,2,19,12,41,a_Good,2023-02-19,14.6,21.7,286.0,7.9,10.9,146.0
"Biratnagar, Nepal",BIR_UNFSG_VF_2023-02-03-15.00-3-33.jpg,2023,2,3,12,141,c_Unhealthy_for_Sensitive_Groups,2023-02-03,69.8,99.7,581.0,11.6,6.8,112.0
"Biratnagar, Nepal",BIR_UH_2023-03-16-12.30-2-106.jpg,2023,3,16,12,154,d_Unhealthy,2023-03-16,68.5,98.7,456.0,5.4,8.3,132.0
"New Ind Town, Faridabad",HAR_VUN_2022-10-02-10.00-1-969.jpg,2022,10,2,12,230,e_Very_Unhealthy,2022-10-02,16.6,23.7,513.0,2.0,1.8,93.0
Bengaluru,BENGR_Mod_2023-03-04-08.30-1-11.jpg,2023,3,4,12,71,b_Moderate,2023-03-04,17.8,26.3,251.0,6.2,6.9,118.0
Mumbai,MH_UH_2023-02-03- 09.30-1-5.jpg,2023,2,3,12,162,d_Unhealthy,2023-02-03,121.1,177.4,813.0,48.2,60.2,256.0
"ITO, Delhi",DEL_VUnH_2023-02-16-14.00-1-7.jpg,2023,2,16,12,268,e_Very_Unhealthy,2023-02-16,2.0,3.3,115.0,0.6,0.0,52.0
Bengaluru,BENGR_Mod_2023-02-21-08.30-1-386.jpg,2023,2,21,12,56,b_Moderate,2023-02-21,26.0,37.8,303.0,8.9,11.2,152.0
"ITO, Delhi",DEL_SEV_2023-02-20-14.00-2-281.jpg,2023,2,20,12,363,f_Severe,2023-02-20,4.4,7.8,136.0,0.3,0.0,76.0
"Knowledge park, Greater Noida",UP_UN_2023-03-01-08.30-1-273.jpg,2023,3,1,12,199,d_Unhealthy,2023-03-01,21.1,47.7,354.0,67.2,13.3,48.0
Bengaluru,BENGR_Good_2023-03-25-08.30-1-8.jpg,2023,3,25,12,32,a_Good,2023-03-25,26.6,39.9,248.0,8.4,5.4,133.0
Mumbai,MH_Good_2023-03-22-11.00-1-148.jpg,2023,3,22,12,49,a_Good,2023-03-22,16.2,31.8,249.0,15.6,16.8,76.0
"Knowledge park, Greater Noida",UP_VUN_2023-03-02-09.00-1-525.jpg,2023,3,2,12,223,e_Very_Unhealthy,2023-03-02,20.5,48.2,338.0,56.9,14.0,72.0
"Knowledge park, Greater Noida",UP_UN_2023-03-01-08.30-1-209.jpg,2023,3,1,12,199,d_Unhealthy,2023-03-01,21.1,47.7,354.0,67.2,13.3,48.0
"New Ind Town, Faridabad",HAR_VUN_2022-10-02-10.00-1-1985.jpg,2022,10,2,12,230,e_Very_Unhealthy,2022-10-02,16.6,23.7,513.0,2.0,1.8,93.0
"Dimapur, Nagaland",Dimapur_UHFSG_2023-02-02- 09.00-3-30.jpg,2023,2,2,12,103,c_Unhealthy_for_Sensitive_Groups,2023-02-02,39.6,56.9,296.0,6.5,2.7,107.0
"Biratnagar, Nepal",BIR_MOD_2023-02-13-09.30-4-48.jpg,2023,2,13,12,91,b_Moderate,2023-02-13,40.7,59.3,429.0,13.7,9.2,101.0
Mumbai,MH_UH_2023-02-03- 09.30-1-86.jpg,2023,2,3,12,162,d_Unhealthy,2023-02-03,121.1,177.4,813.0,48.2,60.2,256.0
"ITO, Delhi",DEL_UnH_2023-02-15-11.30-1-62.jpg,2023,2,15,12,179,d_Unhealthy,2023-02-15,2.5,3.7,124.0,1.0,0.0,54.0
Bengaluru,BENGR_Good_2023-02-28-08.30-1-36.jpg,2023,2,28,12,37,a_Good,2023-02-28,27.2,39.7,398.0,7.6,7.8,127.0
Mumbai,MH_UnFSG_2023-02-15-10.30-1-47.jpg,2023,2,15,12,143,c_Unhealthy_for_Sensitive_Groups,2023-02-15,82.2,119.0,737.0,40.3,51.8,253.0
"Knowledge park, Greater Noida",UP_SEV_2023-02-20-08.30-1-11.jpg,2023,2,20,12,331,f_Severe,2023-02-20,26.1,49.7,219.0,20.0,5.1,100.0
Tamil Nadu,TN_Good_2023-02-27-16.30-1-71.jpg,2023,2,27,12,43,a_Good,2023-02-27,5.9,9.2,177.0,7.1,1.1,74.0
Tamil Nadu,TN_UnFSG_2023-03-08-08.30-1-236.jpg,2023,3,8,12,121,c_Unhealthy_for_Sensitive_Groups,2023-03-08,21.1,30.5,475.0,70.5,1.8,17.0
"New Ind Town, Faridabad",HAR_VUN_2022-10-02-10.00-1-4401.jpg,2022,10,2,12,230,e_Very_Unhealthy,2022-10-02,16.6,23.7,513.0,2.0,1.8,93.0
Tamil Nadu,TN_UnFSG_2023-03-01-08.30-1-241.jpg,2023,3,1,12,111,c_Unhealthy_for_Sensitive_Groups,2023-03-01,11.3,16.5,244.0,12.0,2.9,66.0
Mumbai,MH_UH_2023-02-02- 09.30-1-27.jpg,2023,2,2,12,182,d_Unhealthy,2023-02-02,122.9,179.7,829.0,44.0,61.7,239.0
"Biratnagar, Nepal",BIR_UNFSG_VF_2023-02-03-16.00-2-106.jpg,2023,2,3,12,141,c_Unhealthy_for_Sensitive_Groups,2023-02-03,69.8,99.7,581.0,11.6,6.8,112.0
Tamil Nadu,TN_UnFSG_2023-03-03-09.00-2-131.jpg,2023,3,3,12,121,c_Unhealthy_for_Sensitive_Groups,2023-03-03,5.2,9.4,154.0,1.6,1.3,86.0
Mumbai,MH_UnFSG_2023-03-14-13.00-1-307.jpg,2023,3,14,12,138,c_Unhealthy_for_Sensitive_Groups,2023-03-14,160.7,240.3,1639.0,42.4,85.0,345.0
"Knowledge park, Greater Noida",UP_SEV_2023-02-18-14.30-1-34.jpg,2023,2,18,12,331,f_Severe,2023-02-18,24.9,48.1,246.0,27.6,8.9,84.0
"Knowledge park, Greater Noida",UP_SEV_2023-02-20-08.30-1-72.jpg,2023,2,20,12,331,f_Severe,2023-02-20,26.1,49.7,219.0,20.0,5.1,100.0
Mumbai,MH_UH_2023-02-03- 09.30-1-58.jpg,2023,2,3,12,162,d_Unhealthy,2023-02-03,121.1,177.4,813.0,48.2,60.2,256.0
Tamil Nadu,TN_UnFSG_2023-03-03-09.00-2-61.jpg,2023,3,3,12,121,c_Unhealthy_for_Sensitive_Groups,2023-03-03,5.2,9.4,154.0,1.6,1.3,86.0
Tamil Nadu,TN_Good_2023-02-22-09.30-3-41.jpg,2023,2,22,12,36,a_Good,2023-02-22,8.3,12.4,216.0,13.8,2.4,52.0
Bengaluru,BENGR_Mod_2023-03-09-08.30-1-126.jpg,2023,3,9,12,51,b_Moderate,2023-03-09,32.7,47.8,341.0,6.8,6.3,123.0
Bengaluru,BENGR_Mod_2023-02-23-08.30-1-276.jpg,2023,2,23,12,97,b_Moderate,2023-02-23,18.2,26.4,272.0,8.0,8.1,126.0
"ITO, Delhi",DEL_VUH_2023-02-04-17.00-2-126.jpg,2023,2,4,12,281,e_Very_Unhealthy,2023-02-04,2.8,4.9,89.0,0.2,0.1,62.0
"Biratnagar, Nepal",BIR_UNH_VF_2023-02-03- 10.00-3-63.jpg,2023,2,3,12,163,d_Unhealthy,2023-02-03,69.8,99.7,581.0,11.6,6.8,112.0
Tamil Nadu,TN_UnFSG_2023-03-08-08.30-1-301.jpg,2023,3,8,12,121,c_Unhealthy_for_Sensitive_Groups,2023-03-08,21.1,30.5,475.0,70.5,1.8,17.0
"Knowledge park, Greater Noida",UP_VUN_2023-03-02-09.00-1-709.jpg,2023,3,2,12,223,e_Very_Unhealthy,2023-03-02,20.5,48.2,338.0,56.9,14.0,72.0
"Biratnagar, Nepal",BIR_MOD_2023-02-13-09.30-4-42.jpg,2023,2,13,12,91,b_Moderate,2023-02-13,40.7,59.3,429.0,13.7,9.2,101.0
Mumbai,MH_Good_2023-03-22-18.00-1-463.jpg,2023,3,22,12,47,a_Good,2023-03-22,16.2,31.8,249.0,15.6,16.8,76.0
"ITO, Delhi",DEL_SEV_2023-02-20-14.00-1-16.jpg,2023,2,20,12,363,f_Severe,2023-02-20,4.4,7.8,136.0,0.3,0.0,76.0
"New Ind Town, Faridabad",HAR_VUN_2022-10-02-10.00-1-3225.jpg,2022,10,2,12,230,e_Very_Unhealthy,2022-10-02,16.6,23.7,513.0,2.0,1.8,93.0
Mumbai,MH_UnFSG_2023-03-08-11.00-1-406.jpg,2023,3,8,12,124,c_Unhealthy_for_Sensitive_Groups,2023-03-08,97.1,144.8,836.0,49.2,63.9,264.0
"ITO, Delhi",DEL_UnH_2023-02-15-11.30-1-48.jpg,2023,2,15,12,179,d_Unhealthy,2023-02-15,2.5,3.7,124.0,1.0,0.0,54.0
Mumbai,MH_UnFSG_2023-03-18-11.00-1-120.jpg,2023,3,18,12,114,c_Unhealthy_for_Sensitive_Groups,2023-03-18,59.0,94.8,678.0,39.3,48.8,177.0
"Knowledge park, Greater Noida",UP_SEV_2023-02-18-11.00-1-57.jpg,2023,2,18,12,320,f_Severe,2023-02-18,24.9,48.1,246.0,27.6,8.9,84.0
"New Ind Town, Faridabad",HAR_VUN_2022-10-02-10.00-1-785.jpg,2022,10,2,12,230,e_Very_Unhealthy,2022-10-02,16.6,23.7,513.0,2.0,1.8,93.0
"Knowledge park, Greater Noida",UP_SEV_2023-02-18-14.30-1-16.jpg,2023,2,18,12,331,f_Severe,2023-02-18,24.9,48.1,246.0,27.6,8.9,84.0
Tamil Nadu,TN_UN_2023-03-06-09.00-1-21.jpg,2023,3,6,12,161,d_Unhealthy,2023-03-06,15.6,22.5,298.0,24.2,0.8,36.0
"Biratnagar, Nepal",BIR_UNFSG_VF_2023-02-03-16.00-2-37.jpg,2023,2,3,12,141,c_Unhealthy_for_Sensitive_Groups,2023-02-03,69.8,99.7,581.0,11.6,6.8,112.0
Bengaluru,BENGR_Mod_2023-03-06-08.30-1-361.jpg,2023,3,6,12,68,b_Moderate,2023-03-06,12.6,18.6,218.0,6.5,8.2,129.0
"Knowledge park, Greater Noida",UP_SEV_2023-02-20-08.30-2.jpg,2023,2,20,12,331,f_Severe,2023-02-20,26.1,49.7,219.0,20.0,5.1,100.0
"Biratnagar, Nepal",BIR_UNH_VF_2023-02-03- 10.00-3-17.jpg,2023,2,3,12,163,d_Unhealthy,2023-02-03,69.8,99.7,581.0,11.6,6.8,112.0
Bengaluru,BENGR_Good_2023-02-28-08.30-1-31.jpg,2023,2,28,12,37,a_Good,2023-02-28,27.2,39.7,398.0,7.6,7.8,127.0
"Knowledge park, Greater Noida",UP_SEV_2023-02-20-08.30-1-42.jpg,2023,2,20,12,331,f_Severe,2023-02-20,26.1,49.7,219.0,20.0,5.1,100.0
"Knowledge park, Greater Noida",UP_SEV_2023-02-18-14.30-1-32.jpg,2023,2,18,12,331,f_Severe,2023-02-18,24.9,48.1,246.0,27.6,8.9,84.0
Mumbai,MH_UnFSG_2023-03-08-11.00-1-331.jpg,2023,3,8,12,124,c_Unhealthy_for_Sensitive_Groups,2023-03-08,97.1,144.8,836.0,49.2,63.9,264.0
Mumbai,MH_UH_2023-02-14-11.30-1-9.jpg,2023,2,14,12,160,d_Unhealthy,2023-02-14,81.3,119.0,721.0,41.8,52.8,260.0
"Biratnagar, Nepal",BIR_UNFSG_VF_2023-02-03-15.00-2-14.jpg,2023,2,3,12,141,c_Unhealthy_for_Sensitive_Groups,2023-02-03,69.8,99.7,581.0,11.6,6.8,112.0
"Biratnagar, Nepal",BIR_UNH_VF_2023-02-02- 15.00-3-29.jpg,2023,2,2,12,156,d_Unhealthy,2023-02-02,57.2,81.7,581.0,12.1,8.5,98.0
"Biratnagar, Nepal",BIR_UNFSG_VF_2023-02-03-15.00-3-68.jpg,2023,2,3,12,141,c_Unhealthy_for_Sensitive_Groups,2023-02-03,69.8,99.7,581.0,11.6,6.8,112.0
Bengaluru,BENGR_Good_2023-02-19-08.30-1-33.jpg,2023,2,19,12,41,a_Good,2023-02-19,14.6,21.7,286.0,7.9,10.9,146.0
"Biratnagar, Nepal",BIR_UFSG_2023-02-14- 14.30-1-21.jpg,2023,2,14,12,101,c_Unhealthy_for_Sensitive_Groups,2023-02-14,43.3,62.6,471.0,15.4,7.5,101.0
Bengaluru,BENGR_UHFSG_2023-02-15-14.30-1-18.jpg,2023,2,15,12,103,c_Unhealthy_for_Sensitive_Groups,2023-02-15,18.6,26.8,278.0,7.8,11.8,147.0
"Biratnagar, Nepal",BIR_MOD_2023-02-13-09.30-4-33.jpg,2023,2,13,12,91,b_Moderate,2023-02-13,40.7,59.3,429.0,13.7,9.2,101.0
Mumbai,MH_UH_2023-02-03- 09.30-1-30.jpg,2023,2,3,12,162,d_Unhealthy,2023-02-03,121.1,177.4,813.0,48.2,60.2,256.0
"Knowledge park, Greater Noida",UP_SEV_2023-02-17-12.00-4.jpg,2023,2,17,12,347,f_Severe,2023-02-17,32.0,70.8,327.0,40.4,10.2,83.0
Tamil Nadu,TN_UHFSG_2023-02-10-08.30-1-31.jpg,2023,2,10,12,105,c_Unhealthy_for_Sensitive_Groups,2023-02-10,3.4,5.3,152.0,3.8,0.5,78.0
"Knowledge park, Greater Noida",UP_SEV_2023-02-18-11.00-1-18.jpg,2023,2,18,12,320,f_Severe,2023-02-18,24.9,48.1,246.0,27.6,8.9,84.0
"Biratnagar, Nepal",BIR_UNH_VF_2023-02-02- 1700-2-46.jpg,2023,2,2,12,156,d_Unhealthy,2023-02-02,57.2,81.7,581.0,12.1,8.5,98.0
Mumbai,MH_UH_2023-02-10-14.30-1-76.jpg,2023,2,10,12,160,d_Unhealthy,2023-02-10,74.7,110.8,581.0,28.9,36.7,198.0
Mumbai,MH_VUN_2023-03-05-08.30-2-261.jpg,2023,3,5,12,284,e_Very_Unhealthy,2023-03-05,278.5,401.4,1413.0,23.7,39.9,325.0
Bengaluru,BENGR_Good_2023-03-25-08.30-1-18.jpg,2023,3,25,12,32,a_Good,2023-03-25,26.6,39.9,248.0,8.4,5.4,133.0
Mumbai,MH_VUN_2023-03-05-08.30-2-351.jpg,2023,3,5,12,284,e_Very_Unhealthy,2023-03-05,278.5,401.4,1413.0,23.7,39.9,325.0
Tamil Nadu,TN_UN_2023-03-06-09.00-1-46.jpg,2023,3,6,12,161,d_Unhealthy,2023-03-06,15.6,22.5,298.0,24.2,0.8,36.0
Mumbai,MH_UH_2023-02-02- 09.30-1-57.jpg,2023,2,2,12,182,d_Unhealthy,2023-02-02,122.9,179.7,829.0,44.0,61.7,239.0
"ITO, Delhi",DEL_SEV_2023-02-20-14.00-2-576.jpg,2023,2,20,12,363,f_Severe,2023-02-20,4.4,7.8,136.0,0.3,0.0,76.0
Bengaluru,BENGR_Good_2023-03-17-08.30-1-197.jpg,2023,3,17,12,15,a_Good,2023-03-17,20.8,31.4,332.0,11.4,4.1,112.0
"ITO, Delhi",DEL_VUH_2023-02-04-17.00-2-110.jpg,2023,2,4,12,281,e_Very_Unhealthy,2023-02-04,2.8,4.9,89.0,0.2,0.1,62.0
Bengaluru,BENGR_Mod_2023-02-23-08.30-1-241.jpg,2023,2,23,12,97,b_Moderate,2023-02-23,18.2,26.4,272.0,8.0,8.1,126.0
"ITO, Delhi",DEL_VUH_2023-02-04-17.00-2-91.jpg,2023,2,4,12,281,e_Very_Unhealthy,2023-02-04,2.8,4.9,89.0,0.2,0.1,62.0
"ITO, Delhi",DEL_SEV_2023-02-07-14.00-1-119.jpg,2023,2,7,12,449,f_Severe,2023-02-07,3.0,5.3,89.0,0.3,0.1,54.0
"Knowledge park, Greater Noida",UP_SEV_2023-02-18-11.00-1-117.jpg,2023,2,18,12,320,f_Severe,2023-02-18,24.9,48.1,246.0,27.6,8.9,84.0
"Knowledge park, Greater Noida",UP_UHFSG_2023-03-06-11.30-1-381.jpg,2023,3,6,12,104,c_Unhealthy_for_Sensitive_Groups,2023-03-06,57.3,103.8,710.0,101.0,20.8,124.0
"ITO, Delhi",DEL_VUnH_2023-02-16-17.00-2-14.jpg,2023,2,16,12,293,e_Very_Unhealthy,2023-02-16,2.0,3.3,115.0,0.6,0.0,52.0
Bengaluru,BENGR_Good_2023-03-17-08.30-1-358.jpg,2023,3,17,12,15,a_Good,2023-03-17,20.8,31.4,332.0,11.4,4.1,112.0
Bengaluru,BENGR_Mod_2023-02-21-08.30-1-406.jpg,2023,2,21,12,56,b_Moderate,2023-02-21,26.0,37.8,303.0,8.9,11.2,152.0
Bengaluru,BENGR_Good_2023-02-26-08.30-1-1.jpg,2023,2,26,12,48,a_Good,2023-02-26,24.5,35.4,262.0,6.6,12.6,156.0
"New Ind Town, Faridabad",HAR_VUN_2022-10-02-10.00-1-1369.jpg,2022,10,2,12,230,e_Very_Unhealthy,2022-10-02,16.6,23.7,513.0,2.0,1.8,93.0
"New Ind Town, Faridabad",HAR_VUN_2022-10-02-10.00-1-105.jpg,2022,10,2,12,230,e_Very_Unhealthy,2022-10-02,16.6,23.7,513.0,2.0,1.8,93.0
Mumbai,MH_UH_2023-02-19-12.00-1-10.jpg,2023,2,19,12,160,d_Unhealthy,2023-02-19,143.0,205.8,1159.0,48.0,73.1,327.0
"Dimapur, Nagaland",Dimapur_UHFSG_2023-02-02- 09.00-3-32.jpg,2023,2,2,12,103,c_Unhealthy_for_Sensitive_Groups,2023-02-02,39.6,56.9,296.0,6.5,2.7,107.0
"Biratnagar, Nepal",BIR_MOD_2023-02-13-09.30-3-16.jpg,2023,2,13,12,91,b_Moderate,2023-02-13,40.7,59.3,429.0,13.7,9.2,101.0
"ITO, Delhi",DEL_VUnH_2023-02-16-17.00-1-28.jpg,2023,2,16,12,293,e_Very_Unhealthy,2023-02-16,2.0,3.3,115.0,0.6,0.0,52.0
Mumbai,MH_UN_2023-03-15-15.00-1-99.jpg,2023,3,15,12,162,d_Unhealthy,2023-03-15,190.5,276.6,1537.0,57.3,103.4,404.0
Bengaluru,BENGR_Good_2023-03-21-08.30-1-99.jpg,2023,3,21,12,47,a_Good,2023-03-21,9.1,13.8,245.0,15.6,3.6,110.0
Bengaluru,BENGR_UnFSG_2023-03-08-08.30-1-426.jpg,2023,3,8,12,106,c_Unhealthy_for_Sensitive_Groups,2023-03-08,16.9,24.7,244.0,5.9,5.7,120.0
Tamil Nadu,TN_UnFSG_2023-03-09-09.00-2-121.jpg,2023,3,9,12,134,c_Unhealthy_for_Sensitive_Groups,2023-03-09,10.4,15.2,234.0,12.8,0.9,62.0
"Biratnagar, Nepal",BIR_UNFSG_VF_2023-02-03-16.00-1-64.jpg,2023,2,3,12,141,c_Unhealthy_for_Sensitive_Groups,2023-02-03,69.8,99.7,581.0,11.6,6.8,112.0
"Biratnagar, Nepal",BIR_UNFSG_VF_2023-02-03-15.00-1-1.jpg,2023,2,3,12,141,c_Unhealthy_for_Sensitive_Groups,2023-02-03,69.8,99.7,581.0,11.6,6.8,112.0
"ITO, Delhi",DEL_SEV_2023-02-22-14.00-1-206.jpg,2023,2,22,12,450,f_Severe,2023-02-22,2.4,4.2,128.0,0.1,0.0,83.0
"ITO, Delhi",DEL_SEV_2023-02-17-13.00-2-70.jpg,2023,2,17,12,372,f_Severe,2023-02-17,0.2,0.3,91.0,0.1,0.0,49.0
Mumbai,MH_Mod_2023-03-21-15.00-1-260.jpg,2023,3,21,12,92,b_Moderate,2023-03-21,15.9,32.0,246.0,16.3,15.8,72.0
Mumbai,MH_UnFSG_2023-03-14-13.00-1-319.jpg,2023,3,14,12,138,c_Unhealthy_for_Sensitive_Groups,2023-03-14,160.7,240.3,1639.0,42.4,85.0,345.0
"ITO, Delhi",DEL_SEV_2023-02-17-13.00-1-48.jpg,2023,2,17,12,372,f_Severe,2023-02-17,0.2,0.3,91.0,0.1,0.0,49.0
Tamil Nadu,TN_UnFSG_2023-03-03-09.00-2-316.jpg,2023,3,3,12,121,c_Unhealthy_for_Sensitive_Groups,2023-03-03,5.2,9.4,154.0,1.6,1.3,86.0
Bengaluru,BENGR_UHFSG_2023-02-15-14.30-1-35.jpg,2023,2,15,12,103,c_Unhealthy_for_Sensitive_Groups,2023-02-15,18.6,26.8,278.0,7.8,11.8,147.0
Mumbai,MH_UnFSG_2023-03-14-13.00-1-379.jpg,2023,3,14,12,138,c_Unhealthy_for_Sensitive_Groups,2023-03-14,160.7,240.3,1639.0,42.4,85.0,345.0
Mumbai,MH_UH_2023-02-10-14.30-1-39.jpg,2023,2,10,12,160,d_Unhealthy,2023-02-10,74.7,110.8,581.0,28.9,36.7,198.0
Tamil Nadu,TN_Good_2023-02-23-08.30-3.jpg,2023,2,23,12,43,a_Good,2023-02-23,2.9,4.1,131.0,0.9,1.6,95.0
"Dimapur, Nagaland",Dimapur_UHFSG_2023-02-02- 09.00-3-64.jpg,2023,2,2,12,103,c_Unhealthy_for_Sensitive_Groups,2023-02-02,39.6,56.9,296.0,6.5,2.7,107.0
Tamil Nadu,TN_UN_2023-03-11-08.00-1-46.jpg,2023,3,11,12,152,d_Unhealthy,2023-03-11,4.6,7.8,155.0,2.7,0.9,90.0
"ITO, Delhi",DEL_VUH_2023-02-04-17.00-2-94.jpg,2023,2,4,12,281,e_Very_Unhealthy,2023-02-04,2.8,4.9,89.0,0.2,0.1,62.0
"Biratnagar, Nepal",BIR_UNFSG_VF_2023-02-03-16.00-1-16.jpg,2023,2,3,12,141,c_Unhealthy_for_Sensitive_Groups,2023-02-03,69.8,99.7,581.0,11.6,6.8,112.0
Bengaluru,BENGR_Good_2023-02-27-08.30-1-376.jpg,2023,2,27,12,47,a_Good,2023-02-27,10.8,15.8,277.0,6.9,7.3,131.0
Mumbai,MH_UH_2023-02-11-03.30-2-20.jpg,2023,2,11,12,154,d_Unhealthy,2023-02-11,50.5,82.9,477.0,34.0,35.6,181.0
Tamil Nadu,TN_Good_2023-02-21-08.30-3-6.jpg,2023,2,21,12,29,a_Good,2023-02-21,2.1,3.2,146.0,1.6,0.3,82.0
"Biratnagar, Nepal",BIR_UNFSG_VF_2023-02-03-16.00-1-104.jpg,2023,2,3,12,141,c_Unhealthy_for_Sensitive_Groups,2023-02-03,69.8,99.7,581.0,11.6,6.8,112.0
"Knowledge park, Greater Noida",UP_UN_2023-03-01-08.30-1-393.jpg,2023,3,1,12,199,d_Unhealthy,2023-03-01,21.1,47.7,354.0,67.2,13.3,48.0
"Knowledge park, Greater Noida",UP_VUN_2023-03-02-09.00-1-665.jpg,2023,3,2,12,223,e_Very_Unhealthy,2023-03-02,20.5,48.2,338.0,56.9,14.0,72.0
"Biratnagar, Nepal",BIR_UNFSG_VF_2023-02-03-16.00-2-96.jpg,2023,2,3,12,141,c_Unhealthy_for_Sensitive_Groups,2023-02-03,69.8,99.7,581.0,11.6,6.8,112.0
Bengaluru,BENGR_Mod_2023-02-23-08.30-1-301.jpg,2023,2,23,12,97,b_Moderate,2023-02-23,18.2,26.4,272.0,8.0,8.1,126.0
"Biratnagar, Nepal",BIR_UNFSG_VF_2023-02-03-15.00-3-65.jpg,2023,2,3,12,141,c_Unhealthy_for_Sensitive_Groups,2023-02-03,69.8,99.7,581.0,11.6,6.8,112.0
Mumbai,MH_UN_2023-03-02-08.00-1-171.jpg,2023,3,2,12,156,d_Unhealthy,2023-03-02,165.8,246.8,1018.0,45.0,70.9,342.0
"ITO, Delhi",DEL_VUnH_2023-02-16-14.30-1-145.jpg,2023,2,16,12,245,e_Very_Unhealthy,2023-02-16,2.0,3.3,115.0,0.6,0.0,52.0
Mumbai,MH_Good_2023-03-22-11.00-1-169.jpg,2023,3,22,12,49,a_Good,2023-03-22,16.2,31.8,249.0,15.6,16.8,76.0
Bengaluru,BENGR_Mod_2023-03-04-08.30-1-6.jpg,2023,3,4,12,71,b_Moderate,2023-03-04,17.8,26.3,251.0,6.2,6.9,118.0
Tamil Nadu,TN_Good_2023-02-21-08.30-3-81.jpg,2023,2,21,12,29,a_Good,2023-02-21,2.1,3.2,146.0,1.6,0.3,82.0
Mumbai,MH_VUN_2023-02-25-10.00-1-1.jpg,2023,2,25,12,206,e_Very_Unhealthy,2023-02-25,64.3,98.3,654.0,37.4,50.9,173.0
Bengaluru,BENGR_Mod_2023-02-23-08.30-1-1.jpg,2023,2,23,12,97,b_Moderate,2023-02-23,18.2,26.4,272.0,8.0,8.1,126.0
Mumbai,MH_UN_2023-03-13-10.00-1-225.jpg,2023,3,13,12,197,d_Unhealthy,2023-03-13,346.5,501.1,2447.0,38.8,125.9,577.0
"Biratnagar, Nepal",BIR_UFSG_2023-02-14- 14.30-2-46.jpg,2023,2,14,12,101,c_Unhealthy_for_Sensitive_Groups,2023-02-14,43.3,62.6,471.0,15.4,7.5,101.0
"New Ind Town, Faridabad",HAR_VUN_2022-10-02-10.00-1-2097.jpg,2022,10,2,12,230,e_Very_Unhealthy,2022-10-02,16.6,23.7,513.0,2.0,1.8,93.0
"ITO, Delhi",DEL_UnH_2023-02-15-11.30-2-43.jpg,2023,2,15,12,179,d_Unhealthy,2023-02-15,2.5,3.7,124.0,1.0,0.0,54.0
"ITO, Delhi",DEL_SEV_2023-02-20-14.00-1-351.jpg,2023,2,20,12,363,f_Severe,2023-02-20,4.4,7.8,136.0,0.3,0.0,76.0
Mumbai,MH_UN_2023-03-16-11.00-1-190.jpg,2023,3,16,12,159,d_Unhealthy,2023-03-16,59.3,90.6,871.0,64.4,81.4,199.0
Mumbai,MH_UH_2023-02-03- 09.30-1-26.jpg,2023,2,3,12,162,d_Unhealthy,2023-02-03,121.1,177.4,813.0,48.2,60.2,256.0
"ITO, Delhi",DEL_VUnH_2023-02-16-14.30-1-232.jpg,2023,2,16,12,245,e_Very_Unhealthy,2023-02-16,2.0,3.3,115.0,0.6,0.0,52.0
Mumbai,MH_Good_2023-03-22-11.00-1-386.jpg,2023,3,22,12,49,a_Good,2023-03-22,16.2,31.8,249.0,15.6,16.8,76.0
"ITO, Delhi",DEL_SEV_2023-02-16-18.00-2-3.jpg,2023,2,16,12,330,f_Severe,2023-02-16,2.0,3.3,115.0,0.6,0.0,52.0
"Biratnagar, Nepal",BIR_UNFSG_VF_2023-02-03-16.00-1-72.jpg,2023,2,3,12,141,c_Unhealthy_for_Sensitive_Groups,2023-02-03,69.8,99.7,581.0,11.6,6.8,112.0
"Biratnagar, Nepal",BIR_UFSG_2023-02-14- 14.30-1-67.jpg,2023,2,14,12,101,c_Unhealthy_for_Sensitive_Groups,2023-02-14,43.3,62.6,471.0,15.4,7.5,101.0
Mumbai,MH_Mod_2023-03-21-15.00-1-302.jpg,2023,3,21,12,92,b_Moderate,2023-03-21,15.9,32.0,246.0,16.3,15.8,72.0
"Biratnagar, Nepal",BIR_UNH_VF_2023-02-02- 12.00-2-63.jpg,2023,2,2,12,158,d_Unhealthy,2023-02-02,57.2,81.7,581.0,12.1,8.5,98.0
"Biratnagar, Nepal",BIR_UNH_VF_2023-02-02- 12.00-1-9.jpg,2023,2,2,12,158,d_Unhealthy,2023-02-02,57.2,81.7,581.0,12.1,8.5,98.0
"Knowledge park, Greater Noida",UP_UHFSG_2023-03-06-11.30-1-197.jpg,2023,3,6,12,104,c_Unhealthy_for_Sensitive_Groups,2023-03-06,57.3,103.8,710.0,101.0,20.8,124.0
Tamil Nadu,TN_MOD_2023-02-09-08.30-1-9.jpg,2023,2,9,12,78,b_Moderate,2023-02-09,20.1,29.8,485.0,57.4,2.2,10.0
"Knowledge park, Greater Noida",UP_SEV_2023-02-18-11.00-1-91.jpg,2023,2,18,12,320,f_Severe,2023-02-18,24.9,48.1,246.0,27.6,8.9,84.0
"Knowledge park, Greater Noida",UP_UHFSG_2023-03-06-11.30-1-305.jpg,2023,3,6,12,104,c_Unhealthy_for_Sensitive_Groups,2023-03-06,57.3,103.8,710.0,101.0,20.8,124.0
"ITO, Delhi",DEL_SEV_2023-02-17-13.00-1-9.jpg,2023,2,17,12,372,f_Severe,2023-02-17,0.2,0.3,91.0,0.1,0.0,49.0
Tamil Nadu,TN_Good_2023-02-21-08.30-3-11.jpg,2023,2,21,12,29,a_Good,2023-02-21,2.1,3.2,146.0,1.6,0.3,82.0
Bengaluru,BENGR_Mod_2023-02-23-08.30-1-311.jpg,2023,2,23,12,97,b_Moderate,2023-02-23,18.2,26.4,272.0,8.0,8.1,126.0
Mumbai,MH_UH_2023-02-10-14.30-1-64.jpg,2023,2,10,12,160,d_Unhealthy,2023-02-10,74.7,110.8,581.0,28.9,36.7,198.0
"Biratnagar, Nepal",BIR_UNFSG_VF_2023-02-03-16.00-1-30.jpg,2023,2,3,12,141,c_Unhealthy_for_Sensitive_Groups,2023-02-03,69.8,99.7,581.0,11.6,6.8,112.0
"ITO, Delhi",DEL_SEV_2023-02-17-13.00-1-43.jpg,2023,2,17,12,372,f_Severe,2023-02-17,0.2,0.3,91.0,0.1,0.0,49.0
Mumbai,MH_UN_2023-03-02-08.00-1-181.jpg,2023,3,2,12,156,d_Unhealthy,2023-03-02,165.8,246.8,1018.0,45.0,70.9,342.0
"Knowledge park, Greater Noida",UP_VUN_2023-03-02-09.00-1-521.jpg,2023,3,2,12,223,e_Very_Unhealthy,2023-03-02,20.5,48.2,338.0,56.9,14.0,72.0
Mumbai,MH_UH_2023-02-18-11.00-1-10.jpg,2023,2,18,12,151,d_Unhealthy,2023-02-18,100.4,145.8,792.0,40.1,53.4,275.0
"ITO, Delhi",DEL_VUH_2023-02-04-17.00-2-135.jpg,2023,2,4,12,281,e_Very_Unhealthy,2023-02-04,2.8,4.9,89.0,0.2,0.1,62.0
Mumbai,MH_UnFSG_2023-03-18-11.00-11.jpg,2023,3,18,12,114,c_Unhealthy_for_Sensitive_Groups,2023-03-18,59.0,94.8,678.0,39.3,48.8,177.0
Tamil Nadu,TN_UN_2023-03-06-09.00-2-106.jpg,2023,3,6,12,161,d_Unhealthy,2023-03-06,15.6,22.5,298.0,24.2,0.8,36.0
"Biratnagar, Nepal",BIR_MOD_2023-02-13-09.30-4-16.jpg,2023,2,13,12,91,b_Moderate,2023-02-13,40.7,59.3,429.0,13.7,9.2,101.0
Bengaluru,BENGR_Mod_2023-02-24-08.30-1-291.jpg,2023,2,24,12,68,b_Moderate,2023-02-24,11.3,16.6,250.0,9.2,10.1,126.0
"Biratnagar, Nepal",BIR_UNH_VF_2023-02-02- 15.00-4-6.jpg,2023,2,2,12,156,d_Unhealthy,2023-02-02,57.2,81.7,581.0,12.1,8.5,98.0
"Biratnagar, Nepal",BIR_UNH_VF_2023-02-02- 1700-2-27.jpg,2023,2,2,12,156,d_Unhealthy,2023-02-02,57.2,81.7,581.0,12.1,8.5,98.0
Bengaluru,BENGR_Good_2023-03-17-08.30-1-442.jpg,2023,3,17,12,15,a_Good,2023-03-17,20.8,31.4,332.0,11.4,4.1,112.0
"Dimapur, Nagaland",Dimapur_MOD_2023-02-10-08.30-2-61.jpg,2023,2,10,12,63,b_Moderate,2023-02-10,95.7,140.2,322.0,4.6,4.8,113.0
Mumbai,MH_UnFSG_2023-02-17-19.00-1-1.jpg,2023,2,17,12,145,c_Unhealthy_for_Sensitive_Groups,2023-02-17,64.3,96.9,620.0,42.0,43.7,225.0
Mumbai,MH_UN_2023-03-16-11.00-1-36.jpg,2023,3,16,12,159,d_Unhealthy,2023-03-16,59.3,90.6,871.0,64.4,81.4,199.0
"New Ind Town, Faridabad",HAR_VUN_2022-10-02-10.00-1-2257.jpg,2022,10,2,12,230,e_Very_Unhealthy,2022-10-02,16.6,23.7,513.0,2.0,1.8,93.0
Mumbai,MH_UnFSG_2023-03-10-16.00-1-416.jpg,2023,3,10,12,141,c_Unhealthy_for_Sensitive_Groups,2023-03-10,51.1,75.7,577.0,42.8,39.8,185.0
Bengaluru,BENGR_Good_2023-02-27-08.30-1-66.jpg,2023,2,27,12,47,a_Good,2023-02-27,10.8,15.8,277.0,6.9,7.3,131.0
Tamil Nadu,TN_Good_2023-02-20-16.30-1-71.jpg,2023,2,20,12,43,a_Good,2023-02-20,2.1,3.0,150.0,2.1,0.4,78.0
Tamil Nadu,TN_Good_2023-02-22-09.30-3-171.jpg,2023,2,22,12,36,a_Good,2023-02-22,8.3,12.4,216.0,13.8,2.4,52.0
"Knowledge park, Greater Noida",UP_UHFSG_2023-02-08-08.30-1-27.jpg,2023,2,8,12,133,c_Unhealthy_for_Sensitive_Groups,2023-02-08,53.7,112.2,526.0,86.8,19.1,87.0
Mumbai,MH_UN_2023-03-12-13.00-1-456.jpg,2023,3,12,12,156,d_Unhealthy,2023-03-12,240.3,345.5,1730.0,61.2,111.6,478.0
"ITO, Delhi",DEL_SEV_2023-02-20-14.00-2-666.jpg,2023,2,20,12,363,f_Severe,2023-02-20,4.4,7.8,136.0,0.3,0.0,76.0
"Biratnagar, Nepal",BIR_UNFSG_VF_2023-02-03-15.00-3-82.jpg,2023,2,3,12,141,c_Unhealthy_for_Sensitive_Groups,2023-02-03,69.8,99.7,581.0,11.6,6.8,112.0
Mumbai,MH_UnFSG_2023-03-10-16.00-1-116.jpg,2023,3,10,12,141,c_Unhealthy_for_Sensitive_Groups,2023-03-10,51.1,75.7,577.0,42.8,39.8,185.0
"ITO, Delhi",DEL_VUnH_2023-02-16-17.00-1-133.jpg,2023,2,16,12,293,e_Very_Unhealthy,2023-02-16,2.0,3.3,115.0,0.6,0.0,52.0
Mumbai,MH_UH_2023-02-03- 09.30-1-12.jpg,2023,2,3,12,162,d_Unhealthy,2023-02-03,121.1,177.4,813.0,48.2,60.2,256.0
Mumbai,MH_UH_2023-02-10-14.30-1-24.jpg,2023,2,10,12,160,d_Unhealthy,2023-02-10,74.7,110.8,581.0,28.9,36.7,198.0
"Biratnagar, Nepal",BIR_UNH_VF_2023-02-02- 1700-3-1.jpg,2023,2,2,12,156,d_Unhealthy,2023-02-02,57.2,81.7,581.0,12.1,8.5,98.0
"Knowledge park, Greater Noida",UP_UHFSG_2023-03-06-11.30-1-581.jpg,2023,3,6,12,104,c_Unhealthy_for_Sensitive_Groups,2023-03-06,57.3,103.8,710.0,101.0,20.8,124.0
Bengaluru,BENGR_UHFSG_2023-02-05-08.30-1-13.jpg,2023,2,3,12,111,c_Unhealthy_for_Sensitive_Groups,2023-02-03,19.7,31.1,321.0,13.6,3.8,86.0
Tamil Nadu,TN_UN_2023-03-06-09.00-1-81.jpg,2023,3,6,12,161,d_Unhealthy,2023-03-06,15.6,22.5,298.0,24.2,0.8,36.0
"Biratnagar, Nepal",BIR_UFSG_2023-02-14- 14.30-3-43.jpg,2023,2,14,12,101,c_Unhealthy_for_Sensitive_Groups,2023-02-14,43.3,62.6,471.0,15.4,7.5,101.0
Tamil Nadu,TN_Good_2023-02-22-09.30-3-126.jpg,2023,2,22,12,36,a_Good,2023-02-22,8.3,12.4,216.0,13.8,2.4,52.0
Mumbai,MH_UN_2023-03-02-08.00-1-216.jpg,2023,3,2,12,156,d_Unhealthy,2023-03-02,165.8,246.8,1018.0,45.0,70.9,342.0
Bengaluru,BENGR_UnFSG_2023-03-08-08.30-1-481.jpg,2023,3,8,12,106,c_Unhealthy_for_Sensitive_Groups,2023-03-08,16.9,24.7,244.0,5.9,5.7,120.0
Mumbai,MH_VUN_2023-03-05-08.30-1-51.jpg,2023,3,5,12,284,e_Very_Unhealthy,2023-03-05,278.5,401.4,1413.0,23.7,39.9,325.0
"ITO, Delhi",DEL_SEV_2023-02-20-14.00-1-376.jpg,2023,2,20,12,363,f_Severe,2023-02-20,4.4,7.8,136.0,0.3,0.0,76.0
Tamil Nadu,TN_Good_2023-02-20-16.30-2-111.jpg,2023,2,20,12,43,a_Good,2023-02-20,2.1,3.0,150.0,2.1,0.4,78.0
"Biratnagar, Nepal",BIR_UH_2023-03-16-12.30-3-246.jpg,2023,3,16,12,154,d_Unhealthy,2023-03-16,68.5,98.7,456.0,5.4,8.3,132.0
Tamil Nadu,TN_UnFSG_2023-03-02-08.30-1-126.jpg,2023,3,2,12,119,c_Unhealthy_for_Sensitive_Groups,2023-03-02,8.6,16.2,185.0,2.6,1.1,86.0
Bengaluru,BENGR_Mod_2023-02-21-08.30-1-31.jpg,2023,2,21,12,56,b_Moderate,2023-02-21,26.0,37.8,303.0,8.9,11.2,152.0
Mumbai,MH_UnFSG_2023-02-17-19.00-2-42.jpg,2023,2,17,12,145,c_Unhealthy_for_Sensitive_Groups,2023-02-17,64.3,96.9,620.0,42.0,43.7,225.0
Tamil Nadu,TN_Good_2023-02-22-09.30-2-6.jpg,2023,2,22,12,36,a_Good,2023-02-22,8.3,12.4,216.0,13.8,2.4,52.0
"New Ind Town, Faridabad",HAR_VUN_2022-10-02-10.00-1-2505.jpg,2022,10,2,12,230,e_Very_Unhealthy,2022-10-02,16.6,23.7,513.0,2.0,1.8,93.0
Mumbai,MH_UN_2023-03-16-11.00-1-246.jpg,2023,3,16,12,159,d_Unhealthy,2023-03-16,59.3,90.6,871.0,64.4,81.4,199.0
"Knowledge park, Greater Noida",UP_SEV_2023-02-18-14.30-1-18.jpg,2023,2,18,12,331,f_Severe,2023-02-18,24.9,48.1,246.0,27.6,8.9,84.0
"Biratnagar, Nepal",BIR_UFSG_2023-02-14- 14.30-2-48.jpg,2023,2,14,12,101,c_Unhealthy_for_Sensitive_Groups,2023-02-14,43.3,62.6,471.0,15.4,7.5,101.0
Mumbai,MH_UN_2023-03-12-13.00-1-78.jpg,2023,3,12,12,156,d_Unhealthy,2023-03-12,240.3,345.5,1730.0,61.2,111.6,478.0
"Knowledge park, Greater Noida",UP_VUN_2023-03-02-09.00-1-621.jpg,2023,3,2,12,223,e_Very_Unhealthy,2023-03-02,20.5,48.2,338.0,56.9,14.0,72.0
Mumbai,MH_UnFSG_2023-02-23-11.00-1-286.jpg,2023,2,23,12,130,c_Unhealthy_for_Sensitive_Groups,2023-02-23,70.5,109.9,662.0,40.6,61.8,226.0
"Knowledge park, Greater Noida",UP_UHFSG_2023-03-06-11.30-3.jpg,2023,3,6,12,104,c_Unhealthy_for_Sensitive_Groups,2023-03-06,57.3,103.8,710.0,101.0,20.8,124.0
Tamil Nadu,TN_UN_2023-03-11-08.00-1-51.jpg,2023,3,11,12,152,d_Unhealthy,2023-03-11,4.6,7.8,155.0,2.7,0.9,90.0
"ITO, Delhi",DEL_SEV_2023-02-16-18.00-2-124.jpg,2023,2,16,12,330,f_Severe,2023-02-16,2.0,3.3,115.0,0.6,0.0,52.0
"ITO, Delhi",DEL_VUnH_2023-02-16-17.00-1-138.jpg,2023,2,16,12,293,e_Very_Unhealthy,2023-02-16,2.0,3.3,115.0,0.6,0.0,52.0
"ITO, Delhi",DEL_SEV_2023-02-07-14.00-1-108.jpg,2023,2,7,12,449,f_Severe,2023-02-07,3.0,5.3,89.0,0.3,0.1,54.0
"ITO, Delhi",DEL_VUnH_2023-02-16-17.00-1-42.jpg,2023,2,16,12,293,e_Very_Unhealthy,2023-02-16,2.0,3.3,115.0,0.6,0.0,52.0
"ITO, Delhi",DEL_SEV_2023-02-16-18.00-2-52.jpg,2023,2,16,12,330,f_Severe,2023-02-16,2.0,3.3,115.0,0.6,0.0,52.0
"ITO, Delhi",DEL_VUnH_2023-02-16-14.00-1-20.jpg,2023,2,16,12,268,e_Very_Unhealthy,2023-02-16,2.0,3.3,115.0,0.6,0.0,52.0
Bengaluru,BENGR_Good_2023-03-25-08.30-1-4.jpg,2023,3,25,12,32,a_Good,2023-03-25,26.6,39.9,248.0,8.4,5.4,133.0
"New Ind Town, Faridabad",HAR_VUN_2022-10-02-10.00-1-3385.jpg,2022,10,2,12,230,e_Very_Unhealthy,2022-10-02,16.6,23.7,513.0,2.0,1.8,93.0
"Biratnagar, Nepal",BIR_UNH_VF_2023-02-03- 10.00-1-4.jpg,2023,2,3,12,163,d_Unhealthy,2023-02-03,69.8,99.7,581.0,11.6,6.8,112.0
"Biratnagar, Nepal",BIR_UNH_VF_2023-02-03- 10.00-2-13.jpg,2023,2,3,12,163,d_Unhealthy,2023-02-03,69.8,99.7,581.0,11.6,6.8,112.0
"New Ind Town, Faridabad",HAR_VUN_2022-10-02-10.00-1-1681.jpg,2022,10,2,12,230,e_Very_Unhealthy,2022-10-02,16.6,23.7,513.0,2.0,1.8,93.0
Mumbai,MH_UH_2023-02-10-14.30-1-91.jpg,2023,2,10,12,160,d_Unhealthy,2023-02-10,74.7,110.8,581.0,28.9,36.7,198.0
Tamil Nadu,TN_Good_2023-02-20-08.30-1-43.jpg,2023,2,20,12,37,a_Good,2023-02-20,2.1,3.0,150.0,2.1,0.4,78.0
Mumbai,MH_Mod_2023-03-21-15.00-1-113.jpg,2023,3,21,12,92,b_Moderate,2023-03-21,15.9,32.0,246.0,16.3,15.8,72.0
Bengaluru,BENGR_UHFSG_2023-02-09-08.30-1-47.jpg,2023,2,9,12,103,c_Unhealthy_for_Sensitive_Groups,2023-02-09,28.2,41.3,282.0,10.7,8.9,132.0
"Knowledge park, Greater Noida",UP_UHFSG_2023-02-24-08.30-1-225.jpg,2023,2,24,12,141,c_Unhealthy_for_Sensitive_Groups,2023-02-24,132.7,224.4,1109.0,243.3,40.8,181.0
"New Ind Town, Faridabad",HAR_VUN_2022-10-02-10.00-1-2761.jpg,2022,10,2,12,230,e_Very_Unhealthy,2022-10-02,16.6,23.7,513.0,2.0,1.8,93.0
Bengaluru,BENGR_Mod_2023-02-25-08.30-1-651.jpg,2023,2,25,12,73,b_Moderate,2023-02-25,19.2,27.9,256.0,7.8,9.3,142.0
"Dimapur, Nagaland",Dimapur_UHFSG_2023-02-02- 09.00-1-48.jpg,2023,2,2,12,103,c_Unhealthy_for_Sensitive_Groups,2023-02-02,39.6,56.9,296.0,6.5,2.7,107.0
Bengaluru,BENGR_Good_2023-02-27-08.30-1-81.jpg,2023,2,27,12,47,a_Good,2023-02-27,10.8,15.8,277.0,6.9,7.3,131.0
Mumbai,MH_Mod_2023-03-21-15.00-1-295.jpg,2023,3,21,12,92,b_Moderate,2023-03-21,15.9,32.0,246.0,16.3,15.8,72.0
Bengaluru,BENGR_Good_2023-03-17-08.30-1-435.jpg,2023,3,17,12,15,a_Good,2023-03-17,20.8,31.4,332.0,11.4,4.1,112.0
Bengaluru,BENGR_Mod_2023-02-23-08.30-1-256.jpg,2023,2,23,12,97,b_Moderate,2023-02-23,18.2,26.4,272.0,8.0,8.1,126.0
Mumbai,MH_UnFSG_2023-03-08-11.00-1-1.jpg,2023,3,8,12,124,c_Unhealthy_for_Sensitive_Groups,2023-03-08,97.1,144.8,836.0,49.2,63.9,264.0
Tamil Nadu,TN_UnFSG_2023-03-03-09.00-1-196.jpg,2023,3,3,12,121,c_Unhealthy_for_Sensitive_Groups,2023-03-03,5.2,9.4,154.0,1.6,1.3,86.0
Bengaluru,BENGR_Good_2023-03-17-08.30-1-561.jpg,2023,3,17,12,15,a_Good,2023-03-17,20.8,31.4,332.0,11.4,4.1,112.0
Bengaluru,BENGR_Mod_2023-03-13-08.30-1-15.jpg,2023,3,13,12,53,b_Moderate,2023-03-13,27.1,39.7,365.0,8.1,8.5,111.0
Tamil Nadu,TN_Good_2023-02-21-08.30-3-91.jpg,2023,2,21,12,29,a_Good,2023-02-21,2.1,3.2,146.0,1.6,0.3,82.0
Mumbai,MH_VUN_2023-03-05-08.30-1-121.jpg,2023,3,5,12,284,e_Very_Unhealthy,2023-03-05,278.5,401.4,1413.0,23.7,39.9,325.0
"ITO, Delhi",DEL_SEV_2023-02-20-14.00-2-316.jpg,2023,2,20,12,363,f_Severe,2023-02-20,4.4,7.8,136.0,0.3,0.0,76.0
"New Ind Town, Faridabad",HAR_VUN_2022-10-02-10.00-1-1873.jpg,2022,10,2,12,230,e_Very_Unhealthy,2022-10-02,16.6,23.7,513.0,2.0,1.8,93.0
Bengaluru,BENGR_UHFSG_2023-02-05-08.30-1-26.jpg,2023,2,3,12,111,c_Unhealthy_for_Sensitive_Groups,2023-02-03,19.7,31.1,321.0,13.6,3.8,86.0
Bengaluru,BENGR_Good_2023-02-27-08.30-1-211.jpg,2023,2,27,12,47,a_Good,2023-02-27,10.8,15.8,277.0,6.9,7.3,131.0
Tamil Nadu,TN_UnFSG_2023-03-03-09.00-2-186.jpg,2023,3,3,12,121,c_Unhealthy_for_Sensitive_Groups,2023-03-03,5.2,9.4,154.0,1.6,1.3,86.0
"New Ind Town, Faridabad",HAR_VUN_2022-10-02-10.00-1-5089.jpg,2022,10,2,12,230,e_Very_Unhealthy,2022-10-02,16.6,23.7,513.0,2.0,1.8,93.0
"ITO, Delhi",DEL_SEV_2023-02-20-14.00-3-141.jpg,2023,2,20,12,363,f_Severe,2023-02-20,4.4,7.8,136.0,0.3,0.0,76.0
"Knowledge park, Greater Noida",UP_VU_2023-02-16-08.30-6.jpg,2023,2,16,12,202,e_Very_Unhealthy,2023-02-16,57.5,88.7,480.0,90.9,20.4,80.0
"Knowledge park, Greater Noida",UP_UHFSG_2023-02-24-08.30-1-185.jpg,2023,2,24,12,141,c_Unhealthy_for_Sensitive_Groups,2023-02-24,132.7,224.4,1109.0,243.3,40.8,181.0
"Biratnagar, Nepal",BIR_UH_2023-03-16-12.30-1-92.jpg,2023,3,16,12,154,d_Unhealthy,2023-03-16,68.5,98.7,456.0,5.4,8.3,132.0
Mumbai,MH_UH_2023-02-03- 09.30-1-75.jpg,2023,2,3,12,162,d_Unhealthy,2023-02-03,121.1,177.4,813.0,48.2,60.2,256.0
"Knowledge park, Greater Noida",UP_UHFSG_2023-03-06-11.30-1-317.jpg,2023,3,6,12,104,c_Unhealthy_for_Sensitive_Groups,2023-03-06,57.3,103.8,710.0,101.0,20.8,124.0
"ITO, Delhi",DEL_SEV_2023-02-17-13.00-1-21.jpg,2023,2,17,12,372,f_Severe,2023-02-17,0.2,0.3,91.0,0.1,0.0,49.0
Bengaluru,BENGR_UHFSG_2023-02-09-08.30-1-10.jpg,2023,2,9,12,103,c_Unhealthy_for_Sensitive_Groups,2023-02-09,28.2,41.3,282.0,10.7,8.9,132.0
Tamil Nadu,TN_UN_2023-03-11-08.00-1-106.jpg,2023,3,11,12,152,d_Unhealthy,2023-03-11,4.6,7.8,155.0,2.7,0.9,90.0
Bengaluru,BENGR_UHFSG_2023-02-14-08.30-1-13.jpg,2023,2,14,12,102,c_Unhealthy_for_Sensitive_Groups,2023-02-14,18.2,26.3,268.0,8.6,13.0,152.0
Tamil Nadu,TN_MOD_2023-02-09-08.30-2-35.jpg,2023,2,9,12,78,b_Moderate,2023-02-09,20.1,29.8,485.0,57.4,2.2,10.0
Mumbai,MH_UN_2023-03-02-08.00-1-176.jpg,2023,3,2,12,156,d_Unhealthy,2023-03-02,165.8,246.8,1018.0,45.0,70.9,342.0
Mumbai,MH_Good_2023-03-22-11.00-1-120.jpg,2023,3,22,12,49,a_Good,2023-03-22,16.2,31.8,249.0,15.6,16.8,76.0
"ITO, Delhi",DEL_VUnH_2023-02-16-14.00-2-26.jpg,2023,2,16,12,268,e_Very_Unhealthy,2023-02-16,2.0,3.3,115.0,0.6,0.0,52.0
Tamil Nadu,TN_UN_2023-03-06-09.00-2-161.jpg,2023,3,6,12,161,d_Unhealthy,2023-03-06,15.6,22.5,298.0,24.2,0.8,36.0
"New Ind Town, Faridabad",HAR_VUN_2022-10-02-10.00-1-3529.jpg,2022,10,2,12,230,e_Very_Unhealthy,2022-10-02,16.6,23.7,513.0,2.0,1.8,93.0
"ITO, Delhi",DEL_SEV_2023-02-20-14.00-2-661.jpg,2023,2,20,12,363,f_Severe,2023-02-20,4.4,7.8,136.0,0.3,0.0,76.0
Bengaluru,BENGR_UHFSG_2023-02-09-08.30-1-11.jpg,2023,2,9,12,103,c_Unhealthy_for_Sensitive_Groups,2023-02-09,28.2,41.3,282.0,10.7,8.9,132.0
"Biratnagar, Nepal",BIR_UNFSG_VF_2023-02-03-16.00-2-43.jpg,2023,2,3,12,141,c_Unhealthy_for_Sensitive_Groups,2023-02-03,69.8,99.7,581.0,11.6,6.8,112.0
Bengaluru,BENGR_UHFSG_2023-02-05-08.30-1-34.jpg,2023,2,3,12,111,c_Unhealthy_for_Sensitive_Groups,2023-02-03,19.7,31.1,321.0,13.6,3.8,86.0
"Biratnagar, Nepal",BIR_UH_2023-03-16-12.30-1-106.jpg,2023,3,16,12,154,d_Unhealthy,2023-03-16,68.5,98.7,456.0,5.4,8.3,132.0
"ITO, Delhi",DEL_SEV_2023-02-22-14.00-2-241.jpg,2023,2,22,12,450,f_Severe,2023-02-22,2.4,4.2,128.0,0.1,0.0,83.0
"ITO, Delhi",DEL_VUnH_2023-02-16-17.00-2-7.jpg,2023,2,16,12,293,e_Very_Unhealthy,2023-02-16,2.0,3.3,115.0,0.6,0.0,52.0
"ITO, Delhi",DEL_VUnH_2023-02-16-17.00-1-96.jpg,2023,2,16,12,293,e_Very_Unhealthy,2023-02-16,2.0,3.3,115.0,0.6,0.0,52.0
Mumbai,MH_UnFSG_2023-02-15-10.30-1-41.jpg,2023,2,15,12,143,c_Unhealthy_for_Sensitive_Groups,2023-02-15,82.2,119.0,737.0,40.3,51.8,253.0
Mumbai,MH_VUN_2023-03-05-08.30-1-21.jpg,2023,3,5,12,284,e_Very_Unhealthy,2023-03-05,278.5,401.4,1413.0,23.7,39.9,325.0
"Knowledge park, Greater Noida",UP_SEV_2023-02-18-14.30-1-94.jpg,2023,2,18,12,331,f_Severe,2023-02-18,24.9,48.1,246.0,27.6,8.9,84.0
Tamil Nadu,TN_Good_2023-02-21-08.30-2-31.jpg,2023,2,21,12,29,a_Good,2023-02-21,2.1,3.2,146.0,1.6,0.3,82.0
"Biratnagar, Nepal",BIR_UNFSG_VF_2023-02-03-16.00-1-77.jpg,2023,2,3,12,141,c_Unhealthy_for_Sensitive_Groups,2023-02-03,69.8,99.7,581.0,11.6,6.8,112.0
Tamil Nadu,TN_Good_2023-02-21-08.30-1-101.jpg,2023,2,21,12,29,a_Good,2023-02-21,2.1,3.2,146.0,1.6,0.3,82.0
Tamil Nadu,TN_Good_2023-02-22-09.30-2-76.jpg,2023,2,22,12,36,a_Good,2023-02-22,8.3,12.4,216.0,13.8,2.4,52.0
"Biratnagar, Nepal",BIR_MOD_2023-02-13-09.30-2-37.jpg,2023,2,13,12,91,b_Moderate,2023-02-13,40.7,59.3,429.0,13.7,9.2,101.0
Tamil Nadu,TN_UN_2023-03-06-09.00-2-1.jpg,2023,3,6,12,161,d_Unhealthy,2023-03-06,15.6,22.5,298.0,24.2,0.8,36.0
Mumbai,MH_VUN_2023-02-24-15.00-1-136.jpg,2023,2,24,12,202,e_Very_Unhealthy,2023-02-24,73.3,112.7,633.0,41.2,49.7,231.0
"Biratnagar, Nepal",BIR_UNFSG_VF_2023-02-03-15.00-3-54.jpg,2023,2,3,12,141,c_Unhealthy_for_Sensitive_Groups,2023-02-03,69.8,99.7,581.0,11.6,6.8,112.0
"Knowledge park, Greater Noida",UP_UHFSG_2023-02-24-08.30-1-285.jpg,2023,2,24,12,141,c_Unhealthy_for_Sensitive_Groups,2023-02-24,132.7,224.4,1109.0,243.3,40.8,181.0
"Biratnagar, Nepal",BIR_UFSG_2023-02-14- 14.30-2-4.jpg,2023,2,14,12,101,c_Unhealthy_for_Sensitive_Groups,2023-02-14,43.3,62.6,471.0,15.4,7.5,101.0
"Biratnagar, Nepal",BIR_UNFSG_VF_2023-02-03-16.00-2-69.jpg,2023,2,3,12,141,c_Unhealthy_for_Sensitive_Groups,2023-02-03,69.8,99.7,581.0,11.6,6.8,112.0
"Knowledge park, Greater Noida",UP_UHFSG_2023-03-06-11.30-1-85.jpg,2023,3,6,12,104,c_Unhealthy_for_Sensitive_Groups,2023-03-06,57.3,103.8,710.0,101.0,20.8,124.0
Tamil Nadu,TN_Good_2023-02-20-08.30-1-19.jpg,2023,2,20,12,37,a_Good,2023-02-20,2.1,3.0,150.0,2.1,0.4,78.0
"ITO, Delhi",DEL_SEV_2023-02-22-14.00-2-256.jpg,2023,2,22,12,450,f_Severe,2023-02-22,2.4,4.2,128.0,0.1,0.0,83.0
"ITO, Delhi",DEL_VUH_2023-02-04-17.00-2-84.jpg,2023,2,4,12,281,e_Very_Unhealthy,2023-02-04,2.8,4.9,89.0,0.2,0.1,62.0
Mumbai,MH_UH_2023-02-02- 09.30-1-40.jpg,2023,2,2,12,182,d_Unhealthy,2023-02-02,122.9,179.7,829.0,44.0,61.7,239.0
"Biratnagar, Nepal",BIR_UFSG_2023-02-14- 14.30-3-25.jpg,2023,2,14,12,101,c_Unhealthy_for_Sensitive_Groups,2023-02-14,43.3,62.6,471.0,15.4,7.5,101.0
Bengaluru,BENGR_Mod_2023-02-25-08.30-1-381.jpg,2023,2,25,12,73,b_Moderate,2023-02-25,19.2,27.9,256.0,7.8,9.3,142.0
"Knowledge park, Greater Noida",UP_SEV_2023-02-18-14.30-1-84.jpg,2023,2,18,12,331,f_Severe,2023-02-18,24.9,48.1,246.0,27.6,8.9,84.0
"Dimapur, Nagaland",Dimapur_UHFSG_2023-02-02- 09.00-3-46.jpg,2023,2,2,12,103,c_Unhealthy_for_Sensitive_Groups,2023-02-02,39.6,56.9,296.0,6.5,2.7,107.0
Tamil Nadu,TN_UnFSG_2023-03-02-08.30-2-91.jpg,2023,3,2,12,119,c_Unhealthy_for_Sensitive_Groups,2023-03-02,8.6,16.2,185.0,2.6,1.1,86.0
"ITO, Delhi",DEL_SEV_2023-02-16-18.00-2-122.jpg,2023,2,16,12,330,f_Severe,2023-02-16,2.0,3.3,115.0,0.6,0.0,52.0
Tamil Nadu,TN_Good_2023-02-22-09.30-3-31.jpg,2023,2,22,12,36,a_Good,2023-02-22,8.3,12.4,216.0,13.8,2.4,52.0
Bengaluru,BENGR_UHFSG_2023-02-05-08.30-1-4.jpg,2023,2,3,12,111,c_Unhealthy_for_Sensitive_Groups,2023-02-03,19.7,31.1,321.0,13.6,3.8,86.0
"Biratnagar, Nepal",BIR_UNH_VF_2023-02-03- 10.00-2-6.jpg,2023,2,3,12,163,d_Unhealthy,2023-02-03,69.8,99.7,581.0,11.6,6.8,112.0
Mumbai,MH_UnFSG_2023-02-17-13.00-2-35.jpg,2023,2,17,12,140,c_Unhealthy_for_Sensitive_Groups,2023-02-17,64.3,96.9,620.0,42.0,43.7,225.0
Mumbai,MH_UH_2023-02-03- 09.30-1-79.jpg,2023,2,3,12,162,d_Unhealthy,2023-02-03,121.1,177.4,813.0,48.2,60.2,256.0
"ITO, Delhi",DEL_SEV_2023-02-07-14.00-1-50.jpg,2023,2,7,12,449,f_Severe,2023-02-07,3.0,5.3,89.0,0.3,0.1,54.0
"Biratnagar, Nepal",BIR_MOD_2023-02-13-09.30-1-11.jpg,2023,2,13,12,91,b_Moderate,2023-02-13,40.7,59.3,429.0,13.7,9.2,101.0
"Knowledge park, Greater Noida",UP_VUN_2023-03-02-09.00-1-289.jpg,2023,3,2,12,223,e_Very_Unhealthy,2023-03-02,20.5,48.2,338.0,56.9,14.0,72.0
"Biratnagar, Nepal",BIR_UNFSG_VF_2023-02-03-16.00-1-57.jpg,2023,2,3,12,141,c_Unhealthy_for_Sensitive_Groups,2023-02-03,69.8,99.7,581.0,11.6,6.8,112.0
Bengaluru,BENGR_Good_2023-03-25-08.30-1-48.jpg,2023,3,25,12,32,a_Good,2023-03-25,26.6,39.9,248.0,8.4,5.4,133.0
Bengaluru,BENGR_Mod_2023-03-09-08.30-1-341.jpg,2023,3,9,12,51,b_Moderate,2023-03-09,32.7,47.8,341.0,6.8,6.3,123.0
"ITO, Delhi",DEL_SEV_2023-02-20-14.00-3-311.jpg,2023,2,20,12,363,f_Severe,2023-02-20,4.4,7.8,136.0,0.3,0.0,76.0
"New Ind Town, Faridabad",HAR_VUN_2022-10-02-10.00-1-4121.jpg,2022,10,2,12,230,e_Very_Unhealthy,2022-10-02,16.6,23.7,513.0,2.0,1.8,93.0
"Biratnagar, Nepal",BIR_UNH_VF_2023-02-02- 15.00-2-46.jpg,2023,2,2,12,156,d_Unhealthy,2023-02-02,57.2,81.7,581.0,12.1,8.5,98.0
"Biratnagar, Nepal",BIR_UNFSG_VF_2023-02-03-16.00-3-42.jpg,2023,2,3,12,141,c_Unhealthy_for_Sensitive_Groups,2023-02-03,69.8,99.7,581.0,11.6,6.8,112.0
"Biratnagar, Nepal",BIR_UH_2023-03-16-12.30-3-29.jpg,2023,3,16,12,154,d_Unhealthy,2023-03-16,68.5,98.7,456.0,5.4,8.3,132.0
Bengaluru,BENGR_Good_2023-02-27-08.30-1-251.jpg,2023,2,27,12,47,a_Good,2023-02-27,10.8,15.8,277.0,6.9,7.3,131.0
Mumbai,MH_UH_2023-02-10-14.30-1-22.jpg,2023,2,10,12,160,d_Unhealthy,2023-02-10,74.7,110.8,581.0,28.9,36.7,198.0
Tamil Nadu,TN_UNH_2023-02-03-12.30-1-18.jpg,2023,2,3,12,150,d_Unhealthy,2023-02-03,26.3,38.1,500.0,65.8,1.9,18.0
Tamil Nadu,TN_UHFSG_2023-02-02- 09.00-2-2.jpg,2023,2,2,12,107,c_Unhealthy_for_Sensitive_Groups,2023-02-02,23.7,34.2,540.0,59.0,1.5,15.0
Tamil Nadu,TN_Good_2023-02-21-08.30-1-91.jpg,2023,2,21,12,29,a_Good,2023-02-21,2.1,3.2,146.0,1.6,0.3,82.0
Mumbai,MH_UH_2023-02-03- 09.30-1-45.jpg,2023,2,3,12,162,d_Unhealthy,2023-02-03,121.1,177.4,813.0,48.2,60.2,256.0
"Biratnagar, Nepal",BIR_MOD_2023-02-13-09.30-2-80.jpg,2023,2,13,12,91,b_Moderate,2023-02-13,40.7,59.3,429.0,13.7,9.2,101.0
"Knowledge park, Greater Noida",UP_UHFSG_2023-03-06-11.30-1-577.jpg,2023,3,6,12,104,c_Unhealthy_for_Sensitive_Groups,2023-03-06,57.3,103.8,710.0,101.0,20.8,124.0
Bengaluru,BENGR_Good_2023-02-26-08.30-1-226.jpg,2023,2,26,12,48,a_Good,2023-02-26,24.5,35.4,262.0,6.6,12.6,156.0
"Biratnagar, Nepal",BIR_UH_2023-03-16-12.30-4-176.jpg,2023,3,16,12,154,d_Unhealthy,2023-03-16,68.5,98.7,456.0,5.4,8.3,132.0
Mumbai,MH_Mod_2023-03-21-15.00-1-169.jpg,2023,3,21,12,92,b_Moderate,2023-03-21,15.9,32.0,246.0,16.3,15.8,72.0
"Knowledge park, Greater Noida",UP_UHFSG_2023-03-06-11.30-1-477.jpg,2023,3,6,12,104,c_Unhealthy_for_Sensitive_Groups,2023-03-06,57.3,103.8,710.0,101.0,20.8,124.0
Bengaluru,BENGR_Mod_2023-03-06-08.30-1-71.jpg,2023,3,6,12,68,b_Moderate,2023-03-06,12.6,18.6,218.0,6.5,8.2,129.0
"ITO, Delhi",DEL_SEV_2023-02-20-14.00-1-271.jpg,2023,2,20,12,363,f_Severe,2023-02-20,4.4,7.8,136.0,0.3,0.0,76.0
"Biratnagar, Nepal",BIR_UNFSG_VF_2023-02-03-16.00-2-88.jpg,2023,2,3,12,141,c_Unhealthy_for_Sensitive_Groups,2023-02-03,69.8,99.7,581.0,11.6,6.8,112.0
Mumbai,MH_UN_2023-03-15-15.00-1-379.jpg,2023,3,15,12,162,d_Unhealthy,2023-03-15,190.5,276.6,1537.0,57.3,103.4,404.0
Tamil Nadu,TN_Good_2023-02-20-16.30-2-211.jpg,2023,2,20,12,43,a_Good,2023-02-20,2.1,3.0,150.0,2.1,0.4,78.0
Bengaluru,BENGR_Good_2023-03-25-08.30-1-41.jpg,2023,3,25,12,32,a_Good,2023-03-25,26.6,39.9,248.0,8.4,5.4,133.0
Tamil Nadu,TN_UN_2023-03-06-09.00-1-256.jpg,2023,3,6,12,161,d_Unhealthy,2023-03-06,15.6,22.5,298.0,24.2,0.8,36.0
"ITO, Delhi",DEL_VUnH_2023-02-16-17.00-1-87.jpg,2023,2,16,12,293,e_Very_Unhealthy,2023-02-16,2.0,3.3,115.0,0.6,0.0,52.0
"Knowledge park, Greater Noida",UP_VUN_2023-02-27-10.30-1-137.jpg,2023,2,27,12,299,e_Very_Unhealthy,2023-02-27,44.7,71.7,613.0,101.2,20.5,98.0
"Biratnagar, Nepal",BIR_UNH_VF_2023-02-02- 12.00-1-17.jpg,2023,2,2,12,158,d_Unhealthy,2023-02-02,57.2,81.7,581.0,12.1,8.5,98.0
"Biratnagar, Nepal",BIR_UNH_VF_2023-02-02- 15.00-2-22.jpg,2023,2,2,12,156,d_Unhealthy,2023-02-02,57.2,81.7,581.0,12.1,8.5,98.0
"Biratnagar, Nepal",BIR_UNH_VF_2023-02-02- 1700-3-52.jpg,2023,2,2,12,156,d_Unhealthy,2023-02-02,57.2,81.7,581.0,12.1,8.5,98.0
"ITO, Delhi",DEL_VUH_2023-02-04-17.00-2-133.jpg,2023,2,4,12,281,e_Very_Unhealthy,2023-02-04,2.8,4.9,89.0,0.2,0.1,62.0
Tamil Nadu,TN_Good_2023-03-21-08.30-1-8.jpg,2023,3,21,12,27,a_Good,2023-03-21,8.3,12.3,214.0,11.7,1.2,58.0
"Dimapur, Nagaland",Dimapur_UHFSG_2023-02-02- 09.00-2-36.jpg,2023,2,2,12,103,c_Unhealthy_for_Sensitive_Groups,2023-02-02,39.6,56.9,296.0,6.5,2.7,107.0
"Knowledge park, Greater Noida",UP_SEV_2023-02-18-14.30-1-87.jpg,2023,2,18,12,331,f_Severe,2023-02-18,24.9,48.1,246.0,27.6,8.9,84.0
"Biratnagar, Nepal",BIR_UNFSG_VF_2023-02-03-16.00-2-80.jpg,2023,2,3,12,141,c_Unhealthy_for_Sensitive_Groups,2023-02-03,69.8,99.7,581.0,11.6,6.8,112.0
"Knowledge park, Greater Noida",UP_VUN_2023-03-02-09.00-2.jpg,2023,3,2,12,223,e_Very_Unhealthy,2023-03-02,20.5,48.2,338.0,56.9,14.0,72.0
"ITO, Delhi",DEL_SEV_2023-02-20-14.00-1-266.jpg,2023,2,20,12,363,f_Severe,2023-02-20,4.4,7.8,136.0,0.3,0.0,76.0
"Knowledge park, Greater Noida",UP_SEV_2023-02-20-08.30-1-17.jpg,2023,2,20,12,331,f_Severe,2023-02-20,26.1,49.7,219.0,20.0,5.1,100.0
"Dimapur, Nagaland",Dimapur_MOD_2023-02-10-08.30-4.jpg,2023,2,10,12,63,b_Moderate,2023-02-10,95.7,140.2,322.0,4.6,4.8,113.0
Bengaluru,BENGR_UHFSG_2023-02-14-08.30-1-19.jpg,2023,2,14,12,102,c_Unhealthy_for_Sensitive_Groups,2023-02-14,18.2,26.3,268.0,8.6,13.0,152.0
Mumbai,MH_VUN_2023-02-24-15.00-1-71.jpg,2023,2,24,12,202,e_Very_Unhealthy,2023-02-24,73.3,112.7,633.0,41.2,49.7,231.0
"Knowledge park, Greater Noida",UP_VUN_2023-02-27-10.30-1-81.jpg,2023,2,27,12,299,e_Very_Unhealthy,2023-02-27,44.7,71.7,613.0,101.2,20.5,98.0
"ITO, Delhi",DEL_SEV_2023-02-07-14.00-1-36.jpg,2023,2,7,12,449,f_Severe,2023-02-07,3.0,5.3,89.0,0.3,0.1,54.0
Bengaluru,BENGR_Mod_2023-03-09-08.30-1-266.jpg,2023,3,9,12,51,b_Moderate,2023-03-09,32.7,47.8,341.0,6.8,6.3,123.0
"ITO, Delhi",DEL_SEV_2023-02-20-14.00-1-436.jpg,2023,2,20,12,363,f_Severe,2023-02-20,4.4,7.8,136.0,0.3,0.0,76.0
"ITO, Delhi",DEL_SEV_2023-02-07-14.00-1-40.jpg,2023,2,7,12,449,f_Severe,2023-02-07,3.0,5.3,89.0,0.3,0.1,54.0
Bengaluru,BENGR_UHFSG_2023-02-05-08.30-1-30.jpg,2023,2,3,12,111,c_Unhealthy_for_Sensitive_Groups,2023-02-03,19.7,31.1,321.0,13.6,3.8,86.0
Mumbai,MH_UN_2023-03-16-11.00-5.jpg,2023,3,16,12,159,d_Unhealthy,2023-03-16,59.3,90.6,871.0,64.4,81.4,199.0
Bengaluru,BENGR_UHFSG_2023-02-05-08.30-1-6.jpg,2023,2,3,12,111,c_Unhealthy_for_Sensitive_Groups,2023-02-03,19.7,31.1,321.0,13.6,3.8,86.0
"ITO, Delhi",DEL_VUnH_2023-02-16-17.00-2-10.jpg,2023,2,16,12,293,e_Very_Unhealthy,2023-02-16,2.0,3.3,115.0,0.6,0.0,52.0
"ITO, Delhi",DEL_VUnH_2023-02-16-14.30-1-102.jpg,2023,2,16,12,245,e_Very_Unhealthy,2023-02-16,2.0,3.3,115.0,0.6,0.0,52.0
"Biratnagar, Nepal",BIR_UNH_VF_2023-02-02- 15.00-3-1.jpg,2023,2,2,12,156,d_Unhealthy,2023-02-02,57.2,81.7,581.0,12.1,8.5,98.0
Tamil Nadu,TN_Good_2023-02-20-16.30-2-21.jpg,2023,2,20,12,43,a_Good,2023-02-20,2.1,3.0,150.0,2.1,0.4,78.0
"New Ind Town, Faridabad",HAR_VUN_2022-10-02-10.00-1-337.jpg,2022,10,2,12,230,e_Very_Unhealthy,2022-10-02,16.6,23.7,513.0,2.0,1.8,93.0
"Knowledge park, Greater Noida",UP_UN_2023-03-01-08.30-1-285.jpg,2023,3,1,12,199,d_Unhealthy,2023-03-01,21.1,47.7,354.0,67.2,13.3,48.0
"Biratnagar, Nepal",BIR_UFSG_2023-02-14- 14.30-3-71.jpg,2023,2,14,12,101,c_Unhealthy_for_Sensitive_Groups,2023-02-14,43.3,62.6,471.0,15.4,7.5,101.0
"Dimapur, Nagaland",Dimapur_UHFSG_2023-02-02- 09.00-1-1.jpg,2023,2,2,12,103,c_Unhealthy_for_Sensitive_Groups,2023-02-02,39.6,56.9,296.0,6.5,2.7,107.0
Mumbai,MH_UH_2023-02-03- 09.30-1-21.jpg,2023,2,3,12,162,d_Unhealthy,2023-02-03,121.1,177.4,813.0,48.2,60.2,256.0
"ITO, Delhi",DEL_SEV_2023-02-17-13.00-1-52.jpg,2023,2,17,12,372,f_Severe,2023-02-17,0.2,0.3,91.0,0.1,0.0,49.0
"ITO, Delhi",DEL_SEV_2023-02-16-18.00-2-6.jpg,2023,2,16,12,330,f_Severe,2023-02-16,2.0,3.3,115.0,0.6,0.0,52.0
Mumbai,MH_UH_2023-02-03- 09.30-1-65.jpg,2023,2,3,12,162,d_Unhealthy,2023-02-03,121.1,177.4,813.0,48.2,60.2,256.0
Tamil Nadu,TN_UnFSG_2023-03-02-08.30-2-71.jpg,2023,3,2,12,119,c_Unhealthy_for_Sensitive_Groups,2023-03-02,8.6,16.2,185.0,2.6,1.1,86.0
"New Ind Town, Faridabad",HAR_VUN_2022-10-02-10.00-1-4137.jpg,2022,10,2,12,230,e_Very_Unhealthy,2022-10-02,16.6,23.7,513.0,2.0,1.8,93.0
"ITO, Delhi",DEL_VUnH_2023-02-16-14.00-2-31.jpg,2023,2,16,12,268,e_Very_Unhealthy,2023-02-16,2.0,3.3,115.0,0.6,0.0,52.0
Tamil Nadu,TN_UnFSG_2023-03-02-08.30-2-61.jpg,2023,3,2,12,119,c_Unhealthy_for_Sensitive_Groups,2023-03-02,8.6,16.2,185.0,2.6,1.1,86.0
"ITO, Delhi",DEL_SEV_2023-02-20-14.00-2-456.jpg,2023,2,20,12,363,f_Severe,2023-02-20,4.4,7.8,136.0,0.3,0.0,76.0
"ITO, Delhi",DEL_VUH_2023-02-04-17.00-2-65.jpg,2023,2,4,12,281,e_Very_Unhealthy,2023-02-04,2.8,4.9,89.0,0.2,0.1,62.0
"Knowledge park, Greater Noida",UP_SEV_2023-02-18-11.00-1-47.jpg,2023,2,18,12,320,f_Severe,2023-02-18,24.9,48.1,246.0,27.6,8.9,84.0
Tamil Nadu,TN_Good_2023-02-27-16.30-1-246.jpg,2023,2,27,12,43,a_Good,2023-02-27,5.9,9.2,177.0,7.1,1.1,74.0
"ITO, Delhi",DEL_VUnH_2023-02-16-17.00-1-17.jpg,2023,2,16,12,293,e_Very_Unhealthy,2023-02-16,2.0,3.3,115.0,0.6,0.0,52.0
"Knowledge park, Greater Noida",UP_SEV_2023-02-18-11.00-1-85.jpg,2023,2,18,12,320,f_Severe,2023-02-18,24.9,48.1,246.0,27.6,8.9,84.0
"ITO, Delhi",DL_VUNH_2023-02-04-17.00-1-68.jpg,2023,2,4,12,281,e_Very_Unhealthy,2023-02-04,2.8,4.9,89.0,0.2,0.1,62.0
"Biratnagar, Nepal",BIR_UNFSG_VF_2023-02-03-15.00-3-52.jpg,2023,2,3,12,141,c_Unhealthy_for_Sensitive_Groups,2023-02-03,69.8,99.7,581.0,11.6,6.8,112.0
"Knowledge park, Greater Noida",UP_VUN_2023-03-02-09.00-1-265.jpg,2023,3,2,12,223,e_Very_Unhealthy,2023-03-02,20.5,48.2,338.0,56.9,14.0,72.0
"Biratnagar, Nepal",BIR_UH_2023-03-16-12.30-4-22.jpg,2023,3,16,12,154,d_Unhealthy,2023-03-16,68.5,98.7,456.0,5.4,8.3,132.0
"ITO, Delhi",DEL_VUnH_2023-02-16-14.30-1-204.jpg,2023,2,16,12,245,e_Very_Unhealthy,2023-02-16,2.0,3.3,115.0,0.6,0.0,52.0
"Knowledge park, Greater Noida",UP_UHFSG_2023-03-06-11.30-1-41.jpg,2023,3,6,12,104,c_Unhealthy_for_Sensitive_Groups,2023-03-06,57.3,103.8,710.0,101.0,20.8,124.0
Tamil Nadu,TN_Good_2023-02-23-08.30-2-56.jpg,2023,2,23,12,43,a_Good,2023-02-23,2.9,4.1,131.0,0.9,1.6,95.0
Tamil Nadu,TN_UnFSG_2023-03-09-09.00-1-201.jpg,2023,3,9,12,134,c_Unhealthy_for_Sensitive_Groups,2023-03-09,10.4,15.2,234.0,12.8,0.9,62.0
Mumbai,MH_Good_2023-03-23-17.00-1-169.jpg,2023,3,23,12,47,a_Good,2023-03-23,18.4,34.5,257.0,17.2,19.2,71.0
Tamil Nadu,TN_UHFSG_2023-02-10-08.30-1-34.jpg,2023,2,10,12,105,c_Unhealthy_for_Sensitive_Groups,2023-02-10,3.4,5.3,152.0,3.8,0.5,78.0
"Knowledge park, Greater Noida",UP_UHFSG_2023-02-08-08.30-1-106.jpg,2023,2,8,12,133,c_Unhealthy_for_Sensitive_Groups,2023-02-08,53.7,112.2,526.0,86.8,19.1,87.0
"Knowledge park, Greater Noida",UP_UHFSG_2023-03-06-11.30-1-425.jpg,2023,3,6,12,104,c_Unhealthy_for_Sensitive_Groups,2023-03-06,57.3,103.8,710.0,101.0,20.8,124.0
Mumbai,MH_UnFSG_2023-03-10-16.00-4.jpg,2023,3,10,12,141,c_Unhealthy_for_Sensitive_Groups,2023-03-10,51.1,75.7,577.0,42.8,39.8,185.0
"Biratnagar, Nepal",BIR_UNH_VF_2023-02-02- 1700-2-22.jpg,2023,2,2,12,156,d_Unhealthy,2023-02-02,57.2,81.7,581.0,12.1,8.5,98.0
"ITO, Delhi",DEL_SEV_2023-02-17-13.00-1-55.jpg,2023,2,17,12,372,f_Severe,2023-02-17,0.2,0.3,91.0,0.1,0.0,49.0
"ITO, Delhi",DEL_VUnH_2023-02-16-14.00-3-8.jpg,2023,2,16,12,268,e_Very_Unhealthy,2023-02-16,2.0,3.3,115.0,0.6,0.0,52.0
"Knowledge park, Greater Noida",UP_UHFSG_2023-02-08-08.30-1-72.jpg,2023,2,8,12,133,c_Unhealthy_for_Sensitive_Groups,2023-02-08,53.7,112.2,526.0,86.8,19.1,87.0
"ITO, Delhi",DEL_VUnH_2023-02-16-17.00-2-38.jpg,2023,2,16,12,293,e_Very_Unhealthy,2023-02-16,2.0,3.3,115.0,0.6,0.0,52.0
Bengaluru,BENGR_Mod_2023-03-06-08.30-1-586.jpg,2023,3,6,12,68,b_Moderate,2023-03-06,12.6,18.6,218.0,6.5,8.2,129.0
"New Ind Town, Faridabad",HAR_VUN_2022-10-02-10.00-1-2425.jpg,2022,10,2,12,230,e_Very_Unhealthy,2022-10-02,16.6,23.7,513.0,2.0,1.8,93.0
"ITO, Delhi",DEL_VUnH_2023-02-16-14.30-1-31.jpg,2023,2,16,12,245,e_Very_Unhealthy,2023-02-16,2.0,3.3,115.0,0.6,0.0,52.0
"ITO, Delhi",DEL_SEV_2023-02-22-14.00-1-186.jpg,2023,2,22,12,450,f_Severe,2023-02-22,2.4,4.2,128.0,0.1,0.0,83.0
Bengaluru,BENGR_Mod_2023-03-04-08.30-1-436.jpg,2023,3,4,12,71,b_Moderate,2023-03-04,17.8,26.3,251.0,6.2,6.9,118.0
Mumbai,MH_Good_2023-03-22-11.00-1-281.jpg,2023,3,22,12,49,a_Good,2023-03-22,16.2,31.8,249.0,15.6,16.8,76.0
"Knowledge park, Greater Noida",UP_VUN_2023-02-27-10.30-1-33.jpg,2023,2,27,12,299,e_Very_Unhealthy,2023-02-27,44.7,71.7,613.0,101.2,20.5,98.0
Mumbai,MH_UN_2023-03-02-08.00-1-281.jpg,2023,3,2,12,156,d_Unhealthy,2023-03-02,165.8,246.8,1018.0,45.0,70.9,342.0
Bengaluru,BENGR_Good_2023-02-27-08.30-1-231.jpg,2023,2,27,12,47,a_Good,2023-02-27,10.8,15.8,277.0,6.9,7.3,131.0
Tamil Nadu,TN_UN_2023-03-11-08.00-1-231.jpg,2023,3,11,12,152,d_Unhealthy,2023-03-11,4.6,7.8,155.0,2.7,0.9,90.0
"ITO, Delhi",DEL_VUnH_2023-02-16-17.00-2-15.jpg,2023,2,16,12,293,e_Very_Unhealthy,2023-02-16,2.0,3.3,115.0,0.6,0.0,52.0
Bengaluru,BENGR_UnFSG_2023-03-08-08.30-1-131.jpg,2023,3,8,12,106,c_Unhealthy_for_Sensitive_Groups,2023-03-08,16.9,24.7,244.0,5.9,5.7,120.0
"Dimapur, Nagaland",Dimapur_UHFSG_2023-02-02- 09.00-3-76.jpg,2023,2,2,12,103,c_Unhealthy_for_Sensitive_Groups,2023-02-02,39.6,56.9,296.0,6.5,2.7,107.0
"ITO, Delhi",DEL_VUnH_2023-02-16-17.00-1-41.jpg,2023,2,16,12,293,e_Very_Unhealthy,2023-02-16,2.0,3.3,115.0,0.6,0.0,52.0
"ITO, Delhi",DEL_VUnH_2023-02-16-17.00-2-57.jpg,2023,2,16,12,293,e_Very_Unhealthy,2023-02-16,2.0,3.3,115.0,0.6,0.0,52.0
Tamil Nadu,TN_UHFSG_2023-02-10-08.30-1-19.jpg,2023,2,10,12,105,c_Unhealthy_for_Sensitive_Groups,2023-02-10,3.4,5.3,152.0,3.8,0.5,78.0
"ITO, Delhi",DEL_SEV_2023-02-07-14.00-1-65.jpg,2023,2,7,12,449,f_Severe,2023-02-07,3.0,5.3,89.0,0.3,0.1,54.0
"ITO, Delhi",DEL_SEV_2023-02-22-14.00-2-421.jpg,2023,2,22,12,450,f_Severe,2023-02-22,2.4,4.2,128.0,0.1,0.0,83.0
"ITO, Delhi",DEL_UnH_2023-02-15-11.30-1-34.jpg,2023,2,15,12,179,d_Unhealthy,2023-02-15,2.5,3.7,124.0,1.0,0.0,54.0
"Biratnagar, Nepal",BIR_UFSG_2023-02-14- 14.30-3-26.jpg,2023,2,14,12,101,c_Unhealthy_for_Sensitive_Groups,2023-02-14,43.3,62.6,471.0,15.4,7.5,101.0
"Dimapur, Nagaland",Dimapur_UHFSG_2023-02-02- 09.00-1-69.jpg,2023,2,2,12,103,c_Unhealthy_for_Sensitive_Groups,2023-02-02,39.6,56.9,296.0,6.5,2.7,107.0
"ITO, Delhi",DEL_SEV_2023-02-07-14.00-1-69.jpg,2023,2,7,12,449,f_Severe,2023-02-07,3.0,5.3,89.0,0.3,0.1,54.0
Mumbai,MH_UH_2023-02-02- 09.30-1-30.jpg,2023,2,2,12,182,d_Unhealthy,2023-02-02,122.9,179.7,829.0,44.0,61.7,239.0
Tamil Nadu,TN_UnFSG_2023-03-03-09.00-1-101.jpg,2023,3,3,12,121,c_Unhealthy_for_Sensitive_Groups,2023-03-03,5.2,9.4,154.0,1.6,1.3,86.0
"ITO, Delhi",DEL_VUnH_2023-02-16-14.30-1-216.jpg,2023,2,16,12,245,e_Very_Unhealthy,2023-02-16,2.0,3.3,115.0,0.6,0.0,52.0
Bengaluru,BENGR_Mod_2023-02-23-08.30-1-516.jpg,2023,2,23,12,97,b_Moderate,2023-02-23,18.2,26.4,272.0,8.0,8.1,126.0
"ITO, Delhi",DEL_SEV_2023-02-16-18.00-1-18.jpg,2023,2,16,12,330,f_Severe,2023-02-16,2.0,3.3,115.0,0.6,0.0,52.0
"ITO, Delhi",DEL_VUnH_2023-02-16-14.30-1-93.jpg,2023,2,16,12,245,e_Very_Unhealthy,2023-02-16,2.0,3.3,115.0,0.6,0.0,52.0
"Knowledge park, Greater Noida",UP_VUN_2023-03-02-09.00-1-49.jpg,2023,3,2,12,223,e_Very_Unhealthy,2023-03-02,20.5,48.2,338.0,56.9,14.0,72.0
Bengaluru,BENGR_Good_2023-02-26-08.30-1-86.jpg,2023,2,26,12,48,a_Good,2023-02-26,24.5,35.4,262.0,6.6,12.6,156.0
"Knowledge park, Greater Noida",UP_VUN_2023-03-02-09.00-1-681.jpg,2023,3,2,12,223,e_Very_Unhealthy,2023-03-02,20.5,48.2,338.0,56.9,14.0,72.0
"Knowledge park, Greater Noida",UP_UHFSG_2023-02-24-08.30-1-213.jpg,2023,2,24,12,141,c_Unhealthy_for_Sensitive_Groups,2023-02-24,132.7,224.4,1109.0,243.3,40.8,181.0
"ITO, Delhi",DEL_VUH_2023-02-04-17.00-2-170.jpg,2023,2,4,12,281,e_Very_Unhealthy,2023-02-04,2.8,4.9,89.0,0.2,0.1,62.0
"Biratnagar, Nepal",BIR_UNH_VF_2023-02-02- 12.00-3-54.jpg,2023,2,2,12,158,d_Unhealthy,2023-02-02,57.2,81.7,581.0,12.1,8.5,98.0
"ITO, Delhi",DEL_SEV_2023-02-07-14.00-1-2.jpg,2023,2,7,12,449,f_Severe,2023-02-07,3.0,5.3,89.0,0.3,0.1,54.0
"Biratnagar, Nepal",BIR_UNH_VF_2023-02-02- 15.00-4-25.jpg,2023,2,2,12,156,d_Unhealthy,2023-02-02,57.2,81.7,581.0,12.1,8.5,98.0
"ITO, Delhi",DEL_SEV_2023-02-07-14.00-3.jpg,2023,2,7,12,449,f_Severe,2023-02-07,3.0,5.3,89.0,0.3,0.1,54.0
"ITO, Delhi",DEL_VUnH_2023-02-16-17.00-1-19.jpg,2023,2,16,12,293,e_Very_Unhealthy,2023-02-16,2.0,3.3,115.0,0.6,0.0,52.0
"ITO, Delhi",DEL_VUnH_2023-02-16-17.00-1-77.jpg,2023,2,16,12,293,e_Very_Unhealthy,2023-02-16,2.0,3.3,115.0,0.6,0.0,52.0
Tamil Nadu,TN_UnFSG_2023-03-02-08.30-1-141.jpg,2023,3,2,12,119,c_Unhealthy_for_Sensitive_Groups,2023-03-02,8.6,16.2,185.0,2.6,1.1,86.0
"Biratnagar, Nepal",BIR_MOD_2023-02-13-09.30-2-56.jpg,2023,2,13,12,91,b_Moderate,2023-02-13,40.7,59.3,429.0,13.7,9.2,101.0
"Knowledge park, Greater Noida",UP_UHFSG_2023-02-24-08.30-1-389.jpg,2023,2,24,12,141,c_Unhealthy_for_Sensitive_Groups,2023-02-24,132.7,224.4,1109.0,243.3,40.8,181.0
"ITO, Delhi",DEL_SEV_2023-02-20-14.00-1-241.jpg,2023,2,20,12,363,f_Severe,2023-02-20,4.4,7.8,136.0,0.3,0.0,76.0
"Biratnagar, Nepal",BIR_UNFSG_VF_2023-02-03-15.00-3-59.jpg,2023,2,3,12,141,c_Unhealthy_for_Sensitive_Groups,2023-02-03,69.8,99.7,581.0,11.6,6.8,112.0
"Knowledge park, Greater Noida",UP_UHFSG_2023-03-06-11.30-1-357.jpg,2023,3,6,12,104,c_Unhealthy_for_Sensitive_Groups,2023-03-06,57.3,103.8,710.0,101.0,20.8,124.0
"Biratnagar, Nepal",BIR_MOD_2023-02-13-09.30-2-7.jpg,2023,2,13,12,91,b_Moderate,2023-02-13,40.7,59.3,429.0,13.7,9.2,101.0
"New Ind Town, Faridabad",HAR_VUN_2022-10-02-10.00-1-3105.jpg,2022,10,2,12,230,e_Very_Unhealthy,2022-10-02,16.6,23.7,513.0,2.0,1.8,93.0
"Knowledge park, Greater Noida",UP_SEV_2023-02-18-14.30-1-70.jpg,2023,2,18,12,331,f_Severe,2023-02-18,24.9,48.1,246.0,27.6,8.9,84.0
Mumbai,MH_UnFSG_2023-03-18-11.00-1-246.jpg,2023,3,18,12,114,c_Unhealthy_for_Sensitive_Groups,2023-03-18,59.0,94.8,678.0,39.3,48.8,177.0
"ITO, Delhi",DEL_SEV_2023-02-22-14.00-2-341.jpg,2023,2,22,12,450,f_Severe,2023-02-22,2.4,4.2,128.0,0.1,0.0,83.0
Bengaluru,BENGR_UHFSG_2023-02-05-08.30-1-52.jpg,2023,2,3,12,111,c_Unhealthy_for_Sensitive_Groups,2023-02-03,19.7,31.1,321.0,13.6,3.8,86.0
"Knowledge park, Greater Noida",UP_UN_2023-03-01-08.30-1-69.jpg,2023,3,1,12,199,d_Unhealthy,2023-03-01,21.1,47.7,354.0,67.2,13.3,48.0
"ITO, Delhi",DEL_VUnH_2023-02-16-14.30-1-44.jpg,2023,2,16,12,245,e_Very_Unhealthy,2023-02-16,2.0,3.3,115.0,0.6,0.0,52.0
"Biratnagar, Nepal",BIR_UH_2023-03-16-12.30-3-225.jpg,2023,3,16,12,154,d_Unhealthy,2023-03-16,68.5,98.7,456.0,5.4,8.3,132.0
Tamil Nadu,TN_UNH_2023-02-03-12.30-1-42.jpg,2023,2,3,12,150,d_Unhealthy,2023-02-03,26.3,38.1,500.0,65.8,1.9,18.0
"ITO, Delhi",DEL_SEV_2023-02-17-13.00-2-33.jpg,2023,2,17,12,372,f_Severe,2023-02-17,0.2,0.3,91.0,0.1,0.0,49.0
"ITO, Delhi",DEL_VUnH_2023-02-16-14.30-1-203.jpg,2023,2,16,12,245,e_Very_Unhealthy,2023-02-16,2.0,3.3,115.0,0.6,0.0,52.0
Bengaluru,BENGR_Good_2023-02-28-08.30-1-331.jpg,2023,2,28,12,37,a_Good,2023-02-28,27.2,39.7,398.0,7.6,7.8,127.0
Bengaluru,BENGR_Mod_2023-02-23-08.30-1-546.jpg,2023,2,23,12,97,b_Moderate,2023-02-23,18.2,26.4,272.0,8.0,8.1,126.0
"ITO, Delhi",DEL_SEV_2023-02-07-14.00-1-53.jpg,2023,2,7,12,449,f_Severe,2023-02-07,3.0,5.3,89.0,0.3,0.1,54.0
"ITO, Delhi",DEL_SEV_2023-02-20-14.00-3-11.jpg,2023,2,20,12,363,f_Severe,2023-02-20,4.4,7.8,136.0,0.3,0.0,76.0
Tamil Nadu,TN_UN_2023-03-11-08.00-1-26.jpg,2023,3,11,12,152,d_Unhealthy,2023-03-11,4.6,7.8,155.0,2.7,0.9,90.0
"Biratnagar, Nepal",BIR_UNH_VF_2023-02-03- 10.00-2-70.jpg,2023,2,3,12,163,d_Unhealthy,2023-02-03,69.8,99.7,581.0,11.6,6.8,112.0
Mumbai,MH_VUN_2023-03-05-08.30-2-76.jpg,2023,3,5,12,284,e_Very_Unhealthy,2023-03-05,278.5,401.4,1413.0,23.7,39.9,325.0
Tamil Nadu,TN_Good_2023-02-22-09.30-1-106.jpg,2023,2,22,12,36,a_Good,2023-02-22,8.3,12.4,216.0,13.8,2.4,52.0
"Knowledge park, Greater Noida",UP_UHFSG_2023-02-08-08.30-1-1.jpg,2023,2,8,12,133,c_Unhealthy_for_Sensitive_Groups,2023-02-08,53.7,112.2,526.0,86.8,19.1,87.0
"ITO, Delhi",DEL_SEV_2023-02-22-14.00-2-301.jpg,2023,2,22,12,450,f_Severe,2023-02-22,2.4,4.2,128.0,0.1,0.0,83.0
Mumbai,MH_UnFSG_2023-02-15-10.30-1-34.jpg,2023,2,15,12,143,c_Unhealthy_for_Sensitive_Groups,2023-02-15,82.2,119.0,737.0,40.3,51.8,253.0
"New Ind Town, Faridabad",HAR_VUN_2022-10-02-10.00-1-3417.jpg,2022,10,2,12,230,e_Very_Unhealthy,2022-10-02,16.6,23.7,513.0,2.0,1.8,93.0
Tamil Nadu,TN_Good_2023-02-21-08.30-3-31.jpg,2023,2,21,12,29,a_Good,2023-02-21,2.1,3.2,146.0,1.6,0.3,82.0
Tamil Nadu,TN_UnFSG_2023-03-03-09.00-2-261.jpg,2023,3,3,12,121,c_Unhealthy_for_Sensitive_Groups,2023-03-03,5.2,9.4,154.0,1.6,1.3,86.0
Bengaluru,BENGR_UnFSG_2023-03-08-08.30-1-51.jpg,2023,3,8,12,106,c_Unhealthy_for_Sensitive_Groups,2023-03-08,16.9,24.7,244.0,5.9,5.7,120.0
"Biratnagar, Nepal",BIR_UNH_VF_2023-02-03- 10.00-1-20.jpg,2023,2,3,12,163,d_Unhealthy,2023-02-03,69.8,99.7,581.0,11.6,6.8,112.0
Mumbai,MH_UnFSG_2023-02-23-11.00-1-81.jpg,2023,2,23,12,130,c_Unhealthy_for_Sensitive_Groups,2023-02-23,70.5,109.9,662.0,40.6,61.8,226.0
"Biratnagar, Nepal",BIR_UNH_VF_2023-02-02- 12.00-1-128.jpg,2023,2,2,12,158,d_Unhealthy,2023-02-02,57.2,81.7,581.0,12.1,8.5,98.0
Mumbai,MH_UH_2023-02-10-14.30-1-81.jpg,2023,2,10,12,160,d_Unhealthy,2023-02-10,74.7,110.8,581.0,28.9,36.7,198.0
Tamil Nadu,TN_Good_2023-02-23-08.30-1.jpg,2023,2,23,12,43,a_Good,2023-02-23,2.9,4.1,131.0,0.9,1.6,95.0
Tamil Nadu,TN_UNH_2023-02-03-13.30-1-6.jpg,2023,2,3,12,167,d_Unhealthy,2023-02-03,26.3,38.1,500.0,65.8,1.9,18.0
Bengaluru,BENGR_UHFSG_2023-02-09-08.30-1-16.jpg,2023,2,9,12,103,c_Unhealthy_for_Sensitive_Groups,2023-02-09,28.2,41.3,282.0,10.7,8.9,132.0
Mumbai,MH_Good_2023-03-22-11.00-1-400.jpg,2023,3,22,12,49,a_Good,2023-03-22,16.2,31.8,249.0,15.6,16.8,76.0
"Biratnagar, Nepal",BIR_UNH_VF_2023-02-02- 15.00-3-31.jpg,2023,2,2,12,156,d_Unhealthy,2023-02-02,57.2,81.7,581.0,12.1,8.5,98.0
"Biratnagar, Nepal",BIR_UFSG_2023-02-14- 14.30-2-15.jpg,2023,2,14,12,101,c_Unhealthy_for_Sensitive_Groups,2023-02-14,43.3,62.6,471.0,15.4,7.5,101.0
"Knowledge park, Greater Noida",UP_SEV_2023-02-18-14.30-1-90.jpg,2023,2,18,12,331,f_Severe,2023-02-18,24.9,48.1,246.0,27.6,8.9,84.0
Tamil Nadu,TN_Good_2023-02-27-16.30-1-136.jpg,2023,2,27,12,43,a_Good,2023-02-27,5.9,9.2,177.0,7.1,1.1,74.0
Bengaluru,BENGR_Mod_2023-03-13-08.30-1-365.jpg,2023,3,13,12,53,b_Moderate,2023-03-13,27.1,39.7,365.0,8.1,8.5,111.0
Bengaluru,BENGR_Good_2023-03-21-08.30-1-442.jpg,2023,3,21,12,47,a_Good,2023-03-21,9.1,13.8,245.0,15.6,3.6,110.0
Mumbai,MH_Good_2023-03-22-11.00-1-218.jpg,2023,3,22,12,49,a_Good,2023-03-22,16.2,31.8,249.0,15.6,16.8,76.0
"Biratnagar, Nepal",BIR_UFSG_2023-02-14- 14.30-2-38.jpg,2023,2,14,12,101,c_Unhealthy_for_Sensitive_Groups,2023-02-14,43.3,62.6,471.0,15.4,7.5,101.0
"Biratnagar, Nepal",BIR_UNFSG_VF_2023-02-03-16.00-3-43.jpg,2023,2,3,12,141,c_Unhealthy_for_Sensitive_Groups,2023-02-03,69.8,99.7,581.0,11.6,6.8,112.0
Mumbai,MH_UnFSG_2023-02-17-19.00-2-53.jpg,2023,2,17,12,145,c_Unhealthy_for_Sensitive_Groups,2023-02-17,64.3,96.9,620.0,42.0,43.7,225.0
"Knowledge park, Greater Noida",UP_SEV_2023-02-18-11.00-1-1.jpg,2023,2,18,12,320,f_Severe,2023-02-18,24.9,48.1,246.0,27.6,8.9,84.0
Mumbai,MH_UH_2023-02-19-12.00-1-64.jpg,2023,2,19,12,160,d_Unhealthy,2023-02-19,143.0,205.8,1159.0,48.0,73.1,327.0
"New Ind Town, Faridabad",HAR_VUN_2022-10-02-10.00-1-4569.jpg,2022,10,2,12,230,e_Very_Unhealthy,2022-10-02,16.6,23.7,513.0,2.0,1.8,93.0
Bengaluru,BENGR_Mod_2023-03-06-08.30-1-51.jpg,2023,3,6,12,68,b_Moderate,2023-03-06,12.6,18.6,218.0,6.5,8.2,129.0
Mumbai,MH_UnFSG_2023-03-18-11.00-1-141.jpg,2023,3,18,12,114,c_Unhealthy_for_Sensitive_Groups,2023-03-18,59.0,94.8,678.0,39.3,48.8,177.0
Bengaluru,BENGR_Good_2023-02-26-08.30-1-121.jpg,2023,2,26,12,48,a_Good,2023-02-26,24.5,35.4,262.0,6.6,12.6,156.0
"ITO, Delhi",DEL_VUnH_2023-02-16-14.00-3-10.jpg,2023,2,16,12,268,e_Very_Unhealthy,2023-02-16,2.0,3.3,115.0,0.6,0.0,52.0
Bengaluru,BENGR_Mod_2023-02-21-08.30-1-506.jpg,2023,2,21,12,56,b_Moderate,2023-02-21,26.0,37.8,303.0,8.9,11.2,152.0
Mumbai,MH_UH_2023-02-14-11.30-1-7.jpg,2023,2,14,12,160,d_Unhealthy,2023-02-14,81.3,119.0,721.0,41.8,52.8,260.0
Mumbai,MH_UnFSG_2023-03-14-13.00-1-133.jpg,2023,3,14,12,138,c_Unhealthy_for_Sensitive_Groups,2023-03-14,160.7,240.3,1639.0,42.4,85.0,345.0
Bengaluru,BENGR_Good_2023-03-17-08.30-1-491.jpg,2023,3,17,12,15,a_Good,2023-03-17,20.8,31.4,332.0,11.4,4.1,112.0
"New Ind Town, Faridabad",HAR_VUN_2022-10-02-10.00-1-625.jpg,2022,10,2,12,230,e_Very_Unhealthy,2022-10-02,16.6,23.7,513.0,2.0,1.8,93.0
Tamil Nadu,TN_MOD_2023-02-09-08.30-2-25.jpg,2023,2,9,12,78,b_Moderate,2023-02-09,20.1,29.8,485.0,57.4,2.2,10.0
"ITO, Delhi",DEL_VUnH_2023-02-16-17.00-1-91.jpg,2023,2,16,12,293,e_Very_Unhealthy,2023-02-16,2.0,3.3,115.0,0.6,0.0,52.0
Bengaluru,BENGR_Good_2023-02-28-08.30-1-116.jpg,2023,2,28,12,37,a_Good,2023-02-28,27.2,39.7,398.0,7.6,7.8,127.0
"Knowledge park, Greater Noida",UP_UHFSG_2023-02-08-08.30-1-20.jpg,2023,2,8,12,133,c_Unhealthy_for_Sensitive_Groups,2023-02-08,53.7,112.2,526.0,86.8,19.1,87.0
Mumbai,MH_UnFSG_2023-03-14-13.00-1-217.jpg,2023,3,14,12,138,c_Unhealthy_for_Sensitive_Groups,2023-03-14,160.7,240.3,1639.0,42.4,85.0,345.0
Mumbai,MH_UnFSG_2023-03-08-11.00-1-181.jpg,2023,3,8,12,124,c_Unhealthy_for_Sensitive_Groups,2023-03-08,97.1,144.8,836.0,49.2,63.9,264.0
Mumbai,MH_UH_2023-02-19-12.00-1-55.jpg,2023,2,19,12,160,d_Unhealthy,2023-02-19,143.0,205.8,1159.0,48.0,73.1,327.0
Bengaluru,BENGR_Mod_2023-02-21-08.30-1-11.jpg,2023,2,21,12,56,b_Moderate,2023-02-21,26.0,37.8,303.0,8.9,11.2,152.0
Mumbai,MH_UH_2023-02-03- 09.30-1-53.jpg,2023,2,3,12,162,d_Unhealthy,2023-02-03,121.1,177.4,813.0,48.2,60.2,256.0
"Biratnagar, Nepal",BIR_UH_2023-03-16-12.30-1-15.jpg,2023,3,16,12,154,d_Unhealthy,2023-03-16,68.5,98.7,456.0,5.4,8.3,132.0
Tamil Nadu,TN_UN_2023-03-06-09.00-1-281.jpg,2023,3,6,12,161,d_Unhealthy,2023-03-06,15.6,22.5,298.0,24.2,0.8,36.0
Tamil Nadu,TN_UnFSG_2023-03-02-08.30-1-166.jpg,2023,3,2,12,119,c_Unhealthy_for_Sensitive_Groups,2023-03-02,8.6,16.2,185.0,2.6,1.1,86.0
"Biratnagar, Nepal",BIR_UFSG_2023-02-14- 14.30-7.jpg,2023,2,14,12,101,c_Unhealthy_for_Sensitive_Groups,2023-02-14,43.3,62.6,471.0,15.4,7.5,101.0
"ITO, Delhi",DEL_SEV_2023-02-07-14.00-1-101.jpg,2023,2,7,12,449,f_Severe,2023-02-07,3.0,5.3,89.0,0.3,0.1,54.0
Bengaluru,BENGR_Mod_2023-02-21-08.30-1-316.jpg,2023,2,21,12,56,b_Moderate,2023-02-21,26.0,37.8,303.0,8.9,11.2,152.0
"Knowledge park, Greater Noida",UP_VUN_2023-03-02-09.00-1-397.jpg,2023,3,2,12,223,e_Very_Unhealthy,2023-03-02,20.5,48.2,338.0,56.9,14.0,72.0
"Biratnagar, Nepal",BIR_UFSG_2023-02-14- 14.30-3-1.jpg,2023,2,14,12,101,c_Unhealthy_for_Sensitive_Groups,2023-02-14,43.3,62.6,471.0,15.4,7.5,101.0
"ITO, Delhi",DEL_VUnH_2023-02-16-14.30-1-218.jpg,2023,2,16,12,245,e_Very_Unhealthy,2023-02-16,2.0,3.3,115.0,0.6,0.0,52.0
Bengaluru,BENGR_Mod_2023-02-25-08.30-1-1.jpg,2023,2,25,12,73,b_Moderate,2023-02-25,19.2,27.9,256.0,7.8,9.3,142.0
Tamil Nadu,TN_UnFSG_2023-03-08-08.30-1-121.jpg,2023,3,8,12,121,c_Unhealthy_for_Sensitive_Groups,2023-03-08,21.1,30.5,475.0,70.5,1.8,17.0
Mumbai,MH_UnFSG_2023-02-17-19.00-2-36.jpg,2023,2,17,12,145,c_Unhealthy_for_Sensitive_Groups,2023-02-17,64.3,96.9,620.0,42.0,43.7,225.0
"Knowledge park, Greater Noida",UP_SEV_2023-02-20-08.30-1-32.jpg,2023,2,20,12,331,f_Severe,2023-02-20,26.1,49.7,219.0,20.0,5.1,100.0
Mumbai,MH_UnFSG_2023-03-10-16.00-1-136.jpg,2023,3,10,12,141,c_Unhealthy_for_Sensitive_Groups,2023-03-10,51.1,75.7,577.0,42.8,39.8,185.0
"Dimapur, Nagaland",Dimapur_UHFSG_2023-02-02- 09.00-3-28.jpg,2023,2,2,12,103,c_Unhealthy_for_Sensitive_Groups,2023-02-02,39.6,56.9,296.0,6.5,2.7,107.0
"Dimapur, Nagaland",Dimapur_UHFSG_2023-02-02- 09.00-3-52.jpg,2023,2,2,12,103,c_Unhealthy_for_Sensitive_Groups,2023-02-02,39.6,56.9,296.0,6.5,2.7,107.0
Mumbai,MH_UH_2023-02-10-14.30-1-23.jpg,2023,2,10,12,160,d_Unhealthy,2023-02-10,74.7,110.8,581.0,28.9,36.7,198.0
"ITO, Delhi",DEL_UnH_2023-02-15-11.30-1-37.jpg,2023,2,15,12,179,d_Unhealthy,2023-02-15,2.5,3.7,124.0,1.0,0.0,54.0
"ITO, Delhi",DEL_VUH_2023-02-04-17.00-2-57.jpg,2023,2,4,12,281,e_Very_Unhealthy,2023-02-04,2.8,4.9,89.0,0.2,0.1,62.0
Bengaluru,BENGR_Mod_2023-03-06-08.30-1-106.jpg,2023,3,6,12,68,b_Moderate,2023-03-06,12.6,18.6,218.0,6.5,8.2,129.0
Mumbai,MH_UN_2023-03-15-15.00-1-43.jpg,2023,3,15,12,162,d_Unhealthy,2023-03-15,190.5,276.6,1537.0,57.3,103.4,404.0
Tamil Nadu,TN_UnFSG_2023-03-09-09.00-1-226.jpg,2023,3,9,12,134,c_Unhealthy_for_Sensitive_Groups,2023-03-09,10.4,15.2,234.0,12.8,0.9,62.0
"Biratnagar, Nepal",BIR_UFSG_2023-02-14- 14.30-2-47.jpg,2023,2,14,12,101,c_Unhealthy_for_Sensitive_Groups,2023-02-14,43.3,62.6,471.0,15.4,7.5,101.0
"Dimapur, Nagaland",Dimapur_UHFSG_2023-02-02- 09.00-2-56.jpg,2023,2,2,12,103,c_Unhealthy_for_Sensitive_Groups,2023-02-02,39.6,56.9,296.0,6.5,2.7,107.0
"ITO, Delhi",DEL_SEV_2023-02-20-14.00-3-236.jpg,2023,2,20,12,363,f_Severe,2023-02-20,4.4,7.8,136.0,0.3,0.0,76.0
Mumbai,MH_UnFSG_2023-03-14-13.00-13.jpg,2023,3,14,12,138,c_Unhealthy_for_Sensitive_Groups,2023-03-14,160.7,240.3,1639.0,42.4,85.0,345.0
Mumbai,MH_Good_2023-03-23-17.00-1-64.jpg,2023,3,23,12,47,a_Good,2023-03-23,18.4,34.5,257.0,17.2,19.2,71.0
Tamil Nadu,TN_UN_2023-03-06-09.00-2-96.jpg,2023,3,6,12,161,d_Unhealthy,2023-03-06,15.6,22.5,298.0,24.2,0.8,36.0
Tamil Nadu,TN_UnFSG_2023-03-08-08.30-1-111.jpg,2023,3,8,12,121,c_Unhealthy_for_Sensitive_Groups,2023-03-08,21.1,30.5,475.0,70.5,1.8,17.0
"Biratnagar, Nepal",BIR_UNH_VF_2023-02-02- 15.00-2-51.jpg,2023,2,2,12,156,d_Unhealthy,2023-02-02,57.2,81.7,581.0,12.1,8.5,98.0
Mumbai,MH_UH_2023-02-03- 09.30-1-68.jpg,2023,2,3,12,162,d_Unhealthy,2023-02-03,121.1,177.4,813.0,48.2,60.2,256.0
Tamil Nadu,TN_Good_2023-03-21-08.30-1.jpg,2023,3,21,12,27,a_Good,2023-03-21,8.3,12.3,214.0,11.7,1.2,58.0
Tamil Nadu,TN_Good_2023-02-20-08.30-1-41.jpg,2023,2,20,12,37,a_Good,2023-02-20,2.1,3.0,150.0,2.1,0.4,78.0
Bengaluru,BENGR_UHFSG_2023-02-09-08.30-1-31.jpg,2023,2,9,12,103,c_Unhealthy_for_Sensitive_Groups,2023-02-09,28.2,41.3,282.0,10.7,8.9,132.0
"Dimapur, Nagaland",Dimapur_UHFSG_2023-02-02- 09.00-3-8.jpg,2023,2,2,12,103,c_Unhealthy_for_Sensitive_Groups,2023-02-02,39.6,56.9,296.0,6.5,2.7,107.0
"Biratnagar, Nepal",BIR_UNH_VF_2023-02-02- 1700-3-13.jpg,2023,2,2,12,156,d_Unhealthy,2023-02-02,57.2,81.7,581.0,12.1,8.5,98.0
"Knowledge park, Greater Noida",UP_VUN_2023-03-02-09.00-1-53.jpg,2023,3,2,12,223,e_Very_Unhealthy,2023-03-02,20.5,48.2,338.0,56.9,14.0,72.0
"New Ind Town, Faridabad",HAR_VUN_2022-10-02-10.00-1-1569.jpg,2022,10,2,12,230,e_Very_Unhealthy,2022-10-02,16.6,23.7,513.0,2.0,1.8,93.0
"ITO, Delhi",DEL_VUnH_2023-02-16-14.30-1-209.jpg,2023,2,16,12,245,e_Very_Unhealthy,2023-02-16,2.0,3.3,115.0,0.6,0.0,52.0
"Biratnagar, Nepal",BIR_UNH_VF_2023-02-02- 12.00-2-34.jpg,2023,2,2,12,158,d_Unhealthy,2023-02-02,57.2,81.7,581.0,12.1,8.5,98.0
"Biratnagar, Nepal",BIR_MOD_2023-02-13-09.30-2-19.jpg,2023,2,13,12,91,b_Moderate,2023-02-13,40.7,59.3,429.0,13.7,9.2,101.0
Tamil Nadu,TN_UN_2023-03-11-08.00-1-271.jpg,2023,3,11,12,152,d_Unhealthy,2023-03-11,4.6,7.8,155.0,2.7,0.9,90.0
Mumbai,MH_Good_2023-03-23-17.00-1-225.jpg,2023,3,23,12,47,a_Good,2023-03-23,18.4,34.5,257.0,17.2,19.2,71.0
"Biratnagar, Nepal",BIR_MOD_2023-02-13-09.30-4-46.jpg,2023,2,13,12,91,b_Moderate,2023-02-13,40.7,59.3,429.0,13.7,9.2,101.0
"Biratnagar, Nepal",BRI_Un_2023-02-02-1700-18.jpg,2023,2,2,12,156,d_Unhealthy,2023-02-02,57.2,81.7,581.0,12.1,8.5,98.0
Tamil Nadu,TN_Good_2023-02-20-16.30-2-116.jpg,2023,2,20,12,43,a_Good,2023-02-20,2.1,3.0,150.0,2.1,0.4,78.0
"ITO, Delhi",DEL_VUnH_2023-02-16-14.30-1-92.jpg,2023,2,16,12,245,e_Very_Unhealthy,2023-02-16,2.0,3.3,115.0,0.6,0.0,52.0
"ITO, Delhi",DEL_SEV_2023-02-17-13.00-1-10.jpg,2023,2,17,12,372,f_Severe,2023-02-17,0.2,0.3,91.0,0.1,0.0,49.0
Tamil Nadu,TN_UnFSG_2023-03-03-09.00-2-136.jpg,2023,3,3,12,121,c_Unhealthy_for_Sensitive_Groups,2023-03-03,5.2,9.4,154.0,1.6,1.3,86.0
Tamil Nadu,TN_Good_2023-02-27-16.30-1-241.jpg,2023,2,27,12,43,a_Good,2023-02-27,5.9,9.2,177.0,7.1,1.1,74.0
Bengaluru,BENGR_UHFSG_2023-02-14-08.30-1-10.jpg,2023,2,14,12,102,c_Unhealthy_for_Sensitive_Groups,2023-02-14,18.2,26.3,268.0,8.6,13.0,152.0
Bengaluru,BENGR_Good_2023-03-17-08.30-1-351.jpg,2023,3,17,12,15,a_Good,2023-03-17,20.8,31.4,332.0,11.4,4.1,112.0
"ITO, Delhi",DEL_SEV_2023-02-20-14.00-1-91.jpg,2023,2,20,12,363,f_Severe,2023-02-20,4.4,7.8,136.0,0.3,0.0,76.0
Mumbai,MH_UH_2023-02-11-03.30-2-5.jpg,2023,2,11,12,154,d_Unhealthy,2023-02-11,50.5,82.9,477.0,34.0,35.6,181.0
"ITO, Delhi",DEL_VUnH_2023-02-16-17.00-1-155.jpg,2023,2,16,12,293,e_Very_Unhealthy,2023-02-16,2.0,3.3,115.0,0.6,0.0,52.0
"Biratnagar, Nepal",BIR_UNH_VF_2023-02-02- 1700-3-56.jpg,2023,2,2,12,156,d_Unhealthy,2023-02-02,57.2,81.7,581.0,12.1,8.5,98.0
Mumbai,MH_UN_2023-03-16-11.00-1-288.jpg,2023,3,16,12,159,d_Unhealthy,2023-03-16,59.3,90.6,871.0,64.4,81.4,199.0
"Knowledge park, Greater Noida",UP_SEV_2023-02-20-08.30-1-75.jpg,2023,2,20,12,331,f_Severe,2023-02-20,26.1,49.7,219.0,20.0,5.1,100.0
"Biratnagar, Nepal",BIR_UNFSG_VF_2023-02-03-16.00-2-17.jpg,2023,2,3,12,141,c_Unhealthy_for_Sensitive_Groups,2023-02-03,69.8,99.7,581.0,11.6,6.8,112.0
Tamil Nadu,TN_Good_2023-02-20-16.30-2-41.jpg,2023,2,20,12,43,a_Good,2023-02-20,2.1,3.0,150.0,2.1,0.4,78.0
Tamil Nadu,TN_UHFSG_2023-02-02- 09.00-2-15.jpg,2023,2,2,12,107,c_Unhealthy_for_Sensitive_Groups,2023-02-02,23.7,34.2,540.0,59.0,1.5,15.0
Mumbai,MH_UN_2023-03-15-15.00-1-127.jpg,2023,3,15,12,162,d_Unhealthy,2023-03-15,190.5,276.6,1537.0,57.3,103.4,404.0
"ITO, Delhi",DEL_SEV_2023-02-20-14.00-1-546.jpg,2023,2,20,12,363,f_Severe,2023-02-20,4.4,7.8,136.0,0.3,0.0,76.0
Bengaluru,BENGR_Good_2023-03-25-08.30-1-9.jpg,2023,3,25,12,32,a_Good,2023-03-25,26.6,39.9,248.0,8.4,5.4,133.0
"ITO, Delhi",DEL_SEV_2023-02-22-14.00-2-431.jpg,2023,2,22,12,450,f_Severe,2023-02-22,2.4,4.2,128.0,0.1,0.0,83.0
"ITO, Delhi",DEL_SEV_2023-02-20-14.00-3-331.jpg,2023,2,20,12,363,f_Severe,2023-02-20,4.4,7.8,136.0,0.3,0.0,76.0
Bengaluru,BENGR_UnFSG_2023-03-08-08.30-1-101.jpg,2023,3,8,12,106,c_Unhealthy_for_Sensitive_Groups,2023-03-08,16.9,24.7,244.0,5.9,5.7,120.0
"New Ind Town, Faridabad",HAR_VUN_2022-10-02-10.00-1-4889.jpg,2022,10,2,12,230,e_Very_Unhealthy,2022-10-02,16.6,23.7,513.0,2.0,1.8,93.0
"ITO, Delhi",DEL_VUnH_2023-02-16-17.00-1-88.jpg,2023,2,16,12,293,e_Very_Unhealthy,2023-02-16,2.0,3.3,115.0,0.6,0.0,52.0
"Biratnagar, Nepal",BIR_UNFSG_VF_2023-02-03-16.00-1-51.jpg,2023,2,3,12,141,c_Unhealthy_for_Sensitive_Groups,2023-02-03,69.8,99.7,581.0,11.6,6.8,112.0
"Knowledge park, Greater Noida",UP_SEV_2023-02-19-14.30-1-26.jpg,2023,2,19,12,357,f_Severe,2023-02-19,26.7,50.5,247.0,25.1,8.3,99.0
Mumbai,MH_UN_2023-03-02-08.00-1-186.jpg,2023,3,2,12,156,d_Unhealthy,2023-03-02,165.8,246.8,1018.0,45.0,70.9,342.0
Tamil Nadu,TN_Good_2023-03-21-08.30-1-50.jpg,2023,3,21,12,27,a_Good,2023-03-21,8.3,12.3,214.0,11.7,1.2,58.0
"Knowledge park, Greater Noida",UP_SEV_2023-02-19-14.30-3.jpg,2023,2,19,12,357,f_Severe,2023-02-19,26.7,50.5,247.0,25.1,8.3,99.0
"Biratnagar, Nepal",BIR_UNH_VF_2023-02-02- 12.00-2-20.jpg,2023,2,2,12,158,d_Unhealthy,2023-02-02,57.2,81.7,581.0,12.1,8.5,98.0
Tamil Nadu,TN_UNH_2023-02-03-12.30-1-47.jpg,2023,2,3,12,150,d_Unhealthy,2023-02-03,26.3,38.1,500.0,65.8,1.9,18.0
"Biratnagar, Nepal",BIR_UNFSG_VF_2023-02-03-16.00-3-24.jpg,2023,2,3,12,141,c_Unhealthy_for_Sensitive_Groups,2023-02-03,69.8,99.7,581.0,11.6,6.8,112.0
Mumbai,MH_Mod_2023-03-21-15.00-1-463.jpg,2023,3,21,12,92,b_Moderate,2023-03-21,15.9,32.0,246.0,16.3,15.8,72.0
"Biratnagar, Nepal",BIR_UNH_VF_2023-02-02- 12.00-3-59.jpg,2023,2,2,12,158,d_Unhealthy,2023-02-02,57.2,81.7,581.0,12.1,8.5,98.0
"Knowledge park, Greater Noida",UP_UN_2023-03-01-08.30-1-145.jpg,2023,3,1,12,199,d_Unhealthy,2023-03-01,21.1,47.7,354.0,67.2,13.3,48.0
Bengaluru,BENGR_UHFSG_2023-02-05-08.30-1-38.jpg,2023,2,3,12,111,c_Unhealthy_for_Sensitive_Groups,2023-02-03,19.7,31.1,321.0,13.6,3.8,86.0
Bengaluru,BENGR_UHFSG_2023-02-14-08.30-1-3.jpg,2023,2,14,12,102,c_Unhealthy_for_Sensitive_Groups,2023-02-14,18.2,26.3,268.0,8.6,13.0,152.0
Bengaluru,BENGR_Mod_2023-03-13-08.30-1-295.jpg,2023,3,13,12,53,b_Moderate,2023-03-13,27.1,39.7,365.0,8.1,8.5,111.0
Tamil Nadu,TN_Good_2023-02-27-16.30-1-91.jpg,2023,2,27,12,43,a_Good,2023-02-27,5.9,9.2,177.0,7.1,1.1,74.0
"New Ind Town, Faridabad",HAR_VUN_2022-10-02-10.00-1-3081.jpg,2022,10,2,12,230,e_Very_Unhealthy,2022-10-02,16.6,23.7,513.0,2.0,1.8,93.0
"Knowledge park, Greater Noida",UP_SEV_2023-02-18-11.00-1-16.jpg,2023,2,18,12,320,f_Severe,2023-02-18,24.9,48.1,246.0,27.6,8.9,84.0
"New Ind Town, Faridabad",HAR_VUN_2022-10-02-10.00-1-3121.jpg,2022,10,2,12,230,e_Very_Unhealthy,2022-10-02,16.6,23.7,513.0,2.0,1.8,93.0
"Biratnagar, Nepal",BIR_UNFSG_VF_2023-02-03-16.00-3-55.jpg,2023,2,3,12,141,c_Unhealthy_for_Sensitive_Groups,2023-02-03,69.8,99.7,581.0,11.6,6.8,112.0
"New Ind Town, Faridabad",HAR_VUN_2022-10-02-10.00-1-4377.jpg,2022,10,2,12,230,e_Very_Unhealthy,2022-10-02,16.6,23.7,513.0,2.0,1.8,93.0
"ITO, Delhi",DEL_VUH_2023-02-04-17.00-2-83.jpg,2023,2,4,12,281,e_Very_Unhealthy,2023-02-04,2.8,4.9,89.0,0.2,0.1,62.0
Bengaluru,BENGR_Mod_2023-02-25-08.30-1-201.jpg,2023,2,25,12,73,b_Moderate,2023-02-25,19.2,27.9,256.0,7.8,9.3,142.0
Mumbai,MH_UnFSG_2023-03-10-16.00-1-6.jpg,2023,3,10,12,141,c_Unhealthy_for_Sensitive_Groups,2023-03-10,51.1,75.7,577.0,42.8,39.8,185.0
Tamil Nadu,TN_UnFSG_2023-03-02-08.30-1-76.jpg,2023,3,2,12,119,c_Unhealthy_for_Sensitive_Groups,2023-03-02,8.6,16.2,185.0,2.6,1.1,86.0
Mumbai,MH_UnFSG_2023-03-18-11.00-1-183.jpg,2023,3,18,12,114,c_Unhealthy_for_Sensitive_Groups,2023-03-18,59.0,94.8,678.0,39.3,48.8,177.0
"ITO, Delhi",DEL_SEV_2023-02-16-18.00-1-21.jpg,2023,2,16,12,330,f_Severe,2023-02-16,2.0,3.3,115.0,0.6,0.0,52.0
"Knowledge park, Greater Noida",UP_SEV_2023-02-18-14.30-1-65.jpg,2023,2,18,12,331,f_Severe,2023-02-18,24.9,48.1,246.0,27.6,8.9,84.0
"New Ind Town, Faridabad",HAR_VUN_2022-10-02-10.00-1-1953.jpg,2022,10,2,12,230,e_Very_Unhealthy,2022-10-02,16.6,23.7,513.0,2.0,1.8,93.0
Tamil Nadu,TN_UnFSG_2023-03-03-09.00-2-231.jpg,2023,3,3,12,121,c_Unhealthy_for_Sensitive_Groups,2023-03-03,5.2,9.4,154.0,1.6,1.3,86.0
"New Ind Town, Faridabad",HAR_VUN_2022-10-02-10.00-1-3097.jpg,2022,10,2,12,230,e_Very_Unhealthy,2022-10-02,16.6,23.7,513.0,2.0,1.8,93.0
Mumbai,MH_UnFSG_2023-02-17-19.00-2-47.jpg,2023,2,17,12,145,c_Unhealthy_for_Sensitive_Groups,2023-02-17,64.3,96.9,620.0,42.0,43.7,225.0
Tamil Nadu,TN_UN_2023-03-06-09.00-1-241.jpg,2023,3,6,12,161,d_Unhealthy,2023-03-06,15.6,22.5,298.0,24.2,0.8,36.0
Tamil Nadu,TN_Good_2023-02-22-09.30-2-41.jpg,2023,2,22,12,36,a_Good,2023-02-22,8.3,12.4,216.0,13.8,2.4,52.0
Bengaluru,BENGR_Mod_2023-03-04-08.30-1-196.jpg,2023,3,4,12,71,b_Moderate,2023-03-04,17.8,26.3,251.0,6.2,6.9,118.0
Tamil Nadu,TN_UnFSG_2023-03-02-08.30-2-111.jpg,2023,3,2,12,119,c_Unhealthy_for_Sensitive_Groups,2023-03-02,8.6,16.2,185.0,2.6,1.1,86.0
"Biratnagar, Nepal",BIR_UH_2023-03-16-12.30-1-204.jpg,2023,3,16,12,154,d_Unhealthy,2023-03-16,68.5,98.7,456.0,5.4,8.3,132.0
"ITO, Delhi",DEL_SEV_2023-02-20-14.00-1-671.jpg,2023,2,20,12,363,f_Severe,2023-02-20,4.4,7.8,136.0,0.3,0.0,76.0
"ITO, Delhi",DEL_VUnH_2023-02-16-14.30-1-109.jpg,2023,2,16,12,245,e_Very_Unhealthy,2023-02-16,2.0,3.3,115.0,0.6,0.0,52.0
Bengaluru,BENGR_Mod_2023-03-04-08.30-1-181.jpg,2023,3,4,12,71,b_Moderate,2023-03-04,17.8,26.3,251.0,6.2,6.9,118.0
"Biratnagar, Nepal",BIR_UNH_VF_2023-02-02- 1700-2-35.jpg,2023,2,2,12,156,d_Unhealthy,2023-02-02,57.2,81.7,581.0,12.1,8.5,98.0
"ITO, Delhi",DEL_SEV_2023-02-17-13.00-2-15.jpg,2023,2,17,12,372,f_Severe,2023-02-17,0.2,0.3,91.0,0.1,0.0,49.0
Mumbai,MH_UN_2023-03-13-10.00-1-239.jpg,2023,3,13,12,197,d_Unhealthy,2023-03-13,346.5,501.1,2447.0,38.8,125.9,577.0
"Biratnagar, Nepal",BRI_Un_2023-02-02-1700-17.jpg,2023,2,2,12,156,d_Unhealthy,2023-02-02,57.2,81.7,581.0,12.1,8.5,98.0
Mumbai,MH_UH_2023-02-10-14.30-1-44.jpg,2023,2,10,12,160,d_Unhealthy,2023-02-10,74.7,110.8,581.0,28.9,36.7,198.0
"Biratnagar, Nepal",BIR_UNFSG_VF_2023-02-03-16.00-1-31.jpg,2023,2,3,12,141,c_Unhealthy_for_Sensitive_Groups,2023-02-03,69.8,99.7,581.0,11.6,6.8,112.0
Tamil Nadu,TN_UnFSG_2023-03-03-09.00-1-186.jpg,2023,3,3,12,121,c_Unhealthy_for_Sensitive_Groups,2023-03-03,5.2,9.4,154.0,1.6,1.3,86.0
"Knowledge park, Greater Noida",UP_UHFSG_2023-03-06-11.30-1-325.jpg,2023,3,6,12,104,c_Unhealthy_for_Sensitive_Groups,2023-03-06,57.3,103.8,710.0,101.0,20.8,124.0
Bengaluru,BENGR_UnFSG_2023-03-08-08.30-1-281.jpg,2023,3,8,12,106,c_Unhealthy_for_Sensitive_Groups,2023-03-08,16.9,24.7,244.0,5.9,5.7,120.0
Bengaluru,BENGR_Good_2023-02-28-08.30-1-246.jpg,2023,2,28,12,37,a_Good,2023-02-28,27.2,39.7,398.0,7.6,7.8,127.0
"New Ind Town, Faridabad",HAR_VUN_2022-10-02-10.00-1-4361.jpg,2022,10,2,12,230,e_Very_Unhealthy,2022-10-02,16.6,23.7,513.0,2.0,1.8,93.0
Bengaluru,BENGR_Mod_2023-03-09-08.30-1-231.jpg,2023,3,9,12,51,b_Moderate,2023-03-09,32.7,47.8,341.0,6.8,6.3,123.0
Tamil Nadu,TN_Good_2023-02-27-16.30-2-56.jpg,2023,2,27,12,43,a_Good,2023-02-27,5.9,9.2,177.0,7.1,1.1,74.0
"New Ind Town, Faridabad",HAR_VUN_2022-10-02-10.00-1-2249.jpg,2022,10,2,12,230,e_Very_Unhealthy,2022-10-02,16.6,23.7,513.0,2.0,1.8,93.0
"Biratnagar, Nepal",BIR_UH_2023-03-16-12.30-3-71.jpg,2023,3,16,12,154,d_Unhealthy,2023-03-16,68.5,98.7,456.0,5.4,8.3,132.0
Tamil Nadu,TN_UnFSG_2023-03-03-09.00-2-106.jpg,2023,3,3,12,121,c_Unhealthy_for_Sensitive_Groups,2023-03-03,5.2,9.4,154.0,1.6,1.3,86.0
Mumbai,MH_VUN_2023-03-05-08.30-2-56.jpg,2023,3,5,12,284,e_Very_Unhealthy,2023-03-05,278.5,401.4,1413.0,23.7,39.9,325.0
Tamil Nadu,TN_Good_2023-02-21-08.30-2-121.jpg,2023,2,21,12,29,a_Good,2023-02-21,2.1,3.2,146.0,1.6,0.3,82.0
"Knowledge park, Greater Noida",UP_VUN_2023-02-27-10.30-1-217.jpg,2023,2,27,12,299,e_Very_Unhealthy,2023-02-27,44.7,71.7,613.0,101.2,20.5,98.0
"Biratnagar, Nepal",BIR_UH_2023-03-16-12.30-3-99.jpg,2023,3,16,12,154,d_Unhealthy,2023-03-16,68.5,98.7,456.0,5.4,8.3,132.0
Mumbai,MH_UH_2023-02-03- 09.30-1-22.jpg,2023,2,3,12,162,d_Unhealthy,2023-02-03,121.1,177.4,813.0,48.2,60.2,256.0
"Knowledge park, Greater Noida",UP_UHFSG_2023-02-08-08.30-3.jpg,2023,2,8,12,133,c_Unhealthy_for_Sensitive_Groups,2023-02-08,53.7,112.2,526.0,86.8,19.1,87.0
Bengaluru,BENGR_Mod_2023-03-04-08.30-1-496.jpg,2023,3,4,12,71,b_Moderate,2023-03-04,17.8,26.3,251.0,6.2,6.9,118.0
Mumbai,MH_UH_2023-02-19-12.00-1-21.jpg,2023,2,19,12,160,d_Unhealthy,2023-02-19,143.0,205.8,1159.0,48.0,73.1,327.0
Bengaluru,BENGR_Good_2023-02-26-08.30-1-106.jpg,2023,2,26,12,48,a_Good,2023-02-26,24.5,35.4,262.0,6.6,12.6,156.0
"Biratnagar, Nepal",BIR_UNH_VF_2023-02-02- 15.00-3-9.jpg,2023,2,2,12,156,d_Unhealthy,2023-02-02,57.2,81.7,581.0,12.1,8.5,98.0
"Biratnagar, Nepal",BIR_UNH_VF_2023-02-03- 10.00-2-58.jpg,2023,2,3,12,163,d_Unhealthy,2023-02-03,69.8,99.7,581.0,11.6,6.8,112.0
Bengaluru,BENGR_Good_2023-02-26-08.30-1-291.jpg,2023,2,26,12,48,a_Good,2023-02-26,24.5,35.4,262.0,6.6,12.6,156.0
"Biratnagar, Nepal",BIR_UNFSG_VF_2023-02-03-15.00-3-6.jpg,2023,2,3,12,141,c_Unhealthy_for_Sensitive_Groups,2023-02-03,69.8,99.7,581.0,11.6,6.8,112.0
"Dimapur, Nagaland",Dimapur_MOD_2023-02-10-08.30-2-35.jpg,2023,2,10,12,63,b_Moderate,2023-02-10,95.7,140.2,322.0,4.6,4.8,113.0
"Biratnagar, Nepal",BIR_UNFSG_VF_2023-02-03-16.00-2-10.jpg,2023,2,3,12,141,c_Unhealthy_for_Sensitive_Groups,2023-02-03,69.8,99.7,581.0,11.6,6.8,112.0
Mumbai,MH_UN_2023-03-12-13.00-4.jpg,2023,3,12,12,156,d_Unhealthy,2023-03-12,240.3,345.5,1730.0,61.2,111.6,478.0
"ITO, Delhi",DEL_SEV_2023-02-07-14.00-1-92.jpg,2023,2,7,12,449,f_Severe,2023-02-07,3.0,5.3,89.0,0.3,0.1,54.0
"Biratnagar, Nepal",BIR_UFSG_2023-02-14- 14.30-1-43.jpg,2023,2,14,12,101,c_Unhealthy_for_Sensitive_Groups,2023-02-14,43.3,62.6,471.0,15.4,7.5,101.0
Mumbai,MH_UH_2023-02-02- 09.30-1-26.jpg,2023,2,2,12,182,d_Unhealthy,2023-02-02,122.9,179.7,829.0,44.0,61.7,239.0
"ITO, Delhi",DEL_SEV_2023-02-07-14.00-2-6.jpg,2023,2,7,12,449,f_Severe,2023-02-07,3.0,5.3,89.0,0.3,0.1,54.0
Mumbai,MH_UnFSG_2023-03-08-11.00-1-146.jpg,2023,3,8,12,124,c_Unhealthy_for_Sensitive_Groups,2023-03-08,97.1,144.8,836.0,49.2,63.9,264.0
"ITO, Delhi",DEL_VUH_2023-02-04-17.00-2-150.jpg,2023,2,4,12,281,e_Very_Unhealthy,2023-02-04,2.8,4.9,89.0,0.2,0.1,62.0
"ITO, Delhi",DEL_UnH_2023-02-15-11.30-1-33.jpg,2023,2,15,12,179,d_Unhealthy,2023-02-15,2.5,3.7,124.0,1.0,0.0,54.0
Mumbai,MH_UH_2023-02-10-14.30-1-48.jpg,2023,2,10,12,160,d_Unhealthy,2023-02-10,74.7,110.8,581.0,28.9,36.7,198.0
Mumbai,MH_UnFSG_2023-03-08-11.00-1-36.jpg,2023,3,8,12,124,c_Unhealthy_for_Sensitive_Groups,2023-03-08,97.1,144.8,836.0,49.2,63.9,264.0
Mumbai,MH_UnFSG_2023-02-15-10.30-1-45.jpg,2023,2,15,12,143,c_Unhealthy_for_Sensitive_Groups,2023-02-15,82.2,119.0,737.0,40.3,51.8,253.0
Tamil Nadu,TN_Good_2023-02-27-16.30-1-251.jpg,2023,2,27,12,43,a_Good,2023-02-27,5.9,9.2,177.0,7.1,1.1,74.0
"New Ind Town, Faridabad",HAR_VUN_2022-10-02-10.00-1-753.jpg,2022,10,2,12,230,e_Very_Unhealthy,2022-10-02,16.6,23.7,513.0,2.0,1.8,93.0
"New Ind Town, Faridabad",HAR_VUN_2022-10-02-10.00-1-3273.jpg,2022,10,2,12,230,e_Very_Unhealthy,2022-10-02,16.6,23.7,513.0,2.0,1.8,93.0
Bengaluru,BENGR_Mod_2023-03-09-08.30-1-291.jpg,2023,3,9,12,51,b_Moderate,2023-03-09,32.7,47.8,341.0,6.8,6.3,123.0
Mumbai,MH_VUN_2023-02-24-15.00-1-61.jpg,2023,2,24,12,202,e_Very_Unhealthy,2023-02-24,73.3,112.7,633.0,41.2,49.7,231.0
Tamil Nadu,TN_Good_2023-03-21-08.30-2-1.jpg,2023,3,21,12,27,a_Good,2023-03-21,8.3,12.3,214.0,11.7,1.2,58.0
"ITO, Delhi",DEL_SEV_2023-02-20-14.00-2-601.jpg,2023,2,20,12,363,f_Severe,2023-02-20,4.4,7.8,136.0,0.3,0.0,76.0
"ITO, Delhi",DEL_SEV_2023-02-20-14.00-2-221.jpg,2023,2,20,12,363,f_Severe,2023-02-20,4.4,7.8,136.0,0.3,0.0,76.0
Bengaluru,BENGR_Mod_2023-02-21-08.30-1-306.jpg,2023,2,21,12,56,b_Moderate,2023-02-21,26.0,37.8,303.0,8.9,11.2,152.0
Mumbai,MH_UH_2023-02-19-12.00-1-41.jpg,2023,2,19,12,160,d_Unhealthy,2023-02-19,143.0,205.8,1159.0,48.0,73.1,327.0
"Dimapur, Nagaland",Dimapur_UHFSG_2023-02-02- 09.00-2-51.jpg,2023,2,2,12,103,c_Unhealthy_for_Sensitive_Groups,2023-02-02,39.6,56.9,296.0,6.5,2.7,107.0
Bengaluru,BENGR_UHFSG_2023-02-03-08.30-1-52.jpg,2023,2,3,12,136,c_Unhealthy_for_Sensitive_Groups,2023-02-03,19.7,31.1,321.0,13.6,3.8,86.0
"Knowledge park, Greater Noida",UP_UN_2023-03-01-08.30-1-137.jpg,2023,3,1,12,199,d_Unhealthy,2023-03-01,21.1,47.7,354.0,67.2,13.3,48.0
Mumbai,MH_UN_2023-03-16-11.00-1-323.jpg,2023,3,16,12,159,d_Unhealthy,2023-03-16,59.3,90.6,871.0,64.4,81.4,199.0
Mumbai,MH_UH_2023-02-03- 09.30-1-48.jpg,2023,2,3,12,162,d_Unhealthy,2023-02-03,121.1,177.4,813.0,48.2,60.2,256.0
Tamil Nadu,TN_UnFSG_2023-03-03-09.00-2-51.jpg,2023,3,3,12,121,c_Unhealthy_for_Sensitive_Groups,2023-03-03,5.2,9.4,154.0,1.6,1.3,86.0
Bengaluru,BENGR_UHFSG_2023-02-05-08.30-1-45.jpg,2023,2,3,12,111,c_Unhealthy_for_Sensitive_Groups,2023-02-03,19.7,31.1,321.0,13.6,3.8,86.0
"ITO, Delhi",DEL_SEV_2023-02-16-18.00-2-64.jpg,2023,2,16,12,330,f_Severe,2023-02-16,2.0,3.3,115.0,0.6,0.0,52.0
Mumbai,MH_UnFSG_2023-02-17-19.00-2-1.jpg,2023,2,17,12,145,c_Unhealthy_for_Sensitive_Groups,2023-02-17,64.3,96.9,620.0,42.0,43.7,225.0
"ITO, Delhi",DL_VUNH_2023-02-04-17.00-1-63.jpg,2023,2,4,12,281,e_Very_Unhealthy,2023-02-04,2.8,4.9,89.0,0.2,0.1,62.0
Mumbai,MH_UN_2023-03-15-15.00-1-162.jpg,2023,3,15,12,162,d_Unhealthy,2023-03-15,190.5,276.6,1537.0,57.3,103.4,404.0
"Biratnagar, Nepal",BIR_UNFSG_VF_2023-02-03-16.00-1-21.jpg,2023,2,3,12,141,c_Unhealthy_for_Sensitive_Groups,2023-02-03,69.8,99.7,581.0,11.6,6.8,112.0
Tamil Nadu,TN_Good_2023-02-20-16.30-2-126.jpg,2023,2,20,12,43,a_Good,2023-02-20,2.1,3.0,150.0,2.1,0.4,78.0
Mumbai,MH_UnFSG_2023-03-18-11.00-9.jpg,2023,3,18,12,114,c_Unhealthy_for_Sensitive_Groups,2023-03-18,59.0,94.8,678.0,39.3,48.8,177.0
"ITO, Delhi",DEL_SEV_2023-02-20-14.00-2-226.jpg,2023,2,20,12,363,f_Severe,2023-02-20,4.4,7.8,136.0,0.3,0.0,76.0
"Biratnagar, Nepal",BIR_UNH_VF_2023-02-02- 12.00-1-59.jpg,2023,2,2,12,158,d_Unhealthy,2023-02-02,57.2,81.7,581.0,12.1,8.5,98.0
"Biratnagar, Nepal",BIR_UNH_VF_2023-02-02- 15.00-4-66.jpg,2023,2,2,12,156,d_Unhealthy,2023-02-02,57.2,81.7,581.0,12.1,8.5,98.0
"Biratnagar, Nepal",BIR_MOD_2023-02-13-09.30-4-17.jpg,2023,2,13,12,91,b_Moderate,2023-02-13,40.7,59.3,429.0,13.7,9.2,101.0
"ITO, Delhi",DEL_UnH_2023-02-15-11.30-1-56.jpg,2023,2,15,12,179,d_Unhealthy,2023-02-15,2.5,3.7,124.0,1.0,0.0,54.0
"Biratnagar, Nepal",BIR_MOD_2023-02-13-09.30-4-3.jpg,2023,2,13,12,91,b_Moderate,2023-02-13,40.7,59.3,429.0,13.7,9.2,101.0
Mumbai,MH_UnFSG_2023-03-08-11.00-1-81.jpg,2023,3,8,12,124,c_Unhealthy_for_Sensitive_Groups,2023-03-08,97.1,144.8,836.0,49.2,63.9,264.0
"Dimapur, Nagaland",Dimapur_UHFSG_2023-02-02- 09.00-2-45.jpg,2023,2,2,12,103,c_Unhealthy_for_Sensitive_Groups,2023-02-02,39.6,56.9,296.0,6.5,2.7,107.0
"Biratnagar, Nepal",BIR_UNFSG_VF_2023-02-03-16.00-3-37.jpg,2023,2,3,12,141,c_Unhealthy_for_Sensitive_Groups,2023-02-03,69.8,99.7,581.0,11.6,6.8,112.0
Tamil Nadu,TN_UnFSG_2023-03-02-08.30-2-41.jpg,2023,3,2,12,119,c_Unhealthy_for_Sensitive_Groups,2023-03-02,8.6,16.2,185.0,2.6,1.1,86.0
"ITO, Delhi",DEL_VUH_2023-02-04-17.00-2-137.jpg,2023,2,4,12,281,e_Very_Unhealthy,2023-02-04,2.8,4.9,89.0,0.2,0.1,62.0
Bengaluru,BENGR_Mod_2023-02-25-08.30-1-661.jpg,2023,2,25,12,73,b_Moderate,2023-02-25,19.2,27.9,256.0,7.8,9.3,142.0
Bengaluru,BENGR_Mod_2023-02-25-08.30-1-486.jpg,2023,2,25,12,73,b_Moderate,2023-02-25,19.2,27.9,256.0,7.8,9.3,142.0
"ITO, Delhi",DEL_SEV_2023-02-17-13.00-1-29.jpg,2023,2,17,12,372,f_Severe,2023-02-17,0.2,0.3,91.0,0.1,0.0,49.0
Mumbai,MH_Mod_2023-03-21-15.00-1-218.jpg,2023,3,21,12,92,b_Moderate,2023-03-21,15.9,32.0,246.0,16.3,15.8,72.0
"Biratnagar, Nepal",BIR_MOD_2023-02-13-09.30-3-70.jpg,2023,2,13,12,91,b_Moderate,2023-02-13,40.7,59.3,429.0,13.7,9.2,101.0
Tamil Nadu,TN_Good_2023-02-22-09.30-2-31.jpg,2023,2,22,12,36,a_Good,2023-02-22,8.3,12.4,216.0,13.8,2.4,52.0
Tamil Nadu,TN_Good_2023-02-21-08.30-3-121.jpg,2023,2,21,12,29,a_Good,2023-02-21,2.1,3.2,146.0,1.6,0.3,82.0
"Knowledge park, Greater Noida",UP_SEV_2023-02-18-11.00-1-23.jpg,2023,2,18,12,320,f_Severe,2023-02-18,24.9,48.1,246.0,27.6,8.9,84.0
Mumbai,MH_UH_2023-02-19-12.00-1-5.jpg,2023,2,19,12,160,d_Unhealthy,2023-02-19,143.0,205.8,1159.0,48.0,73.1,327.0
Bengaluru,BENGR_UHFSG_2023-02-15-14.30-1-29.jpg,2023,2,15,12,103,c_Unhealthy_for_Sensitive_Groups,2023-02-15,18.6,26.8,278.0,7.8,11.8,147.0
"Biratnagar, Nepal",BIR_UNH_VF_2023-02-02- 12.00-1-135.jpg,2023,2,2,12,158,d_Unhealthy,2023-02-02,57.2,81.7,581.0,12.1,8.5,98.0
"Biratnagar, Nepal",BIR_UNFSG_VF_2023-02-03-15.00-3-63.jpg,2023,2,3,12,141,c_Unhealthy_for_Sensitive_Groups,2023-02-03,69.8,99.7,581.0,11.6,6.8,112.0
"ITO, Delhi",DEL_SEV_2023-02-22-14.00-2-656.jpg,2023,2,22,12,450,f_Severe,2023-02-22,2.4,4.2,128.0,0.1,0.0,83.0
Bengaluru,BENGR_Mod_2023-03-09-08.30-1-6.jpg,2023,3,9,12,51,b_Moderate,2023-03-09,32.7,47.8,341.0,6.8,6.3,123.0
Mumbai,MH_UnFSG_2023-03-10-16.00-1-106.jpg,2023,3,10,12,141,c_Unhealthy_for_Sensitive_Groups,2023-03-10,51.1,75.7,577.0,42.8,39.8,185.0
Tamil Nadu,TN_MOD_2023-02-09-08.30-2-36.jpg,2023,2,9,12,78,b_Moderate,2023-02-09,20.1,29.8,485.0,57.4,2.2,10.0
"Biratnagar, Nepal",BIR_MOD_2023-02-13-09.30-3-63.jpg,2023,2,13,12,91,b_Moderate,2023-02-13,40.7,59.3,429.0,13.7,9.2,101.0
"ITO, Delhi",DEL_VUnH_2023-02-16-14.30-1-177.jpg,2023,2,16,12,245,e_Very_Unhealthy,2023-02-16,2.0,3.3,115.0,0.6,0.0,52.0
Mumbai,MH_UN_2023-03-02-08.00-8.jpg,2023,3,2,12,156,d_Unhealthy,2023-03-02,165.8,246.8,1018.0,45.0,70.9,342.0
"Biratnagar, Nepal",BIR_UNFSG_VF_2023-02-03-15.00-3-49.jpg,2023,2,3,12,141,c_Unhealthy_for_Sensitive_Groups,2023-02-03,69.8,99.7,581.0,11.6,6.8,112.0
"Knowledge park, Greater Noida",UP_SEV_2023-02-19-14.30-1-41.jpg,2023,2,19,12,357,f_Severe,2023-02-19,26.7,50.5,247.0,25.1,8.3,99.0
"ITO, Delhi",DEL_VUnH_2023-02-16-14.00-1-9.jpg,2023,2,16,12,268,e_Very_Unhealthy,2023-02-16,2.0,3.3,115.0,0.6,0.0,52.0
Tamil Nadu,TN_UnFSG_2023-03-03-09.00-2-11.jpg,2023,3,3,12,121,c_Unhealthy_for_Sensitive_Groups,2023-03-03,5.2,9.4,154.0,1.6,1.3,86.0
"Knowledge park, Greater Noida",UP_UN_2023-03-01-08.30-1-13.jpg,2023,3,1,12,199,d_Unhealthy,2023-03-01,21.1,47.7,354.0,67.2,13.3,48.0
Tamil Nadu,TN_UnFSG_2023-03-03-09.00-1-1.jpg,2023,3,3,12,121,c_Unhealthy_for_Sensitive_Groups,2023-03-03,5.2,9.4,154.0,1.6,1.3,86.0
"Dimapur, Nagaland",Dimapur_UHFSG_2023-02-02- 09.00-3-41.jpg,2023,2,2,12,103,c_Unhealthy_for_Sensitive_Groups,2023-02-02,39.6,56.9,296.0,6.5,2.7,107.0
Tamil Nadu,TN_Good_2023-02-22-09.30-2-96.jpg,2023,2,22,12,36,a_Good,2023-02-22,8.3,12.4,216.0,13.8,2.4,52.0
Tamil Nadu,TN_UNH_2023-02-03-13.30-1-4.jpg,2023,2,3,12,167,d_Unhealthy,2023-02-03,26.3,38.1,500.0,65.8,1.9,18.0
"Biratnagar, Nepal",BIR_UH_2023-03-16-12.30-3-36.jpg,2023,3,16,12,154,d_Unhealthy,2023-03-16,68.5,98.7,456.0,5.4,8.3,132.0
Bengaluru,BENGR_Good_2023-03-21-08.30-1-561.jpg,2023,3,21,12,47,a_Good,2023-03-21,9.1,13.8,245.0,15.6,3.6,110.0
"ITO, Delhi",DEL_VUnH_2023-02-16-17.00-2-31.jpg,2023,2,16,12,293,e_Very_Unhealthy,2023-02-16,2.0,3.3,115.0,0.6,0.0,52.0
Tamil Nadu,TN_Good_2023-02-21-08.30-1-26.jpg,2023,2,21,12,29,a_Good,2023-02-21,2.1,3.2,146.0,1.6,0.3,82.0
"Biratnagar, Nepal",BIR_UH_2023-03-16-12.30-4-218.jpg,2023,3,16,12,154,d_Unhealthy,2023-03-16,68.5,98.7,456.0,5.4,8.3,132.0
"ITO, Delhi",DEL_VUnH_2023-02-16-14.30-1-27.jpg,2023,2,16,12,245,e_Very_Unhealthy,2023-02-16,2.0,3.3,115.0,0.6,0.0,52.0
Tamil Nadu,TN_UNH_2023-02-03-12.30-1-37.jpg,2023,2,3,12,150,d_Unhealthy,2023-02-03,26.3,38.1,500.0,65.8,1.9,18.0
Bengaluru,BENGR_Good_2023-02-19-08.30-1-16.jpg,2023,2,19,12,41,a_Good,2023-02-19,14.6,21.7,286.0,7.9,10.9,146.0
"Knowledge park, Greater Noida",UP_SEV_2023-02-18-14.30-1-103.jpg,2023,2,18,12,331,f_Severe,2023-02-18,24.9,48.1,246.0,27.6,8.9,84.0
Mumbai,MH_Good_2023-03-22-11.00-9.jpg,2023,3,22,12,49,a_Good,2023-03-22,16.2,31.8,249.0,15.6,16.8,76.0
"ITO, Delhi",DEL_SEV_2023-02-16-18.00-2-17.jpg,2023,2,16,12,330,f_Severe,2023-02-16,2.0,3.3,115.0,0.6,0.0,52.0
"New Ind Town, Faridabad",HAR_VUN_2022-10-02-10.00-1-4185.jpg,2022,10,2,12,230,e_Very_Unhealthy,2022-10-02,16.6,23.7,513.0,2.0,1.8,93.0
"Knowledge park, Greater Noida",UP_SEV_2023-02-18-11.00-1-44.jpg,2023,2,18,12,320,f_Severe,2023-02-18,24.9,48.1,246.0,27.6,8.9,84.0
"New Ind Town, Faridabad",HAR_VUN_2022-10-02-10.00-1-1177.jpg,2022,10,2,12,230,e_Very_Unhealthy,2022-10-02,16.6,23.7,513.0,2.0,1.8,93.0
Tamil Nadu,TN_Good_2023-03-21-08.30-1-29.jpg,2023,3,21,12,27,a_Good,2023-03-21,8.3,12.3,214.0,11.7,1.2,58.0
"Biratnagar, Nepal",BIR_MOD_2023-02-13-09.30-3-59.jpg,2023,2,13,12,91,b_Moderate,2023-02-13,40.7,59.3,429.0,13.7,9.2,101.0
"Biratnagar, Nepal",BIR_UFSG_2023-02-14- 14.30-2-21.jpg,2023,2,14,12,101,c_Unhealthy_for_Sensitive_Groups,2023-02-14,43.3,62.6,471.0,15.4,7.5,101.0
Tamil Nadu,TN_Good_2023-02-20-16.30-1-31.jpg,2023,2,20,12,43,a_Good,2023-02-20,2.1,3.0,150.0,2.1,0.4,78.0
"Knowledge park, Greater Noida",UP_UN_2023-03-01-08.30-1-77.jpg,2023,3,1,12,199,d_Unhealthy,2023-03-01,21.1,47.7,354.0,67.2,13.3,48.0
"ITO, Delhi",DEL_SEV_2023-02-17-13.00-1-49.jpg,2023,2,17,12,372,f_Severe,2023-02-17,0.2,0.3,91.0,0.1,0.0,49.0
Mumbai,MH_UH_2023-02-02- 09.30-1-8.jpg,2023,2,2,12,182,d_Unhealthy,2023-02-02,122.9,179.7,829.0,44.0,61.7,239.0
Tamil Nadu,TN_UnFSG_2023-03-09-09.00-2-136.jpg,2023,3,9,12,134,c_Unhealthy_for_Sensitive_Groups,2023-03-09,10.4,15.2,234.0,12.8,0.9,62.0
Bengaluru,BENGR_Mod_2023-02-24-08.30-1-206.jpg,2023,2,24,12,68,b_Moderate,2023-02-24,11.3,16.6,250.0,9.2,10.1,126.0
"Biratnagar, Nepal",BIR_UNFSG_VF_2023-02-03-16.00-1-101.jpg,2023,2,3,12,141,c_Unhealthy_for_Sensitive_Groups,2023-02-03,69.8,99.7,581.0,11.6,6.8,112.0
Bengaluru,BENGR_Good_2023-03-17-08.30-1-50.jpg,2023,3,17,12,15,a_Good,2023-03-17,20.8,31.4,332.0,11.4,4.1,112.0
Tamil Nadu,TN_Good_2023-02-20-16.30-2-131.jpg,2023,2,20,12,43,a_Good,2023-02-20,2.1,3.0,150.0,2.1,0.4,78.0
"New Ind Town, Faridabad",HAR_VUN_2022-10-02-10.00-1-2161.jpg,2022,10,2,12,230,e_Very_Unhealthy,2022-10-02,16.6,23.7,513.0,2.0,1.8,93.0
"Biratnagar, Nepal",BIR_MOD_2023-02-13-09.30-3-47.jpg,2023,2,13,12,91,b_Moderate,2023-02-13,40.7,59.3,429.0,13.7,9.2,101.0
"ITO, Delhi",DEL_VUnH_2023-02-16-14.30-1-148.jpg,2023,2,16,12,245,e_Very_Unhealthy,2023-02-16,2.0,3.3,115.0,0.6,0.0,52.0
"Knowledge park, Greater Noida",UP_VUN_2023-02-27-10.30-1-281.jpg,2023,2,27,12,299,e_Very_Unhealthy,2023-02-27,44.7,71.7,613.0,101.2,20.5,98.0
Tamil Nadu,TN_UnFSG_2023-03-01-08.30-1-176.jpg,2023,3,1,12,111,c_Unhealthy_for_Sensitive_Groups,2023-03-01,11.3,16.5,244.0,12.0,2.9,66.0
"Biratnagar, Nepal",BRI_Un_2023-02-02- 15.00-4.jpg,2023,2,2,12,156,d_Unhealthy,2023-02-02,57.2,81.7,581.0,12.1,8.5,98.0
"ITO, Delhi",DEL_SEV_2023-02-20-14.00-2-161.jpg,2023,2,20,12,363,f_Severe,2023-02-20,4.4,7.8,136.0,0.3,0.0,76.0
Bengaluru,BENGR_Mod_2023-02-23-08.30-1-266.jpg,2023,2,23,12,97,b_Moderate,2023-02-23,18.2,26.4,272.0,8.0,8.1,126.0
Mumbai,MH_VUN_2023-03-05-08.30-1-71.jpg,2023,3,5,12,284,e_Very_Unhealthy,2023-03-05,278.5,401.4,1413.0,23.7,39.9,325.0
"Dimapur, Nagaland",Dimapur_UHFSG_2023-02-02- 09.00-2-9.jpg,2023,2,2,12,103,c_Unhealthy_for_Sensitive_Groups,2023-02-02,39.6,56.9,296.0,6.5,2.7,107.0
Bengaluru,BENGR_Good_2023-02-28-08.30-1-161.jpg,2023,2,28,12,37,a_Good,2023-02-28,27.2,39.7,398.0,7.6,7.8,127.0
Bengaluru,BENGR_Mod_2023-02-21-08.30-1-356.jpg,2023,2,21,12,56,b_Moderate,2023-02-21,26.0,37.8,303.0,8.9,11.2,152.0
"ITO, Delhi",DEL_SEV_2023-02-07-14.00-1-23.jpg,2023,2,7,12,449,f_Severe,2023-02-07,3.0,5.3,89.0,0.3,0.1,54.0
Bengaluru,BENGR_UHFSG_2023-02-15-14.30-1-41.jpg,2023,2,15,12,103,c_Unhealthy_for_Sensitive_Groups,2023-02-15,18.6,26.8,278.0,7.8,11.8,147.0
"New Ind Town, Faridabad",HAR_VUN_2022-10-02-10.00-1-5073.jpg,2022,10,2,12,230,e_Very_Unhealthy,2022-10-02,16.6,23.7,513.0,2.0,1.8,93.0
"Biratnagar, Nepal",BIR_MOD_2023-02-13-09.30-4-31.jpg,2023,2,13,12,91,b_Moderate,2023-02-13,40.7,59.3,429.0,13.7,9.2,101.0
Tamil Nadu,TN_Good_2023-02-23-08.30-1-211.jpg,2023,2,23,12,43,a_Good,2023-02-23,2.9,4.1,131.0,0.9,1.6,95.0
"Knowledge park, Greater Noida",UP_VUN_2023-02-27-10.30-1-17.jpg,2023,2,27,12,299,e_Very_Unhealthy,2023-02-27,44.7,71.7,613.0,101.2,20.5,98.0
"New Ind Town, Faridabad",HAR_VUN_2022-10-02-10.00-1-1945.jpg,2022,10,2,12,230,e_Very_Unhealthy,2022-10-02,16.6,23.7,513.0,2.0,1.8,93.0
Bengaluru,BENGR_Mod_2023-03-04-08.30-1-571.jpg,2023,3,4,12,71,b_Moderate,2023-03-04,17.8,26.3,251.0,6.2,6.9,118.0
"Biratnagar, Nepal",BIR_UFSG_2023-02-14- 14.30-2-24.jpg,2023,2,14,12,101,c_Unhealthy_for_Sensitive_Groups,2023-02-14,43.3,62.6,471.0,15.4,7.5,101.0
"New Ind Town, Faridabad",HAR_VUN_2022-10-02-10.00-1-9.jpg,2022,10,2,12,230,e_Very_Unhealthy,2022-10-02,16.6,23.7,513.0,2.0,1.8,93.0
Bengaluru,BENGR_Good_2023-03-17-08.30-1-449.jpg,2023,3,17,12,15,a_Good,2023-03-17,20.8,31.4,332.0,11.4,4.1,112.0
"Knowledge park, Greater Noida",UP_SEV_2023-02-18-14.30-1-42.jpg,2023,2,18,12,331,f_Severe,2023-02-18,24.9,48.1,246.0,27.6,8.9,84.0
Mumbai,MH_UnFSG_2023-02-17-13.00-2-2.jpg,2023,2,17,12,140,c_Unhealthy_for_Sensitive_Groups,2023-02-17,64.3,96.9,620.0,42.0,43.7,225.0
"Biratnagar, Nepal",BIR_UNH_VF_2023-02-02- 12.00-3-67.jpg,2023,2,2,12,158,d_Unhealthy,2023-02-02,57.2,81.7,581.0,12.1,8.5,98.0
"Knowledge park, Greater Noida",UP_UHFSG_2023-02-24-08.30-1-125.jpg,2023,2,24,12,141,c_Unhealthy_for_Sensitive_Groups,2023-02-24,132.7,224.4,1109.0,243.3,40.8,181.0
"ITO, Delhi",DEL_VUnH_2023-02-16-14.30-1-136.jpg,2023,2,16,12,245,e_Very_Unhealthy,2023-02-16,2.0,3.3,115.0,0.6,0.0,52.0
Tamil Nadu,TN_UnFSG_2023-03-01-08.30-1-286.jpg,2023,3,1,12,111,c_Unhealthy_for_Sensitive_Groups,2023-03-01,11.3,16.5,244.0,12.0,2.9,66.0
"ITO, Delhi",DEL_SEV_2023-02-17-13.00-1-24.jpg,2023,2,17,12,372,f_Severe,2023-02-17,0.2,0.3,91.0,0.1,0.0,49.0
Mumbai,MH_UnFSG_2023-02-17-19.00-2.jpg,2023,2,17,12,145,c_Unhealthy_for_Sensitive_Groups,2023-02-17,64.3,96.9,620.0,42.0,43.7,225.0
Bengaluru,BENGR_Mod_2023-02-25-08.30-1-256.jpg,2023,2,25,12,73,b_Moderate,2023-02-25,19.2,27.9,256.0,7.8,9.3,142.0
Bengaluru,BENGR_Mod_2023-03-04-08.30-1-36.jpg,2023,3,4,12,71,b_Moderate,2023-03-04,17.8,26.3,251.0,6.2,6.9,118.0
"ITO, Delhi",DEL_SEV_2023-02-20-14.00-1-576.jpg,2023,2,20,12,363,f_Severe,2023-02-20,4.4,7.8,136.0,0.3,0.0,76.0
"ITO, Delhi",DEL_SEV_2023-02-17-13.00-2-62.jpg,2023,2,17,12,372,f_Severe,2023-02-17,0.2,0.3,91.0,0.1,0.0,49.0
Mumbai,MH_UN_2023-03-12-13.00-1-246.jpg,2023,3,12,12,156,d_Unhealthy,2023-03-12,240.3,345.5,1730.0,61.2,111.6,478.0
Mumbai,MH_VUN_2023-02-24-15.00-1-86.jpg,2023,2,24,12,202,e_Very_Unhealthy,2023-02-24,73.3,112.7,633.0,41.2,49.7,231.0
Bengaluru,BENGR_Mod_2023-02-21-08.30-1-321.jpg,2023,2,21,12,56,b_Moderate,2023-02-21,26.0,37.8,303.0,8.9,11.2,152.0
Bengaluru,BENGR_UHFSG_2023-02-05-08.30-1-8.jpg,2023,2,3,12,111,c_Unhealthy_for_Sensitive_Groups,2023-02-03,19.7,31.1,321.0,13.6,3.8,86.0
"ITO, Delhi",DEL_SEV_2023-02-16-18.00-2-2.jpg,2023,2,16,12,330,f_Severe,2023-02-16,2.0,3.3,115.0,0.6,0.0,52.0
Mumbai,MH_UnFSG_2023-02-23-11.00-1-176.jpg,2023,2,23,12,130,c_Unhealthy_for_Sensitive_Groups,2023-02-23,70.5,109.9,662.0,40.6,61.8,226.0
"Biratnagar, Nepal",BIR_UNH_VF_2023-02-02- 1700-3-24.jpg,2023,2,2,12,156,d_Unhealthy,2023-02-02,57.2,81.7,581.0,12.1,8.5,98.0
"Biratnagar, Nepal",BIR_UFSG_2023-02-14- 14.30-1-35.jpg,2023,2,14,12,101,c_Unhealthy_for_Sensitive_Groups,2023-02-14,43.3,62.6,471.0,15.4,7.5,101.0
Bengaluru,BENGR_Mod_2023-02-24-08.30-1-101.jpg,2023,2,24,12,68,b_Moderate,2023-02-24,11.3,16.6,250.0,9.2,10.1,126.0
Mumbai,MH_UH_2023-02-18-11.00-1-45.jpg,2023,2,18,12,151,d_Unhealthy,2023-02-18,100.4,145.8,792.0,40.1,53.4,275.0
"ITO, Delhi",DEL_VUnH_2023-02-16-14.30-1-241.jpg,2023,2,16,12,245,e_Very_Unhealthy,2023-02-16,2.0,3.3,115.0,0.6,0.0,52.0
Mumbai,MH_Mod_2023-03-21-15.00-14.jpg,2023,3,21,12,92,b_Moderate,2023-03-21,15.9,32.0,246.0,16.3,15.8,72.0
"New Ind Town, Faridabad",HAR_VUN_2022-10-02-10.00-1-289.jpg,2022,10,2,12,230,e_Very_Unhealthy,2022-10-02,16.6,23.7,513.0,2.0,1.8,93.0
"ITO, Delhi",DEL_SEV_2023-02-20-14.00-1-401.jpg,2023,2,20,12,363,f_Severe,2023-02-20,4.4,7.8,136.0,0.3,0.0,76.0
Mumbai,MH_VUN_2023-02-24-15.00-1-156.jpg,2023,2,24,12,202,e_Very_Unhealthy,2023-02-24,73.3,112.7,633.0,41.2,49.7,231.0
"Biratnagar, Nepal",BIR_UFSG_2023-02-14- 14.30-3-14.jpg,2023,2,14,12,101,c_Unhealthy_for_Sensitive_Groups,2023-02-14,43.3,62.6,471.0,15.4,7.5,101.0
"Knowledge park, Greater Noida",UP_SEV_2023-02-18-14.30-1-63.jpg,2023,2,18,12,331,f_Severe,2023-02-18,24.9,48.1,246.0,27.6,8.9,84.0
"ITO, Delhi",DEL_SEV_2023-02-20-14.00-2-391.jpg,2023,2,20,12,363,f_Severe,2023-02-20,4.4,7.8,136.0,0.3,0.0,76.0
"Biratnagar, Nepal",BIR_UNH_VF_2023-02-02- 15.00-2-28.jpg,2023,2,2,12,156,d_Unhealthy,2023-02-02,57.2,81.7,581.0,12.1,8.5,98.0
Bengaluru,BENGR_Good_2023-02-28-08.30-1-641.jpg,2023,2,28,12,37,a_Good,2023-02-28,27.2,39.7,398.0,7.6,7.8,127.0
"ITO, Delhi",DEL_VUnH_2023-02-16-14.00-3-37.jpg,2023,2,16,12,268,e_Very_Unhealthy,2023-02-16,2.0,3.3,115.0,0.6,0.0,52.0
Bengaluru,BENGR_Good_2023-02-26-08.30-1-81.jpg,2023,2,26,12,48,a_Good,2023-02-26,24.5,35.4,262.0,6.6,12.6,156.0
Mumbai,MH_UnFSG_2023-02-16-17.00-4.jpg,2023,2,16,12,128,c_Unhealthy_for_Sensitive_Groups,2023-02-16,80.8,118.3,643.0,38.1,47.3,247.0
"ITO, Delhi",DL_VUNH_2023-02-04-17.00-1-38.jpg,2023,2,4,12,281,e_Very_Unhealthy,2023-02-04,2.8,4.9,89.0,0.2,0.1,62.0
"Biratnagar, Nepal",BIR_UNH_VF_2023-02-02- 15.00-4-73.jpg,2023,2,2,12,156,d_Unhealthy,2023-02-02,57.2,81.7,581.0,12.1,8.5,98.0
Mumbai,MH_VUN_2023-03-05-08.30-1-31.jpg,2023,3,5,12,284,e_Very_Unhealthy,2023-03-05,278.5,401.4,1413.0,23.7,39.9,325.0
"Biratnagar, Nepal",BIR_UFSG_2023-02-14- 14.30-1-50.jpg,2023,2,14,12,101,c_Unhealthy_for_Sensitive_Groups,2023-02-14,43.3,62.6,471.0,15.4,7.5,101.0
"Knowledge park, Greater Noida",UP_UHFSG_2023-02-08-08.30-1-16.jpg,2023,2,8,12,133,c_Unhealthy_for_Sensitive_Groups,2023-02-08,53.7,112.2,526.0,86.8,19.1,87.0
Tamil Nadu,TN_Good_2023-02-23-08.30-1-161.jpg,2023,2,23,12,43,a_Good,2023-02-23,2.9,4.1,131.0,0.9,1.6,95.0
"Knowledge park, Greater Noida",UP_UHFSG_2023-02-24-08.30-1-293.jpg,2023,2,24,12,141,c_Unhealthy_for_Sensitive_Groups,2023-02-24,132.7,224.4,1109.0,243.3,40.8,181.0
Mumbai,MH_UN_2023-03-15-15.00-1.jpg,2023,3,15,12,162,d_Unhealthy,2023-03-15,190.5,276.6,1537.0,57.3,103.4,404.0
"Knowledge park, Greater Noida",UP_UHFSG_2023-03-06-11.30-1-553.jpg,2023,3,6,12,104,c_Unhealthy_for_Sensitive_Groups,2023-03-06,57.3,103.8,710.0,101.0,20.8,124.0
Mumbai,MH_UN_2023-03-16-11.00-1-162.jpg,2023,3,16,12,159,d_Unhealthy,2023-03-16,59.3,90.6,871.0,64.4,81.4,199.0
"New Ind Town, Faridabad",HAR_VUN_2022-10-02-10.00-1-4169.jpg,2022,10,2,12,230,e_Very_Unhealthy,2022-10-02,16.6,23.7,513.0,2.0,1.8,93.0
"New Ind Town, Faridabad",HAR_VUN_2022-10-02-10.00-1-2113.jpg,2022,10,2,12,230,e_Very_Unhealthy,2022-10-02,16.6,23.7,513.0,2.0,1.8,93.0
Mumbai,MH_VUN_2023-02-24-15.00-1-306.jpg,2023,2,24,12,202,e_Very_Unhealthy,2023-02-24,73.3,112.7,633.0,41.2,49.7,231.0
Tamil Nadu,TN_UnFSG_2023-03-08-08.30-1-286.jpg,2023,3,8,12,121,c_Unhealthy_for_Sensitive_Groups,2023-03-08,21.1,30.5,475.0,70.5,1.8,17.0
Tamil Nadu,TN_Good_2023-02-23-08.30-2-236.jpg,2023,2,23,12,43,a_Good,2023-02-23,2.9,4.1,131.0,0.9,1.6,95.0
Mumbai,MH_VUN_2023-02-24-15.00-1-106.jpg,2023,2,24,12,202,e_Very_Unhealthy,2023-02-24,73.3,112.7,633.0,41.2,49.7,231.0
"ITO, Delhi",DEL_SEV_2023-02-20-14.00-2-651.jpg,2023,2,20,12,363,f_Severe,2023-02-20,4.4,7.8,136.0,0.3,0.0,76.0
"ITO, Delhi",DEL_VUnH_2023-02-16-17.00-2-52.jpg,2023,2,16,12,293,e_Very_Unhealthy,2023-02-16,2.0,3.3,115.0,0.6,0.0,52.0
"Biratnagar, Nepal",BIR_UNFSG_VF_2023-02-03-16.00-2-61.jpg,2023,2,3,12,141,c_Unhealthy_for_Sensitive_Groups,2023-02-03,69.8,99.7,581.0,11.6,6.8,112.0
"Knowledge park, Greater Noida",UP_SEV_2023-02-18-11.00-1-93.jpg,2023,2,18,12,320,f_Severe,2023-02-18,24.9,48.1,246.0,27.6,8.9,84.0
"ITO, Delhi",DEL_VUnH_2023-02-16-14.30-1-226.jpg,2023,2,16,12,245,e_Very_Unhealthy,2023-02-16,2.0,3.3,115.0,0.6,0.0,52.0
"Biratnagar, Nepal",BRI_Un_2023-02-02- 12.00-9.jpg,2023,2,2,12,158,d_Unhealthy,2023-02-02,57.2,81.7,581.0,12.1,8.5,98.0
Mumbai,MH_VUN_2023-02-24-15.00-1-296.jpg,2023,2,24,12,202,e_Very_Unhealthy,2023-02-24,73.3,112.7,633.0,41.2,49.7,231.0
"ITO, Delhi",DEL_VUH_2023-02-04-17.00-2-66.jpg,2023,2,4,12,281,e_Very_Unhealthy,2023-02-04,2.8,4.9,89.0,0.2,0.1,62.0
"Knowledge park, Greater Noida",UP_SEV_2023-02-18-14.30-1-20.jpg,2023,2,18,12,331,f_Severe,2023-02-18,24.9,48.1,246.0,27.6,8.9,84.0
Tamil Nadu,TN_UnFSG_2023-03-09-09.00-2-161.jpg,2023,3,9,12,134,c_Unhealthy_for_Sensitive_Groups,2023-03-09,10.4,15.2,234.0,12.8,0.9,62.0
"Biratnagar, Nepal",BIR_UNH_VF_2023-02-02- 12.00-2-11.jpg,2023,2,2,12,158,d_Unhealthy,2023-02-02,57.2,81.7,581.0,12.1,8.5,98.0
"Biratnagar, Nepal",BIR_MOD_2023-02-13-09.30-1-38.jpg,2023,2,13,12,91,b_Moderate,2023-02-13,40.7,59.3,429.0,13.7,9.2,101.0
Mumbai,MH_UH_2023-02-11-03.30-2-44.jpg,2023,2,11,12,154,d_Unhealthy,2023-02-11,50.5,82.9,477.0,34.0,35.6,181.0
"ITO, Delhi",DEL_SEV_2023-02-16-18.00-2-14.jpg,2023,2,16,12,330,f_Severe,2023-02-16,2.0,3.3,115.0,0.6,0.0,52.0
Bengaluru,BENGR_UnFSG_2023-03-08-08.30-1-56.jpg,2023,3,8,12,106,c_Unhealthy_for_Sensitive_Groups,2023-03-08,16.9,24.7,244.0,5.9,5.7,120.0
Mumbai,MH_UnFSG_2023-02-17-13.00-2-57.jpg,2023,2,17,12,140,c_Unhealthy_for_Sensitive_Groups,2023-02-17,64.3,96.9,620.0,42.0,43.7,225.0
Mumbai,MH_UN_2023-03-02-08.00-1-71.jpg,2023,3,2,12,156,d_Unhealthy,2023-03-02,165.8,246.8,1018.0,45.0,70.9,342.0
"Biratnagar, Nepal",BIR_MOD_2023-02-13-09.30-4-69.jpg,2023,2,13,12,91,b_Moderate,2023-02-13,40.7,59.3,429.0,13.7,9.2,101.0
Mumbai,MH_VUN_2023-02-25-10.00-1-206.jpg,2023,2,25,12,206,e_Very_Unhealthy,2023-02-25,64.3,98.3,654.0,37.4,50.9,173.0
Tamil Nadu,TN_Good_2023-02-22-09.30-3-276.jpg,2023,2,22,12,36,a_Good,2023-02-22,8.3,12.4,216.0,13.8,2.4,52.0
"Biratnagar, Nepal",BIR_UNH_VF_2023-02-02- 12.00-2-59.jpg,2023,2,2,12,158,d_Unhealthy,2023-02-02,57.2,81.7,581.0,12.1,8.5,98.0
Tamil Nadu,TN_UnFSG_2023-03-02-08.30-1-26.jpg,2023,3,2,12,119,c_Unhealthy_for_Sensitive_Groups,2023-03-02,8.6,16.2,185.0,2.6,1.1,86.0
Mumbai,MH_UnFSG_2023-02-15-10.30-1-63.jpg,2023,2,15,12,143,c_Unhealthy_for_Sensitive_Groups,2023-02-15,82.2,119.0,737.0,40.3,51.8,253.0
"Biratnagar, Nepal",BIR_UFSG_2023-02-14- 14.30-1-45.jpg,2023,2,14,12,101,c_Unhealthy_for_Sensitive_Groups,2023-02-14,43.3,62.6,471.0,15.4,7.5,101.0
"Biratnagar, Nepal",BIR_UNFSG_VF_2023-02-03-16.00-3-16.jpg,2023,2,3,12,141,c_Unhealthy_for_Sensitive_Groups,2023-02-03,69.8,99.7,581.0,11.6,6.8,112.0
"Knowledge park, Greater Noida",UP_SEV_2023-02-20-08.30-1-35.jpg,2023,2,20,12,331,f_Severe,2023-02-20,26.1,49.7,219.0,20.0,5.1,100.0
Bengaluru,BENGR_Mod_2023-02-23-08.30-1-91.jpg,2023,2,23,12,97,b_Moderate,2023-02-23,18.2,26.4,272.0,8.0,8.1,126.0
"Biratnagar, Nepal",BIR_UNH_VF_2023-02-02- 1700-3-47.jpg,2023,2,2,12,156,d_Unhealthy,2023-02-02,57.2,81.7,581.0,12.1,8.5,98.0
"Biratnagar, Nepal",BIR_UNH_VF_2023-02-02- 12.00-3-52.jpg,2023,2,2,12,158,d_Unhealthy,2023-02-02,57.2,81.7,581.0,12.1,8.5,98.0
"ITO, Delhi",DEL_VUnH_2023-02-16-14.30-1-91.jpg,2023,2,16,12,245,e_Very_Unhealthy,2023-02-16,2.0,3.3,115.0,0.6,0.0,52.0
Mumbai,MH_UN_2023-03-16-11.00-1-176.jpg,2023,3,16,12,159,d_Unhealthy,2023-03-16,59.3,90.6,871.0,64.4,81.4,199.0
"Biratnagar, Nepal",BIR_UH_2023-03-16-12.30-3-127.jpg,2023,3,16,12,154,d_Unhealthy,2023-03-16,68.5,98.7,456.0,5.4,8.3,132.0
"Biratnagar, Nepal",BIR_MOD_2023-02-13-09.30-3-56.jpg,2023,2,13,12,91,b_Moderate,2023-02-13,40.7,59.3,429.0,13.7,9.2,101.0
Tamil Nadu,TN_UN_2023-03-06-09.00-1-61.jpg,2023,3,6,12,161,d_Unhealthy,2023-03-06,15.6,22.5,298.0,24.2,0.8,36.0
"ITO, Delhi",DEL_SEV_2023-02-20-14.00-2-256.jpg,2023,2,20,12,363,f_Severe,2023-02-20,4.4,7.8,136.0,0.3,0.0,76.0
"New Ind Town, Faridabad",HAR_VUN_2022-10-02-10.00-1-1729.jpg,2022,10,2,12,230,e_Very_Unhealthy,2022-10-02,16.6,23.7,513.0,2.0,1.8,93.0
"ITO, Delhi",DEL_SEV_2023-02-22-14.00-2-166.jpg,2023,2,22,12,450,f_Severe,2023-02-22,2.4,4.2,128.0,0.1,0.0,83.0
Bengaluru,BENGR_UHFSG_2023-02-15-14.30-1-22.jpg,2023,2,15,12,103,c_Unhealthy_for_Sensitive_Groups,2023-02-15,18.6,26.8,278.0,7.8,11.8,147.0
"New Ind Town, Faridabad",HAR_VUN_2022-10-02-10.00-1-1409.jpg,2022,10,2,12,230,e_Very_Unhealthy,2022-10-02,16.6,23.7,513.0,2.0,1.8,93.0
"Knowledge park, Greater Noida",UP_UN_2023-03-01-08.30-1-205.jpg,2023,3,1,12,199,d_Unhealthy,2023-03-01,21.1,47.7,354.0,67.2,13.3,48.0
"ITO, Delhi",DEL_UnH_2023-02-15-11.30-1-40.jpg,2023,2,15,12,179,d_Unhealthy,2023-02-15,2.5,3.7,124.0,1.0,0.0,54.0
"Biratnagar, Nepal",BIR_MOD_2023-02-13-09.30-1-37.jpg,2023,2,13,12,91,b_Moderate,2023-02-13,40.7,59.3,429.0,13.7,9.2,101.0
Bengaluru,BENGR_Mod_2023-02-23-08.30-1-236.jpg,2023,2,23,12,97,b_Moderate,2023-02-23,18.2,26.4,272.0,8.0,8.1,126.0
"Biratnagar, Nepal",BRI_Un_2023-02-02- 12.00-2.jpg,2023,2,2,12,158,d_Unhealthy,2023-02-02,57.2,81.7,581.0,12.1,8.5,98.0
Mumbai,MH_Good_2023-03-23-17.00-1-106.jpg,2023,3,23,12,47,a_Good,2023-03-23,18.4,34.5,257.0,17.2,19.2,71.0
"Knowledge park, Greater Noida",UP_SEV_2023-02-18-11.00-1-107.jpg,2023,2,18,12,320,f_Severe,2023-02-18,24.9,48.1,246.0,27.6,8.9,84.0
Tamil Nadu,TN_Good_2023-02-20-08.30-1-8.jpg,2023,2,20,12,37,a_Good,2023-02-20,2.1,3.0,150.0,2.1,0.4,78.0
Bengaluru,BENGR_Good_2023-02-28-08.30-1-496.jpg,2023,2,28,12,37,a_Good,2023-02-28,27.2,39.7,398.0,7.6,7.8,127.0
"Biratnagar, Nepal",BIR_UNH_VF_2023-02-02- 1700-2-31.jpg,2023,2,2,12,156,d_Unhealthy,2023-02-02,57.2,81.7,581.0,12.1,8.5,98.0
"Biratnagar, Nepal",BIR_UNH_VF_2023-02-02- 12.00-1-39.jpg,2023,2,2,12,158,d_Unhealthy,2023-02-02,57.2,81.7,581.0,12.1,8.5,98.0
"Biratnagar, Nepal",BIR_UNH_VF_2023-02-03- 10.00-2-26.jpg,2023,2,3,12,163,d_Unhealthy,2023-02-03,69.8,99.7,581.0,11.6,6.8,112.0
"Knowledge park, Greater Noida",UP_VUN_2023-03-02-09.00-1-757.jpg,2023,3,2,12,223,e_Very_Unhealthy,2023-03-02,20.5,48.2,338.0,56.9,14.0,72.0
Bengaluru,BENGR_Good_2023-02-27-08.30-1-371.jpg,2023,2,27,12,47,a_Good,2023-02-27,10.8,15.8,277.0,6.9,7.3,131.0
"Biratnagar, Nepal",BIR_UH_2023-03-16-12.30-3-211.jpg,2023,3,16,12,154,d_Unhealthy,2023-03-16,68.5,98.7,456.0,5.4,8.3,132.0
Mumbai,MH_UnFSG_2023-02-15-10.30-1-23.jpg,2023,2,15,12,143,c_Unhealthy_for_Sensitive_Groups,2023-02-15,82.2,119.0,737.0,40.3,51.8,253.0
Mumbai,MH_VUN_2023-03-05-08.30-2-156.jpg,2023,3,5,12,284,e_Very_Unhealthy,2023-03-05,278.5,401.4,1413.0,23.7,39.9,325.0
Mumbai,MH_UH_2023-02-10-14.30-1-85.jpg,2023,2,10,12,160,d_Unhealthy,2023-02-10,74.7,110.8,581.0,28.9,36.7,198.0
"Biratnagar, Nepal",BIR_UNFSG_VF_2023-02-03-16.00-2-101.jpg,2023,2,3,12,141,c_Unhealthy_for_Sensitive_Groups,2023-02-03,69.8,99.7,581.0,11.6,6.8,112.0
"Knowledge park, Greater Noida",UP_UHFSG_2023-02-24-08.30-1-265.jpg,2023,2,24,12,141,c_Unhealthy_for_Sensitive_Groups,2023-02-24,132.7,224.4,1109.0,243.3,40.8,181.0
Bengaluru,BENGR_Good_2023-03-25-08.30-1-80.jpg,2023,3,25,12,32,a_Good,2023-03-25,26.6,39.9,248.0,8.4,5.4,133.0
"Biratnagar, Nepal",BIR_MOD_2023-02-13-09.30-1-35.jpg,2023,2,13,12,91,b_Moderate,2023-02-13,40.7,59.3,429.0,13.7,9.2,101.0
"Dimapur, Nagaland",Dimapur_UHFSG_2023-02-02- 09.00-1-54.jpg,2023,2,2,12,103,c_Unhealthy_for_Sensitive_Groups,2023-02-02,39.6,56.9,296.0,6.5,2.7,107.0
"Biratnagar, Nepal",BRI_Un_2023-02-02-1700-15.jpg,2023,2,2,12,156,d_Unhealthy,2023-02-02,57.2,81.7,581.0,12.1,8.5,98.0
"ITO, Delhi",DEL_SEV_2023-02-22-14.00-1-71.jpg,2023,2,22,12,450,f_Severe,2023-02-22,2.4,4.2,128.0,0.1,0.0,83.0
"ITO, Delhi",DEL_UnH_2023-02-15-11.30-1-22.jpg,2023,2,15,12,179,d_Unhealthy,2023-02-15,2.5,3.7,124.0,1.0,0.0,54.0
Tamil Nadu,TN_UnFSG_2023-03-03-09.00-1-31.jpg,2023,3,3,12,121,c_Unhealthy_for_Sensitive_Groups,2023-03-03,5.2,9.4,154.0,1.6,1.3,86.0
Bengaluru,BENGR_UnFSG_2023-03-08-08.30-1-21.jpg,2023,3,8,12,106,c_Unhealthy_for_Sensitive_Groups,2023-03-08,16.9,24.7,244.0,5.9,5.7,120.0
"Biratnagar, Nepal",BIR_UNH_VF_2023-02-02- 12.00-2-62.jpg,2023,2,2,12,158,d_Unhealthy,2023-02-02,57.2,81.7,581.0,12.1,8.5,98.0
"ITO, Delhi",DEL_VUnH_2023-02-16-14.00-3-52.jpg,2023,2,16,12,268,e_Very_Unhealthy,2023-02-16,2.0,3.3,115.0,0.6,0.0,52.0
Mumbai,MH_Good_2023-03-22-18.00-1-343.jpg,2023,3,22,12,47,a_Good,2023-03-22,16.2,31.8,249.0,15.6,16.8,76.0
"ITO, Delhi",DEL_VUnH_2023-02-16-14.00-3-17.jpg,2023,2,16,12,268,e_Very_Unhealthy,2023-02-16,2.0,3.3,115.0,0.6,0.0,52.0
"ITO, Delhi",DEL_VUH_2023-02-04-17.00-2-45.jpg,2023,2,4,12,281,e_Very_Unhealthy,2023-02-04,2.8,4.9,89.0,0.2,0.1,62.0
Mumbai,MH_Good_2023-03-22-11.00-1-8.jpg,2023,3,22,12,49,a_Good,2023-03-22,16.2,31.8,249.0,15.6,16.8,76.0
"ITO, Delhi",DEL_VUH_2023-02-04-17.00-2-58.jpg,2023,2,4,12,281,e_Very_Unhealthy,2023-02-04,2.8,4.9,89.0,0.2,0.1,62.0
"Knowledge park, Greater Noida",UP_SEV_2023-02-18-11.00-1-51.jpg,2023,2,18,12,320,f_Severe,2023-02-18,24.9,48.1,246.0,27.6,8.9,84.0
"New Ind Town, Faridabad",HAR_VUN_2022-10-02-10.00-1-473.jpg,2022,10,2,12,230,e_Very_Unhealthy,2022-10-02,16.6,23.7,513.0,2.0,1.8,93.0
Tamil Nadu,TN_Good_2023-02-27-16.30-2-6.jpg,2023,2,27,12,43,a_Good,2023-02-27,5.9,9.2,177.0,7.1,1.1,74.0
"ITO, Delhi",DEL_VUnH_2023-02-16-17.00-2-97.jpg,2023,2,16,12,293,e_Very_Unhealthy,2023-02-16,2.0,3.3,115.0,0.6,0.0,52.0
Mumbai,MH_UH_2023-02-11-03.30-2-35.jpg,2023,2,11,12,154,d_Unhealthy,2023-02-11,50.5,82.9,477.0,34.0,35.6,181.0
"Knowledge park, Greater Noida",UP_VUN_2023-03-02-09.00-1-153.jpg,2023,3,2,12,223,e_Very_Unhealthy,2023-03-02,20.5,48.2,338.0,56.9,14.0,72.0
"New Ind Town, Faridabad",HAR_VUN_2022-10-02-10.00-1-4481.jpg,2022,10,2,12,230,e_Very_Unhealthy,2022-10-02,16.6,23.7,513.0,2.0,1.8,93.0
"Biratnagar, Nepal",BIR_UNFSG_VF_2023-02-03-15.00-3-61.jpg,2023,2,3,12,141,c_Unhealthy_for_Sensitive_Groups,2023-02-03,69.8,99.7,581.0,11.6,6.8,112.0
Mumbai,MH_UH_2023-02-19-12.00-1-71.jpg,2023,2,19,12,160,d_Unhealthy,2023-02-19,143.0,205.8,1159.0,48.0,73.1,327.0
"Knowledge park, Greater Noida",UP_SEV_2023-02-20-08.30-1-43.jpg,2023,2,20,12,331,f_Severe,2023-02-20,26.1,49.7,219.0,20.0,5.1,100.0
"ITO, Delhi",DEL_VUnH_2023-02-16-17.00-2-123.jpg,2023,2,16,12,293,e_Very_Unhealthy,2023-02-16,2.0,3.3,115.0,0.6,0.0,52.0
"ITO, Delhi",DEL_VUnH_2023-02-16-14.00-3-40.jpg,2023,2,16,12,268,e_Very_Unhealthy,2023-02-16,2.0,3.3,115.0,0.6,0.0,52.0
"Biratnagar, Nepal",BIR_UH_2023-03-16-12.30-1-232.jpg,2023,3,16,12,154,d_Unhealthy,2023-03-16,68.5,98.7,456.0,5.4,8.3,132.0
"Biratnagar, Nepal",BIR_UNH_VF_2023-02-03- 10.00-3-14.jpg,2023,2,3,12,163,d_Unhealthy,2023-02-03,69.8,99.7,581.0,11.6,6.8,112.0
Tamil Nadu,TN_UNH_2023-02-03-13.30-1-24.jpg,2023,2,3,12,167,d_Unhealthy,2023-02-03,26.3,38.1,500.0,65.8,1.9,18.0
Mumbai,MH_UN_2023-03-15-15.00-1-85.jpg,2023,3,15,12,162,d_Unhealthy,2023-03-15,190.5,276.6,1537.0,57.3,103.4,404.0
Bengaluru,BENGR_Mod_2023-03-09-08.30-1-181.jpg,2023,3,9,12,51,b_Moderate,2023-03-09,32.7,47.8,341.0,6.8,6.3,123.0
"ITO, Delhi",DEL_SEV_2023-02-07-14.00-2-23.jpg,2023,2,7,12,449,f_Severe,2023-02-07,3.0,5.3,89.0,0.3,0.1,54.0
Bengaluru,BENGR_UHFSG_2023-02-05-08.30-1-25.jpg,2023,2,3,12,111,c_Unhealthy_for_Sensitive_Groups,2023-02-03,19.7,31.1,321.0,13.6,3.8,86.0
Bengaluru,BENGR_Mod_2023-02-21-08.30-1-76.jpg,2023,2,21,12,56,b_Moderate,2023-02-21,26.0,37.8,303.0,8.9,11.2,152.0
Mumbai,MH_Good_2023-03-23-17.00-1-400.jpg,2023,3,23,12,47,a_Good,2023-03-23,18.4,34.5,257.0,17.2,19.2,71.0
"Knowledge park, Greater Noida",UP_VUN_2023-02-27-10.30-1-249.jpg,2023,2,27,12,299,e_Very_Unhealthy,2023-02-27,44.7,71.7,613.0,101.2,20.5,98.0
Tamil Nadu,TN_UnFSG_2023-03-02-08.30-1-186.jpg,2023,3,2,12,119,c_Unhealthy_for_Sensitive_Groups,2023-03-02,8.6,16.2,185.0,2.6,1.1,86.0
Mumbai,MH_Good_2023-03-22-11.00-1-309.jpg,2023,3,22,12,49,a_Good,2023-03-22,16.2,31.8,249.0,15.6,16.8,76.0
Mumbai,MH_UH_2023-02-10-14.30-1-74.jpg,2023,2,10,12,160,d_Unhealthy,2023-02-10,74.7,110.8,581.0,28.9,36.7,198.0
"Biratnagar, Nepal",BIR_MOD_2023-02-13-09.30-4-54.jpg,2023,2,13,12,91,b_Moderate,2023-02-13,40.7,59.3,429.0,13.7,9.2,101.0
"New Ind Town, Faridabad",HAR_VUN_2022-10-02-10.00-1-793.jpg,2022,10,2,12,230,e_Very_Unhealthy,2022-10-02,16.6,23.7,513.0,2.0,1.8,93.0
"Biratnagar, Nepal",BIR_MOD_2023-02-13-09.30-1.jpg,2023,2,13,12,91,b_Moderate,2023-02-13,40.7,59.3,429.0,13.7,9.2,101.0
Bengaluru,BENGR_Good_2023-03-25-08.30-1-47.jpg,2023,3,25,12,32,a_Good,2023-03-25,26.6,39.9,248.0,8.4,5.4,133.0
"Knowledge park, Greater Noida",UP_SEV_2023-02-18-11.00-1-90.jpg,2023,2,18,12,320,f_Severe,2023-02-18,24.9,48.1,246.0,27.6,8.9,84.0
"Knowledge park, Greater Noida",UP_SEV_2023-02-18-11.00-1-89.jpg,2023,2,18,12,320,f_Severe,2023-02-18,24.9,48.1,246.0,27.6,8.9,84.0
Bengaluru,BENGR_Mod_2023-03-13-08.30-1-246.jpg,2023,3,13,12,53,b_Moderate,2023-03-13,27.1,39.7,365.0,8.1,8.5,111.0
"ITO, Delhi",DEL_SEV_2023-02-20-14.00-3-196.jpg,2023,2,20,12,363,f_Severe,2023-02-20,4.4,7.8,136.0,0.3,0.0,76.0
Mumbai,MH_UH_2023-02-02- 09.30-1-100.jpg,2023,2,2,12,182,d_Unhealthy,2023-02-02,122.9,179.7,829.0,44.0,61.7,239.0
"ITO, Delhi",DEL_VUnH_2023-02-16-17.00-1-66.jpg,2023,2,16,12,293,e_Very_Unhealthy,2023-02-16,2.0,3.3,115.0,0.6,0.0,52.0
"Dimapur, Nagaland",Dimapur_MOD_2023-02-10-08.30-2-69.jpg,2023,2,10,12,63,b_Moderate,2023-02-10,95.7,140.2,322.0,4.6,4.8,113.0
Mumbai,MH_UH_2023-02-03- 09.30-1-4.jpg,2023,2,3,12,162,d_Unhealthy,2023-02-03,121.1,177.4,813.0,48.2,60.2,256.0
Bengaluru,BENGR_Mod_2023-02-21-08.30-1-476.jpg,2023,2,21,12,56,b_Moderate,2023-02-21,26.0,37.8,303.0,8.9,11.2,152.0
"ITO, Delhi",DEL_SEV_2023-02-17-13.00-1-75.jpg,2023,2,17,12,372,f_Severe,2023-02-17,0.2,0.3,91.0,0.1,0.0,49.0
Mumbai,MH_Good_2023-03-22-18.00-1-73.jpg,2023,3,22,12,47,a_Good,2023-03-22,16.2,31.8,249.0,15.6,16.8,76.0
"Biratnagar, Nepal",BIR_UNFSG_VF_2023-02-03-16.00-1-91.jpg,2023,2,3,12,141,c_Unhealthy_for_Sensitive_Groups,2023-02-03,69.8,99.7,581.0,11.6,6.8,112.0
Mumbai,MH_UN_2023-03-16-11.00-2.jpg,2023,3,16,12,159,d_Unhealthy,2023-03-16,59.3,90.6,871.0,64.4,81.4,199.0
"Knowledge park, Greater Noida",UP_VUN_2023-03-02-09.00-1-673.jpg,2023,3,2,12,223,e_Very_Unhealthy,2023-03-02,20.5,48.2,338.0,56.9,14.0,72.0
"ITO, Delhi",DEL_UnH_2023-02-15-11.30-2-46.jpg,2023,2,15,12,179,d_Unhealthy,2023-02-15,2.5,3.7,124.0,1.0,0.0,54.0
"ITO, Delhi",DEL_SEV_2023-02-20-14.00-2-126.jpg,2023,2,20,12,363,f_Severe,2023-02-20,4.4,7.8,136.0,0.3,0.0,76.0
Mumbai,MH_UnFSG_2023-02-15-10.30-1.jpg,2023,2,15,12,143,c_Unhealthy_for_Sensitive_Groups,2023-02-15,82.2,119.0,737.0,40.3,51.8,253.0
Mumbai,MH_UH_2023-02-02- 09.30-1-86.jpg,2023,2,2,12,182,d_Unhealthy,2023-02-02,122.9,179.7,829.0,44.0,61.7,239.0
"Biratnagar, Nepal",BIR_MOD_2023-02-13-09.30-2-55.jpg,2023,2,13,12,91,b_Moderate,2023-02-13,40.7,59.3,429.0,13.7,9.2,101.0
"Biratnagar, Nepal",BIR_UNH_VF_2023-02-02- 12.00-1-23.jpg,2023,2,2,12,158,d_Unhealthy,2023-02-02,57.2,81.7,581.0,12.1,8.5,98.0
Mumbai,MH_UN_2023-03-02-08.00-1-271.jpg,2023,3,2,12,156,d_Unhealthy,2023-03-02,165.8,246.8,1018.0,45.0,70.9,342.0
"Knowledge park, Greater Noida",UP_VUN_2023-02-27-10.30-1-113.jpg,2023,2,27,12,299,e_Very_Unhealthy,2023-02-27,44.7,71.7,613.0,101.2,20.5,98.0
"Knowledge park, Greater Noida",UP_VUN_2023-03-02-09.00-1-161.jpg,2023,3,2,12,223,e_Very_Unhealthy,2023-03-02,20.5,48.2,338.0,56.9,14.0,72.0
"Biratnagar, Nepal",BIR_UNH_VF_2023-02-02- 15.00-3-34.jpg,2023,2,2,12,156,d_Unhealthy,2023-02-02,57.2,81.7,581.0,12.1,8.5,98.0
"New Ind Town, Faridabad",HAR_VUN_2022-10-02-10.00-1-2241.jpg,2022,10,2,12,230,e_Very_Unhealthy,2022-10-02,16.6,23.7,513.0,2.0,1.8,93.0
"Biratnagar, Nepal",BIR_MOD_2023-02-13-09.30-2-44.jpg,2023,2,13,12,91,b_Moderate,2023-02-13,40.7,59.3,429.0,13.7,9.2,101.0
"Biratnagar, Nepal",BIR_MOD_2023-02-13-09.30-4-8.jpg,2023,2,13,12,91,b_Moderate,2023-02-13,40.7,59.3,429.0,13.7,9.2,101.0
Tamil Nadu,TN_Good_2023-02-21-08.30-3-111.jpg,2023,2,21,12,29,a_Good,2023-02-21,2.1,3.2,146.0,1.6,0.3,82.0
"ITO, Delhi",DEL_VUH_2023-02-04-17.00-2-128.jpg,2023,2,4,12,281,e_Very_Unhealthy,2023-02-04,2.8,4.9,89.0,0.2,0.1,62.0
"Knowledge park, Greater Noida",UP_UN_2023-03-01-08.30-1-237.jpg,2023,3,1,12,199,d_Unhealthy,2023-03-01,21.1,47.7,354.0,67.2,13.3,48.0
Mumbai,MH_UN_2023-03-12-13.00-1-435.jpg,2023,3,12,12,156,d_Unhealthy,2023-03-12,240.3,345.5,1730.0,61.2,111.6,478.0
"Biratnagar, Nepal",BRI_Un_2023-02-02-1700-7.jpg,2023,2,2,12,156,d_Unhealthy,2023-02-02,57.2,81.7,581.0,12.1,8.5,98.0
"Knowledge park, Greater Noida",UP_SEV_2023-02-20-08.30-1-74.jpg,2023,2,20,12,331,f_Severe,2023-02-20,26.1,49.7,219.0,20.0,5.1,100.0
"Knowledge park, Greater Noida",UP_SEV_2023-02-20-08.30-1-30.jpg,2023,2,20,12,331,f_Severe,2023-02-20,26.1,49.7,219.0,20.0,5.1,100.0
"ITO, Delhi",DEL_SEV_2023-02-20-14.00-3-256.jpg,2023,2,20,12,363,f_Severe,2023-02-20,4.4,7.8,136.0,0.3,0.0,76.0
Bengaluru,BENGR_Mod_2023-02-21-08.30-1-346.jpg,2023,2,21,12,56,b_Moderate,2023-02-21,26.0,37.8,303.0,8.9,11.2,152.0
Mumbai,MH_UH_2023-02-02- 09.30-1-48.jpg,2023,2,2,12,182,d_Unhealthy,2023-02-02,122.9,179.7,829.0,44.0,61.7,239.0
"ITO, Delhi",DEL_SEV_2023-02-17-13.00-2-14.jpg,2023,2,17,12,372,f_Severe,2023-02-17,0.2,0.3,91.0,0.1,0.0,49.0
Bengaluru,BENGR_Mod_2023-03-06-08.30-1-331.jpg,2023,3,6,12,68,b_Moderate,2023-03-06,12.6,18.6,218.0,6.5,8.2,129.0
Tamil Nadu,TN_Good_2023-02-22-09.30-3-161.jpg,2023,2,22,12,36,a_Good,2023-02-22,8.3,12.4,216.0,13.8,2.4,52.0
"Knowledge park, Greater Noida",UP_SEV_2023-02-18-14.30-1-69.jpg,2023,2,18,12,331,f_Severe,2023-02-18,24.9,48.1,246.0,27.6,8.9,84.0
Bengaluru,BENGR_Mod_2023-03-06-08.30-1-121.jpg,2023,3,6,12,68,b_Moderate,2023-03-06,12.6,18.6,218.0,6.5,8.2,129.0
Tamil Nadu,TN_UnFSG_2023-03-09-09.00-2-151.jpg,2023,3,9,12,134,c_Unhealthy_for_Sensitive_Groups,2023-03-09,10.4,15.2,234.0,12.8,0.9,62.0
"Biratnagar, Nepal",BIR_MOD_2023-02-13-09.30-1-9.jpg,2023,2,13,12,91,b_Moderate,2023-02-13,40.7,59.3,429.0,13.7,9.2,101.0
"Biratnagar, Nepal",BIR_UNH_VF_2023-02-02- 12.00-3-60.jpg,2023,2,2,12,158,d_Unhealthy,2023-02-02,57.2,81.7,581.0,12.1,8.5,98.0
Tamil Nadu,TN_UN_2023-03-06-09.00-2-211.jpg,2023,3,6,12,161,d_Unhealthy,2023-03-06,15.6,22.5,298.0,24.2,0.8,36.0
Tamil Nadu,TN_Good_2023-02-21-08.30-1-121.jpg,2023,2,21,12,29,a_Good,2023-02-21,2.1,3.2,146.0,1.6,0.3,82.0
Tamil Nadu,TN_UnFSG_2023-03-02-08.30-2-101.jpg,2023,3,2,12,119,c_Unhealthy_for_Sensitive_Groups,2023-03-02,8.6,16.2,185.0,2.6,1.1,86.0
Bengaluru,BENGR_Mod_2023-02-23-08.30-1-126.jpg,2023,2,23,12,97,b_Moderate,2023-02-23,18.2,26.4,272.0,8.0,8.1,126.0
Mumbai,MH_UnFSG_2023-02-17-13.00-2-59.jpg,2023,2,17,12,140,c_Unhealthy_for_Sensitive_Groups,2023-02-17,64.3,96.9,620.0,42.0,43.7,225.0
Mumbai,MH_UH_2023-02-14-11.30-1-64.jpg,2023,2,14,12,160,d_Unhealthy,2023-02-14,81.3,119.0,721.0,41.8,52.8,260.0
Mumbai,MH_VUN_2023-03-05-08.30-1-41.jpg,2023,3,5,12,284,e_Very_Unhealthy,2023-03-05,278.5,401.4,1413.0,23.7,39.9,325.0
"Knowledge park, Greater Noida",UP_VUN_2023-03-02-09.00-1-657.jpg,2023,3,2,12,223,e_Very_Unhealthy,2023-03-02,20.5,48.2,338.0,56.9,14.0,72.0
Mumbai,MH_UnFSG_2023-03-10-16.00-1-126.jpg,2023,3,10,12,141,c_Unhealthy_for_Sensitive_Groups,2023-03-10,51.1,75.7,577.0,42.8,39.8,185.0
Mumbai,MH_UH_2023-02-19-12.00-1-17.jpg,2023,2,19,12,160,d_Unhealthy,2023-02-19,143.0,205.8,1159.0,48.0,73.1,327.0
Mumbai,MH_Mod_2023-03-21-15.00-1-379.jpg,2023,3,21,12,92,b_Moderate,2023-03-21,15.9,32.0,246.0,16.3,15.8,72.0
Mumbai,MH_UnFSG_2023-02-23-11.00-1-51.jpg,2023,2,23,12,130,c_Unhealthy_for_Sensitive_Groups,2023-02-23,70.5,109.9,662.0,40.6,61.8,226.0
Bengaluru,BENGR_Mod_2023-03-01-08.30-1-6.jpg,2023,3,1,12,70,b_Moderate,2023-03-01,17.0,25.4,362.0,6.3,6.0,122.0
Bengaluru,BENGR_Mod_2023-03-01-08.30-1-301.jpg,2023,3,1,12,70,b_Moderate,2023-03-01,17.0,25.4,362.0,6.3,6.0,122.0
Mumbai,MH_UH_2023-02-18-11.00-1-65.jpg,2023,2,18,12,151,d_Unhealthy,2023-02-18,100.4,145.8,792.0,40.1,53.4,275.0
Mumbai,MH_VUN_2023-02-24-15.00-1-326.jpg,2023,2,24,12,202,e_Very_Unhealthy,2023-02-24,73.3,112.7,633.0,41.2,49.7,231.0
"Biratnagar, Nepal",BIR_MOD_2023-02-13-09.30-1-30.jpg,2023,2,13,12,91,b_Moderate,2023-02-13,40.7,59.3,429.0,13.7,9.2,101.0
Mumbai,MH_UH_2023-02-02- 09.30-1-99.jpg,2023,2,2,12,182,d_Unhealthy,2023-02-02,122.9,179.7,829.0,44.0,61.7,239.0
Mumbai,MH_VUN_2023-02-24-15.00-1-301.jpg,2023,2,24,12,202,e_Very_Unhealthy,2023-02-24,73.3,112.7,633.0,41.2,49.7,231.0
"ITO, Delhi",DEL_VUnH_2023-02-16-14.30-1-159.jpg,2023,2,16,12,245,e_Very_Unhealthy,2023-02-16,2.0,3.3,115.0,0.6,0.0,52.0
"Biratnagar, Nepal",BIR_UFSG_2023-02-14- 14.30-2-49.jpg,2023,2,14,12,101,c_Unhealthy_for_Sensitive_Groups,2023-02-14,43.3,62.6,471.0,15.4,7.5,101.0
"Knowledge park, Greater Noida",UP_UHFSG_2023-03-06-11.30-1-277.jpg,2023,3,6,12,104,c_Unhealthy_for_Sensitive_Groups,2023-03-06,57.3,103.8,710.0,101.0,20.8,124.0
"ITO, Delhi",DEL_VUnH_2023-02-16-17.00-1-49.jpg,2023,2,16,12,293,e_Very_Unhealthy,2023-02-16,2.0,3.3,115.0,0.6,0.0,52.0
"Dimapur, Nagaland",Dimapur_UHFSG_2023-02-02- 09.00-2-27.jpg,2023,2,2,12,103,c_Unhealthy_for_Sensitive_Groups,2023-02-02,39.6,56.9,296.0,6.5,2.7,107.0
"New Ind Town, Faridabad",HAR_VUN_2022-10-02-10.00-1-3185.jpg,2022,10,2,12,230,e_Very_Unhealthy,2022-10-02,16.6,23.7,513.0,2.0,1.8,93.0
Bengaluru,BENGR_Mod_2023-02-23-08.30-1-16.jpg,2023,2,23,12,97,b_Moderate,2023-02-23,18.2,26.4,272.0,8.0,8.1,126.0
"ITO, Delhi",DEL_SEV_2023-02-20-14.00-3-31.jpg,2023,2,20,12,363,f_Severe,2023-02-20,4.4,7.8,136.0,0.3,0.0,76.0
Bengaluru,BENGR_Good_2023-02-19-08.30-1-25.jpg,2023,2,19,12,41,a_Good,2023-02-19,14.6,21.7,286.0,7.9,10.9,146.0
"ITO, Delhi",DEL_SEV_2023-02-17-13.00-2-71.jpg,2023,2,17,12,372,f_Severe,2023-02-17,0.2,0.3,91.0,0.1,0.0,49.0
Bengaluru,BENGR_Mod_2023-03-01-08.30-1-166.jpg,2023,3,1,12,70,b_Moderate,2023-03-01,17.0,25.4,362.0,6.3,6.0,122.0
"ITO, Delhi",DEL_VUnH_2023-02-16-14.30-1-45.jpg,2023,2,16,12,245,e_Very_Unhealthy,2023-02-16,2.0,3.3,115.0,0.6,0.0,52.0
"Knowledge park, Greater Noida",UP_VUN_2023-03-02-09.00-1-141.jpg,2023,3,2,12,223,e_Very_Unhealthy,2023-03-02,20.5,48.2,338.0,56.9,14.0,72.0
"New Ind Town, Faridabad",HAR_VUN_2022-10-02-10.00-1-1481.jpg,2022,10,2,12,230,e_Very_Unhealthy,2022-10-02,16.6,23.7,513.0,2.0,1.8,93.0
"ITO, Delhi",DEL_UnH_2023-02-15-11.30-2-35.jpg,2023,2,15,12,179,d_Unhealthy,2023-02-15,2.5,3.7,124.0,1.0,0.0,54.0
"Biratnagar, Nepal",BIR_UNH_VF_2023-02-02- 15.00-4-15.jpg,2023,2,2,12,156,d_Unhealthy,2023-02-02,57.2,81.7,581.0,12.1,8.5,98.0
"ITO, Delhi",DL_VUNH_2023-02-04-17.00-1-5.jpg,2023,2,4,12,281,e_Very_Unhealthy,2023-02-04,2.8,4.9,89.0,0.2,0.1,62.0
"ITO, Delhi",DEL_SEV_2023-02-17-13.00-2-38.jpg,2023,2,17,12,372,f_Severe,2023-02-17,0.2,0.3,91.0,0.1,0.0,49.0
"Knowledge park, Greater Noida",UP_UN_2023-03-01-08.30-1-165.jpg,2023,3,1,12,199,d_Unhealthy,2023-03-01,21.1,47.7,354.0,67.2,13.3,48.0
"ITO, Delhi",DEL_VUnH_2023-02-16-17.00-1-44.jpg,2023,2,16,12,293,e_Very_Unhealthy,2023-02-16,2.0,3.3,115.0,0.6,0.0,52.0
Bengaluru,BENGR_Mod_2023-03-13-08.30-1-211.jpg,2023,3,13,12,53,b_Moderate,2023-03-13,27.1,39.7,365.0,8.1,8.5,111.0
Tamil Nadu,TN_Good_2023-02-20-08.30-1-3.jpg,2023,2,20,12,37,a_Good,2023-02-20,2.1,3.0,150.0,2.1,0.4,78.0
Tamil Nadu,TN_UnFSG_2023-03-01-08.30-1-36.jpg,2023,3,1,12,111,c_Unhealthy_for_Sensitive_Groups,2023-03-01,11.3,16.5,244.0,12.0,2.9,66.0
"New Ind Town, Faridabad",HAR_VUN_2022-10-02-10.00-1-4745.jpg,2022,10,2,12,230,e_Very_Unhealthy,2022-10-02,16.6,23.7,513.0,2.0,1.8,93.0
"Biratnagar, Nepal",BIR_UNH_VF_2023-02-02- 15.00-2-21.jpg,2023,2,2,12,156,d_Unhealthy,2023-02-02,57.2,81.7,581.0,12.1,8.5,98.0
"Biratnagar, Nepal",BIR_UNH_VF_2023-02-02- 1700-3-59.jpg,2023,2,2,12,156,d_Unhealthy,2023-02-02,57.2,81.7,581.0,12.1,8.5,98.0
Tamil Nadu,TN_Good_2023-03-21-08.30-1-99.jpg,2023,3,21,12,27,a_Good,2023-03-21,8.3,12.3,214.0,11.7,1.2,58.0
"ITO, Delhi",DEL_SEV_2023-02-17-13.00-1-86.jpg,2023,2,17,12,372,f_Severe,2023-02-17,0.2,0.3,91.0,0.1,0.0,49.0
"Knowledge park, Greater Noida",UP_VUN_2023-03-02-09.00-1-169.jpg,2023,3,2,12,223,e_Very_Unhealthy,2023-03-02,20.5,48.2,338.0,56.9,14.0,72.0
Tamil Nadu,TN_UNH_2023-02-03-12.30-1-29.jpg,2023,2,3,12,150,d_Unhealthy,2023-02-03,26.3,38.1,500.0,65.8,1.9,18.0
Tamil Nadu,TN_Good_2023-02-22-09.30-3-56.jpg,2023,2,22,12,36,a_Good,2023-02-22,8.3,12.4,216.0,13.8,2.4,52.0
"ITO, Delhi",DEL_VUnH_2023-02-16-14.00-2-20.jpg,2023,2,16,12,268,e_Very_Unhealthy,2023-02-16,2.0,3.3,115.0,0.6,0.0,52.0
Mumbai,MH_Good_2023-03-22-18.00-5.jpg,2023,3,22,12,47,a_Good,2023-03-22,16.2,31.8,249.0,15.6,16.8,76.0
Tamil Nadu,TN_Good_2023-02-22-09.30-1-226.jpg,2023,2,22,12,36,a_Good,2023-02-22,8.3,12.4,216.0,13.8,2.4,52.0
Mumbai,MH_Good_2023-03-23-17.00-1-127.jpg,2023,3,23,12,47,a_Good,2023-03-23,18.4,34.5,257.0,17.2,19.2,71.0
"ITO, Delhi",DEL_VUnH_2023-02-16-14.30-1-101.jpg,2023,2,16,12,245,e_Very_Unhealthy,2023-02-16,2.0,3.3,115.0,0.6,0.0,52.0
"Biratnagar, Nepal",BIR_UNFSG_VF_2023-02-03-16.00-1-69.jpg,2023,2,3,12,141,c_Unhealthy_for_Sensitive_Groups,2023-02-03,69.8,99.7,581.0,11.6,6.8,112.0
"Biratnagar, Nepal",BIR_UNH_VF_2023-02-03- 10.00-1-47.jpg,2023,2,3,12,163,d_Unhealthy,2023-02-03,69.8,99.7,581.0,11.6,6.8,112.0
"New Ind Town, Faridabad",HAR_VUN_2022-10-02-10.00-1-873.jpg,2022,10,2,12,230,e_Very_Unhealthy,2022-10-02,16.6,23.7,513.0,2.0,1.8,93.0
"ITO, Delhi",DEL_VUH_2023-02-04-17.00-2-70.jpg,2023,2,4,12,281,e_Very_Unhealthy,2023-02-04,2.8,4.9,89.0,0.2,0.1,62.0
Tamil Nadu,TN_Good_2023-02-23-08.30-1-41.jpg,2023,2,23,12,43,a_Good,2023-02-23,2.9,4.1,131.0,0.9,1.6,95.0
"Biratnagar, Nepal",BIR_UFSG_2023-02-14- 14.30-2-31.jpg,2023,2,14,12,101,c_Unhealthy_for_Sensitive_Groups,2023-02-14,43.3,62.6,471.0,15.4,7.5,101.0
Mumbai,MH_UH_2023-02-11-03.30-2-62.jpg,2023,2,11,12,154,d_Unhealthy,2023-02-11,50.5,82.9,477.0,34.0,35.6,181.0
Tamil Nadu,TN_UN_2023-03-11-08.00-1-121.jpg,2023,3,11,12,152,d_Unhealthy,2023-03-11,4.6,7.8,155.0,2.7,0.9,90.0
Tamil Nadu,TN_MOD_2023-02-09-08.30-2-14.jpg,2023,2,9,12,78,b_Moderate,2023-02-09,20.1,29.8,485.0,57.4,2.2,10.0
"ITO, Delhi",DEL_VUnH_2023-02-16-17.00-2-37.jpg,2023,2,16,12,293,e_Very_Unhealthy,2023-02-16,2.0,3.3,115.0,0.6,0.0,52.0
"Biratnagar, Nepal",BIR_UNFSG_VF_2023-02-03-15.00-3-50.jpg,2023,2,3,12,141,c_Unhealthy_for_Sensitive_Groups,2023-02-03,69.8,99.7,581.0,11.6,6.8,112.0
"New Ind Town, Faridabad",HAR_VUN_2022-10-02-10.00-1-4281.jpg,2022,10,2,12,230,e_Very_Unhealthy,2022-10-02,16.6,23.7,513.0,2.0,1.8,93.0
Bengaluru,BENGR_Mod_2023-03-06-08.30-1-571.jpg,2023,3,6,12,68,b_Moderate,2023-03-06,12.6,18.6,218.0,6.5,8.2,129.0
"Biratnagar, Nepal",BIR_UNFSG_VF_2023-02-03-16.00-3-26.jpg,2023,2,3,12,141,c_Unhealthy_for_Sensitive_Groups,2023-02-03,69.8,99.7,581.0,11.6,6.8,112.0
Mumbai,MH_UN_2023-03-15-15.00-2.jpg,2023,3,15,12,162,d_Unhealthy,2023-03-15,190.5,276.6,1537.0,57.3,103.4,404.0
Mumbai,MH_UnFSG_2023-03-10-16.00-1-246.jpg,2023,3,10,12,141,c_Unhealthy_for_Sensitive_Groups,2023-03-10,51.1,75.7,577.0,42.8,39.8,185.0
"ITO, Delhi",DEL_SEV_2023-02-20-14.00-1-356.jpg,2023,2,20,12,363,f_Severe,2023-02-20,4.4,7.8,136.0,0.3,0.0,76.0
Bengaluru,BENGR_Mod_2023-03-09-08.30-1-76.jpg,2023,3,9,12,51,b_Moderate,2023-03-09,32.7,47.8,341.0,6.8,6.3,123.0
"ITO, Delhi",DEL_VUnH_2023-02-16-17.00-1-98.jpg,2023,2,16,12,293,e_Very_Unhealthy,2023-02-16,2.0,3.3,115.0,0.6,0.0,52.0
"ITO, Delhi",DEL_VUnH_2023-02-16-17.00-1-146.jpg,2023,2,16,12,293,e_Very_Unhealthy,2023-02-16,2.0,3.3,115.0,0.6,0.0,52.0
Mumbai,MH_UN_2023-03-15-15.00-8.jpg,2023,3,15,12,162,d_Unhealthy,2023-03-15,190.5,276.6,1537.0,57.3,103.4,404.0
Mumbai,MH_VUN_2023-02-25-10.00-1-91.jpg,2023,2,25,12,206,e_Very_Unhealthy,2023-02-25,64.3,98.3,654.0,37.4,50.9,173.0
"Biratnagar, Nepal",BIR_UNH_VF_2023-02-02- 12.00-1-71.jpg,2023,2,2,12,158,d_Unhealthy,2023-02-02,57.2,81.7,581.0,12.1,8.5,98.0
"Biratnagar, Nepal",BIR_UNH_VF_2023-02-02- 12.00-1-75.jpg,2023,2,2,12,158,d_Unhealthy,2023-02-02,57.2,81.7,581.0,12.1,8.5,98.0
"Biratnagar, Nepal",BIR_UH_2023-03-16-12.30-2-1.jpg,2023,3,16,12,154,d_Unhealthy,2023-03-16,68.5,98.7,456.0,5.4,8.3,132.0
"Knowledge park, Greater Noida",UP_UHFSG_2023-02-24-08.30-1-241.jpg,2023,2,24,12,141,c_Unhealthy_for_Sensitive_Groups,2023-02-24,132.7,224.4,1109.0,243.3,40.8,181.0
"Knowledge park, Greater Noida",UP_VUN_2023-03-02-09.00-1-529.jpg,2023,3,2,12,223,e_Very_Unhealthy,2023-03-02,20.5,48.2,338.0,56.9,14.0,72.0
"Biratnagar, Nepal",BIR_UNFSG_VF_2023-02-03-15.00-3-58.jpg,2023,2,3,12,141,c_Unhealthy_for_Sensitive_Groups,2023-02-03,69.8,99.7,581.0,11.6,6.8,112.0
Mumbai,MH_Mod_2023-03-21-15.00-1-22.jpg,2023,3,21,12,92,b_Moderate,2023-03-21,15.9,32.0,246.0,16.3,15.8,72.0
Tamil Nadu,TN_UNH_2023-02-03-12.30-1-1.jpg,2023,2,3,12,150,d_Unhealthy,2023-02-03,26.3,38.1,500.0,65.8,1.9,18.0
"Biratnagar, Nepal",BIR_UNH_VF_2023-02-02- 15.00-4-22.jpg,2023,2,2,12,156,d_Unhealthy,2023-02-02,57.2,81.7,581.0,12.1,8.5,98.0
"Knowledge park, Greater Noida",UP_UN_2023-03-01-08.30-1-281.jpg,2023,3,1,12,199,d_Unhealthy,2023-03-01,21.1,47.7,354.0,67.2,13.3,48.0
Bengaluru,BENGR_Good_2023-02-28-08.30-1-546.jpg,2023,2,28,12,37,a_Good,2023-02-28,27.2,39.7,398.0,7.6,7.8,127.0
"Biratnagar, Nepal",BIR_UH_2023-03-16-12.30-3-204.jpg,2023,3,16,12,154,d_Unhealthy,2023-03-16,68.5,98.7,456.0,5.4,8.3,132.0
Tamil Nadu,TN_UN_2023-03-06-09.00-2-166.jpg,2023,3,6,12,161,d_Unhealthy,2023-03-06,15.6,22.5,298.0,24.2,0.8,36.0
Tamil Nadu,TN_Good_2023-02-23-08.30-2-226.jpg,2023,2,23,12,43,a_Good,2023-02-23,2.9,4.1,131.0,0.9,1.6,95.0
"ITO, Delhi",DEL_SEV_2023-02-07-14.00-1-71.jpg,2023,2,7,12,449,f_Severe,2023-02-07,3.0,5.3,89.0,0.3,0.1,54.0
"Biratnagar, Nepal",BIR_UNH_VF_2023-02-03- 10.00-1-33.jpg,2023,2,3,12,163,d_Unhealthy,2023-02-03,69.8,99.7,581.0,11.6,6.8,112.0
Tamil Nadu,TN_MOD_2023-02-09-08.30-1-14.jpg,2023,2,9,12,78,b_Moderate,2023-02-09,20.1,29.8,485.0,57.4,2.2,10.0
Tamil Nadu,TN_UN_2023-03-06-09.00-2-141.jpg,2023,3,6,12,161,d_Unhealthy,2023-03-06,15.6,22.5,298.0,24.2,0.8,36.0
"ITO, Delhi",DEL_VUnH_2023-02-16-17.00-2-36.jpg,2023,2,16,12,293,e_Very_Unhealthy,2023-02-16,2.0,3.3,115.0,0.6,0.0,52.0
Bengaluru,BENGR_Good_2023-02-28-08.30-1-516.jpg,2023,2,28,12,37,a_Good,2023-02-28,27.2,39.7,398.0,7.6,7.8,127.0
"Knowledge park, Greater Noida",UP_VUN_2023-03-02-09.00-1-1.jpg,2023,3,2,12,223,e_Very_Unhealthy,2023-03-02,20.5,48.2,338.0,56.9,14.0,72.0
Tamil Nadu,TN_MOD_2023-02-09-08.30-2-24.jpg,2023,2,9,12,78,b_Moderate,2023-02-09,20.1,29.8,485.0,57.4,2.2,10.0
"Biratnagar, Nepal",BRI_UFSG_2023-02-03- 15.00-11.jpg,2023,2,3,12,141,c_Unhealthy_for_Sensitive_Groups,2023-02-03,69.8,99.7,581.0,11.6,6.8,112.0
Mumbai,MH_UH_2023-02-14-11.30-1-6.jpg,2023,2,14,12,160,d_Unhealthy,2023-02-14,81.3,119.0,721.0,41.8,52.8,260.0
Tamil Nadu,TN_Good_2023-02-22-09.30-2-61.jpg,2023,2,22,12,36,a_Good,2023-02-22,8.3,12.4,216.0,13.8,2.4,52.0
Mumbai,MH_UnFSG_2023-03-10-16.00-1-111.jpg,2023,3,10,12,141,c_Unhealthy_for_Sensitive_Groups,2023-03-10,51.1,75.7,577.0,42.8,39.8,185.0
Bengaluru,BENGR_Mod_2023-02-24-08.30-1-6.jpg,2023,2,24,12,68,b_Moderate,2023-02-24,11.3,16.6,250.0,9.2,10.1,126.0
Tamil Nadu,TN_UnFSG_2023-03-01-08.30-1-31.jpg,2023,3,1,12,111,c_Unhealthy_for_Sensitive_Groups,2023-03-01,11.3,16.5,244.0,12.0,2.9,66.0
"Biratnagar, Nepal",BIR_UNH_VF_2023-02-02- 12.00-1-37.jpg,2023,2,2,12,158,d_Unhealthy,2023-02-02,57.2,81.7,581.0,12.1,8.5,98.0
Mumbai,MH_UnFSG_2023-03-10-16.00-2.jpg,2023,3,10,12,141,c_Unhealthy_for_Sensitive_Groups,2023-03-10,51.1,75.7,577.0,42.8,39.8,185.0
"Dimapur, Nagaland",Dimapur_UHFSG_2023-02-02- 09.00-2-8.jpg,2023,2,2,12,103,c_Unhealthy_for_Sensitive_Groups,2023-02-02,39.6,56.9,296.0,6.5,2.7,107.0
Mumbai,MH_UnFSG_2023-03-18-11.00-1-92.jpg,2023,3,18,12,114,c_Unhealthy_for_Sensitive_Groups,2023-03-18,59.0,94.8,678.0,39.3,48.8,177.0
Mumbai,MH_Good_2023-03-22-11.00-1-1.jpg,2023,3,22,12,49,a_Good,2023-03-22,16.2,31.8,249.0,15.6,16.8,76.0
Bengaluru,BENGR_Good_2023-02-28-08.30-1-561.jpg,2023,2,28,12,37,a_Good,2023-02-28,27.2,39.7,398.0,7.6,7.8,127.0
Bengaluru,BENGR_Good_2023-03-25-08.30-1-83.jpg,2023,3,25,12,32,a_Good,2023-03-25,26.6,39.9,248.0,8.4,5.4,133.0
"Dimapur, Nagaland",Dimapur_MOD_2023-02-10-08.30-1-5.jpg,2023,2,10,12,63,b_Moderate,2023-02-10,95.7,140.2,322.0,4.6,4.8,113.0
"ITO, Delhi",DEL_SEV_2023-02-22-14.00-2-136.jpg,2023,2,22,12,450,f_Severe,2023-02-22,2.4,4.2,128.0,0.1,0.0,83.0
Bengaluru,BENGR_Mod_2023-02-25-08.30-1-156.jpg,2023,2,25,12,73,b_Moderate,2023-02-25,19.2,27.9,256.0,7.8,9.3,142.0
"ITO, Delhi",DEL_VUnH_2023-02-16-17.00-2-117.jpg,2023,2,16,12,293,e_Very_Unhealthy,2023-02-16,2.0,3.3,115.0,0.6,0.0,52.0
Mumbai,MH_VUN_2023-02-25-10.00-1-281.jpg,2023,2,25,12,206,e_Very_Unhealthy,2023-02-25,64.3,98.3,654.0,37.4,50.9,173.0
"ITO, Delhi",DEL_SEV_2023-02-20-14.00-1-191.jpg,2023,2,20,12,363,f_Severe,2023-02-20,4.4,7.8,136.0,0.3,0.0,76.0
"Biratnagar, Nepal",BIR_UNFSG_VF_2023-02-03-15.00-2-3.jpg,2023,2,3,12,141,c_Unhealthy_for_Sensitive_Groups,2023-02-03,69.8,99.7,581.0,11.6,6.8,112.0
Mumbai,MH_Mod_2023-03-21-15.00-1-71.jpg,2023,3,21,12,92,b_Moderate,2023-03-21,15.9,32.0,246.0,16.3,15.8,72.0
Tamil Nadu,TN_UN_2023-03-11-08.00-1.jpg,2023,3,11,12,152,d_Unhealthy,2023-03-11,4.6,7.8,155.0,2.7,0.9,90.0
"ITO, Delhi",DEL_VUnH_2023-02-16-14.30-1-57.jpg,2023,2,16,12,245,e_Very_Unhealthy,2023-02-16,2.0,3.3,115.0,0.6,0.0,52.0
Mumbai,MH_UnFSG_2023-02-15-10.30-3.jpg,2023,2,15,12,143,c_Unhealthy_for_Sensitive_Groups,2023-02-15,82.2,119.0,737.0,40.3,51.8,253.0
Tamil Nadu,TN_Good_2023-03-21-08.30-2-25.jpg,2023,3,21,12,27,a_Good,2023-03-21,8.3,12.3,214.0,11.7,1.2,58.0
"Biratnagar, Nepal",BIR_MOD_2023-02-13-09.30-4-19.jpg,2023,2,13,12,91,b_Moderate,2023-02-13,40.7,59.3,429.0,13.7,9.2,101.0
"Biratnagar, Nepal",BIR_UNFSG_VF_2023-02-03-15.00-3-4.jpg,2023,2,3,12,141,c_Unhealthy_for_Sensitive_Groups,2023-02-03,69.8,99.7,581.0,11.6,6.8,112.0
Mumbai,MH_UN_2023-03-15-15.00-1-274.jpg,2023,3,15,12,162,d_Unhealthy,2023-03-15,190.5,276.6,1537.0,57.3,103.4,404.0
"ITO, Delhi",DEL_VUnH_2023-02-16-14.30-1-67.jpg,2023,2,16,12,245,e_Very_Unhealthy,2023-02-16,2.0,3.3,115.0,0.6,0.0,52.0
Mumbai,MH_UnFSG_2023-02-17-19.00-2-31.jpg,2023,2,17,12,145,c_Unhealthy_for_Sensitive_Groups,2023-02-17,64.3,96.9,620.0,42.0,43.7,225.0
Tamil Nadu,TN_UnFSG_2023-03-03-09.00-2-116.jpg,2023,3,3,12,121,c_Unhealthy_for_Sensitive_Groups,2023-03-03,5.2,9.4,154.0,1.6,1.3,86.0
Bengaluru,BENGR_Good_2023-02-28-08.30-1-51.jpg,2023,2,28,12,37,a_Good,2023-02-28,27.2,39.7,398.0,7.6,7.8,127.0
Bengaluru,BENGR_Mod_2023-02-23-08.30-1-396.jpg,2023,2,23,12,97,b_Moderate,2023-02-23,18.2,26.4,272.0,8.0,8.1,126.0
Bengaluru,BENGR_Mod_2023-03-04-08.30-1-336.jpg,2023,3,4,12,71,b_Moderate,2023-03-04,17.8,26.3,251.0,6.2,6.9,118.0
Tamil Nadu,TN_Good_2023-02-22-09.30-3-111.jpg,2023,2,22,12,36,a_Good,2023-02-22,8.3,12.4,216.0,13.8,2.4,52.0
"ITO, Delhi",DEL_SEV_2023-02-20-14.00-1-601.jpg,2023,2,20,12,363,f_Severe,2023-02-20,4.4,7.8,136.0,0.3,0.0,76.0
"Biratnagar, Nepal",BIR_MOD_2023-02-13-09.30-4-36.jpg,2023,2,13,12,91,b_Moderate,2023-02-13,40.7,59.3,429.0,13.7,9.2,101.0
"Knowledge park, Greater Noida",UP_VUN_2023-03-02-09.00-1-357.jpg,2023,3,2,12,223,e_Very_Unhealthy,2023-03-02,20.5,48.2,338.0,56.9,14.0,72.0
"ITO, Delhi",DEL_VUnH_2023-02-16-14.30-1-182.jpg,2023,2,16,12,245,e_Very_Unhealthy,2023-02-16,2.0,3.3,115.0,0.6,0.0,52.0
Tamil Nadu,TN_UN_2023-03-06-09.00-2-41.jpg,2023,3,6,12,161,d_Unhealthy,2023-03-06,15.6,22.5,298.0,24.2,0.8,36.0
"Biratnagar, Nepal",BIR_UNFSG_VF_2023-02-03-16.00-3-63.jpg,2023,2,3,12,141,c_Unhealthy_for_Sensitive_Groups,2023-02-03,69.8,99.7,581.0,11.6,6.8,112.0
"Biratnagar, Nepal",BIR_UH_2023-03-16-12.30-3-183.jpg,2023,3,16,12,154,d_Unhealthy,2023-03-16,68.5,98.7,456.0,5.4,8.3,132.0
"Biratnagar, Nepal",BIR_MOD_2023-02-13-09.30-2-57.jpg,2023,2,13,12,91,b_Moderate,2023-02-13,40.7,59.3,429.0,13.7,9.2,101.0
Bengaluru,BENGR_Mod_2023-03-13-08.30-1-323.jpg,2023,3,13,12,53,b_Moderate,2023-03-13,27.1,39.7,365.0,8.1,8.5,111.0
Tamil Nadu,TN_UnFSG_2023-03-03-09.00-2-246.jpg,2023,3,3,12,121,c_Unhealthy_for_Sensitive_Groups,2023-03-03,5.2,9.4,154.0,1.6,1.3,86.0
"Biratnagar, Nepal",BIR_UNH_VF_2023-02-02- 15.00-3-55.jpg,2023,2,2,12,156,d_Unhealthy,2023-02-02,57.2,81.7,581.0,12.1,8.5,98.0
"ITO, Delhi",DEL_SEV_2023-02-07-14.00-1-98.jpg,2023,2,7,12,449,f_Severe,2023-02-07,3.0,5.3,89.0,0.3,0.1,54.0
"Biratnagar, Nepal",BIR_UNH_VF_2023-02-02- 12.00-2-82.jpg,2023,2,2,12,158,d_Unhealthy,2023-02-02,57.2,81.7,581.0,12.1,8.5,98.0
"ITO, Delhi",DEL_SEV_2023-02-16-18.00-2-118.jpg,2023,2,16,12,330,f_Severe,2023-02-16,2.0,3.3,115.0,0.6,0.0,52.0
"Biratnagar, Nepal",BRI_Un_2023-02-09-08.00-15.jpg,2023,2,9,12,171,d_Unhealthy,2023-02-09,94.8,138.8,596.0,11.1,12.4,122.0
Mumbai,MH_Mod_2023-03-21-15.00-5.jpg,2023,3,21,12,92,b_Moderate,2023-03-21,15.9,32.0,246.0,16.3,15.8,72.0
"ITO, Delhi",DEL_VUnH_2023-02-16-17.00-1-95.jpg,2023,2,16,12,293,e_Very_Unhealthy,2023-02-16,2.0,3.3,115.0,0.6,0.0,52.0
Mumbai,MH_VUN_2023-03-05-08.30-1-26.jpg,2023,3,5,12,284,e_Very_Unhealthy,2023-03-05,278.5,401.4,1413.0,23.7,39.9,325.0
Mumbai,MH_UH_2023-02-02- 09.30-1-1.jpg,2023,2,2,12,182,d_Unhealthy,2023-02-02,122.9,179.7,829.0,44.0,61.7,239.0
"ITO, Delhi",DEL_SEV_2023-02-07-14.00-1-37.jpg,2023,2,7,12,449,f_Severe,2023-02-07,3.0,5.3,89.0,0.3,0.1,54.0
Tamil Nadu,TN_Good_2023-02-22-09.30-2-11.jpg,2023,2,22,12,36,a_Good,2023-02-22,8.3,12.4,216.0,13.8,2.4,52.0
"ITO, Delhi",DEL_VUnH_2023-02-16-14.00-3-16.jpg,2023,2,16,12,268,e_Very_Unhealthy,2023-02-16,2.0,3.3,115.0,0.6,0.0,52.0
"ITO, Delhi",DEL_VUnH_2023-02-16-17.00-2-113.jpg,2023,2,16,12,293,e_Very_Unhealthy,2023-02-16,2.0,3.3,115.0,0.6,0.0,52.0
"New Ind Town, Faridabad",HAR_VUN_2022-10-02-10.00-1-113.jpg,2022,10,2,12,230,e_Very_Unhealthy,2022-10-02,16.6,23.7,513.0,2.0,1.8,93.0
Bengaluru,BENGR_Good_2023-02-19-08.30-1-2.jpg,2023,2,19,12,41,a_Good,2023-02-19,14.6,21.7,286.0,7.9,10.9,146.0
"ITO, Delhi",DEL_SEV_2023-02-07-14.00-1-84.jpg,2023,2,7,12,449,f_Severe,2023-02-07,3.0,5.3,89.0,0.3,0.1,54.0
Bengaluru,BENGR_Good_2023-02-28-08.30-1-511.jpg,2023,2,28,12,37,a_Good,2023-02-28,27.2,39.7,398.0,7.6,7.8,127.0
"Biratnagar, Nepal",BIR_UNFSG_VF_2023-02-03-15.00-2-19.jpg,2023,2,3,12,141,c_Unhealthy_for_Sensitive_Groups,2023-02-03,69.8,99.7,581.0,11.6,6.8,112.0
"New Ind Town, Faridabad",HAR_VUN_2022-10-02-10.00-1-2017.jpg,2022,10,2,12,230,e_Very_Unhealthy,2022-10-02,16.6,23.7,513.0,2.0,1.8,93.0
"Biratnagar, Nepal",BIR_UNH_VF_2023-02-03- 10.00-1-12.jpg,2023,2,3,12,163,d_Unhealthy,2023-02-03,69.8,99.7,581.0,11.6,6.8,112.0
"ITO, Delhi",DEL_VUnH_2023-02-16-17.00-2-127.jpg,2023,2,16,12,293,e_Very_Unhealthy,2023-02-16,2.0,3.3,115.0,0.6,0.0,52.0
Mumbai,MH_VUN_2023-02-24-15.00-1-336.jpg,2023,2,24,12,202,e_Very_Unhealthy,2023-02-24,73.3,112.7,633.0,41.2,49.7,231.0
"Biratnagar, Nepal",BIR_UNH_VF_2023-02-03- 10.00-1-50.jpg,2023,2,3,12,163,d_Unhealthy,2023-02-03,69.8,99.7,581.0,11.6,6.8,112.0
"Knowledge park, Greater Noida",UP_VUN_2023-03-02-09.00-1-185.jpg,2023,3,2,12,223,e_Very_Unhealthy,2023-03-02,20.5,48.2,338.0,56.9,14.0,72.0
Bengaluru,BENGR_Good_2023-02-26-08.30-1-256.jpg,2023,2,26,12,48,a_Good,2023-02-26,24.5,35.4,262.0,6.6,12.6,156.0
"Knowledge park, Greater Noida",UP_SEV_2023-02-18-14.30-1-24.jpg,2023,2,18,12,331,f_Severe,2023-02-18,24.9,48.1,246.0,27.6,8.9,84.0
Tamil Nadu,TN_UNH_2023-02-03-12.30-1-30.jpg,2023,2,3,12,150,d_Unhealthy,2023-02-03,26.3,38.1,500.0,65.8,1.9,18.0
"Biratnagar, Nepal",BIR_UNH_VF_2023-02-02- 15.00-4-53.jpg,2023,2,2,12,156,d_Unhealthy,2023-02-02,57.2,81.7,581.0,12.1,8.5,98.0
Tamil Nadu,TN_Good_2023-02-23-08.30-2-46.jpg,2023,2,23,12,43,a_Good,2023-02-23,2.9,4.1,131.0,0.9,1.6,95.0
Mumbai,MH_UnFSG_2023-02-15-10.30-1-80.jpg,2023,2,15,12,143,c_Unhealthy_for_Sensitive_Groups,2023-02-15,82.2,119.0,737.0,40.3,51.8,253.0
Bengaluru,BENGR_Mod_2023-03-01-08.30-1-311.jpg,2023,3,1,12,70,b_Moderate,2023-03-01,17.0,25.4,362.0,6.3,6.0,122.0
"Biratnagar, Nepal",BIR_MOD_2023-02-13-09.30-2-81.jpg,2023,2,13,12,91,b_Moderate,2023-02-13,40.7,59.3,429.0,13.7,9.2,101.0
"Knowledge park, Greater Noida",UP_SEV_2023-02-20-08.30-1-54.jpg,2023,2,20,12,331,f_Severe,2023-02-20,26.1,49.7,219.0,20.0,5.1,100.0
Mumbai,MH_UN_2023-03-13-10.00-1-169.jpg,2023,3,13,12,197,d_Unhealthy,2023-03-13,346.5,501.1,2447.0,38.8,125.9,577.0
"Biratnagar, Nepal",BIR_UNH_VF_2023-02-02- 12.00-2-14.jpg,2023,2,2,12,158,d_Unhealthy,2023-02-02,57.2,81.7,581.0,12.1,8.5,98.0
Tamil Nadu,TN_Good_2023-02-23-08.30-1-56.jpg,2023,2,23,12,43,a_Good,2023-02-23,2.9,4.1,131.0,0.9,1.6,95.0
Mumbai,MH_UH_2023-02-11-03.30-2-6.jpg,2023,2,11,12,154,d_Unhealthy,2023-02-11,50.5,82.9,477.0,34.0,35.6,181.0
Mumbai,MH_UN_2023-03-15-15.00-1-141.jpg,2023,3,15,12,162,d_Unhealthy,2023-03-15,190.5,276.6,1537.0,57.3,103.4,404.0
"ITO, Delhi",DEL_VUnH_2023-02-16-17.00-2-1.jpg,2023,2,16,12,293,e_Very_Unhealthy,2023-02-16,2.0,3.3,115.0,0.6,0.0,52.0
Bengaluru,BENGR_Mod_2023-03-06-08.30-1-486.jpg,2023,3,6,12,68,b_Moderate,2023-03-06,12.6,18.6,218.0,6.5,8.2,129.0
"ITO, Delhi",DEL_SEV_2023-02-22-14.00-2-476.jpg,2023,2,22,12,450,f_Severe,2023-02-22,2.4,4.2,128.0,0.1,0.0,83.0
Tamil Nadu,TN_Good_2023-02-27-16.30-1-216.jpg,2023,2,27,12,43,a_Good,2023-02-27,5.9,9.2,177.0,7.1,1.1,74.0
"Knowledge park, Greater Noida",UP_SEV_2023-02-18-11.00-1-31.jpg,2023,2,18,12,320,f_Severe,2023-02-18,24.9,48.1,246.0,27.6,8.9,84.0
"ITO, Delhi",DEL_VUnH_2023-02-16-17.00-1-58.jpg,2023,2,16,12,293,e_Very_Unhealthy,2023-02-16,2.0,3.3,115.0,0.6,0.0,52.0
Tamil Nadu,TN_UHFSG_2023-02-10-08.30-1-44.jpg,2023,2,10,12,105,c_Unhealthy_for_Sensitive_Groups,2023-02-10,3.4,5.3,152.0,3.8,0.5,78.0
"Biratnagar, Nepal",BIR_UFSG_2023-02-14- 14.30-2-60.jpg,2023,2,14,12,101,c_Unhealthy_for_Sensitive_Groups,2023-02-14,43.3,62.6,471.0,15.4,7.5,101.0
Mumbai,MH_UnFSG_2023-03-10-16.00-1-361.jpg,2023,3,10,12,141,c_Unhealthy_for_Sensitive_Groups,2023-03-10,51.1,75.7,577.0,42.8,39.8,185.0
"Biratnagar, Nepal",BIR_UNFSG_VF_2023-02-03-15.00-1-36.jpg,2023,2,3,12,141,c_Unhealthy_for_Sensitive_Groups,2023-02-03,69.8,99.7,581.0,11.6,6.8,112.0
"ITO, Delhi",DEL_SEV_2023-02-17-13.00-2-63.jpg,2023,2,17,12,372,f_Severe,2023-02-17,0.2,0.3,91.0,0.1,0.0,49.0
"ITO, Delhi",DEL_SEV_2023-02-17-13.00-1-44.jpg,2023,2,17,12,372,f_Severe,2023-02-17,0.2,0.3,91.0,0.1,0.0,49.0
Tamil Nadu,TN_Good_2023-02-20-16.30-1-111.jpg,2023,2,20,12,43,a_Good,2023-02-20,2.1,3.0,150.0,2.1,0.4,78.0
Bengaluru,BENGR_Good_2023-02-27-08.30-1-356.jpg,2023,2,27,12,47,a_Good,2023-02-27,10.8,15.8,277.0,6.9,7.3,131.0
Mumbai,MH_UnFSG_2023-02-23-11.00-1-36.jpg,2023,2,23,12,130,c_Unhealthy_for_Sensitive_Groups,2023-02-23,70.5,109.9,662.0,40.6,61.8,226.0
"Biratnagar, Nepal",BIR_UH_2023-03-16-12.30-1-274.jpg,2023,3,16,12,154,d_Unhealthy,2023-03-16,68.5,98.7,456.0,5.4,8.3,132.0
Tamil Nadu,TN_Good_2023-02-22-09.30-1-271.jpg,2023,2,22,12,36,a_Good,2023-02-22,8.3,12.4,216.0,13.8,2.4,52.0
"ITO, Delhi",DEL_VUnH_2023-02-16-14.30-1-164.jpg,2023,2,16,12,245,e_Very_Unhealthy,2023-02-16,2.0,3.3,115.0,0.6,0.0,52.0
Tamil Nadu,TN_Good_2023-02-23-08.30-1-231.jpg,2023,2,23,12,43,a_Good,2023-02-23,2.9,4.1,131.0,0.9,1.6,95.0
"ITO, Delhi",DEL_VUnH_2023-02-16-14.30-1-4.jpg,2023,2,16,12,245,e_Very_Unhealthy,2023-02-16,2.0,3.3,115.0,0.6,0.0,52.0
"ITO, Delhi",DEL_SEV_2023-02-22-14.00-2-471.jpg,2023,2,22,12,450,f_Severe,2023-02-22,2.4,4.2,128.0,0.1,0.0,83.0
"ITO, Delhi",DEL_SEV_2023-02-20-14.00-3-81.jpg,2023,2,20,12,363,f_Severe,2023-02-20,4.4,7.8,136.0,0.3,0.0,76.0
"ITO, Delhi",DEL_SEV_2023-02-20-14.00-1-471.jpg,2023,2,20,12,363,f_Severe,2023-02-20,4.4,7.8,136.0,0.3,0.0,76.0
Mumbai,MH_UN_2023-03-12-13.00-1-169.jpg,2023,3,12,12,156,d_Unhealthy,2023-03-12,240.3,345.5,1730.0,61.2,111.6,478.0
Tamil Nadu,TN_Good_2023-02-21-08.30-1-11.jpg,2023,2,21,12,29,a_Good,2023-02-21,2.1,3.2,146.0,1.6,0.3,82.0
"Dimapur, Nagaland",Dimapur_UHFSG_2023-02-02- 09.00-1-58.jpg,2023,2,2,12,103,c_Unhealthy_for_Sensitive_Groups,2023-02-02,39.6,56.9,296.0,6.5,2.7,107.0
"Knowledge park, Greater Noida",UP_UHFSG_2023-02-08-08.30-1-63.jpg,2023,2,8,12,133,c_Unhealthy_for_Sensitive_Groups,2023-02-08,53.7,112.2,526.0,86.8,19.1,87.0
"ITO, Delhi",DEL_SEV_2023-02-22-14.00-2-486.jpg,2023,2,22,12,450,f_Severe,2023-02-22,2.4,4.2,128.0,0.1,0.0,83.0
Bengaluru,BENGR_Good_2023-02-19-08.30-1-24.jpg,2023,2,19,12,41,a_Good,2023-02-19,14.6,21.7,286.0,7.9,10.9,146.0
"ITO, Delhi",DEL_SEV_2023-02-17-13.00-1-56.jpg,2023,2,17,12,372,f_Severe,2023-02-17,0.2,0.3,91.0,0.1,0.0,49.0
Mumbai,MH_UnFSG_2023-02-16-17.00-2.jpg,2023,2,16,12,128,c_Unhealthy_for_Sensitive_Groups,2023-02-16,80.8,118.3,643.0,38.1,47.3,247.0
"Biratnagar, Nepal",BIR_UNH_VF_2023-02-02- 12.00-3-36.jpg,2023,2,2,12,158,d_Unhealthy,2023-02-02,57.2,81.7,581.0,12.1,8.5,98.0
"Biratnagar, Nepal",BIR_UNFSG_VF_2023-02-03-15.00-3-25.jpg,2023,2,3,12,141,c_Unhealthy_for_Sensitive_Groups,2023-02-03,69.8,99.7,581.0,11.6,6.8,112.0
"Knowledge park, Greater Noida",UP_SEV_2023-02-18-14.30-1-97.jpg,2023,2,18,12,331,f_Severe,2023-02-18,24.9,48.1,246.0,27.6,8.9,84.0
Mumbai,MH_UN_2023-03-16-11.00-1-22.jpg,2023,3,16,12,159,d_Unhealthy,2023-03-16,59.3,90.6,871.0,64.4,81.4,199.0
Tamil Nadu,TN_Good_2023-02-20-08.30-1-44.jpg,2023,2,20,12,37,a_Good,2023-02-20,2.1,3.0,150.0,2.1,0.4,78.0
Bengaluru,BENGR_Mod_2023-02-21-08.30-1-416.jpg,2023,2,21,12,56,b_Moderate,2023-02-21,26.0,37.8,303.0,8.9,11.2,152.0
"Biratnagar, Nepal",BIR_UNH_VF_2023-02-03- 10.00-2-71.jpg,2023,2,3,12,163,d_Unhealthy,2023-02-03,69.8,99.7,581.0,11.6,6.8,112.0
Bengaluru,BENGR_Mod_2023-03-01-08.30-1-391.jpg,2023,3,1,12,70,b_Moderate,2023-03-01,17.0,25.4,362.0,6.3,6.0,122.0
"ITO, Delhi",DEL_SEV_2023-02-20-14.00-1-396.jpg,2023,2,20,12,363,f_Severe,2023-02-20,4.4,7.8,136.0,0.3,0.0,76.0
Bengaluru,BENGR_Mod_2023-02-25-08.30-1-211.jpg,2023,2,25,12,73,b_Moderate,2023-02-25,19.2,27.9,256.0,7.8,9.3,142.0
"Knowledge park, Greater Noida",UP_VUN_2023-03-02-09.00-1-733.jpg,2023,3,2,12,223,e_Very_Unhealthy,2023-03-02,20.5,48.2,338.0,56.9,14.0,72.0
"New Ind Town, Faridabad",HAR_VUN_2022-10-02-10.00-1-3017.jpg,2022,10,2,12,230,e_Very_Unhealthy,2022-10-02,16.6,23.7,513.0,2.0,1.8,93.0
"Dimapur, Nagaland",Dimapur_UHFSG_2023-02-02- 09.00-1-38.jpg,2023,2,2,12,103,c_Unhealthy_for_Sensitive_Groups,2023-02-02,39.6,56.9,296.0,6.5,2.7,107.0
Tamil Nadu,TN_Good_2023-02-23-08.30-2-116.jpg,2023,2,23,12,43,a_Good,2023-02-23,2.9,4.1,131.0,0.9,1.6,95.0
"New Ind Town, Faridabad",HAR_VUN_2022-10-02-10.00-1-4673.jpg,2022,10,2,12,230,e_Very_Unhealthy,2022-10-02,16.6,23.7,513.0,2.0,1.8,93.0
Tamil Nadu,TN_Good_2023-02-22-09.30-1-251.jpg,2023,2,22,12,36,a_Good,2023-02-22,8.3,12.4,216.0,13.8,2.4,52.0
Mumbai,MH_UN_2023-03-16-11.00-6.jpg,2023,3,16,12,159,d_Unhealthy,2023-03-16,59.3,90.6,871.0,64.4,81.4,199.0
"ITO, Delhi",DEL_SEV_2023-02-22-14.00-1-111.jpg,2023,2,22,12,450,f_Severe,2023-02-22,2.4,4.2,128.0,0.1,0.0,83.0
Mumbai,MH_UH_2023-02-11-03.30-2-21.jpg,2023,2,11,12,154,d_Unhealthy,2023-02-11,50.5,82.9,477.0,34.0,35.6,181.0
"Knowledge park, Greater Noida",UP_UN_2023-03-01-08.30-1-21.jpg,2023,3,1,12,199,d_Unhealthy,2023-03-01,21.1,47.7,354.0,67.2,13.3,48.0
"ITO, Delhi",DL_VUNH_2023-02-04-17.00-1-76.jpg,2023,2,4,12,281,e_Very_Unhealthy,2023-02-04,2.8,4.9,89.0,0.2,0.1,62.0
Tamil Nadu,TN_Good_2023-02-21-08.30-3-161.jpg,2023,2,21,12,29,a_Good,2023-02-21,2.1,3.2,146.0,1.6,0.3,82.0
Bengaluru,BENGR_Mod_2023-02-21-08.30-1-206.jpg,2023,2,21,12,56,b_Moderate,2023-02-21,26.0,37.8,303.0,8.9,11.2,152.0
Bengaluru,BENGR_Mod_2023-03-06-08.30-1-356.jpg,2023,3,6,12,68,b_Moderate,2023-03-06,12.6,18.6,218.0,6.5,8.2,129.0
Tamil Nadu,TN_UN_2023-03-06-09.00-2-136.jpg,2023,3,6,12,161,d_Unhealthy,2023-03-06,15.6,22.5,298.0,24.2,0.8,36.0
"Knowledge park, Greater Noida",UP_UHFSG_2023-02-08-08.30-1-40.jpg,2023,2,8,12,133,c_Unhealthy_for_Sensitive_Groups,2023-02-08,53.7,112.2,526.0,86.8,19.1,87.0
"Dimapur, Nagaland",Dimapur_UHFSG_2023-02-02- 09.00-3-50.jpg,2023,2,2,12,103,c_Unhealthy_for_Sensitive_Groups,2023-02-02,39.6,56.9,296.0,6.5,2.7,107.0
"Biratnagar, Nepal",BIR_UNH_VF_2023-02-02- 15.00-2-7.jpg,2023,2,2,12,156,d_Unhealthy,2023-02-02,57.2,81.7,581.0,12.1,8.5,98.0
"ITO, Delhi",DEL_VUnH_2023-02-16-14.30-1-134.jpg,2023,2,16,12,245,e_Very_Unhealthy,2023-02-16,2.0,3.3,115.0,0.6,0.0,52.0
"Biratnagar, Nepal",BIR_UFSG_2023-02-14- 14.30-3-17.jpg,2023,2,14,12,101,c_Unhealthy_for_Sensitive_Groups,2023-02-14,43.3,62.6,471.0,15.4,7.5,101.0
"Biratnagar, Nepal",BIR_MOD_2023-02-13-09.30-3-41.jpg,2023,2,13,12,91,b_Moderate,2023-02-13,40.7,59.3,429.0,13.7,9.2,101.0
"Biratnagar, Nepal",BIR_MOD_2023-02-13-09.30-4-63.jpg,2023,2,13,12,91,b_Moderate,2023-02-13,40.7,59.3,429.0,13.7,9.2,101.0
Tamil Nadu,TN_Good_2023-02-20-16.30-1-231.jpg,2023,2,20,12,43,a_Good,2023-02-20,2.1,3.0,150.0,2.1,0.4,78.0
"Biratnagar, Nepal",BIR_UNFSG_VF_2023-02-03-16.00-1-1.jpg,2023,2,3,12,141,c_Unhealthy_for_Sensitive_Groups,2023-02-03,69.8,99.7,581.0,11.6,6.8,112.0
"ITO, Delhi",DEL_VUnH_2023-02-16-17.00-1-81.jpg,2023,2,16,12,293,e_Very_Unhealthy,2023-02-16,2.0,3.3,115.0,0.6,0.0,52.0
Tamil Nadu,TN_Good_2023-02-23-08.30-1-86.jpg,2023,2,23,12,43,a_Good,2023-02-23,2.9,4.1,131.0,0.9,1.6,95.0
"Biratnagar, Nepal",BIR_UNFSG_VF_2023-02-03-16.00-1-66.jpg,2023,2,3,12,141,c_Unhealthy_for_Sensitive_Groups,2023-02-03,69.8,99.7,581.0,11.6,6.8,112.0
"Biratnagar, Nepal",BIR_UFSG_2023-02-14- 14.30-12.jpg,2023,2,14,12,101,c_Unhealthy_for_Sensitive_Groups,2023-02-14,43.3,62.6,471.0,15.4,7.5,101.0
"ITO, Delhi",DEL_SEV_2023-02-07-14.00-1-124.jpg,2023,2,7,12,449,f_Severe,2023-02-07,3.0,5.3,89.0,0.3,0.1,54.0
Bengaluru,BENGR_Good_2023-02-28-08.30-1-86.jpg,2023,2,28,12,37,a_Good,2023-02-28,27.2,39.7,398.0,7.6,7.8,127.0
"Biratnagar, Nepal",BIR_UNH_VF_2023-02-02- 1700-3-61.jpg,2023,2,2,12,156,d_Unhealthy,2023-02-02,57.2,81.7,581.0,12.1,8.5,98.0
"ITO, Delhi",DEL_SEV_2023-02-17-13.00-1-71.jpg,2023,2,17,12,372,f_Severe,2023-02-17,0.2,0.3,91.0,0.1,0.0,49.0
"New Ind Town, Faridabad",HAR_VUN_2022-10-02-10.00-1-4961.jpg,2022,10,2,12,230,e_Very_Unhealthy,2022-10-02,16.6,23.7,513.0,2.0,1.8,93.0
Mumbai,MH_UnFSG_2023-02-15-10.30-1-27.jpg,2023,2,15,12,143,c_Unhealthy_for_Sensitive_Groups,2023-02-15,82.2,119.0,737.0,40.3,51.8,253.0
Bengaluru,BENGR_UHFSG_2023-02-05-08.30-1-2.jpg,2023,2,3,12,111,c_Unhealthy_for_Sensitive_Groups,2023-02-03,19.7,31.1,321.0,13.6,3.8,86.0
"ITO, Delhi",DEL_SEV_2023-02-07-14.00-1-28.jpg,2023,2,7,12,449,f_Severe,2023-02-07,3.0,5.3,89.0,0.3,0.1,54.0
"Biratnagar, Nepal",BIR_UNFSG_VF_2023-02-03-16.00-2-76.jpg,2023,2,3,12,141,c_Unhealthy_for_Sensitive_Groups,2023-02-03,69.8,99.7,581.0,11.6,6.8,112.0
"ITO, Delhi",DEL_UnH_2023-02-15-11.30-2-20.jpg,2023,2,15,12,179,d_Unhealthy,2023-02-15,2.5,3.7,124.0,1.0,0.0,54.0
Mumbai,MH_UnFSG_2023-03-14-13.00-1-91.jpg,2023,3,14,12,138,c_Unhealthy_for_Sensitive_Groups,2023-03-14,160.7,240.3,1639.0,42.4,85.0,345.0
Tamil Nadu,TN_UN_2023-03-06-09.00-2-51.jpg,2023,3,6,12,161,d_Unhealthy,2023-03-06,15.6,22.5,298.0,24.2,0.8,36.0
"Biratnagar, Nepal",BIR_UH_2023-03-16-12.30-3.jpg,2023,3,16,12,154,d_Unhealthy,2023-03-16,68.5,98.7,456.0,5.4,8.3,132.0
Mumbai,MH_UN_2023-03-13-10.00-1-204.jpg,2023,3,13,12,197,d_Unhealthy,2023-03-13,346.5,501.1,2447.0,38.8,125.9,577.0
"ITO, Delhi",DEL_SEV_2023-02-20-14.00-1-116.jpg,2023,2,20,12,363,f_Severe,2023-02-20,4.4,7.8,136.0,0.3,0.0,76.0
Mumbai,MH_UH_2023-02-02- 09.30-1-50.jpg,2023,2,2,12,182,d_Unhealthy,2023-02-02,122.9,179.7,829.0,44.0,61.7,239.0
"Biratnagar, Nepal",BIR_UNH_VF_2023-02-02- 12.00-1-61.jpg,2023,2,2,12,158,d_Unhealthy,2023-02-02,57.2,81.7,581.0,12.1,8.5,98.0
"ITO, Delhi",DEL_VUnH_2023-02-16-14.30-1-130.jpg,2023,2,16,12,245,e_Very_Unhealthy,2023-02-16,2.0,3.3,115.0,0.6,0.0,52.0
"ITO, Delhi",DEL_SEV_2023-02-07-14.00-1-131.jpg,2023,2,7,12,449,f_Severe,2023-02-07,3.0,5.3,89.0,0.3,0.1,54.0
Bengaluru,BENGR_Mod_2023-02-21-08.30-1-256.jpg,2023,2,21,12,56,b_Moderate,2023-02-21,26.0,37.8,303.0,8.9,11.2,152.0
Bengaluru,BENGR_UHFSG_2023-02-15-14.30-1-4.jpg,2023,2,15,12,103,c_Unhealthy_for_Sensitive_Groups,2023-02-15,18.6,26.8,278.0,7.8,11.8,147.0
"Biratnagar, Nepal",BIR_UNFSG_VF_2023-02-03-16.00-3-74.jpg,2023,2,3,12,141,c_Unhealthy_for_Sensitive_Groups,2023-02-03,69.8,99.7,581.0,11.6,6.8,112.0
"ITO, Delhi",DEL_SEV_2023-02-16-18.00-1-2.jpg,2023,2,16,12,330,f_Severe,2023-02-16,2.0,3.3,115.0,0.6,0.0,52.0
"Knowledge park, Greater Noida",UP_UHFSG_2023-03-06-11.30-1-281.jpg,2023,3,6,12,104,c_Unhealthy_for_Sensitive_Groups,2023-03-06,57.3,103.8,710.0,101.0,20.8,124.0
"Biratnagar, Nepal",BIR_UH_2023-03-16-12.30-3-302.jpg,2023,3,16,12,154,d_Unhealthy,2023-03-16,68.5,98.7,456.0,5.4,8.3,132.0
"Biratnagar, Nepal",BIR_MOD_2023-02-13-09.30-3-45.jpg,2023,2,13,12,91,b_Moderate,2023-02-13,40.7,59.3,429.0,13.7,9.2,101.0
"Biratnagar, Nepal",BIR_UNH_VF_2023-02-03- 10.00-2-53.jpg,2023,2,3,12,163,d_Unhealthy,2023-02-03,69.8,99.7,581.0,11.6,6.8,112.0
"ITO, Delhi",DEL_SEV_2023-02-16-18.00-1-14.jpg,2023,2,16,12,330,f_Severe,2023-02-16,2.0,3.3,115.0,0.6,0.0,52.0
"New Ind Town, Faridabad",HAR_VUN_2022-10-02-10.00-1-4793.jpg,2022,10,2,12,230,e_Very_Unhealthy,2022-10-02,16.6,23.7,513.0,2.0,1.8,93.0
Tamil Nadu,TN_UnFSG_2023-03-03-09.00-2-96.jpg,2023,3,3,12,121,c_Unhealthy_for_Sensitive_Groups,2023-03-03,5.2,9.4,154.0,1.6,1.3,86.0
"Biratnagar, Nepal",BIR_UNH_VF_2023-02-03- 10.00-3-77.jpg,2023,2,3,12,163,d_Unhealthy,2023-02-03,69.8,99.7,581.0,11.6,6.8,112.0
"New Ind Town, Faridabad",HAR_VUN_2022-10-02-10.00-1-4345.jpg,2022,10,2,12,230,e_Very_Unhealthy,2022-10-02,16.6,23.7,513.0,2.0,1.8,93.0
Mumbai,MH_UnFSG_2023-02-15-10.30-1-69.jpg,2023,2,15,12,143,c_Unhealthy_for_Sensitive_Groups,2023-02-15,82.2,119.0,737.0,40.3,51.8,253.0
"Biratnagar, Nepal",BIR_UNH_VF_2023-02-02- 15.00-3-43.jpg,2023,2,2,12,156,d_Unhealthy,2023-02-02,57.2,81.7,581.0,12.1,8.5,98.0
"Dimapur, Nagaland",Dimapur_UHFSG_2023-02-02- 09.00-2-40.jpg,2023,2,2,12,103,c_Unhealthy_for_Sensitive_Groups,2023-02-02,39.6,56.9,296.0,6.5,2.7,107.0
"New Ind Town, Faridabad",HAR_VUN_2022-10-02-10.00-1-2849.jpg,2022,10,2,12,230,e_Very_Unhealthy,2022-10-02,16.6,23.7,513.0,2.0,1.8,93.0
Bengaluru,BENGR_UnFSG_2023-03-08-08.30-1-186.jpg,2023,3,8,12,106,c_Unhealthy_for_Sensitive_Groups,2023-03-08,16.9,24.7,244.0,5.9,5.7,120.0
"Biratnagar, Nepal",BIR_UNH_VF_2023-02-03- 10.00-2-64.jpg,2023,2,3,12,163,d_Unhealthy,2023-02-03,69.8,99.7,581.0,11.6,6.8,112.0
"ITO, Delhi",DEL_UnH_2023-02-15-11.30-2-47.jpg,2023,2,15,12,179,d_Unhealthy,2023-02-15,2.5,3.7,124.0,1.0,0.0,54.0
"Knowledge park, Greater Noida",UP_VUN_2023-03-02-09.00-1-633.jpg,2023,3,2,12,223,e_Very_Unhealthy,2023-03-02,20.5,48.2,338.0,56.9,14.0,72.0
"Biratnagar, Nepal",BIR_UH_2023-03-16-12.30-1-113.jpg,2023,3,16,12,154,d_Unhealthy,2023-03-16,68.5,98.7,456.0,5.4,8.3,132.0
"Knowledge park, Greater Noida",UP_VUN_2023-03-02-09.00-1-93.jpg,2023,3,2,12,223,e_Very_Unhealthy,2023-03-02,20.5,48.2,338.0,56.9,14.0,72.0
Mumbai,MH_Good_2023-03-23-17.00-1-176.jpg,2023,3,23,12,47,a_Good,2023-03-23,18.4,34.5,257.0,17.2,19.2,71.0
Mumbai,MH_UnFSG_2023-02-23-11.00-1-76.jpg,2023,2,23,12,130,c_Unhealthy_for_Sensitive_Groups,2023-02-23,70.5,109.9,662.0,40.6,61.8,226.0
"Knowledge park, Greater Noida",UP_VUN_2023-03-02-09.00-1-561.jpg,2023,3,2,12,223,e_Very_Unhealthy,2023-03-02,20.5,48.2,338.0,56.9,14.0,72.0
"ITO, Delhi",DEL_VUH_2023-02-04-17.00-2-19.jpg,2023,2,4,12,281,e_Very_Unhealthy,2023-02-04,2.8,4.9,89.0,0.2,0.1,62.0
Mumbai,MH_UN_2023-03-16-11.00-1-281.jpg,2023,3,16,12,159,d_Unhealthy,2023-03-16,59.3,90.6,871.0,64.4,81.4,199.0
Bengaluru,BENGR_Good_2023-02-26-08.30-1-381.jpg,2023,2,26,12,48,a_Good,2023-02-26,24.5,35.4,262.0,6.6,12.6,156.0
Bengaluru,BENGR_Good_2023-02-27-08.30-1-351.jpg,2023,2,27,12,47,a_Good,2023-02-27,10.8,15.8,277.0,6.9,7.3,131.0
"ITO, Delhi",DEL_VUnH_2023-02-16-14.30-1-81.jpg,2023,2,16,12,245,e_Very_Unhealthy,2023-02-16,2.0,3.3,115.0,0.6,0.0,52.0
Mumbai,MH_UH_2023-02-10-14.30-1-54.jpg,2023,2,10,12,160,d_Unhealthy,2023-02-10,74.7,110.8,581.0,28.9,36.7,198.0
Bengaluru,BENGR_Good_2023-02-28-08.30-1-606.jpg,2023,2,28,12,37,a_Good,2023-02-28,27.2,39.7,398.0,7.6,7.8,127.0
Bengaluru,BENGR_Good_2023-02-28-08.30-1-81.jpg,2023,2,28,12,37,a_Good,2023-02-28,27.2,39.7,398.0,7.6,7.8,127.0
Tamil Nadu,TN_Good_2023-03-21-08.30-2-129.jpg,2023,3,21,12,27,a_Good,2023-03-21,8.3,12.3,214.0,11.7,1.2,58.0
Bengaluru,BENGR_Mod_2023-03-01-08.30-1-86.jpg,2023,3,1,12,70,b_Moderate,2023-03-01,17.0,25.4,362.0,6.3,6.0,122.0
Mumbai,MH_Good_2023-03-22-18.00-1-325.jpg,2023,3,22,12,47,a_Good,2023-03-22,16.2,31.8,249.0,15.6,16.8,76.0
Mumbai,MH_UN_2023-03-12-13.00-1-120.jpg,2023,3,12,12,156,d_Unhealthy,2023-03-12,240.3,345.5,1730.0,61.2,111.6,478.0
Bengaluru,BENGR_Good_2023-03-17-08.30-1-204.jpg,2023,3,17,12,15,a_Good,2023-03-17,20.8,31.4,332.0,11.4,4.1,112.0
"Knowledge park, Greater Noida",UP_UHFSG_2023-02-08-08.30-1-116.jpg,2023,2,8,12,133,c_Unhealthy_for_Sensitive_Groups,2023-02-08,53.7,112.2,526.0,86.8,19.1,87.0
Bengaluru,BENGR_UnFSG_2023-03-08-08.30-1-6.jpg,2023,3,8,12,106,c_Unhealthy_for_Sensitive_Groups,2023-03-08,16.9,24.7,244.0,5.9,5.7,120.0
"ITO, Delhi",DEL_VUnH_2023-02-16-17.00-1-13.jpg,2023,2,16,12,293,e_Very_Unhealthy,2023-02-16,2.0,3.3,115.0,0.6,0.0,52.0
Bengaluru,BENGR_Mod_2023-03-06-08.30-1-241.jpg,2023,3,6,12,68,b_Moderate,2023-03-06,12.6,18.6,218.0,6.5,8.2,129.0
"New Ind Town, Faridabad",HAR_VUN_2022-10-02-10.00-1-3137.jpg,2022,10,2,12,230,e_Very_Unhealthy,2022-10-02,16.6,23.7,513.0,2.0,1.8,93.0
"Biratnagar, Nepal",BIR_MOD_2023-02-13-09.30-4-60.jpg,2023,2,13,12,91,b_Moderate,2023-02-13,40.7,59.3,429.0,13.7,9.2,101.0
Bengaluru,BENGR_Good_2023-03-21-08.30-1-127.jpg,2023,3,21,12,47,a_Good,2023-03-21,9.1,13.8,245.0,15.6,3.6,110.0
Mumbai,MH_UN_2023-03-02-08.00-1-41.jpg,2023,3,2,12,156,d_Unhealthy,2023-03-02,165.8,246.8,1018.0,45.0,70.9,342.0
Bengaluru,BENGR_UnFSG_2023-03-08-08.30-1-41.jpg,2023,3,8,12,106,c_Unhealthy_for_Sensitive_Groups,2023-03-08,16.9,24.7,244.0,5.9,5.7,120.0
"Biratnagar, Nepal",BIR_UFSG_2023-02-14- 14.30-1-7.jpg,2023,2,14,12,101,c_Unhealthy_for_Sensitive_Groups,2023-02-14,43.3,62.6,471.0,15.4,7.5,101.0
"Biratnagar, Nepal",BIR_UNH_VF_2023-02-02- 15.00-4-54.jpg,2023,2,2,12,156,d_Unhealthy,2023-02-02,57.2,81.7,581.0,12.1,8.5,98.0
Tamil Nadu,TN_UnFSG_2023-03-02-08.30-1-211.jpg,2023,3,2,12,119,c_Unhealthy_for_Sensitive_Groups,2023-03-02,8.6,16.2,185.0,2.6,1.1,86.0
"Biratnagar, Nepal",BIR_MOD_2023-02-13-09.30-3-32.jpg,2023,2,13,12,91,b_Moderate,2023-02-13,40.7,59.3,429.0,13.7,9.2,101.0
Bengaluru,BENGR_Good_2023-03-21-08.30-1-1.jpg,2023,3,21,12,47,a_Good,2023-03-21,9.1,13.8,245.0,15.6,3.6,110.0
Tamil Nadu,TN_UnFSG_2023-03-09-09.00-1-121.jpg,2023,3,9,12,134,c_Unhealthy_for_Sensitive_Groups,2023-03-09,10.4,15.2,234.0,12.8,0.9,62.0
Tamil Nadu,TN_MOD_2023-02-09-08.30-2-32.jpg,2023,2,9,12,78,b_Moderate,2023-02-09,20.1,29.8,485.0,57.4,2.2,10.0
"ITO, Delhi",DEL_VUnH_2023-02-16-17.00-2-133.jpg,2023,2,16,12,293,e_Very_Unhealthy,2023-02-16,2.0,3.3,115.0,0.6,0.0,52.0
Tamil Nadu,TN_Good_2023-02-23-08.30-1-151.jpg,2023,2,23,12,43,a_Good,2023-02-23,2.9,4.1,131.0,0.9,1.6,95.0
"Biratnagar, Nepal",BIR_UNFSG_VF_2023-02-03-16.00-2-62.jpg,2023,2,3,12,141,c_Unhealthy_for_Sensitive_Groups,2023-02-03,69.8,99.7,581.0,11.6,6.8,112.0
"Knowledge park, Greater Noida",UP_SEV_2023-02-18-14.30-1-25.jpg,2023,2,18,12,331,f_Severe,2023-02-18,24.9,48.1,246.0,27.6,8.9,84.0
"Biratnagar, Nepal",BIR_UNH_VF_2023-02-02- 15.00-4-13.jpg,2023,2,2,12,156,d_Unhealthy,2023-02-02,57.2,81.7,581.0,12.1,8.5,98.0
Bengaluru,BENGR_Good_2023-03-21-08.30-1-456.jpg,2023,3,21,12,47,a_Good,2023-03-21,9.1,13.8,245.0,15.6,3.6,110.0
"Biratnagar, Nepal",BIR_UNH_VF_2023-02-02- 15.00-2-53.jpg,2023,2,2,12,156,d_Unhealthy,2023-02-02,57.2,81.7,581.0,12.1,8.5,98.0
"New Ind Town, Faridabad",HAR_VUN_2022-10-02-10.00-1-3153.jpg,2022,10,2,12,230,e_Very_Unhealthy,2022-10-02,16.6,23.7,513.0,2.0,1.8,93.0
"ITO, Delhi",DEL_SEV_2023-02-17-13.00-2-72.jpg,2023,2,17,12,372,f_Severe,2023-02-17,0.2,0.3,91.0,0.1,0.0,49.0
"Biratnagar, Nepal",BIR_UNFSG_VF_2023-02-03-15.00-1-2.jpg,2023,2,3,12,141,c_Unhealthy_for_Sensitive_Groups,2023-02-03,69.8,99.7,581.0,11.6,6.8,112.0
Mumbai,MH_VUN_2023-03-05-08.30-1-6.jpg,2023,3,5,12,284,e_Very_Unhealthy,2023-03-05,278.5,401.4,1413.0,23.7,39.9,325.0
Tamil Nadu,TN_UN_2023-03-11-08.00-1-96.jpg,2023,3,11,12,152,d_Unhealthy,2023-03-11,4.6,7.8,155.0,2.7,0.9,90.0
"New Ind Town, Faridabad",HAR_VUN_2022-10-02-10.00-1-3977.jpg,2022,10,2,12,230,e_Very_Unhealthy,2022-10-02,16.6,23.7,513.0,2.0,1.8,93.0
"ITO, Delhi",DEL_SEV_2023-02-17-13.00-1-41.jpg,2023,2,17,12,372,f_Severe,2023-02-17,0.2,0.3,91.0,0.1,0.0,49.0
"ITO, Delhi",DEL_SEV_2023-02-20-14.00-1-516.jpg,2023,2,20,12,363,f_Severe,2023-02-20,4.4,7.8,136.0,0.3,0.0,76.0
"Knowledge park, Greater Noida",UP_SEV_2023-02-18-14.30-1-27.jpg,2023,2,18,12,331,f_Severe,2023-02-18,24.9,48.1,246.0,27.6,8.9,84.0
"New Ind Town, Faridabad",HAR_VUN_2022-10-02-10.00-1-2897.jpg,2022,10,2,12,230,e_Very_Unhealthy,2022-10-02,16.6,23.7,513.0,2.0,1.8,93.0
"ITO, Delhi",DEL_VUH_2023-02-04-17.00-2-177.jpg,2023,2,4,12,281,e_Very_Unhealthy,2023-02-04,2.8,4.9,89.0,0.2,0.1,62.0
Mumbai,MH_UnFSG_2023-03-08-11.00-1-366.jpg,2023,3,8,12,124,c_Unhealthy_for_Sensitive_Groups,2023-03-08,97.1,144.8,836.0,49.2,63.9,264.0
"ITO, Delhi",DEL_VUH_2023-02-04-17.00-2-103.jpg,2023,2,4,12,281,e_Very_Unhealthy,2023-02-04,2.8,4.9,89.0,0.2,0.1,62.0
"Biratnagar, Nepal",BIR_UNH_VF_2023-02-02- 15.00-2-26.jpg,2023,2,2,12,156,d_Unhealthy,2023-02-02,57.2,81.7,581.0,12.1,8.5,98.0
Mumbai,MH_UH_2023-02-10-14.30-1-45.jpg,2023,2,10,12,160,d_Unhealthy,2023-02-10,74.7,110.8,581.0,28.9,36.7,198.0
"ITO, Delhi",DEL_SEV_2023-02-20-14.00-2-196.jpg,2023,2,20,12,363,f_Severe,2023-02-20,4.4,7.8,136.0,0.3,0.0,76.0
"ITO, Delhi",DEL_VUnH_2023-02-16-14.30-1-19.jpg,2023,2,16,12,245,e_Very_Unhealthy,2023-02-16,2.0,3.3,115.0,0.6,0.0,52.0
Bengaluru,BENGR_Mod_2023-03-09-08.30-1-46.jpg,2023,3,9,12,51,b_Moderate,2023-03-09,32.7,47.8,341.0,6.8,6.3,123.0
Mumbai,MH_UN_2023-03-16-11.00-3.jpg,2023,3,16,12,159,d_Unhealthy,2023-03-16,59.3,90.6,871.0,64.4,81.4,199.0
Tamil Nadu,TN_UnFSG_2023-03-03-09.00-1-131.jpg,2023,3,3,12,121,c_Unhealthy_for_Sensitive_Groups,2023-03-03,5.2,9.4,154.0,1.6,1.3,86.0
Bengaluru,BENGR_Good_2023-02-27-08.30-1-191.jpg,2023,2,27,12,47,a_Good,2023-02-27,10.8,15.8,277.0,6.9,7.3,131.0
Bengaluru,BENGR_Mod_2023-03-01-08.30-1-236.jpg,2023,3,1,12,70,b_Moderate,2023-03-01,17.0,25.4,362.0,6.3,6.0,122.0
Mumbai,MH_UnFSG_2023-03-08-11.00-1-156.jpg,2023,3,8,12,124,c_Unhealthy_for_Sensitive_Groups,2023-03-08,97.1,144.8,836.0,49.2,63.9,264.0
"ITO, Delhi",DEL_UnH_2023-02-15-11.30-1-15.jpg,2023,2,15,12,179,d_Unhealthy,2023-02-15,2.5,3.7,124.0,1.0,0.0,54.0
"Knowledge park, Greater Noida",UP_VUN_2023-03-02-09.00-1-181.jpg,2023,3,2,12,223,e_Very_Unhealthy,2023-03-02,20.5,48.2,338.0,56.9,14.0,72.0
Bengaluru,BENGR_UHFSG_2023-02-09-08.30-1-41.jpg,2023,2,9,12,103,c_Unhealthy_for_Sensitive_Groups,2023-02-09,28.2,41.3,282.0,10.7,8.9,132.0
"Biratnagar, Nepal",BRI_Un_2023-02-02-1700-11.jpg,2023,2,2,12,156,d_Unhealthy,2023-02-02,57.2,81.7,581.0,12.1,8.5,98.0
Mumbai,MH_UnFSG_2023-02-15-10.30-1-75.jpg,2023,2,15,12,143,c_Unhealthy_for_Sensitive_Groups,2023-02-15,82.2,119.0,737.0,40.3,51.8,253.0
Bengaluru,BENGR_Mod_2023-02-21-08.30-1-456.jpg,2023,2,21,12,56,b_Moderate,2023-02-21,26.0,37.8,303.0,8.9,11.2,152.0
Tamil Nadu,TN_UnFSG_2023-03-03-09.00-2-121.jpg,2023,3,3,12,121,c_Unhealthy_for_Sensitive_Groups,2023-03-03,5.2,9.4,154.0,1.6,1.3,86.0
"ITO, Delhi",DEL_SEV_2023-02-17-13.00-2-8.jpg,2023,2,17,12,372,f_Severe,2023-02-17,0.2,0.3,91.0,0.1,0.0,49.0
Mumbai,MH_Good_2023-03-23-17.00-1-267.jpg,2023,3,23,12,47,a_Good,2023-03-23,18.4,34.5,257.0,17.2,19.2,71.0
Bengaluru,BENGR_Mod_2023-02-21-08.30-1-61.jpg,2023,2,21,12,56,b_Moderate,2023-02-21,26.0,37.8,303.0,8.9,11.2,152.0
"ITO, Delhi",DEL_SEV_2023-02-16-18.00-2-107.jpg,2023,2,16,12,330,f_Severe,2023-02-16,2.0,3.3,115.0,0.6,0.0,52.0
"Knowledge park, Greater Noida",UP_SEV_2023-02-18-11.00-1-4.jpg,2023,2,18,12,320,f_Severe,2023-02-18,24.9,48.1,246.0,27.6,8.9,84.0
"ITO, Delhi",DEL_VUnH_2023-02-16-17.00-1-56.jpg,2023,2,16,12,293,e_Very_Unhealthy,2023-02-16,2.0,3.3,115.0,0.6,0.0,52.0
"Knowledge park, Greater Noida",UP_SEV_2023-02-20-08.30-1-1.jpg,2023,2,20,12,331,f_Severe,2023-02-20,26.1,49.7,219.0,20.0,5.1,100.0
Mumbai,MH_UN_2023-03-16-11.00-1-232.jpg,2023,3,16,12,159,d_Unhealthy,2023-03-16,59.3,90.6,871.0,64.4,81.4,199.0
Bengaluru,BENGR_Mod_2023-03-13-08.30-1-337.jpg,2023,3,13,12,53,b_Moderate,2023-03-13,27.1,39.7,365.0,8.1,8.5,111.0
"Biratnagar, Nepal",BIR_UNH_VF_2023-02-02- 12.00-1-19.jpg,2023,2,2,12,158,d_Unhealthy,2023-02-02,57.2,81.7,581.0,12.1,8.5,98.0
Mumbai,MH_VUN_2023-02-25-10.00-1.jpg,2023,2,25,12,206,e_Very_Unhealthy,2023-02-25,64.3,98.3,654.0,37.4,50.9,173.0
"ITO, Delhi",DEL_SEV_2023-02-16-18.00-2-47.jpg,2023,2,16,12,330,f_Severe,2023-02-16,2.0,3.3,115.0,0.6,0.0,52.0
Mumbai,MH_VUN_2023-02-24-15.00-1-11.jpg,2023,2,24,12,202,e_Very_Unhealthy,2023-02-24,73.3,112.7,633.0,41.2,49.7,231.0
Mumbai,MH_UH_2023-02-11-03.30-1-2.jpg,2023,2,11,12,154,d_Unhealthy,2023-02-11,50.5,82.9,477.0,34.0,35.6,181.0
"Knowledge park, Greater Noida",UP_VUN_2023-03-02-09.00-1-405.jpg,2023,3,2,12,223,e_Very_Unhealthy,2023-03-02,20.5,48.2,338.0,56.9,14.0,72.0
Mumbai,MH_UH_2023-02-10-14.30-1-72.jpg,2023,2,10,12,160,d_Unhealthy,2023-02-10,74.7,110.8,581.0,28.9,36.7,198.0
Mumbai,MH_UnFSG_2023-02-15-10.30-1-2.jpg,2023,2,15,12,143,c_Unhealthy_for_Sensitive_Groups,2023-02-15,82.2,119.0,737.0,40.3,51.8,253.0
"Biratnagar, Nepal",BIR_UNH_VF_2023-02-02- 1700-2-62.jpg,2023,2,2,12,156,d_Unhealthy,2023-02-02,57.2,81.7,581.0,12.1,8.5,98.0
Mumbai,MH_UH_2023-02-14-11.30-1-35.jpg,2023,2,14,12,160,d_Unhealthy,2023-02-14,81.3,119.0,721.0,41.8,52.8,260.0
Bengaluru,BENGR_Mod_2023-03-01-08.30-1-16.jpg,2023,3,1,12,70,b_Moderate,2023-03-01,17.0,25.4,362.0,6.3,6.0,122.0
"ITO, Delhi",DEL_SEV_2023-02-07-14.00-1-96.jpg,2023,2,7,12,449,f_Severe,2023-02-07,3.0,5.3,89.0,0.3,0.1,54.0
Mumbai,MH_UH_2023-02-18-11.00-1-27.jpg,2023,2,18,12,151,d_Unhealthy,2023-02-18,100.4,145.8,792.0,40.1,53.4,275.0
"ITO, Delhi",DEL_SEV_2023-02-22-14.00-2-596.jpg,2023,2,22,12,450,f_Severe,2023-02-22,2.4,4.2,128.0,0.1,0.0,83.0
Bengaluru,BENGR_UHFSG_2023-02-05-08.30-1-51.jpg,2023,2,3,12,111,c_Unhealthy_for_Sensitive_Groups,2023-02-03,19.7,31.1,321.0,13.6,3.8,86.0
"Biratnagar, Nepal",BIR_UH_2023-03-16-12.30-3-267.jpg,2023,3,16,12,154,d_Unhealthy,2023-03-16,68.5,98.7,456.0,5.4,8.3,132.0
Bengaluru,BENGR_Good_2023-03-25-08.30-1-40.jpg,2023,3,25,12,32,a_Good,2023-03-25,26.6,39.9,248.0,8.4,5.4,133.0
Tamil Nadu,TN_Good_2023-02-20-16.30-2-151.jpg,2023,2,20,12,43,a_Good,2023-02-20,2.1,3.0,150.0,2.1,0.4,78.0
Tamil Nadu,TN_Good_2023-02-22-09.30-3-91.jpg,2023,2,22,12,36,a_Good,2023-02-22,8.3,12.4,216.0,13.8,2.4,52.0
Tamil Nadu,TN_Good_2023-02-22-09.30-3-46.jpg,2023,2,22,12,36,a_Good,2023-02-22,8.3,12.4,216.0,13.8,2.4,52.0
"Biratnagar, Nepal",BIR_UH_2023-03-16-12.30-2-148.jpg,2023,3,16,12,154,d_Unhealthy,2023-03-16,68.5,98.7,456.0,5.4,8.3,132.0
Bengaluru,BENGR_Mod_2023-03-04-08.30-1-136.jpg,2023,3,4,12,71,b_Moderate,2023-03-04,17.8,26.3,251.0,6.2,6.9,118.0
"ITO, Delhi",DEL_SEV_2023-02-17-13.00-2-46.jpg,2023,2,17,12,372,f_Severe,2023-02-17,0.2,0.3,91.0,0.1,0.0,49.0
Bengaluru,BENGR_Mod_2023-03-13-08.30-1-113.jpg,2023,3,13,12,53,b_Moderate,2023-03-13,27.1,39.7,365.0,8.1,8.5,111.0
"Biratnagar, Nepal",BIR_UNFSG_VF_2023-02-03-16.00-1-58.jpg,2023,2,3,12,141,c_Unhealthy_for_Sensitive_Groups,2023-02-03,69.8,99.7,581.0,11.6,6.8,112.0
Bengaluru,BENGR_Mod_2023-03-04-08.30-1-226.jpg,2023,3,4,12,71,b_Moderate,2023-03-04,17.8,26.3,251.0,6.2,6.9,118.0
Tamil Nadu,TN_UnFSG_2023-03-09-09.00-2-56.jpg,2023,3,9,12,134,c_Unhealthy_for_Sensitive_Groups,2023-03-09,10.4,15.2,234.0,12.8,0.9,62.0
"Biratnagar, Nepal",BIR_UFSG_2023-02-14- 14.30-2-51.jpg,2023,2,14,12,101,c_Unhealthy_for_Sensitive_Groups,2023-02-14,43.3,62.6,471.0,15.4,7.5,101.0
"ITO, Delhi",DEL_VUnH_2023-02-16-17.00-2-21.jpg,2023,2,16,12,293,e_Very_Unhealthy,2023-02-16,2.0,3.3,115.0,0.6,0.0,52.0
"ITO, Delhi",DEL_VUnH_2023-02-16-14.00-3-1.jpg,2023,2,16,12,268,e_Very_Unhealthy,2023-02-16,2.0,3.3,115.0,0.6,0.0,52.0
"Biratnagar, Nepal",BIR_UNH_VF_2023-02-02- 15.00-2-17.jpg,2023,2,2,12,156,d_Unhealthy,2023-02-02,57.2,81.7,581.0,12.1,8.5,98.0
"Biratnagar, Nepal",BIR_UNH_VF_2023-02-02- 12.00-1-120.jpg,2023,2,2,12,158,d_Unhealthy,2023-02-02,57.2,81.7,581.0,12.1,8.5,98.0
Tamil Nadu,TN_Good_2023-02-22-09.30-3-271.jpg,2023,2,22,12,36,a_Good,2023-02-22,8.3,12.4,216.0,13.8,2.4,52.0
Bengaluru,BENGR_UHFSG_2023-02-09-08.30-1-14.jpg,2023,2,9,12,103,c_Unhealthy_for_Sensitive_Groups,2023-02-09,28.2,41.3,282.0,10.7,8.9,132.0
"New Ind Town, Faridabad",HAR_VUN_2022-10-02-10.00-1-2337.jpg,2022,10,2,12,230,e_Very_Unhealthy,2022-10-02,16.6,23.7,513.0,2.0,1.8,93.0
"New Ind Town, Faridabad",HAR_VUN_2022-10-02-10.00-1-1297.jpg,2022,10,2,12,230,e_Very_Unhealthy,2022-10-02,16.6,23.7,513.0,2.0,1.8,93.0
"ITO, Delhi",DEL_VUnH_2023-02-16-14.30-1-47.jpg,2023,2,16,12,245,e_Very_Unhealthy,2023-02-16,2.0,3.3,115.0,0.6,0.0,52.0
Bengaluru,BENGR_Good_2023-03-17-08.30-1-393.jpg,2023,3,17,12,15,a_Good,2023-03-17,20.8,31.4,332.0,11.4,4.1,112.0
Bengaluru,BENGR_Mod_2023-03-04-08.30-1-231.jpg,2023,3,4,12,71,b_Moderate,2023-03-04,17.8,26.3,251.0,6.2,6.9,118.0
"Biratnagar, Nepal",BIR_UNH_VF_2023-02-02- 15.00-4-52.jpg,2023,2,2,12,156,d_Unhealthy,2023-02-02,57.2,81.7,581.0,12.1,8.5,98.0
"Dimapur, Nagaland",Dimapur_MOD_2023-02-10-08.30-2-58.jpg,2023,2,10,12,63,b_Moderate,2023-02-10,95.7,140.2,322.0,4.6,4.8,113.0
"Biratnagar, Nepal",BIR_UNFSG_VF_2023-02-03-15.00-2-36.jpg,2023,2,3,12,141,c_Unhealthy_for_Sensitive_Groups,2023-02-03,69.8,99.7,581.0,11.6,6.8,112.0
"Biratnagar, Nepal",BIR_UNH_VF_2023-02-03- 10.00-3-27.jpg,2023,2,3,12,163,d_Unhealthy,2023-02-03,69.8,99.7,581.0,11.6,6.8,112.0
Tamil Nadu,TN_UnFSG_2023-03-08-08.30-1-196.jpg,2023,3,8,12,121,c_Unhealthy_for_Sensitive_Groups,2023-03-08,21.1,30.5,475.0,70.5,1.8,17.0
Tamil Nadu,TN_Good_2023-02-22-09.30-2-141.jpg,2023,2,22,12,36,a_Good,2023-02-22,8.3,12.4,216.0,13.8,2.4,52.0
Mumbai,MH_Mod_2023-03-21-15.00-1-330.jpg,2023,3,21,12,92,b_Moderate,2023-03-21,15.9,32.0,246.0,16.3,15.8,72.0
"ITO, Delhi",DEL_VUnH_2023-02-16-14.30-1-77.jpg,2023,2,16,12,245,e_Very_Unhealthy,2023-02-16,2.0,3.3,115.0,0.6,0.0,52.0
"ITO, Delhi",DEL_VUnH_2023-02-16-17.00-2-115.jpg,2023,2,16,12,293,e_Very_Unhealthy,2023-02-16,2.0,3.3,115.0,0.6,0.0,52.0
"Biratnagar, Nepal",BIR_UNH_VF_2023-02-02- 15.00-2-9.jpg,2023,2,2,12,156,d_Unhealthy,2023-02-02,57.2,81.7,581.0,12.1,8.5,98.0
Bengaluru,BENGR_Mod_2023-02-23-08.30-1-226.jpg,2023,2,23,12,97,b_Moderate,2023-02-23,18.2,26.4,272.0,8.0,8.1,126.0
Mumbai,MH_UH_2023-02-11-03.30-1-24.jpg,2023,2,11,12,154,d_Unhealthy,2023-02-11,50.5,82.9,477.0,34.0,35.6,181.0
Bengaluru,BENGR_Good_2023-02-27-08.30-1-441.jpg,2023,2,27,12,47,a_Good,2023-02-27,10.8,15.8,277.0,6.9,7.3,131.0
Bengaluru,BENGR_Mod_2023-02-23-08.30-1-431.jpg,2023,2,23,12,97,b_Moderate,2023-02-23,18.2,26.4,272.0,8.0,8.1,126.0
"Knowledge park, Greater Noida",UP_VUN_2023-02-27-10.30-1-145.jpg,2023,2,27,12,299,e_Very_Unhealthy,2023-02-27,44.7,71.7,613.0,101.2,20.5,98.0
Bengaluru,BENGR_Mod_2023-02-25-08.30-1-91.jpg,2023,2,25,12,73,b_Moderate,2023-02-25,19.2,27.9,256.0,7.8,9.3,142.0
"Biratnagar, Nepal",BIR_MOD_2023-02-13-09.30-4-53.jpg,2023,2,13,12,91,b_Moderate,2023-02-13,40.7,59.3,429.0,13.7,9.2,101.0
Tamil Nadu,TN_Good_2023-03-21-08.30-2-257.jpg,2023,3,21,12,27,a_Good,2023-03-21,8.3,12.3,214.0,11.7,1.2,58.0
Bengaluru,BENGR_Good_2023-03-17-08.30-1-64.jpg,2023,3,17,12,15,a_Good,2023-03-17,20.8,31.4,332.0,11.4,4.1,112.0
Bengaluru,BENGR_UnFSG_2023-03-08-08.30-1-356.jpg,2023,3,8,12,106,c_Unhealthy_for_Sensitive_Groups,2023-03-08,16.9,24.7,244.0,5.9,5.7,120.0
"Biratnagar, Nepal",BIR_UNFSG_VF_2023-02-03-16.00-2-34.jpg,2023,2,3,12,141,c_Unhealthy_for_Sensitive_Groups,2023-02-03,69.8,99.7,581.0,11.6,6.8,112.0
Tamil Nadu,TN_Good_2023-02-21-08.30-3-41.jpg,2023,2,21,12,29,a_Good,2023-02-21,2.1,3.2,146.0,1.6,0.3,82.0
"ITO, Delhi",DEL_SEV_2023-02-20-14.00-1-381.jpg,2023,2,20,12,363,f_Severe,2023-02-20,4.4,7.8,136.0,0.3,0.0,76.0
Mumbai,MH_Good_2023-03-22-18.00-1-439.jpg,2023,3,22,12,47,a_Good,2023-03-22,16.2,31.8,249.0,15.6,16.8,76.0
"Biratnagar, Nepal",BIR_UNH_VF_2023-02-02- 1700-3-26.jpg,2023,2,2,12,156,d_Unhealthy,2023-02-02,57.2,81.7,581.0,12.1,8.5,98.0
Mumbai,MH_UH_2023-02-02- 09.30-1-69.jpg,2023,2,2,12,182,d_Unhealthy,2023-02-02,122.9,179.7,829.0,44.0,61.7,239.0
Tamil Nadu,TN_Good_2023-02-21-08.30-2-101.jpg,2023,2,21,12,29,a_Good,2023-02-21,2.1,3.2,146.0,1.6,0.3,82.0
Mumbai,MH_UH_2023-02-03- 09.30-1-29.jpg,2023,2,3,12,162,d_Unhealthy,2023-02-03,121.1,177.4,813.0,48.2,60.2,256.0
"Knowledge park, Greater Noida",UP_UHFSG_2023-02-08-08.30-1-76.jpg,2023,2,8,12,133,c_Unhealthy_for_Sensitive_Groups,2023-02-08,53.7,112.2,526.0,86.8,19.1,87.0
"Biratnagar, Nepal",BIR_UNFSG_VF_2023-02-03-15.00-1-38.jpg,2023,2,3,12,141,c_Unhealthy_for_Sensitive_Groups,2023-02-03,69.8,99.7,581.0,11.6,6.8,112.0
"ITO, Delhi",DEL_SEV_2023-02-22-14.00-1-101.jpg,2023,2,22,12,450,f_Severe,2023-02-22,2.4,4.2,128.0,0.1,0.0,83.0
"ITO, Delhi",DEL_VUnH_2023-02-16-14.30-1-264.jpg,2023,2,16,12,245,e_Very_Unhealthy,2023-02-16,2.0,3.3,115.0,0.6,0.0,52.0
Bengaluru,BENGR_Good_2023-02-28-08.30-1-476.jpg,2023,2,28,12,37,a_Good,2023-02-28,27.2,39.7,398.0,7.6,7.8,127.0
"Dimapur, Nagaland",Dimapur_UHFSG_2023-02-02- 09.00-3-7.jpg,2023,2,2,12,103,c_Unhealthy_for_Sensitive_Groups,2023-02-02,39.6,56.9,296.0,6.5,2.7,107.0
"Knowledge park, Greater Noida",UP_SEV_2023-02-20-08.30-1-73.jpg,2023,2,20,12,331,f_Severe,2023-02-20,26.1,49.7,219.0,20.0,5.1,100.0
Tamil Nadu,TN_Good_2023-02-23-08.30-2-246.jpg,2023,2,23,12,43,a_Good,2023-02-23,2.9,4.1,131.0,0.9,1.6,95.0
"ITO, Delhi",DEL_VUH_2023-02-04-17.00-2-28.jpg,2023,2,4,12,281,e_Very_Unhealthy,2023-02-04,2.8,4.9,89.0,0.2,0.1,62.0
Mumbai,MH_VUN_2023-02-24-15.00-2.jpg,2023,2,24,12,202,e_Very_Unhealthy,2023-02-24,73.3,112.7,633.0,41.2,49.7,231.0
"ITO, Delhi",DEL_SEV_2023-02-20-14.00-2-191.jpg,2023,2,20,12,363,f_Severe,2023-02-20,4.4,7.8,136.0,0.3,0.0,76.0
Tamil Nadu,TN_Good_2023-02-22-09.30-1-31.jpg,2023,2,22,12,36,a_Good,2023-02-22,8.3,12.4,216.0,13.8,2.4,52.0
Mumbai,MH_UH_2023-02-11-03.30-2-12.jpg,2023,2,11,12,154,d_Unhealthy,2023-02-11,50.5,82.9,477.0,34.0,35.6,181.0
Bengaluru,BENGR_Good_2023-03-17-08.30-1-512.jpg,2023,3,17,12,15,a_Good,2023-03-17,20.8,31.4,332.0,11.4,4.1,112.0
Mumbai,MH_Mod_2023-03-21-15.00-1-253.jpg,2023,3,21,12,92,b_Moderate,2023-03-21,15.9,32.0,246.0,16.3,15.8,72.0
Tamil Nadu,TN_UnFSG_2023-03-03-09.00-2-171.jpg,2023,3,3,12,121,c_Unhealthy_for_Sensitive_Groups,2023-03-03,5.2,9.4,154.0,1.6,1.3,86.0
"New Ind Town, Faridabad",HAR_VUN_2022-10-02-10.00-1-3889.jpg,2022,10,2,12,230,e_Very_Unhealthy,2022-10-02,16.6,23.7,513.0,2.0,1.8,93.0
"New Ind Town, Faridabad",HAR_VUN_2022-10-02-10.00-1-1721.jpg,2022,10,2,12,230,e_Very_Unhealthy,2022-10-02,16.6,23.7,513.0,2.0,1.8,93.0
Bengaluru,BENGR_Good_2023-03-17-08.30-1-239.jpg,2023,3,17,12,15,a_Good,2023-03-17,20.8,31.4,332.0,11.4,4.1,112.0
Bengaluru,BENGR_Good_2023-02-28-08.30-1-301.jpg,2023,2,28,12,37,a_Good,2023-02-28,27.2,39.7,398.0,7.6,7.8,127.0
Mumbai,MH_UnFSG_2023-02-23-11.00-1-91.jpg,2023,2,23,12,130,c_Unhealthy_for_Sensitive_Groups,2023-02-23,70.5,109.9,662.0,40.6,61.8,226.0
"ITO, Delhi",DL_VUNH_2023-02-04-17.00-1-58.jpg,2023,2,4,12,281,e_Very_Unhealthy,2023-02-04,2.8,4.9,89.0,0.2,0.1,62.0
Bengaluru,BENGR_Good_2023-03-25-08.30-1-26.jpg,2023,3,25,12,32,a_Good,2023-03-25,26.6,39.9,248.0,8.4,5.4,133.0
"Biratnagar, Nepal",BIR_UNH_VF_2023-02-02- 12.00-2-84.jpg,2023,2,2,12,158,d_Unhealthy,2023-02-02,57.2,81.7,581.0,12.1,8.5,98.0
Bengaluru,BENGR_Mod_2023-02-23-08.30-1-206.jpg,2023,2,23,12,97,b_Moderate,2023-02-23,18.2,26.4,272.0,8.0,8.1,126.0
Bengaluru,BENGR_Mod_2023-03-04-08.30-1-406.jpg,2023,3,4,12,71,b_Moderate,2023-03-04,17.8,26.3,251.0,6.2,6.9,118.0
"ITO, Delhi",DEL_SEV_2023-02-20-14.00-2-301.jpg,2023,2,20,12,363,f_Severe,2023-02-20,4.4,7.8,136.0,0.3,0.0,76.0
Tamil Nadu,TN_Good_2023-02-21-08.30-1-111.jpg,2023,2,21,12,29,a_Good,2023-02-21,2.1,3.2,146.0,1.6,0.3,82.0
Tamil Nadu,TN_Good_2023-02-23-08.30-2-166.jpg,2023,2,23,12,43,a_Good,2023-02-23,2.9,4.1,131.0,0.9,1.6,95.0
"ITO, Delhi",DEL_SEV_2023-02-16-18.00-1-5.jpg,2023,2,16,12,330,f_Severe,2023-02-16,2.0,3.3,115.0,0.6,0.0,52.0
"ITO, Delhi",DEL_VUH_2023-02-04-17.00-2-158.jpg,2023,2,4,12,281,e_Very_Unhealthy,2023-02-04,2.8,4.9,89.0,0.2,0.1,62.0
Mumbai,MH_UH_2023-02-03- 09.30-1-83.jpg,2023,2,3,12,162,d_Unhealthy,2023-02-03,121.1,177.4,813.0,48.2,60.2,256.0
Mumbai,MH_UnFSG_2023-02-23-11.00-1-116.jpg,2023,2,23,12,130,c_Unhealthy_for_Sensitive_Groups,2023-02-23,70.5,109.9,662.0,40.6,61.8,226.0
Mumbai,MH_UnFSG_2023-02-23-11.00-1-121.jpg,2023,2,23,12,130,c_Unhealthy_for_Sensitive_Groups,2023-02-23,70.5,109.9,662.0,40.6,61.8,226.0
Bengaluru,BENGR_Mod_2023-02-21-08.30-1-186.jpg,2023,2,21,12,56,b_Moderate,2023-02-21,26.0,37.8,303.0,8.9,11.2,152.0
"New Ind Town, Faridabad",HAR_VUN_2022-10-02-10.00-1-1313.jpg,2022,10,2,12,230,e_Very_Unhealthy,2022-10-02,16.6,23.7,513.0,2.0,1.8,93.0
"ITO, Delhi",DEL_SEV_2023-02-17-13.00-2-67.jpg,2023,2,17,12,372,f_Severe,2023-02-17,0.2,0.3,91.0,0.1,0.0,49.0
Tamil Nadu,TN_UnFSG_2023-03-09-09.00-2-171.jpg,2023,3,9,12,134,c_Unhealthy_for_Sensitive_Groups,2023-03-09,10.4,15.2,234.0,12.8,0.9,62.0
Bengaluru,BENGR_Mod_2023-02-23-08.30-1-201.jpg,2023,2,23,12,97,b_Moderate,2023-02-23,18.2,26.4,272.0,8.0,8.1,126.0
"Knowledge park, Greater Noida",UP_SEV_2023-02-18-11.00-1-56.jpg,2023,2,18,12,320,f_Severe,2023-02-18,24.9,48.1,246.0,27.6,8.9,84.0
Mumbai,MH_UH_2023-02-02- 09.30-1-7.jpg,2023,2,2,12,182,d_Unhealthy,2023-02-02,122.9,179.7,829.0,44.0,61.7,239.0
"Biratnagar, Nepal",BIR_UNFSG_VF_2023-02-03-15.00-2-39.jpg,2023,2,3,12,141,c_Unhealthy_for_Sensitive_Groups,2023-02-03,69.8,99.7,581.0,11.6,6.8,112.0
Bengaluru,BENGR_Good_2023-03-25-08.30-1-56.jpg,2023,3,25,12,32,a_Good,2023-03-25,26.6,39.9,248.0,8.4,5.4,133.0
Mumbai,MH_UN_2023-03-15-15.00-1-372.jpg,2023,3,15,12,162,d_Unhealthy,2023-03-15,190.5,276.6,1537.0,57.3,103.4,404.0
Mumbai,MH_VUN_2023-02-25-10.00-1-141.jpg,2023,2,25,12,206,e_Very_Unhealthy,2023-02-25,64.3,98.3,654.0,37.4,50.9,173.0
"ITO, Delhi",DEL_VUnH_2023-02-16-17.00-2-95.jpg,2023,2,16,12,293,e_Very_Unhealthy,2023-02-16,2.0,3.3,115.0,0.6,0.0,52.0
"ITO, Delhi",DEL_SEV_2023-02-16-18.00-2-22.jpg,2023,2,16,12,330,f_Severe,2023-02-16,2.0,3.3,115.0,0.6,0.0,52.0
"Biratnagar, Nepal",BIR_UNH_VF_2023-02-02- 12.00-2-56.jpg,2023,2,2,12,158,d_Unhealthy,2023-02-02,57.2,81.7,581.0,12.1,8.5,98.0
"Biratnagar, Nepal",BIR_UNH_VF_2023-02-02- 12.00-1-96.jpg,2023,2,2,12,158,d_Unhealthy,2023-02-02,57.2,81.7,581.0,12.1,8.5,98.0
Bengaluru,BENGR_Mod_2023-03-13-08.30-1-351.jpg,2023,3,13,12,53,b_Moderate,2023-03-13,27.1,39.7,365.0,8.1,8.5,111.0
Bengaluru,BENGR_Mod_2023-02-24-08.30-1-66.jpg,2023,2,24,12,68,b_Moderate,2023-02-24,11.3,16.6,250.0,9.2,10.1,126.0
Bengaluru,BENGR_UHFSG_2023-02-14-08.30-1-21.jpg,2023,2,14,12,102,c_Unhealthy_for_Sensitive_Groups,2023-02-14,18.2,26.3,268.0,8.6,13.0,152.0
Tamil Nadu,TN_Good_2023-02-23-08.30-1-246.jpg,2023,2,23,12,43,a_Good,2023-02-23,2.9,4.1,131.0,0.9,1.6,95.0
"New Ind Town, Faridabad",HAR_VUN_2022-10-02-10.00-1-4153.jpg,2022,10,2,12,230,e_Very_Unhealthy,2022-10-02,16.6,23.7,513.0,2.0,1.8,93.0
"Biratnagar, Nepal",BIR_UNH_VF_2023-02-03- 10.00-3-32.jpg,2023,2,3,12,163,d_Unhealthy,2023-02-03,69.8,99.7,581.0,11.6,6.8,112.0
Tamil Nadu,TN_MOD_2023-02-09-08.30-2-16.jpg,2023,2,9,12,78,b_Moderate,2023-02-09,20.1,29.8,485.0,57.4,2.2,10.0
Mumbai,MH_UnFSG_2023-03-18-11.00-1-267.jpg,2023,3,18,12,114,c_Unhealthy_for_Sensitive_Groups,2023-03-18,59.0,94.8,678.0,39.3,48.8,177.0
"Knowledge park, Greater Noida",UP_SEV_2023-02-20-08.30-1-6.jpg,2023,2,20,12,331,f_Severe,2023-02-20,26.1,49.7,219.0,20.0,5.1,100.0
"Knowledge park, Greater Noida",UP_UN_2023-03-01-08.30-1-277.jpg,2023,3,1,12,199,d_Unhealthy,2023-03-01,21.1,47.7,354.0,67.2,13.3,48.0
Bengaluru,BENGR_Good_2023-03-17-08.30-1-365.jpg,2023,3,17,12,15,a_Good,2023-03-17,20.8,31.4,332.0,11.4,4.1,112.0
"ITO, Delhi",DEL_SEV_2023-02-20-14.00-3-371.jpg,2023,2,20,12,363,f_Severe,2023-02-20,4.4,7.8,136.0,0.3,0.0,76.0
"New Ind Town, Faridabad",HAR_VUN_2022-10-02-10.00-1-4825.jpg,2022,10,2,12,230,e_Very_Unhealthy,2022-10-02,16.6,23.7,513.0,2.0,1.8,93.0
"Biratnagar, Nepal",BIR_UNH_VF_2023-02-02- 15.00-2-98.jpg,2023,2,2,12,156,d_Unhealthy,2023-02-02,57.2,81.7,581.0,12.1,8.5,98.0
"New Ind Town, Faridabad",HAR_VUN_2022-10-02-10.00-1-4993.jpg,2022,10,2,12,230,e_Very_Unhealthy,2022-10-02,16.6,23.7,513.0,2.0,1.8,93.0
"ITO, Delhi",DEL_SEV_2023-02-17-13.00-2-32.jpg,2023,2,17,12,372,f_Severe,2023-02-17,0.2,0.3,91.0,0.1,0.0,49.0
Mumbai,MH_UN_2023-03-15-15.00-1-22.jpg,2023,3,15,12,162,d_Unhealthy,2023-03-15,190.5,276.6,1537.0,57.3,103.4,404.0
"Biratnagar, Nepal",BIR_UFSG_2023-02-14- 14.30-2-18.jpg,2023,2,14,12,101,c_Unhealthy_for_Sensitive_Groups,2023-02-14,43.3,62.6,471.0,15.4,7.5,101.0
Mumbai,MH_VUN_2023-02-24-15.00-1-186.jpg,2023,2,24,12,202,e_Very_Unhealthy,2023-02-24,73.3,112.7,633.0,41.2,49.7,231.0
"ITO, Delhi",DEL_SEV_2023-02-20-14.00-3-186.jpg,2023,2,20,12,363,f_Severe,2023-02-20,4.4,7.8,136.0,0.3,0.0,76.0
"Dimapur, Nagaland",Dimapur_UHFSG_2023-02-02- 09.00-1-56.jpg,2023,2,2,12,103,c_Unhealthy_for_Sensitive_Groups,2023-02-02,39.6,56.9,296.0,6.5,2.7,107.0
"New Ind Town, Faridabad",HAR_VUN_2022-10-02-10.00-1-1785.jpg,2022,10,2,12,230,e_Very_Unhealthy,2022-10-02,16.6,23.7,513.0,2.0,1.8,93.0
Tamil Nadu,TN_Mod_2023-02-28-08.30-1.jpg,2023,2,28,12,73,b_Moderate,2023-02-28,3.8,5.7,174.0,4.3,0.9,75.0
"ITO, Delhi",DEL_VUnH_2023-02-16-17.00-2-68.jpg,2023,2,16,12,293,e_Very_Unhealthy,2023-02-16,2.0,3.3,115.0,0.6,0.0,52.0
"New Ind Town, Faridabad",HAR_VUN_2022-10-02-10.00-1-4561.jpg,2022,10,2,12,230,e_Very_Unhealthy,2022-10-02,16.6,23.7,513.0,2.0,1.8,93.0
Bengaluru,BENGR_Good_2023-03-17-08.30-1-176.jpg,2023,3,17,12,15,a_Good,2023-03-17,20.8,31.4,332.0,11.4,4.1,112.0
Bengaluru,BENGR_Mod_2023-02-21-08.30-1-216.jpg,2023,2,21,12,56,b_Moderate,2023-02-21,26.0,37.8,303.0,8.9,11.2,152.0
"ITO, Delhi",DEL_VUnH_2023-02-16-17.00-1-93.jpg,2023,2,16,12,293,e_Very_Unhealthy,2023-02-16,2.0,3.3,115.0,0.6,0.0,52.0
"ITO, Delhi",DEL_SEV_2023-02-20-14.00-1-726.jpg,2023,2,20,12,363,f_Severe,2023-02-20,4.4,7.8,136.0,0.3,0.0,76.0
"Knowledge park, Greater Noida",UP_SEV_2023-02-20-08.30-1.jpg,2023,2,20,12,331,f_Severe,2023-02-20,26.1,49.7,219.0,20.0,5.1,100.0
Tamil Nadu,TN_UnFSG_2023-03-09-09.00-1-266.jpg,2023,3,9,12,134,c_Unhealthy_for_Sensitive_Groups,2023-03-09,10.4,15.2,234.0,12.8,0.9,62.0
Mumbai,MH_UnFSG_2023-03-14-13.00-1-397.jpg,2023,3,14,12,138,c_Unhealthy_for_Sensitive_Groups,2023-03-14,160.7,240.3,1639.0,42.4,85.0,345.0
"ITO, Delhi",DEL_SEV_2023-02-22-14.00-1-46.jpg,2023,2,22,12,450,f_Severe,2023-02-22,2.4,4.2,128.0,0.1,0.0,83.0
"Biratnagar, Nepal",BIR_MOD_2023-02-13-09.30-4.jpg,2023,2,13,12,91,b_Moderate,2023-02-13,40.7,59.3,429.0,13.7,9.2,101.0
"Dimapur, Nagaland",Dimapur_UHFSG_2023-02-02- 09.00-2-61.jpg,2023,2,2,12,103,c_Unhealthy_for_Sensitive_Groups,2023-02-02,39.6,56.9,296.0,6.5,2.7,107.0
Mumbai,MH_UH_2023-02-10-14.30-1-87.jpg,2023,2,10,12,160,d_Unhealthy,2023-02-10,74.7,110.8,581.0,28.9,36.7,198.0
"Biratnagar, Nepal",BIR_UH_2023-03-16-12.30-3-169.jpg,2023,3,16,12,154,d_Unhealthy,2023-03-16,68.5,98.7,456.0,5.4,8.3,132.0
"ITO, Delhi",DEL_UnH_2023-02-15-11.30-1-28.jpg,2023,2,15,12,179,d_Unhealthy,2023-02-15,2.5,3.7,124.0,1.0,0.0,54.0
Mumbai,MH_UnFSG_2023-02-17-13.00-2-71.jpg,2023,2,17,12,140,c_Unhealthy_for_Sensitive_Groups,2023-02-17,64.3,96.9,620.0,42.0,43.7,225.0
"Biratnagar, Nepal",BIR_UNH_VF_2023-02-03- 10.00-2-18.jpg,2023,2,3,12,163,d_Unhealthy,2023-02-03,69.8,99.7,581.0,11.6,6.8,112.0
Mumbai,MH_UH_2023-02-10-14.30-1-94.jpg,2023,2,10,12,160,d_Unhealthy,2023-02-10,74.7,110.8,581.0,28.9,36.7,198.0
Mumbai,MH_UN_2023-03-13-10.00-1-85.jpg,2023,3,13,12,197,d_Unhealthy,2023-03-13,346.5,501.1,2447.0,38.8,125.9,577.0
Bengaluru,BENGR_Mod_2023-03-06-08.30-1-436.jpg,2023,3,6,12,68,b_Moderate,2023-03-06,12.6,18.6,218.0,6.5,8.2,129.0
"ITO, Delhi",DEL_SEV_2023-02-20-14.00-1-101.jpg,2023,2,20,12,363,f_Severe,2023-02-20,4.4,7.8,136.0,0.3,0.0,76.0
Mumbai,MH_UH_2023-02-03- 09.30-1-46.jpg,2023,2,3,12,162,d_Unhealthy,2023-02-03,121.1,177.4,813.0,48.2,60.2,256.0
"Dimapur, Nagaland",Dimapur_UHFSG_2023-02-02- 09.00-1-16.jpg,2023,2,2,12,103,c_Unhealthy_for_Sensitive_Groups,2023-02-02,39.6,56.9,296.0,6.5,2.7,107.0
"Biratnagar, Nepal",BIR_UNH_VF_2023-02-03- 10.00-2-34.jpg,2023,2,3,12,163,d_Unhealthy,2023-02-03,69.8,99.7,581.0,11.6,6.8,112.0
"New Ind Town, Faridabad",HAR_VUN_2022-10-02-10.00-1-3537.jpg,2022,10,2,12,230,e_Very_Unhealthy,2022-10-02,16.6,23.7,513.0,2.0,1.8,93.0
Mumbai,MH_UN_2023-03-15-15.00-1-92.jpg,2023,3,15,12,162,d_Unhealthy,2023-03-15,190.5,276.6,1537.0,57.3,103.4,404.0
Bengaluru,BENGR_Mod_2023-03-09-08.30-1-406.jpg,2023,3,9,12,51,b_Moderate,2023-03-09,32.7,47.8,341.0,6.8,6.3,123.0
Bengaluru,BENGR_UHFSG_2023-02-05-08.30-1-10.jpg,2023,2,3,12,111,c_Unhealthy_for_Sensitive_Groups,2023-02-03,19.7,31.1,321.0,13.6,3.8,86.0
"New Ind Town, Faridabad",HAR_VUN_2022-10-02-10.00-1-1745.jpg,2022,10,2,12,230,e_Very_Unhealthy,2022-10-02,16.6,23.7,513.0,2.0,1.8,93.0
Tamil Nadu,TN_MOD_2023-02-09-08.30-2-39.jpg,2023,2,9,12,78,b_Moderate,2023-02-09,20.1,29.8,485.0,57.4,2.2,10.0
Bengaluru,BENGR_Good_2023-03-21-08.30-1-50.jpg,2023,3,21,12,47,a_Good,2023-03-21,9.1,13.8,245.0,15.6,3.6,110.0
Tamil Nadu,TN_UNH_2023-02-03-13.30-1-15.jpg,2023,2,3,12,167,d_Unhealthy,2023-02-03,26.3,38.1,500.0,65.8,1.9,18.0
Bengaluru,BENGR_Mod_2023-03-04-08.30-1-411.jpg,2023,3,4,12,71,b_Moderate,2023-03-04,17.8,26.3,251.0,6.2,6.9,118.0
Tamil Nadu,TN_Good_2023-02-22-09.30-1-91.jpg,2023,2,22,12,36,a_Good,2023-02-22,8.3,12.4,216.0,13.8,2.4,52.0
"New Ind Town, Faridabad",HAR_VUN_2022-10-02-10.00-1-3585.jpg,2022,10,2,12,230,e_Very_Unhealthy,2022-10-02,16.6,23.7,513.0,2.0,1.8,93.0
"ITO, Delhi",DEL_VUnH_2023-02-16-14.30-1-59.jpg,2023,2,16,12,245,e_Very_Unhealthy,2023-02-16,2.0,3.3,115.0,0.6,0.0,52.0
"ITO, Delhi",DEL_SEV_2023-02-20-14.00-1-476.jpg,2023,2,20,12,363,f_Severe,2023-02-20,4.4,7.8,136.0,0.3,0.0,76.0
Mumbai,MH_UnFSG_2023-02-17-19.00-2-22.jpg,2023,2,17,12,145,c_Unhealthy_for_Sensitive_Groups,2023-02-17,64.3,96.9,620.0,42.0,43.7,225.0
"Biratnagar, Nepal",BIR_UNH_VF_2023-02-02- 12.00-1-46.jpg,2023,2,2,12,158,d_Unhealthy,2023-02-02,57.2,81.7,581.0,12.1,8.5,98.0
Tamil Nadu,TN_UnFSG_2023-03-03-09.00-2-251.jpg,2023,3,3,12,121,c_Unhealthy_for_Sensitive_Groups,2023-03-03,5.2,9.4,154.0,1.6,1.3,86.0
"Biratnagar, Nepal",BIR_MOD_2023-02-13-09.30-3-24.jpg,2023,2,13,12,91,b_Moderate,2023-02-13,40.7,59.3,429.0,13.7,9.2,101.0
Tamil Nadu,TN_UNH_2023-02-03-13.30-1-46.jpg,2023,2,3,12,167,d_Unhealthy,2023-02-03,26.3,38.1,500.0,65.8,1.9,18.0
Mumbai,MH_VUN_2023-02-25-10.00-1-306.jpg,2023,2,25,12,206,e_Very_Unhealthy,2023-02-25,64.3,98.3,654.0,37.4,50.9,173.0
Tamil Nadu,TN_UN_2023-03-06-09.00-2-56.jpg,2023,3,6,12,161,d_Unhealthy,2023-03-06,15.6,22.5,298.0,24.2,0.8,36.0
"Biratnagar, Nepal",BRI_UFSG_2023-02-03- 16.00-8.jpg,2023,2,3,12,141,c_Unhealthy_for_Sensitive_Groups,2023-02-03,69.8,99.7,581.0,11.6,6.8,112.0
"Knowledge park, Greater Noida",UP_SEV_2023-02-18-11.00-1-20.jpg,2023,2,18,12,320,f_Severe,2023-02-18,24.9,48.1,246.0,27.6,8.9,84.0
"Biratnagar, Nepal",BIR_UNFSG_VF_2023-02-03-16.00-1-19.jpg,2023,2,3,12,141,c_Unhealthy_for_Sensitive_Groups,2023-02-03,69.8,99.7,581.0,11.6,6.8,112.0
"Biratnagar, Nepal",BIR_UFSG_2023-02-14- 14.30-3-16.jpg,2023,2,14,12,101,c_Unhealthy_for_Sensitive_Groups,2023-02-14,43.3,62.6,471.0,15.4,7.5,101.0
"ITO, Delhi",DEL_VUnH_2023-02-16-14.30-1-7.jpg,2023,2,16,12,245,e_Very_Unhealthy,2023-02-16,2.0,3.3,115.0,0.6,0.0,52.0
Tamil Nadu,TN_Good_2023-02-22-09.30-3-281.jpg,2023,2,22,12,36,a_Good,2023-02-22,8.3,12.4,216.0,13.8,2.4,52.0
Mumbai,MH_UnFSG_2023-02-17-19.00-2-51.jpg,2023,2,17,12,145,c_Unhealthy_for_Sensitive_Groups,2023-02-17,64.3,96.9,620.0,42.0,43.7,225.0
"Knowledge park, Greater Noida",UP_VUH_2023-02-07-08.30-1.jpg,2023,2,7,12,237,e_Very_Unhealthy,2023-02-07,60.5,125.3,517.0,103.4,26.1,113.0
Mumbai,MH_UnFSG_2023-02-17-13.00-2-12.jpg,2023,2,17,12,140,c_Unhealthy_for_Sensitive_Groups,2023-02-17,64.3,96.9,620.0,42.0,43.7,225.0
Mumbai,MH_Good_2023-03-22-18.00-1-313.jpg,2023,3,22,12,47,a_Good,2023-03-22,16.2,31.8,249.0,15.6,16.8,76.0
Bengaluru,BENGR_Good_2023-03-21-08.30-1-15.jpg,2023,3,21,12,47,a_Good,2023-03-21,9.1,13.8,245.0,15.6,3.6,110.0
Tamil Nadu,TN_Mod_2023-02-28-08.30-1-186.jpg,2023,2,28,12,73,b_Moderate,2023-02-28,3.8,5.7,174.0,4.3,0.9,75.0
"Biratnagar, Nepal",BIR_UFSG_2023-02-14- 14.30-3-32.jpg,2023,2,14,12,101,c_Unhealthy_for_Sensitive_Groups,2023-02-14,43.3,62.6,471.0,15.4,7.5,101.0
Tamil Nadu,TN_UN_2023-03-06-09.00-1-261.jpg,2023,3,6,12,161,d_Unhealthy,2023-03-06,15.6,22.5,298.0,24.2,0.8,36.0
"Biratnagar, Nepal",BIR_UNFSG_VF_2023-02-03-16.00-1-82.jpg,2023,2,3,12,141,c_Unhealthy_for_Sensitive_Groups,2023-02-03,69.8,99.7,581.0,11.6,6.8,112.0
Tamil Nadu,TN_Good_2023-02-23-08.30-1-131.jpg,2023,2,23,12,43,a_Good,2023-02-23,2.9,4.1,131.0,0.9,1.6,95.0
"Biratnagar, Nepal",BIR_UNH_VF_2023-02-02- 15.00-4-1.jpg,2023,2,2,12,156,d_Unhealthy,2023-02-02,57.2,81.7,581.0,12.1,8.5,98.0
"ITO, Delhi",DEL_SEV_2023-02-20-14.00-2-541.jpg,2023,2,20,12,363,f_Severe,2023-02-20,4.4,7.8,136.0,0.3,0.0,76.0
"ITO, Delhi",DEL_UnH_2023-02-15-11.30-2-50.jpg,2023,2,15,12,179,d_Unhealthy,2023-02-15,2.5,3.7,124.0,1.0,0.0,54.0
Mumbai,MH_UH_2023-02-11-03.30-1-21.jpg,2023,2,11,12,154,d_Unhealthy,2023-02-11,50.5,82.9,477.0,34.0,35.6,181.0
"ITO, Delhi",DEL_VUnH_2023-02-16-14.00-3-30.jpg,2023,2,16,12,268,e_Very_Unhealthy,2023-02-16,2.0,3.3,115.0,0.6,0.0,52.0
"Biratnagar, Nepal",BIR_UNH_VF_2023-02-02- 15.00-2-58.jpg,2023,2,2,12,156,d_Unhealthy,2023-02-02,57.2,81.7,581.0,12.1,8.5,98.0
"Knowledge park, Greater Noida",UP_VUN_2023-03-02-09.00-1-41.jpg,2023,3,2,12,223,e_Very_Unhealthy,2023-03-02,20.5,48.2,338.0,56.9,14.0,72.0
"Biratnagar, Nepal",BIR_UNH_VF_2023-02-03- 10.00-1-26.jpg,2023,2,3,12,163,d_Unhealthy,2023-02-03,69.8,99.7,581.0,11.6,6.8,112.0
"Biratnagar, Nepal",BIR_UNH_VF_2023-02-03- 10.00-2-43.jpg,2023,2,3,12,163,d_Unhealthy,2023-02-03,69.8,99.7,581.0,11.6,6.8,112.0
"ITO, Delhi",DEL_VUnH_2023-02-16-14.30-1-114.jpg,2023,2,16,12,245,e_Very_Unhealthy,2023-02-16,2.0,3.3,115.0,0.6,0.0,52.0
Tamil Nadu,TN_Good_2023-02-22-09.30-1-176.jpg,2023,2,22,12,36,a_Good,2023-02-22,8.3,12.4,216.0,13.8,2.4,52.0
Tamil Nadu,TN_MOD_2023-02-09-08.30-2-34.jpg,2023,2,9,12,78,b_Moderate,2023-02-09,20.1,29.8,485.0,57.4,2.2,10.0
"Biratnagar, Nepal",BIR_MOD_2023-02-13-09.30-2-4.jpg,2023,2,13,12,91,b_Moderate,2023-02-13,40.7,59.3,429.0,13.7,9.2,101.0
Mumbai,MH_Mod_2023-03-21-15.00-1-197.jpg,2023,3,21,12,92,b_Moderate,2023-03-21,15.9,32.0,246.0,16.3,15.8,72.0
"Biratnagar, Nepal",BIR_UNH_VF_2023-02-02- 12.00-1-87.jpg,2023,2,2,12,158,d_Unhealthy,2023-02-02,57.2,81.7,581.0,12.1,8.5,98.0
"Biratnagar, Nepal",BIR_UFSG_2023-02-14- 14.30-3-2.jpg,2023,2,14,12,101,c_Unhealthy_for_Sensitive_Groups,2023-02-14,43.3,62.6,471.0,15.4,7.5,101.0
"Knowledge park, Greater Noida",UP_VUN_2023-03-02-09.00-1-297.jpg,2023,3,2,12,223,e_Very_Unhealthy,2023-03-02,20.5,48.2,338.0,56.9,14.0,72.0
Tamil Nadu,TN_Good_2023-02-22-09.30-2-51.jpg,2023,2,22,12,36,a_Good,2023-02-22,8.3,12.4,216.0,13.8,2.4,52.0
Tamil Nadu,TN_Good_2023-02-20-08.30-1-37.jpg,2023,2,20,12,37,a_Good,2023-02-20,2.1,3.0,150.0,2.1,0.4,78.0
Tamil Nadu,TN_Good_2023-02-21-08.30-3-21.jpg,2023,2,21,12,29,a_Good,2023-02-21,2.1,3.2,146.0,1.6,0.3,82.0
Mumbai,MH_UH_2023-02-10-14.30-1-62.jpg,2023,2,10,12,160,d_Unhealthy,2023-02-10,74.7,110.8,581.0,28.9,36.7,198.0
"ITO, Delhi",DEL_SEV_2023-02-17-13.00-2-10.jpg,2023,2,17,12,372,f_Severe,2023-02-17,0.2,0.3,91.0,0.1,0.0,49.0
"ITO, Delhi",DEL_SEV_2023-02-16-18.00-1-19.jpg,2023,2,16,12,330,f_Severe,2023-02-16,2.0,3.3,115.0,0.6,0.0,52.0
Bengaluru,BENGR_UHFSG_2023-02-09-08.30-1-8.jpg,2023,2,9,12,103,c_Unhealthy_for_Sensitive_Groups,2023-02-09,28.2,41.3,282.0,10.7,8.9,132.0
Tamil Nadu,TN_UnFSG_2023-03-01-08.30-1-26.jpg,2023,3,1,12,111,c_Unhealthy_for_Sensitive_Groups,2023-03-01,11.3,16.5,244.0,12.0,2.9,66.0
Bengaluru,BENGR_UnFSG_2023-03-08-08.30-1-86.jpg,2023,3,8,12,106,c_Unhealthy_for_Sensitive_Groups,2023-03-08,16.9,24.7,244.0,5.9,5.7,120.0
Tamil Nadu,TN_UN_2023-03-11-08.00-1-76.jpg,2023,3,11,12,152,d_Unhealthy,2023-03-11,4.6,7.8,155.0,2.7,0.9,90.0
"Knowledge park, Greater Noida",UP_UHFSG_2023-02-08-08.30-1-10.jpg,2023,2,8,12,133,c_Unhealthy_for_Sensitive_Groups,2023-02-08,53.7,112.2,526.0,86.8,19.1,87.0
"ITO, Delhi",DEL_VUnH_2023-02-16-14.30-1-126.jpg,2023,2,16,12,245,e_Very_Unhealthy,2023-02-16,2.0,3.3,115.0,0.6,0.0,52.0
Tamil Nadu,TN_Good_2023-02-20-08.30-1-31.jpg,2023,2,20,12,37,a_Good,2023-02-20,2.1,3.0,150.0,2.1,0.4,78.0
Tamil Nadu,TN_Good_2023-02-21-08.30-3-141.jpg,2023,2,21,12,29,a_Good,2023-02-21,2.1,3.2,146.0,1.6,0.3,82.0
Mumbai,MH_VUN_2023-03-05-08.30-2-136.jpg,2023,3,5,12,284,e_Very_Unhealthy,2023-03-05,278.5,401.4,1413.0,23.7,39.9,325.0
"Knowledge park, Greater Noida",UP_SEV_2023-02-18-11.00-1-77.jpg,2023,2,18,12,320,f_Severe,2023-02-18,24.9,48.1,246.0,27.6,8.9,84.0
Mumbai,MH_UN_2023-03-02-08.00-1-26.jpg,2023,3,2,12,156,d_Unhealthy,2023-03-02,165.8,246.8,1018.0,45.0,70.9,342.0
Mumbai,MH_UnFSG_2023-03-10-16.00-1-286.jpg,2023,3,10,12,141,c_Unhealthy_for_Sensitive_Groups,2023-03-10,51.1,75.7,577.0,42.8,39.8,185.0
Tamil Nadu,TN_Good_2023-02-22-09.30-1-46.jpg,2023,2,22,12,36,a_Good,2023-02-22,8.3,12.4,216.0,13.8,2.4,52.0
"Biratnagar, Nepal",BIR_UNFSG_VF_2023-02-03-15.00-2-47.jpg,2023,2,3,12,141,c_Unhealthy_for_Sensitive_Groups,2023-02-03,69.8,99.7,581.0,11.6,6.8,112.0
Bengaluru,BENGR_Good_2023-03-21-08.30-1-36.jpg,2023,3,21,12,47,a_Good,2023-03-21,9.1,13.8,245.0,15.6,3.6,110.0
"New Ind Town, Faridabad",HAR_VUN_2022-10-02-10.00-1-4609.jpg,2022,10,2,12,230,e_Very_Unhealthy,2022-10-02,16.6,23.7,513.0,2.0,1.8,93.0
Bengaluru,BENGR_Good_2023-03-25-08.30-1-43.jpg,2023,3,25,12,32,a_Good,2023-03-25,26.6,39.9,248.0,8.4,5.4,133.0
Mumbai,MH_Good_2023-03-23-17.00-1-302.jpg,2023,3,23,12,47,a_Good,2023-03-23,18.4,34.5,257.0,17.2,19.2,71.0
"Biratnagar, Nepal",BIR_UNH_VF_2023-02-03- 10.00-2-72.jpg,2023,2,3,12,163,d_Unhealthy,2023-02-03,69.8,99.7,581.0,11.6,6.8,112.0
"Biratnagar, Nepal",BIR_UNFSG_VF_2023-02-03-16.00-1-27.jpg,2023,2,3,12,141,c_Unhealthy_for_Sensitive_Groups,2023-02-03,69.8,99.7,581.0,11.6,6.8,112.0
Mumbai,MH_UH_2023-02-14-11.30-1-23.jpg,2023,2,14,12,160,d_Unhealthy,2023-02-14,81.3,119.0,721.0,41.8,52.8,260.0
"Biratnagar, Nepal",BIR_UNFSG_VF_2023-02-03-16.00-2-85.jpg,2023,2,3,12,141,c_Unhealthy_for_Sensitive_Groups,2023-02-03,69.8,99.7,581.0,11.6,6.8,112.0
Bengaluru,BENGR_Mod_2023-03-09-08.30-1-436.jpg,2023,3,9,12,51,b_Moderate,2023-03-09,32.7,47.8,341.0,6.8,6.3,123.0
"Knowledge park, Greater Noida",UP_UHFSG_2023-02-24-08.30-1-101.jpg,2023,2,24,12,141,c_Unhealthy_for_Sensitive_Groups,2023-02-24,132.7,224.4,1109.0,243.3,40.8,181.0
Mumbai,MH_UnFSG_2023-03-08-11.00-2.jpg,2023,3,8,12,124,c_Unhealthy_for_Sensitive_Groups,2023-03-08,97.1,144.8,836.0,49.2,63.9,264.0
"New Ind Town, Faridabad",HAR_VUN_2022-10-02-10.00-1-889.jpg,2022,10,2,12,230,e_Very_Unhealthy,2022-10-02,16.6,23.7,513.0,2.0,1.8,93.0
"ITO, Delhi",DEL_SEV_2023-02-17-13.00-2-64.jpg,2023,2,17,12,372,f_Severe,2023-02-17,0.2,0.3,91.0,0.1,0.0,49.0
Tamil Nadu,TN_UnFSG_2023-03-08-08.30-1-86.jpg,2023,3,8,12,121,c_Unhealthy_for_Sensitive_Groups,2023-03-08,21.1,30.5,475.0,70.5,1.8,17.0
Mumbai,MH_Good_2023-03-22-18.00-1-205.jpg,2023,3,22,12,47,a_Good,2023-03-22,16.2,31.8,249.0,15.6,16.8,76.0
Tamil Nadu,TN_UHFSG_2023-02-10-08.30-1-14.jpg,2023,2,10,12,105,c_Unhealthy_for_Sensitive_Groups,2023-02-10,3.4,5.3,152.0,3.8,0.5,78.0
"ITO, Delhi",DEL_SEV_2023-02-22-14.00-2-6.jpg,2023,2,22,12,450,f_Severe,2023-02-22,2.4,4.2,128.0,0.1,0.0,83.0
Bengaluru,BENGR_UHFSG_2023-02-14-08.30-1-22.jpg,2023,2,14,12,102,c_Unhealthy_for_Sensitive_Groups,2023-02-14,18.2,26.3,268.0,8.6,13.0,152.0
Mumbai,MH_VUN_2023-02-24-15.00-1-151.jpg,2023,2,24,12,202,e_Very_Unhealthy,2023-02-24,73.3,112.7,633.0,41.2,49.7,231.0
Mumbai,MH_VUN_2023-02-24-15.00-1-6.jpg,2023,2,24,12,202,e_Very_Unhealthy,2023-02-24,73.3,112.7,633.0,41.2,49.7,231.0
"Knowledge park, Greater Noida",UP_UHFSG_2023-02-24-08.30-1-361.jpg,2023,2,24,12,141,c_Unhealthy_for_Sensitive_Groups,2023-02-24,132.7,224.4,1109.0,243.3,40.8,181.0
"Biratnagar, Nepal",BIR_UNH_VF_2023-02-02- 15.00-4-57.jpg,2023,2,2,12,156,d_Unhealthy,2023-02-02,57.2,81.7,581.0,12.1,8.5,98.0
"Knowledge park, Greater Noida",UP_SEV_2023-02-18-14.30-1-104.jpg,2023,2,18,12,331,f_Severe,2023-02-18,24.9,48.1,246.0,27.6,8.9,84.0
Bengaluru,BENGR_UHFSG_2023-02-15-14.30-1-40.jpg,2023,2,15,12,103,c_Unhealthy_for_Sensitive_Groups,2023-02-15,18.6,26.8,278.0,7.8,11.8,147.0
"Biratnagar, Nepal",BIR_UNFSG_VF_2023-02-03-16.00-3-22.jpg,2023,2,3,12,141,c_Unhealthy_for_Sensitive_Groups,2023-02-03,69.8,99.7,581.0,11.6,6.8,112.0
"ITO, Delhi",DEL_SEV_2023-02-20-14.00-2-366.jpg,2023,2,20,12,363,f_Severe,2023-02-20,4.4,7.8,136.0,0.3,0.0,76.0
Tamil Nadu,TN_Good_2023-02-20-08.30-1-17.jpg,2023,2,20,12,37,a_Good,2023-02-20,2.1,3.0,150.0,2.1,0.4,78.0
Mumbai,MH_VUN_2023-03-05-08.30-2-166.jpg,2023,3,5,12,284,e_Very_Unhealthy,2023-03-05,278.5,401.4,1413.0,23.7,39.9,325.0
"ITO, Delhi",DL_VUNH_2023-02-04-17.00-1-56.jpg,2023,2,4,12,281,e_Very_Unhealthy,2023-02-04,2.8,4.9,89.0,0.2,0.1,62.0
Bengaluru,BENGR_Mod_2023-03-06-08.30-1-381.jpg,2023,3,6,12,68,b_Moderate,2023-03-06,12.6,18.6,218.0,6.5,8.2,129.0
Bengaluru,BENGR_UnFSG_2023-03-08-08.30-1-311.jpg,2023,3,8,12,106,c_Unhealthy_for_Sensitive_Groups,2023-03-08,16.9,24.7,244.0,5.9,5.7,120.0
"New Ind Town, Faridabad",HAR_VUN_2022-10-02-10.00-1-4705.jpg,2022,10,2,12,230,e_Very_Unhealthy,2022-10-02,16.6,23.7,513.0,2.0,1.8,93.0
"New Ind Town, Faridabad",HAR_VUN_2022-10-02-10.00-1-4017.jpg,2022,10,2,12,230,e_Very_Unhealthy,2022-10-02,16.6,23.7,513.0,2.0,1.8,93.0
"Biratnagar, Nepal",BIR_UNH_VF_2023-02-02- 15.00-2-41.jpg,2023,2,2,12,156,d_Unhealthy,2023-02-02,57.2,81.7,581.0,12.1,8.5,98.0
"Biratnagar, Nepal",BIR_MOD_2023-02-13-09.30-3-73.jpg,2023,2,13,12,91,b_Moderate,2023-02-13,40.7,59.3,429.0,13.7,9.2,101.0
"Biratnagar, Nepal",BIR_MOD_2023-02-13-09.30-6.jpg,2023,2,13,12,91,b_Moderate,2023-02-13,40.7,59.3,429.0,13.7,9.2,101.0
"Biratnagar, Nepal",BIR_MOD_2023-02-13-09.30-4-41.jpg,2023,2,13,12,91,b_Moderate,2023-02-13,40.7,59.3,429.0,13.7,9.2,101.0
Mumbai,MH_Mod_2023-03-21-15.00-1-15.jpg,2023,3,21,12,92,b_Moderate,2023-03-21,15.9,32.0,246.0,16.3,15.8,72.0
Bengaluru,BENGR_UHFSG_2023-02-09-08.30-1-40.jpg,2023,2,9,12,103,c_Unhealthy_for_Sensitive_Groups,2023-02-09,28.2,41.3,282.0,10.7,8.9,132.0
"New Ind Town, Faridabad",HAR_VUN_2022-10-02-10.00-1-3465.jpg,2022,10,2,12,230,e_Very_Unhealthy,2022-10-02,16.6,23.7,513.0,2.0,1.8,93.0
"ITO, Delhi",DEL_SEV_2023-02-17-13.00-1-81.jpg,2023,2,17,12,372,f_Severe,2023-02-17,0.2,0.3,91.0,0.1,0.0,49.0
"Knowledge park, Greater Noida",UP_UHFSG_2023-03-06-11.30-1-137.jpg,2023,3,6,12,104,c_Unhealthy_for_Sensitive_Groups,2023-03-06,57.3,103.8,710.0,101.0,20.8,124.0
"Biratnagar, Nepal",BIR_MOD_2023-02-13-09.30-2-33.jpg,2023,2,13,12,91,b_Moderate,2023-02-13,40.7,59.3,429.0,13.7,9.2,101.0
Mumbai,MH_VUN_2023-03-05-08.30-1-36.jpg,2023,3,5,12,284,e_Very_Unhealthy,2023-03-05,278.5,401.4,1413.0,23.7,39.9,325.0
Bengaluru,BENGR_Mod_2023-03-01-08.30-1-61.jpg,2023,3,1,12,70,b_Moderate,2023-03-01,17.0,25.4,362.0,6.3,6.0,122.0
"ITO, Delhi",DEL_VUnH_2023-02-16-14.30-1-208.jpg,2023,2,16,12,245,e_Very_Unhealthy,2023-02-16,2.0,3.3,115.0,0.6,0.0,52.0
"ITO, Delhi",DEL_SEV_2023-02-17-13.00-2-34.jpg,2023,2,17,12,372,f_Severe,2023-02-17,0.2,0.3,91.0,0.1,0.0,49.0
Mumbai,MH_UnFSG_2023-02-17-13.00-1-5.jpg,2023,2,17,12,140,c_Unhealthy_for_Sensitive_Groups,2023-02-17,64.3,96.9,620.0,42.0,43.7,225.0
Mumbai,MH_UH_2023-02-11-03.30-1-23.jpg,2023,2,11,12,154,d_Unhealthy,2023-02-11,50.5,82.9,477.0,34.0,35.6,181.0
"ITO, Delhi",DEL_SEV_2023-02-22-14.00-2-546.jpg,2023,2,22,12,450,f_Severe,2023-02-22,2.4,4.2,128.0,0.1,0.0,83.0
Mumbai,MH_Good_2023-03-22-18.00-1-301.jpg,2023,3,22,12,47,a_Good,2023-03-22,16.2,31.8,249.0,15.6,16.8,76.0
"ITO, Delhi",DEL_VUH_2023-02-04-17.00-2-42.jpg,2023,2,4,12,281,e_Very_Unhealthy,2023-02-04,2.8,4.9,89.0,0.2,0.1,62.0
Tamil Nadu,TN_UN_2023-03-06-09.00-1-41.jpg,2023,3,6,12,161,d_Unhealthy,2023-03-06,15.6,22.5,298.0,24.2,0.8,36.0
"Biratnagar, Nepal",BIR_UNH_VF_2023-02-03- 10.00-3-57.jpg,2023,2,3,12,163,d_Unhealthy,2023-02-03,69.8,99.7,581.0,11.6,6.8,112.0
"ITO, Delhi",DEL_VUnH_2023-02-16-14.00-1-16.jpg,2023,2,16,12,268,e_Very_Unhealthy,2023-02-16,2.0,3.3,115.0,0.6,0.0,52.0
"Biratnagar, Nepal",BIR_UFSG_2023-02-14- 14.30-1-28.jpg,2023,2,14,12,101,c_Unhealthy_for_Sensitive_Groups,2023-02-14,43.3,62.6,471.0,15.4,7.5,101.0
Tamil Nadu,TN_Mod_2023-02-28-08.30-1-26.jpg,2023,2,28,12,73,b_Moderate,2023-02-28,3.8,5.7,174.0,4.3,0.9,75.0
Bengaluru,BENGR_Mod_2023-03-06-08.30-1-481.jpg,2023,3,6,12,68,b_Moderate,2023-03-06,12.6,18.6,218.0,6.5,8.2,129.0
"Biratnagar, Nepal",BRI_Un_2023-02-09-08.00-4.jpg,2023,2,9,12,171,d_Unhealthy,2023-02-09,94.8,138.8,596.0,11.1,12.4,122.0
Mumbai,MH_UnFSG_2023-03-10-16.00-1-341.jpg,2023,3,10,12,141,c_Unhealthy_for_Sensitive_Groups,2023-03-10,51.1,75.7,577.0,42.8,39.8,185.0
"ITO, Delhi",DEL_SEV_2023-02-07-14.00-2-20.jpg,2023,2,7,12,449,f_Severe,2023-02-07,3.0,5.3,89.0,0.3,0.1,54.0
Bengaluru,BENGR_Mod_2023-02-25-08.30-1-16.jpg,2023,2,25,12,73,b_Moderate,2023-02-25,19.2,27.9,256.0,7.8,9.3,142.0
"Dimapur, Nagaland",Dimapur_UHFSG_2023-02-02- 09.00-3-65.jpg,2023,2,2,12,103,c_Unhealthy_for_Sensitive_Groups,2023-02-02,39.6,56.9,296.0,6.5,2.7,107.0
Bengaluru,BENGR_Mod_2023-03-09-08.30-1-356.jpg,2023,3,9,12,51,b_Moderate,2023-03-09,32.7,47.8,341.0,6.8,6.3,123.0
Bengaluru,BENGR_UHFSG_2023-02-15-14.30-1-6.jpg,2023,2,15,12,103,c_Unhealthy_for_Sensitive_Groups,2023-02-15,18.6,26.8,278.0,7.8,11.8,147.0
"Dimapur, Nagaland",Dimapur_UHFSG_2023-02-02- 09.00-2-63.jpg,2023,2,2,12,103,c_Unhealthy_for_Sensitive_Groups,2023-02-02,39.6,56.9,296.0,6.5,2.7,107.0
Tamil Nadu,TN_UnFSG_2023-03-09-09.00-1-216.jpg,2023,3,9,12,134,c_Unhealthy_for_Sensitive_Groups,2023-03-09,10.4,15.2,234.0,12.8,0.9,62.0
"Knowledge park, Greater Noida",UP_SEV_2023-02-20-08.30-1-46.jpg,2023,2,20,12,331,f_Severe,2023-02-20,26.1,49.7,219.0,20.0,5.1,100.0
Bengaluru,BENGR_Mod_2023-03-09-08.30-1-326.jpg,2023,3,9,12,51,b_Moderate,2023-03-09,32.7,47.8,341.0,6.8,6.3,123.0
"Knowledge park, Greater Noida",UP_UHFSG_2023-02-08-08.30-1-94.jpg,2023,2,8,12,133,c_Unhealthy_for_Sensitive_Groups,2023-02-08,53.7,112.2,526.0,86.8,19.1,87.0
"New Ind Town, Faridabad",HAR_VUN_2022-10-02-10.00-1-641.jpg,2022,10,2,12,230,e_Very_Unhealthy,2022-10-02,16.6,23.7,513.0,2.0,1.8,93.0
Mumbai,MH_VUN_2023-02-25-10.00-1-101.jpg,2023,2,25,12,206,e_Very_Unhealthy,2023-02-25,64.3,98.3,654.0,37.4,50.9,173.0
"Biratnagar, Nepal",BIR_UFSG_2023-02-14- 14.30-1-2.jpg,2023,2,14,12,101,c_Unhealthy_for_Sensitive_Groups,2023-02-14,43.3,62.6,471.0,15.4,7.5,101.0
Mumbai,MH_UN_2023-03-15-15.00-1-1.jpg,2023,3,15,12,162,d_Unhealthy,2023-03-15,190.5,276.6,1537.0,57.3,103.4,404.0
"Biratnagar, Nepal",BIR_UH_2023-03-16-12.30-1-239.jpg,2023,3,16,12,154,d_Unhealthy,2023-03-16,68.5,98.7,456.0,5.4,8.3,132.0
"Biratnagar, Nepal",BIR_UNH_VF_2023-02-02- 1700-3-35.jpg,2023,2,2,12,156,d_Unhealthy,2023-02-02,57.2,81.7,581.0,12.1,8.5,98.0
Mumbai,MH_UnFSG_2023-02-17-13.00-2-61.jpg,2023,2,17,12,140,c_Unhealthy_for_Sensitive_Groups,2023-02-17,64.3,96.9,620.0,42.0,43.7,225.0
Tamil Nadu,TN_UnFSG_2023-03-09-09.00-2-61.jpg,2023,3,9,12,134,c_Unhealthy_for_Sensitive_Groups,2023-03-09,10.4,15.2,234.0,12.8,0.9,62.0
"ITO, Delhi",DEL_VUnH_2023-02-16-17.00-1-103.jpg,2023,2,16,12,293,e_Very_Unhealthy,2023-02-16,2.0,3.3,115.0,0.6,0.0,52.0
Bengaluru,BENGR_Mod_2023-02-24-08.30-1-216.jpg,2023,2,24,12,68,b_Moderate,2023-02-24,11.3,16.6,250.0,9.2,10.1,126.0
Bengaluru,BENGR_UnFSG_2023-03-08-08.30-1-166.jpg,2023,3,8,12,106,c_Unhealthy_for_Sensitive_Groups,2023-03-08,16.9,24.7,244.0,5.9,5.7,120.0
Mumbai,MH_UH_2023-02-10-14.30-1-16.jpg,2023,2,10,12,160,d_Unhealthy,2023-02-10,74.7,110.8,581.0,28.9,36.7,198.0
"ITO, Delhi",DEL_VUnH_2023-02-16-14.30-1-54.jpg,2023,2,16,12,245,e_Very_Unhealthy,2023-02-16,2.0,3.3,115.0,0.6,0.0,52.0
Bengaluru,BENGR_Mod_2023-03-09-08.30-1-246.jpg,2023,3,9,12,51,b_Moderate,2023-03-09,32.7,47.8,341.0,6.8,6.3,123.0
"New Ind Town, Faridabad",HAR_VUN_2022-10-02-10.00-1-1497.jpg,2022,10,2,12,230,e_Very_Unhealthy,2022-10-02,16.6,23.7,513.0,2.0,1.8,93.0
"Biratnagar, Nepal",BIR_UNH_VF_2023-02-02- 12.00-1-64.jpg,2023,2,2,12,158,d_Unhealthy,2023-02-02,57.2,81.7,581.0,12.1,8.5,98.0
Bengaluru,BENGR_Mod_2023-03-06-08.30-1-131.jpg,2023,3,6,12,68,b_Moderate,2023-03-06,12.6,18.6,218.0,6.5,8.2,129.0
"Knowledge park, Greater Noida",UP_UN_2023-03-01-08.30-1-473.jpg,2023,3,1,12,199,d_Unhealthy,2023-03-01,21.1,47.7,354.0,67.2,13.3,48.0
"Biratnagar, Nepal",BIR_UFSG_2023-02-14- 14.30-1-22.jpg,2023,2,14,12,101,c_Unhealthy_for_Sensitive_Groups,2023-02-14,43.3,62.6,471.0,15.4,7.5,101.0
"New Ind Town, Faridabad",HAR_VUN_2022-10-02-10.00-1-3425.jpg,2022,10,2,12,230,e_Very_Unhealthy,2022-10-02,16.6,23.7,513.0,2.0,1.8,93.0
"ITO, Delhi",DEL_VUnH_2023-02-16-14.00-2-8.jpg,2023,2,16,12,268,e_Very_Unhealthy,2023-02-16,2.0,3.3,115.0,0.6,0.0,52.0
Tamil Nadu,TN_UnFSG_2023-03-09-09.00-1-161.jpg,2023,3,9,12,134,c_Unhealthy_for_Sensitive_Groups,2023-03-09,10.4,15.2,234.0,12.8,0.9,62.0
"ITO, Delhi",DEL_SEV_2023-02-17-13.00-2-6.jpg,2023,2,17,12,372,f_Severe,2023-02-17,0.2,0.3,91.0,0.1,0.0,49.0
Mumbai,MH_UnFSG_2023-03-08-11.00-1-41.jpg,2023,3,8,12,124,c_Unhealthy_for_Sensitive_Groups,2023-03-08,97.1,144.8,836.0,49.2,63.9,264.0
"Knowledge park, Greater Noida",UP_UHFSG_2023-02-08-08.30-1-37.jpg,2023,2,8,12,133,c_Unhealthy_for_Sensitive_Groups,2023-02-08,53.7,112.2,526.0,86.8,19.1,87.0
"ITO, Delhi",DEL_VUnH_2023-02-16-17.00-1-71.jpg,2023,2,16,12,293,e_Very_Unhealthy,2023-02-16,2.0,3.3,115.0,0.6,0.0,52.0
"Biratnagar, Nepal",BRI_Un_2023-02-09-08.00-2.jpg,2023,2,9,12,171,d_Unhealthy,2023-02-09,94.8,138.8,596.0,11.1,12.4,122.0
"ITO, Delhi",DEL_SEV_2023-02-20-14.00-2-326.jpg,2023,2,20,12,363,f_Severe,2023-02-20,4.4,7.8,136.0,0.3,0.0,76.0
Tamil Nadu,TN_UHFSG_2023-02-02- 09.00-2-6.jpg,2023,2,2,12,107,c_Unhealthy_for_Sensitive_Groups,2023-02-02,23.7,34.2,540.0,59.0,1.5,15.0
"Knowledge park, Greater Noida",UP_VUN_2023-03-02-09.00-1-429.jpg,2023,3,2,12,223,e_Very_Unhealthy,2023-03-02,20.5,48.2,338.0,56.9,14.0,72.0
"Knowledge park, Greater Noida",UP_UHFSG_2023-02-24-08.30-1-429.jpg,2023,2,24,12,141,c_Unhealthy_for_Sensitive_Groups,2023-02-24,132.7,224.4,1109.0,243.3,40.8,181.0
Mumbai,MH_Mod_2023-03-21-15.00-1-92.jpg,2023,3,21,12,92,b_Moderate,2023-03-21,15.9,32.0,246.0,16.3,15.8,72.0
"Dimapur, Nagaland",Dimapur_UHFSG_2023-02-02- 09.00-1-65.jpg,2023,2,2,12,103,c_Unhealthy_for_Sensitive_Groups,2023-02-02,39.6,56.9,296.0,6.5,2.7,107.0
Mumbai,MH_UH_2023-02-10-14.30-1-59.jpg,2023,2,10,12,160,d_Unhealthy,2023-02-10,74.7,110.8,581.0,28.9,36.7,198.0
Mumbai,MH_UH_2023-02-10-14.30-1-2.jpg,2023,2,10,12,160,d_Unhealthy,2023-02-10,74.7,110.8,581.0,28.9,36.7,198.0
Bengaluru,BENGR_UnFSG_2023-03-08-08.30-1-371.jpg,2023,3,8,12,106,c_Unhealthy_for_Sensitive_Groups,2023-03-08,16.9,24.7,244.0,5.9,5.7,120.0
"Biratnagar, Nepal",BIR_UH_2023-03-16-12.30-3-22.jpg,2023,3,16,12,154,d_Unhealthy,2023-03-16,68.5,98.7,456.0,5.4,8.3,132.0
"ITO, Delhi",DEL_VUH_2023-02-04-17.00-2-140.jpg,2023,2,4,12,281,e_Very_Unhealthy,2023-02-04,2.8,4.9,89.0,0.2,0.1,62.0
"New Ind Town, Faridabad",HAR_VUN_2022-10-02-10.00-1-3401.jpg,2022,10,2,12,230,e_Very_Unhealthy,2022-10-02,16.6,23.7,513.0,2.0,1.8,93.0
"Biratnagar, Nepal",BIR_UH_2023-03-16-12.30-3-141.jpg,2023,3,16,12,154,d_Unhealthy,2023-03-16,68.5,98.7,456.0,5.4,8.3,132.0
"Knowledge park, Greater Noida",UP_UN_2023-03-01-08.30-1-337.jpg,2023,3,1,12,199,d_Unhealthy,2023-03-01,21.1,47.7,354.0,67.2,13.3,48.0
Tamil Nadu,TN_Good_2023-02-21-08.30-3-46.jpg,2023,2,21,12,29,a_Good,2023-02-21,2.1,3.2,146.0,1.6,0.3,82.0
Mumbai,MH_UN_2023-03-02-08.00-1-61.jpg,2023,3,2,12,156,d_Unhealthy,2023-03-02,165.8,246.8,1018.0,45.0,70.9,342.0
"Dimapur, Nagaland",Dimapur_MOD_2023-02-10-08.30-1-2.jpg,2023,2,10,12,63,b_Moderate,2023-02-10,95.7,140.2,322.0,4.6,4.8,113.0
"ITO, Delhi",DEL_SEV_2023-02-20-14.00-3-146.jpg,2023,2,20,12,363,f_Severe,2023-02-20,4.4,7.8,136.0,0.3,0.0,76.0
"ITO, Delhi",DEL_VUH_2023-02-04-17.00-2-89.jpg,2023,2,4,12,281,e_Very_Unhealthy,2023-02-04,2.8,4.9,89.0,0.2,0.1,62.0
Tamil Nadu,TN_Good_2023-02-22-09.30-2-171.jpg,2023,2,22,12,36,a_Good,2023-02-22,8.3,12.4,216.0,13.8,2.4,52.0
Tamil Nadu,TN_UnFSG_2023-03-09-09.00-1-16.jpg,2023,3,9,12,134,c_Unhealthy_for_Sensitive_Groups,2023-03-09,10.4,15.2,234.0,12.8,0.9,62.0
Mumbai,MH_UN_2023-03-02-08.00-1-221.jpg,2023,3,2,12,156,d_Unhealthy,2023-03-02,165.8,246.8,1018.0,45.0,70.9,342.0
Mumbai,MH_UN_2023-03-13-10.00-1-113.jpg,2023,3,13,12,197,d_Unhealthy,2023-03-13,346.5,501.1,2447.0,38.8,125.9,577.0
Bengaluru,BENGR_Mod_2023-02-25-08.30-1-331.jpg,2023,2,25,12,73,b_Moderate,2023-02-25,19.2,27.9,256.0,7.8,9.3,142.0
Mumbai,MH_UN_2023-03-15-15.00-1-253.jpg,2023,3,15,12,162,d_Unhealthy,2023-03-15,190.5,276.6,1537.0,57.3,103.4,404.0
Bengaluru,BENGR_UHFSG_2023-02-05-08.30-1-44.jpg,2023,2,3,12,111,c_Unhealthy_for_Sensitive_Groups,2023-02-03,19.7,31.1,321.0,13.6,3.8,86.0
"Biratnagar, Nepal",BIR_UNFSG_VF_2023-02-03-16.00-1-20.jpg,2023,2,3,12,141,c_Unhealthy_for_Sensitive_Groups,2023-02-03,69.8,99.7,581.0,11.6,6.8,112.0
"ITO, Delhi",DEL_SEV_2023-02-16-18.00-2-87.jpg,2023,2,16,12,330,f_Severe,2023-02-16,2.0,3.3,115.0,0.6,0.0,52.0
"Dimapur, Nagaland",Dimapur_MOD_2023-02-10-08.30-1-22.jpg,2023,2,10,12,63,b_Moderate,2023-02-10,95.7,140.2,322.0,4.6,4.8,113.0
Mumbai,MH_UnFSG_2023-02-17-13.00-2-41.jpg,2023,2,17,12,140,c_Unhealthy_for_Sensitive_Groups,2023-02-17,64.3,96.9,620.0,42.0,43.7,225.0
"Biratnagar, Nepal",BIR_MOD_2023-02-13-09.30-4-38.jpg,2023,2,13,12,91,b_Moderate,2023-02-13,40.7,59.3,429.0,13.7,9.2,101.0
"Knowledge park, Greater Noida",UP_VUN_2023-03-02-09.00-1-385.jpg,2023,3,2,12,223,e_Very_Unhealthy,2023-03-02,20.5,48.2,338.0,56.9,14.0,72.0
Mumbai,MH_Good_2023-03-22-11.00-1-57.jpg,2023,3,22,12,49,a_Good,2023-03-22,16.2,31.8,249.0,15.6,16.8,76.0
"ITO, Delhi",DEL_SEV_2023-02-22-14.00-2-371.jpg,2023,2,22,12,450,f_Severe,2023-02-22,2.4,4.2,128.0,0.1,0.0,83.0
Tamil Nadu,TN_Good_2023-02-21-08.30-3-106.jpg,2023,2,21,12,29,a_Good,2023-02-21,2.1,3.2,146.0,1.6,0.3,82.0
Mumbai,MH_UnFSG_2023-02-15-10.30-1-25.jpg,2023,2,15,12,143,c_Unhealthy_for_Sensitive_Groups,2023-02-15,82.2,119.0,737.0,40.3,51.8,253.0
"ITO, Delhi",DEL_VUnH_2023-02-16-17.00-2-99.jpg,2023,2,16,12,293,e_Very_Unhealthy,2023-02-16,2.0,3.3,115.0,0.6,0.0,52.0
"New Ind Town, Faridabad",HAR_VUN_2022-10-02-10.00-1-3809.jpg,2022,10,2,12,230,e_Very_Unhealthy,2022-10-02,16.6,23.7,513.0,2.0,1.8,93.0
"ITO, Delhi",DEL_SEV_2023-02-07-14.00-1-94.jpg,2023,2,7,12,449,f_Severe,2023-02-07,3.0,5.3,89.0,0.3,0.1,54.0
"New Ind Town, Faridabad",HAR_VUN_2022-10-02-10.00-1-4769.jpg,2022,10,2,12,230,e_Very_Unhealthy,2022-10-02,16.6,23.7,513.0,2.0,1.8,93.0
Mumbai,MH_UH_2023-02-11-03.30-2.jpg,2023,2,11,12,154,d_Unhealthy,2023-02-11,50.5,82.9,477.0,34.0,35.6,181.0
Bengaluru,BENGR_Mod_2023-02-23-08.30-1-11.jpg,2023,2,23,12,97,b_Moderate,2023-02-23,18.2,26.4,272.0,8.0,8.1,126.0
"ITO, Delhi",DEL_SEV_2023-02-07-14.00-1-21.jpg,2023,2,7,12,449,f_Severe,2023-02-07,3.0,5.3,89.0,0.3,0.1,54.0
Bengaluru,BENGR_Mod_2023-03-01-08.30-1-326.jpg,2023,3,1,12,70,b_Moderate,2023-03-01,17.0,25.4,362.0,6.3,6.0,122.0
Bengaluru,BENGR_Good_2023-03-17-08.30-1-428.jpg,2023,3,17,12,15,a_Good,2023-03-17,20.8,31.4,332.0,11.4,4.1,112.0
Mumbai,MH_Mod_2023-03-21-15.00-1-176.jpg,2023,3,21,12,92,b_Moderate,2023-03-21,15.9,32.0,246.0,16.3,15.8,72.0
Mumbai,MH_UH_2023-02-11-03.30-2-51.jpg,2023,2,11,12,154,d_Unhealthy,2023-02-11,50.5,82.9,477.0,34.0,35.6,181.0
Mumbai,MH_UH_2023-02-19-12.00-1-65.jpg,2023,2,19,12,160,d_Unhealthy,2023-02-19,143.0,205.8,1159.0,48.0,73.1,327.0
"Biratnagar, Nepal",BIR_UNFSG_VF_2023-02-03-16.00-3-64.jpg,2023,2,3,12,141,c_Unhealthy_for_Sensitive_Groups,2023-02-03,69.8,99.7,581.0,11.6,6.8,112.0
"Knowledge park, Greater Noida",UP_UN_2023-03-01-08.30-1-249.jpg,2023,3,1,12,199,d_Unhealthy,2023-03-01,21.1,47.7,354.0,67.2,13.3,48.0
"ITO, Delhi",DEL_SEV_2023-02-20-14.00-1-336.jpg,2023,2,20,12,363,f_Severe,2023-02-20,4.4,7.8,136.0,0.3,0.0,76.0
Tamil Nadu,TN_Good_2023-02-22-09.30-1-81.jpg,2023,2,22,12,36,a_Good,2023-02-22,8.3,12.4,216.0,13.8,2.4,52.0
"Knowledge park, Greater Noida",UP_VUN_2023-03-02-09.00-1-653.jpg,2023,3,2,12,223,e_Very_Unhealthy,2023-03-02,20.5,48.2,338.0,56.9,14.0,72.0
Tamil Nadu,TN_UnFSG_2023-03-09-09.00-1-76.jpg,2023,3,9,12,134,c_Unhealthy_for_Sensitive_Groups,2023-03-09,10.4,15.2,234.0,12.8,0.9,62.0
Mumbai,MH_UN_2023-03-15-15.00-1-106.jpg,2023,3,15,12,162,d_Unhealthy,2023-03-15,190.5,276.6,1537.0,57.3,103.4,404.0
"Biratnagar, Nepal",BIR_UNFSG_VF_2023-02-03-15.00-3-12.jpg,2023,2,3,12,141,c_Unhealthy_for_Sensitive_Groups,2023-02-03,69.8,99.7,581.0,11.6,6.8,112.0
"Biratnagar, Nepal",BIR_UNH_VF_2023-02-02- 12.00-2-96.jpg,2023,2,2,12,158,d_Unhealthy,2023-02-02,57.2,81.7,581.0,12.1,8.5,98.0
"Knowledge park, Greater Noida",UP_VU_2023-02-16-16.00-2.jpg,2023,2,16,12,260,e_Very_Unhealthy,2023-02-16,57.5,88.7,480.0,90.9,20.4,80.0
Mumbai,MH_Good_2023-03-22-11.00-5.jpg,2023,3,22,12,49,a_Good,2023-03-22,16.2,31.8,249.0,15.6,16.8,76.0
Tamil Nadu,TN_UHFSG_2023-02-02- 09.00-2-7.jpg,2023,2,2,12,107,c_Unhealthy_for_Sensitive_Groups,2023-02-02,23.7,34.2,540.0,59.0,1.5,15.0
"Biratnagar, Nepal",BIR_UNFSG_VF_2023-02-03-16.00-1-102.jpg,2023,2,3,12,141,c_Unhealthy_for_Sensitive_Groups,2023-02-03,69.8,99.7,581.0,11.6,6.8,112.0
Tamil Nadu,TN_UnFSG_2023-03-08-08.30-1-96.jpg,2023,3,8,12,121,c_Unhealthy_for_Sensitive_Groups,2023-03-08,21.1,30.5,475.0,70.5,1.8,17.0
"New Ind Town, Faridabad",HAR_VUN_2022-10-02-10.00-1-1225.jpg,2022,10,2,12,230,e_Very_Unhealthy,2022-10-02,16.6,23.7,513.0,2.0,1.8,93.0
"Biratnagar, Nepal",BIR_UNH_VF_2023-02-03- 10.00-2-30.jpg,2023,2,3,12,163,d_Unhealthy,2023-02-03,69.8,99.7,581.0,11.6,6.8,112.0
"Knowledge park, Greater Noida",UP_VU_2023-02-16-08.30-4.jpg,2023,2,16,12,202,e_Very_Unhealthy,2023-02-16,57.5,88.7,480.0,90.9,20.4,80.0
"Biratnagar, Nepal",BIR_UFSG_2023-02-14- 14.30-1-59.jpg,2023,2,14,12,101,c_Unhealthy_for_Sensitive_Groups,2023-02-14,43.3,62.6,471.0,15.4,7.5,101.0
Tamil Nadu,TN_UnFSG_2023-03-02-08.30-2-76.jpg,2023,3,2,12,119,c_Unhealthy_for_Sensitive_Groups,2023-03-02,8.6,16.2,185.0,2.6,1.1,86.0
"Biratnagar, Nepal",BIR_UFSG_2023-02-14- 14.30-3-69.jpg,2023,2,14,12,101,c_Unhealthy_for_Sensitive_Groups,2023-02-14,43.3,62.6,471.0,15.4,7.5,101.0
Tamil Nadu,TN_UHFSG_2023-02-10-08.30-1-29.jpg,2023,2,10,12,105,c_Unhealthy_for_Sensitive_Groups,2023-02-10,3.4,5.3,152.0,3.8,0.5,78.0
"Dimapur, Nagaland",Dimapur_UHFSG_2023-02-02- 09.00-1-39.jpg,2023,2,2,12,103,c_Unhealthy_for_Sensitive_Groups,2023-02-02,39.6,56.9,296.0,6.5,2.7,107.0
"ITO, Delhi",DEL_SEV_2023-02-20-14.00-1-221.jpg,2023,2,20,12,363,f_Severe,2023-02-20,4.4,7.8,136.0,0.3,0.0,76.0
Mumbai,MH_Good_2023-03-22-11.00-1-134.jpg,2023,3,22,12,49,a_Good,2023-03-22,16.2,31.8,249.0,15.6,16.8,76.0
Mumbai,MH_UH_2023-02-02- 09.30-1-59.jpg,2023,2,2,12,182,d_Unhealthy,2023-02-02,122.9,179.7,829.0,44.0,61.7,239.0
Tamil Nadu,TN_Mod_2023-02-28-08.30-1-91.jpg,2023,2,28,12,73,b_Moderate,2023-02-28,3.8,5.7,174.0,4.3,0.9,75.0
Tamil Nadu,TN_UnFSG_2023-03-08-08.30-1-296.jpg,2023,3,8,12,121,c_Unhealthy_for_Sensitive_Groups,2023-03-08,21.1,30.5,475.0,70.5,1.8,17.0
"ITO, Delhi",DEL_VUnH_2023-02-16-17.00-2-104.jpg,2023,2,16,12,293,e_Very_Unhealthy,2023-02-16,2.0,3.3,115.0,0.6,0.0,52.0
Tamil Nadu,TN_UN_2023-03-06-09.00-2-61.jpg,2023,3,6,12,161,d_Unhealthy,2023-03-06,15.6,22.5,298.0,24.2,0.8,36.0
"Dimapur, Nagaland",Dimapur_UHFSG_2023-02-02- 09.00-1.jpg,2023,2,2,12,103,c_Unhealthy_for_Sensitive_Groups,2023-02-02,39.6,56.9,296.0,6.5,2.7,107.0
Tamil Nadu,TN_UnFSG_2023-03-01-08.30-1-281.jpg,2023,3,1,12,111,c_Unhealthy_for_Sensitive_Groups,2023-03-01,11.3,16.5,244.0,12.0,2.9,66.0
Mumbai,MH_UnFSG_2023-03-10-16.00-1-326.jpg,2023,3,10,12,141,c_Unhealthy_for_Sensitive_Groups,2023-03-10,51.1,75.7,577.0,42.8,39.8,185.0
Tamil Nadu,TN_UN_2023-03-11-08.00-1-41.jpg,2023,3,11,12,152,d_Unhealthy,2023-03-11,4.6,7.8,155.0,2.7,0.9,90.0
Tamil Nadu,TN_MOD_2023-02-09-08.30-2-23.jpg,2023,2,9,12,78,b_Moderate,2023-02-09,20.1,29.8,485.0,57.4,2.2,10.0
Bengaluru,BENGR_UHFSG_2023-02-03-08.30-1-41.jpg,2023,2,3,12,136,c_Unhealthy_for_Sensitive_Groups,2023-02-03,19.7,31.1,321.0,13.6,3.8,86.0
"Knowledge park, Greater Noida",UP_UHFSG_2023-02-24-08.30-1-89.jpg,2023,2,24,12,141,c_Unhealthy_for_Sensitive_Groups,2023-02-24,132.7,224.4,1109.0,243.3,40.8,181.0
"Biratnagar, Nepal",BIR_UNH_VF_2023-02-02- 15.00-4-8.jpg,2023,2,2,12,156,d_Unhealthy,2023-02-02,57.2,81.7,581.0,12.1,8.5,98.0
Tamil Nadu,TN_Good_2023-02-27-16.30-1-96.jpg,2023,2,27,12,43,a_Good,2023-02-27,5.9,9.2,177.0,7.1,1.1,74.0
Bengaluru,BENGR_Mod_2023-03-09-08.30-1-36.jpg,2023,3,9,12,51,b_Moderate,2023-03-09,32.7,47.8,341.0,6.8,6.3,123.0
"Knowledge park, Greater Noida",UP_SEV_2023-02-20-08.30-1-66.jpg,2023,2,20,12,331,f_Severe,2023-02-20,26.1,49.7,219.0,20.0,5.1,100.0
Mumbai,MH_UnFSG_2023-03-18-11.00-1-162.jpg,2023,3,18,12,114,c_Unhealthy_for_Sensitive_Groups,2023-03-18,59.0,94.8,678.0,39.3,48.8,177.0
"Biratnagar, Nepal",BIR_UNH_VF_2023-02-02- 15.00-4-16.jpg,2023,2,2,12,156,d_Unhealthy,2023-02-02,57.2,81.7,581.0,12.1,8.5,98.0
"Biratnagar, Nepal",BIR_UNH_VF_2023-02-02- 15.00-3-48.jpg,2023,2,2,12,156,d_Unhealthy,2023-02-02,57.2,81.7,581.0,12.1,8.5,98.0
"Biratnagar, Nepal",BIR_UFSG_2023-02-14- 14.30-2-36.jpg,2023,2,14,12,101,c_Unhealthy_for_Sensitive_Groups,2023-02-14,43.3,62.6,471.0,15.4,7.5,101.0
"Knowledge park, Greater Noida",UP_VUN_2023-03-02-09.00-1-629.jpg,2023,3,2,12,223,e_Very_Unhealthy,2023-03-02,20.5,48.2,338.0,56.9,14.0,72.0
"ITO, Delhi",DEL_SEV_2023-02-07-14.00-2-43.jpg,2023,2,7,12,449,f_Severe,2023-02-07,3.0,5.3,89.0,0.3,0.1,54.0
Bengaluru,BENGR_Mod_2023-03-09-08.30-1-121.jpg,2023,3,9,12,51,b_Moderate,2023-03-09,32.7,47.8,341.0,6.8,6.3,123.0
"Dimapur, Nagaland",Dimapur_UHFSG_2023-02-02- 09.00-1-37.jpg,2023,2,2,12,103,c_Unhealthy_for_Sensitive_Groups,2023-02-02,39.6,56.9,296.0,6.5,2.7,107.0
Mumbai,MH_UH_2023-02-03- 09.30-1-41.jpg,2023,2,3,12,162,d_Unhealthy,2023-02-03,121.1,177.4,813.0,48.2,60.2,256.0
Mumbai,MH_UH_2023-02-10-14.30-1-84.jpg,2023,2,10,12,160,d_Unhealthy,2023-02-10,74.7,110.8,581.0,28.9,36.7,198.0
"ITO, Delhi",DEL_SEV_2023-02-22-14.00-2-586.jpg,2023,2,22,12,450,f_Severe,2023-02-22,2.4,4.2,128.0,0.1,0.0,83.0
"Biratnagar, Nepal",BRI_Un_2023-02-02-1700-5.jpg,2023,2,2,12,156,d_Unhealthy,2023-02-02,57.2,81.7,581.0,12.1,8.5,98.0
Bengaluru,BENGR_Good_2023-02-26-08.30-1-166.jpg,2023,2,26,12,48,a_Good,2023-02-26,24.5,35.4,262.0,6.6,12.6,156.0
Mumbai,MH_UnFSG_2023-03-08-11.00-1-71.jpg,2023,3,8,12,124,c_Unhealthy_for_Sensitive_Groups,2023-03-08,97.1,144.8,836.0,49.2,63.9,264.0
"Knowledge park, Greater Noida",UP_UHFSG_2023-02-08-08.30-1-45.jpg,2023,2,8,12,133,c_Unhealthy_for_Sensitive_Groups,2023-02-08,53.7,112.2,526.0,86.8,19.1,87.0
Bengaluru,BENGR_Good_2023-03-17-08.30-1-288.jpg,2023,3,17,12,15,a_Good,2023-03-17,20.8,31.4,332.0,11.4,4.1,112.0
"ITO, Delhi",DEL_SEV_2023-02-07-14.00-1-61.jpg,2023,2,7,12,449,f_Severe,2023-02-07,3.0,5.3,89.0,0.3,0.1,54.0
"ITO, Delhi",DEL_VUnH_2023-02-16-17.00-1-102.jpg,2023,2,16,12,293,e_Very_Unhealthy,2023-02-16,2.0,3.3,115.0,0.6,0.0,52.0
Tamil Nadu,TN_UN_2023-03-06-09.00-2-86.jpg,2023,3,6,12,161,d_Unhealthy,2023-03-06,15.6,22.5,298.0,24.2,0.8,36.0
"Biratnagar, Nepal",BIR_UNH_VF_2023-02-02- 12.00-1-112.jpg,2023,2,2,12,158,d_Unhealthy,2023-02-02,57.2,81.7,581.0,12.1,8.5,98.0
"ITO, Delhi",DEL_SEV_2023-02-07-14.00-1-44.jpg,2023,2,7,12,449,f_Severe,2023-02-07,3.0,5.3,89.0,0.3,0.1,54.0
Mumbai,MH_UnFSG_2023-02-23-11.00-1-11.jpg,2023,2,23,12,130,c_Unhealthy_for_Sensitive_Groups,2023-02-23,70.5,109.9,662.0,40.6,61.8,226.0
"Biratnagar, Nepal",BIR_UFSG_2023-02-14- 14.30-3-66.jpg,2023,2,14,12,101,c_Unhealthy_for_Sensitive_Groups,2023-02-14,43.3,62.6,471.0,15.4,7.5,101.0
"ITO, Delhi",DEL_SEV_2023-02-22-14.00-2-41.jpg,2023,2,22,12,450,f_Severe,2023-02-22,2.4,4.2,128.0,0.1,0.0,83.0
Mumbai,MH_UnFSG_2023-02-17-19.00-2-15.jpg,2023,2,17,12,145,c_Unhealthy_for_Sensitive_Groups,2023-02-17,64.3,96.9,620.0,42.0,43.7,225.0
Bengaluru,BENGR_Good_2023-03-25-08.30-1-76.jpg,2023,3,25,12,32,a_Good,2023-03-25,26.6,39.9,248.0,8.4,5.4,133.0
"New Ind Town, Faridabad",HAR_VUN_2022-10-02-10.00-1-1905.jpg,2022,10,2,12,230,e_Very_Unhealthy,2022-10-02,16.6,23.7,513.0,2.0,1.8,93.0
"Biratnagar, Nepal",BIR_UNH_VF_2023-02-02- 12.00-1-116.jpg,2023,2,2,12,158,d_Unhealthy,2023-02-02,57.2,81.7,581.0,12.1,8.5,98.0
Mumbai,MH_Good_2023-03-23-17.00-1-421.jpg,2023,3,23,12,47,a_Good,2023-03-23,18.4,34.5,257.0,17.2,19.2,71.0
Mumbai,MH_UnFSG_2023-02-15-10.30-1-5.jpg,2023,2,15,12,143,c_Unhealthy_for_Sensitive_Groups,2023-02-15,82.2,119.0,737.0,40.3,51.8,253.0
"Biratnagar, Nepal",BIR_UNFSG_VF_2023-02-03-16.00-3-69.jpg,2023,2,3,12,141,c_Unhealthy_for_Sensitive_Groups,2023-02-03,69.8,99.7,581.0,11.6,6.8,112.0
"Dimapur, Nagaland",Dimapur_MOD_2023-02-10-08.30-2-51.jpg,2023,2,10,12,63,b_Moderate,2023-02-10,95.7,140.2,322.0,4.6,4.8,113.0
"ITO, Delhi",DL_VUNH_2023-02-04-17.00-1-19.jpg,2023,2,4,12,281,e_Very_Unhealthy,2023-02-04,2.8,4.9,89.0,0.2,0.1,62.0
Tamil Nadu,TN_UnFSG_2023-03-03-09.00-1-81.jpg,2023,3,3,12,121,c_Unhealthy_for_Sensitive_Groups,2023-03-03,5.2,9.4,154.0,1.6,1.3,86.0
Bengaluru,BENGR_UHFSG_2023-02-05-08.30-1-12.jpg,2023,2,3,12,111,c_Unhealthy_for_Sensitive_Groups,2023-02-03,19.7,31.1,321.0,13.6,3.8,86.0
Bengaluru,BENGR_Mod_2023-03-04-08.30-1-236.jpg,2023,3,4,12,71,b_Moderate,2023-03-04,17.8,26.3,251.0,6.2,6.9,118.0
Mumbai,MH_UN_2023-03-12-13.00-1-323.jpg,2023,3,12,12,156,d_Unhealthy,2023-03-12,240.3,345.5,1730.0,61.2,111.6,478.0
"Dimapur, Nagaland",Dimapur_MOD_2023-02-10-08.30-2-65.jpg,2023,2,10,12,63,b_Moderate,2023-02-10,95.7,140.2,322.0,4.6,4.8,113.0
Bengaluru,BENGR_Mod_2023-02-21-08.30-1-281.jpg,2023,2,21,12,56,b_Moderate,2023-02-21,26.0,37.8,303.0,8.9,11.2,152.0
"ITO, Delhi",DEL_VUnH_2023-02-16-14.00-3-59.jpg,2023,2,16,12,268,e_Very_Unhealthy,2023-02-16,2.0,3.3,115.0,0.6,0.0,52.0
"ITO, Delhi",DEL_SEV_2023-02-22-14.00-2-531.jpg,2023,2,22,12,450,f_Severe,2023-02-22,2.4,4.2,128.0,0.1,0.0,83.0
"Knowledge park, Greater Noida",UP_VUN_2023-03-02-09.00-3.jpg,2023,3,2,12,223,e_Very_Unhealthy,2023-03-02,20.5,48.2,338.0,56.9,14.0,72.0
Bengaluru,BENGR_UnFSG_2023-03-08-08.30-1-421.jpg,2023,3,8,12,106,c_Unhealthy_for_Sensitive_Groups,2023-03-08,16.9,24.7,244.0,5.9,5.7,120.0
Bengaluru,BENGR_Good_2023-03-21-08.30-1-8.jpg,2023,3,21,12,47,a_Good,2023-03-21,9.1,13.8,245.0,15.6,3.6,110.0
Bengaluru,BENGR_Mod_2023-02-25-08.30-1-451.jpg,2023,2,25,12,73,b_Moderate,2023-02-25,19.2,27.9,256.0,7.8,9.3,142.0
"Biratnagar, Nepal",BIR_UFSG_2023-02-14- 14.30-2-12.jpg,2023,2,14,12,101,c_Unhealthy_for_Sensitive_Groups,2023-02-14,43.3,62.6,471.0,15.4,7.5,101.0
"ITO, Delhi",DEL_SEV_2023-02-20-14.00-1-371.jpg,2023,2,20,12,363,f_Severe,2023-02-20,4.4,7.8,136.0,0.3,0.0,76.0
"Knowledge park, Greater Noida",UP_UN_2023-03-01-08.30-1-121.jpg,2023,3,1,12,199,d_Unhealthy,2023-03-01,21.1,47.7,354.0,67.2,13.3,48.0
Mumbai,MH_UH_2023-02-11-03.30-2-17.jpg,2023,2,11,12,154,d_Unhealthy,2023-02-11,50.5,82.9,477.0,34.0,35.6,181.0
"Knowledge park, Greater Noida",UP_VUN_2023-02-27-10.30-1-285.jpg,2023,2,27,12,299,e_Very_Unhealthy,2023-02-27,44.7,71.7,613.0,101.2,20.5,98.0
Bengaluru,BENGR_Mod_2023-03-01-08.30-1-141.jpg,2023,3,1,12,70,b_Moderate,2023-03-01,17.0,25.4,362.0,6.3,6.0,122.0
Bengaluru,BENGR_Good_2023-02-19-08.30-1-11.jpg,2023,2,19,12,41,a_Good,2023-02-19,14.6,21.7,286.0,7.9,10.9,146.0
"ITO, Delhi",DEL_SEV_2023-02-22-14.00-1-81.jpg,2023,2,22,12,450,f_Severe,2023-02-22,2.4,4.2,128.0,0.1,0.0,83.0
Mumbai,MH_VUN_2023-02-25-10.00-1-131.jpg,2023,2,25,12,206,e_Very_Unhealthy,2023-02-25,64.3,98.3,654.0,37.4,50.9,173.0
Mumbai,MH_UH_2023-02-02- 09.30-1-95.jpg,2023,2,2,12,182,d_Unhealthy,2023-02-02,122.9,179.7,829.0,44.0,61.7,239.0
"ITO, Delhi",DEL_VUnH_2023-02-16-14.00-3-49.jpg,2023,2,16,12,268,e_Very_Unhealthy,2023-02-16,2.0,3.3,115.0,0.6,0.0,52.0
Mumbai,MH_UnFSG_2023-02-23-11.00-1-166.jpg,2023,2,23,12,130,c_Unhealthy_for_Sensitive_Groups,2023-02-23,70.5,109.9,662.0,40.6,61.8,226.0
Tamil Nadu,TN_UnFSG_2023-03-02-08.30-2-161.jpg,2023,3,2,12,119,c_Unhealthy_for_Sensitive_Groups,2023-03-02,8.6,16.2,185.0,2.6,1.1,86.0
Tamil Nadu,TN_Good_2023-02-21-08.30-3-146.jpg,2023,2,21,12,29,a_Good,2023-02-21,2.1,3.2,146.0,1.6,0.3,82.0
Tamil Nadu,TN_Good_2023-02-22-09.30-3-136.jpg,2023,2,22,12,36,a_Good,2023-02-22,8.3,12.4,216.0,13.8,2.4,52.0
"New Ind Town, Faridabad",HAR_VUN_2022-10-02-10.00-1-3433.jpg,2022,10,2,12,230,e_Very_Unhealthy,2022-10-02,16.6,23.7,513.0,2.0,1.8,93.0
Tamil Nadu,TN_UnFSG_2023-03-08-08.30-1-251.jpg,2023,3,8,12,121,c_Unhealthy_for_Sensitive_Groups,2023-03-08,21.1,30.5,475.0,70.5,1.8,17.0
"Biratnagar, Nepal",BIR_UNH_VF_2023-02-03- 10.00-3-55.jpg,2023,2,3,12,163,d_Unhealthy,2023-02-03,69.8,99.7,581.0,11.6,6.8,112.0
"ITO, Delhi",DEL_SEV_2023-02-22-14.00-2-511.jpg,2023,2,22,12,450,f_Severe,2023-02-22,2.4,4.2,128.0,0.1,0.0,83.0
"Knowledge park, Greater Noida",UP_UHFSG_2023-03-06-11.30-1-205.jpg,2023,3,6,12,104,c_Unhealthy_for_Sensitive_Groups,2023-03-06,57.3,103.8,710.0,101.0,20.8,124.0
Tamil Nadu,TN_MOD_2023-02-09-08.30-1-23.jpg,2023,2,9,12,78,b_Moderate,2023-02-09,20.1,29.8,485.0,57.4,2.2,10.0
Tamil Nadu,TN_Good_2023-02-27-16.30-2-41.jpg,2023,2,27,12,43,a_Good,2023-02-27,5.9,9.2,177.0,7.1,1.1,74.0
Mumbai,MH_Good_2023-03-22-18.00-1-13.jpg,2023,3,22,12,47,a_Good,2023-03-22,16.2,31.8,249.0,15.6,16.8,76.0
"Knowledge park, Greater Noida",UP_UHFSG_2023-02-24-08.30-1-357.jpg,2023,2,24,12,141,c_Unhealthy_for_Sensitive_Groups,2023-02-24,132.7,224.4,1109.0,243.3,40.8,181.0
Mumbai,MH_UH_2023-02-02- 09.30-1-18.jpg,2023,2,2,12,182,d_Unhealthy,2023-02-02,122.9,179.7,829.0,44.0,61.7,239.0
Tamil Nadu,TN_Mod_2023-02-28-08.30-1-181.jpg,2023,2,28,12,73,b_Moderate,2023-02-28,3.8,5.7,174.0,4.3,0.9,75.0
"ITO, Delhi",DEL_SEV_2023-02-20-14.00-3-426.jpg,2023,2,20,12,363,f_Severe,2023-02-20,4.4,7.8,136.0,0.3,0.0,76.0
Bengaluru,BENGR_Good_2023-02-28-08.30-1-216.jpg,2023,2,28,12,37,a_Good,2023-02-28,27.2,39.7,398.0,7.6,7.8,127.0
"ITO, Delhi",DEL_VUnH_2023-02-16-14.30-1-139.jpg,2023,2,16,12,245,e_Very_Unhealthy,2023-02-16,2.0,3.3,115.0,0.6,0.0,52.0
"Knowledge park, Greater Noida",UP_SEV_2023-02-19-14.30-1-29.jpg,2023,2,19,12,357,f_Severe,2023-02-19,26.7,50.5,247.0,25.1,8.3,99.0
"Knowledge park, Greater Noida",UP_SEV_2023-02-18-14.30-1-56.jpg,2023,2,18,12,331,f_Severe,2023-02-18,24.9,48.1,246.0,27.6,8.9,84.0
"Biratnagar, Nepal",BIR_UNH_VF_2023-02-02- 15.00-2-40.jpg,2023,2,2,12,156,d_Unhealthy,2023-02-02,57.2,81.7,581.0,12.1,8.5,98.0
Tamil Nadu,TN_UHFSG_2023-02-10-08.30-1-11.jpg,2023,2,10,12,105,c_Unhealthy_for_Sensitive_Groups,2023-02-10,3.4,5.3,152.0,3.8,0.5,78.0
Bengaluru,BENGR_UHFSG_2023-02-09-08.30-1-37.jpg,2023,2,9,12,103,c_Unhealthy_for_Sensitive_Groups,2023-02-09,28.2,41.3,282.0,10.7,8.9,132.0
Mumbai,MH_UN_2023-03-12-13.00-1-64.jpg,2023,3,12,12,156,d_Unhealthy,2023-03-12,240.3,345.5,1730.0,61.2,111.6,478.0
"Biratnagar, Nepal",BRI_Un_2023-02-02- 15.00-1.jpg,2023,2,2,12,156,d_Unhealthy,2023-02-02,57.2,81.7,581.0,12.1,8.5,98.0
Bengaluru,BENGR_Mod_2023-03-13-08.30-1-407.jpg,2023,3,13,12,53,b_Moderate,2023-03-13,27.1,39.7,365.0,8.1,8.5,111.0
Bengaluru,BENGR_Good_2023-03-17-08.30-1-36.jpg,2023,3,17,12,15,a_Good,2023-03-17,20.8,31.4,332.0,11.4,4.1,112.0
Tamil Nadu,TN_UnFSG_2023-03-09-09.00-1-126.jpg,2023,3,9,12,134,c_Unhealthy_for_Sensitive_Groups,2023-03-09,10.4,15.2,234.0,12.8,0.9,62.0
Mumbai,MH_UN_2023-03-12-13.00-1-379.jpg,2023,3,12,12,156,d_Unhealthy,2023-03-12,240.3,345.5,1730.0,61.2,111.6,478.0
Bengaluru,BENGR_Mod_2023-02-21-08.30-1-371.jpg,2023,2,21,12,56,b_Moderate,2023-02-21,26.0,37.8,303.0,8.9,11.2,152.0
Bengaluru,BENGR_Mod_2023-03-06-08.30-1-31.jpg,2023,3,6,12,68,b_Moderate,2023-03-06,12.6,18.6,218.0,6.5,8.2,129.0
Tamil Nadu,TN_UnFSG_2023-03-01-08.30-1-221.jpg,2023,3,1,12,111,c_Unhealthy_for_Sensitive_Groups,2023-03-01,11.3,16.5,244.0,12.0,2.9,66.0
"ITO, Delhi",DEL_SEV_2023-02-17-13.00-1-58.jpg,2023,2,17,12,372,f_Severe,2023-02-17,0.2,0.3,91.0,0.1,0.0,49.0
"Biratnagar, Nepal",BIR_MOD_2023-02-13-09.30-3-30.jpg,2023,2,13,12,91,b_Moderate,2023-02-13,40.7,59.3,429.0,13.7,9.2,101.0
Tamil Nadu,TN_Good_2023-02-20-16.30-2-86.jpg,2023,2,20,12,43,a_Good,2023-02-20,2.1,3.0,150.0,2.1,0.4,78.0
Tamil Nadu,TN_Good_2023-02-27-16.30-2-81.jpg,2023,2,27,12,43,a_Good,2023-02-27,5.9,9.2,177.0,7.1,1.1,74.0
"Biratnagar, Nepal",BIR_MOD_2023-02-13-09.30-3-4.jpg,2023,2,13,12,91,b_Moderate,2023-02-13,40.7,59.3,429.0,13.7,9.2,101.0
"Knowledge park, Greater Noida",UP_VUN_2023-03-02-09.00-1-721.jpg,2023,3,2,12,223,e_Very_Unhealthy,2023-03-02,20.5,48.2,338.0,56.9,14.0,72.0
"ITO, Delhi",DEL_SEV_2023-02-22-14.00-2-86.jpg,2023,2,22,12,450,f_Severe,2023-02-22,2.4,4.2,128.0,0.1,0.0,83.0
Bengaluru,BENGR_Mod_2023-02-24-08.30-1-256.jpg,2023,2,24,12,68,b_Moderate,2023-02-24,11.3,16.6,250.0,9.2,10.1,126.0
"New Ind Town, Faridabad",HAR_VUN_2022-10-02-10.00-1-1393.jpg,2022,10,2,12,230,e_Very_Unhealthy,2022-10-02,16.6,23.7,513.0,2.0,1.8,93.0
"ITO, Delhi",DEL_SEV_2023-02-17-13.00-1-11.jpg,2023,2,17,12,372,f_Severe,2023-02-17,0.2,0.3,91.0,0.1,0.0,49.0
"ITO, Delhi",DEL_UnH_2023-02-15-11.30-1-61.jpg,2023,2,15,12,179,d_Unhealthy,2023-02-15,2.5,3.7,124.0,1.0,0.0,54.0
Bengaluru,BENGR_UHFSG_2023-02-15-14.30-1-49.jpg,2023,2,15,12,103,c_Unhealthy_for_Sensitive_Groups,2023-02-15,18.6,26.8,278.0,7.8,11.8,147.0
Tamil Nadu,TN_UHFSG_2023-02-10-08.30-1-7.jpg,2023,2,10,12,105,c_Unhealthy_for_Sensitive_Groups,2023-02-10,3.4,5.3,152.0,3.8,0.5,78.0
Mumbai,MH_UH_2023-02-11-03.30-1-26.jpg,2023,2,11,12,154,d_Unhealthy,2023-02-11,50.5,82.9,477.0,34.0,35.6,181.0
Bengaluru,BENGR_Mod_2023-02-21-08.30-1-326.jpg,2023,2,21,12,56,b_Moderate,2023-02-21,26.0,37.8,303.0,8.9,11.2,152.0
"Biratnagar, Nepal",BIR_UNH_VF_2023-02-02- 15.00-3-6.jpg,2023,2,2,12,156,d_Unhealthy,2023-02-02,57.2,81.7,581.0,12.1,8.5,98.0
"ITO, Delhi",DEL_VUnH_2023-02-16-17.00-1-4.jpg,2023,2,16,12,293,e_Very_Unhealthy,2023-02-16,2.0,3.3,115.0,0.6,0.0,52.0
Mumbai,MH_UH_2023-02-03- 09.30-1-24.jpg,2023,2,3,12,162,d_Unhealthy,2023-02-03,121.1,177.4,813.0,48.2,60.2,256.0
"ITO, Delhi",DEL_SEV_2023-02-07-14.00-1-76.jpg,2023,2,7,12,449,f_Severe,2023-02-07,3.0,5.3,89.0,0.3,0.1,54.0
Tamil Nadu,TN_Good_2023-02-23-08.30-1-121.jpg,2023,2,23,12,43,a_Good,2023-02-23,2.9,4.1,131.0,0.9,1.6,95.0
Mumbai,MH_UN_2023-03-13-10.00-2.jpg,2023,3,13,12,197,d_Unhealthy,2023-03-13,346.5,501.1,2447.0,38.8,125.9,577.0
"ITO, Delhi",DEL_SEV_2023-02-22-14.00-1-146.jpg,2023,2,22,12,450,f_Severe,2023-02-22,2.4,4.2,128.0,0.1,0.0,83.0
Bengaluru,BENGR_Mod_2023-03-13-08.30-1-141.jpg,2023,3,13,12,53,b_Moderate,2023-03-13,27.1,39.7,365.0,8.1,8.5,111.0
"Biratnagar, Nepal",BIR_UFSG_2023-02-14- 14.30-1-62.jpg,2023,2,14,12,101,c_Unhealthy_for_Sensitive_Groups,2023-02-14,43.3,62.6,471.0,15.4,7.5,101.0
"Knowledge park, Greater Noida",UP_VUN_2023-03-02-09.00-1-445.jpg,2023,3,2,12,223,e_Very_Unhealthy,2023-03-02,20.5,48.2,338.0,56.9,14.0,72.0
"Biratnagar, Nepal",BIR_UNH_VF_2023-02-02- 12.00-2-89.jpg,2023,2,2,12,158,d_Unhealthy,2023-02-02,57.2,81.7,581.0,12.1,8.5,98.0
Tamil Nadu,TN_UnFSG_2023-03-02-08.30-1-96.jpg,2023,3,2,12,119,c_Unhealthy_for_Sensitive_Groups,2023-03-02,8.6,16.2,185.0,2.6,1.1,86.0
Bengaluru,BENGR_Good_2023-03-21-08.30-1-498.jpg,2023,3,21,12,47,a_Good,2023-03-21,9.1,13.8,245.0,15.6,3.6,110.0
"Knowledge park, Greater Noida",UP_VUN_2023-02-27-10.30-1-273.jpg,2023,2,27,12,299,e_Very_Unhealthy,2023-02-27,44.7,71.7,613.0,101.2,20.5,98.0
"New Ind Town, Faridabad",HAR_VUN_2022-10-02-10.00-1-4465.jpg,2022,10,2,12,230,e_Very_Unhealthy,2022-10-02,16.6,23.7,513.0,2.0,1.8,93.0
Bengaluru,BENGR_Mod_2023-03-06-08.30-1-36.jpg,2023,3,6,12,68,b_Moderate,2023-03-06,12.6,18.6,218.0,6.5,8.2,129.0
"Biratnagar, Nepal",BIR_UNH_VF_2023-02-03- 10.00-3-44.jpg,2023,2,3,12,163,d_Unhealthy,2023-02-03,69.8,99.7,581.0,11.6,6.8,112.0
"Knowledge park, Greater Noida",UP_VUN_2023-03-02-09.00-1-345.jpg,2023,3,2,12,223,e_Very_Unhealthy,2023-03-02,20.5,48.2,338.0,56.9,14.0,72.0
"ITO, Delhi",DEL_SEV_2023-02-22-14.00-2-101.jpg,2023,2,22,12,450,f_Severe,2023-02-22,2.4,4.2,128.0,0.1,0.0,83.0
Bengaluru,BENGR_Mod_2023-03-06-08.30-1-291.jpg,2023,3,6,12,68,b_Moderate,2023-03-06,12.6,18.6,218.0,6.5,8.2,129.0
"ITO, Delhi",DEL_VUnH_2023-02-16-14.00-1-13.jpg,2023,2,16,12,268,e_Very_Unhealthy,2023-02-16,2.0,3.3,115.0,0.6,0.0,52.0
Bengaluru,BENGR_Good_2023-02-19-08.30-1-48.jpg,2023,2,19,12,41,a_Good,2023-02-19,14.6,21.7,286.0,7.9,10.9,146.0
Mumbai,MH_UnFSG_2023-03-18-11.00-1-344.jpg,2023,3,18,12,114,c_Unhealthy_for_Sensitive_Groups,2023-03-18,59.0,94.8,678.0,39.3,48.8,177.0
Tamil Nadu,TN_UnFSG_2023-03-09-09.00-2-11.jpg,2023,3,9,12,134,c_Unhealthy_for_Sensitive_Groups,2023-03-09,10.4,15.2,234.0,12.8,0.9,62.0
"New Ind Town, Faridabad",HAR_VUN_2022-10-02-10.00-1-1081.jpg,2022,10,2,12,230,e_Very_Unhealthy,2022-10-02,16.6,23.7,513.0,2.0,1.8,93.0
Bengaluru,BENGR_Good_2023-02-27-08.30-1-261.jpg,2023,2,27,12,47,a_Good,2023-02-27,10.8,15.8,277.0,6.9,7.3,131.0
"New Ind Town, Faridabad",HAR_VUN_2022-10-02-10.00-1-577.jpg,2022,10,2,12,230,e_Very_Unhealthy,2022-10-02,16.6,23.7,513.0,2.0,1.8,93.0
"ITO, Delhi",DEL_VUnH_2023-02-16-17.00-1-111.jpg,2023,2,16,12,293,e_Very_Unhealthy,2023-02-16,2.0,3.3,115.0,0.6,0.0,52.0
Mumbai,MH_UnFSG_2023-03-14-13.00-1-325.jpg,2023,3,14,12,138,c_Unhealthy_for_Sensitive_Groups,2023-03-14,160.7,240.3,1639.0,42.4,85.0,345.0
"ITO, Delhi",DEL_SEV_2023-02-20-14.00-1-66.jpg,2023,2,20,12,363,f_Severe,2023-02-20,4.4,7.8,136.0,0.3,0.0,76.0
Bengaluru,BENGR_Mod_2023-03-01-08.30-1-91.jpg,2023,3,1,12,70,b_Moderate,2023-03-01,17.0,25.4,362.0,6.3,6.0,122.0
Bengaluru,BENGR_Mod_2023-02-25-08.30-1-596.jpg,2023,2,25,12,73,b_Moderate,2023-02-25,19.2,27.9,256.0,7.8,9.3,142.0
"ITO, Delhi",DEL_VUnH_2023-02-16-14.00-1-18.jpg,2023,2,16,12,268,e_Very_Unhealthy,2023-02-16,2.0,3.3,115.0,0.6,0.0,52.0
Mumbai,MH_Good_2023-03-23-17.00-1-1.jpg,2023,3,23,12,47,a_Good,2023-03-23,18.4,34.5,257.0,17.2,19.2,71.0
Mumbai,MH_UN_2023-03-16-11.00-9.jpg,2023,3,16,12,159,d_Unhealthy,2023-03-16,59.3,90.6,871.0,64.4,81.4,199.0
Bengaluru,BENGR_UnFSG_2023-03-08-08.30-1-71.jpg,2023,3,8,12,106,c_Unhealthy_for_Sensitive_Groups,2023-03-08,16.9,24.7,244.0,5.9,5.7,120.0
Mumbai,MH_UnFSG_2023-02-17-13.00-1-3.jpg,2023,2,17,12,140,c_Unhealthy_for_Sensitive_Groups,2023-02-17,64.3,96.9,620.0,42.0,43.7,225.0
Tamil Nadu,TN_UNH_2023-02-03-12.30-1-46.jpg,2023,2,3,12,150,d_Unhealthy,2023-02-03,26.3,38.1,500.0,65.8,1.9,18.0
"Knowledge park, Greater Noida",UP_UN_2023-03-01-08.30-1-109.jpg,2023,3,1,12,199,d_Unhealthy,2023-03-01,21.1,47.7,354.0,67.2,13.3,48.0
Bengaluru,BENGR_Mod_2023-02-25-08.30-1-111.jpg,2023,2,25,12,73,b_Moderate,2023-02-25,19.2,27.9,256.0,7.8,9.3,142.0
"ITO, Delhi",DEL_SEV_2023-02-22-14.00-2-506.jpg,2023,2,22,12,450,f_Severe,2023-02-22,2.4,4.2,128.0,0.1,0.0,83.0
Bengaluru,BENGR_Mod_2023-03-04-08.30-1-356.jpg,2023,3,4,12,71,b_Moderate,2023-03-04,17.8,26.3,251.0,6.2,6.9,118.0
Mumbai,MH_UH_2023-02-10-14.30-1-30.jpg,2023,2,10,12,160,d_Unhealthy,2023-02-10,74.7,110.8,581.0,28.9,36.7,198.0
"Biratnagar, Nepal",BIR_MOD_2023-02-13-09.30-2-76.jpg,2023,2,13,12,91,b_Moderate,2023-02-13,40.7,59.3,429.0,13.7,9.2,101.0
"New Ind Town, Faridabad",HAR_VUN_2022-10-02-10.00-1-313.jpg,2022,10,2,12,230,e_Very_Unhealthy,2022-10-02,16.6,23.7,513.0,2.0,1.8,93.0
"Knowledge park, Greater Noida",UP_SEV_2023-02-18-11.00-1-109.jpg,2023,2,18,12,320,f_Severe,2023-02-18,24.9,48.1,246.0,27.6,8.9,84.0
Tamil Nadu,TN_Good_2023-02-20-16.30-1-46.jpg,2023,2,20,12,43,a_Good,2023-02-20,2.1,3.0,150.0,2.1,0.4,78.0
"New Ind Town, Faridabad",HAR_VUN_2022-10-02-10.00-1-4897.jpg,2022,10,2,12,230,e_Very_Unhealthy,2022-10-02,16.6,23.7,513.0,2.0,1.8,93.0
"ITO, Delhi",DEL_VUnH_2023-02-16-14.30-1-75.jpg,2023,2,16,12,245,e_Very_Unhealthy,2023-02-16,2.0,3.3,115.0,0.6,0.0,52.0
Bengaluru,BENGR_Good_2023-03-17-08.30-1-232.jpg,2023,3,17,12,15,a_Good,2023-03-17,20.8,31.4,332.0,11.4,4.1,112.0
"New Ind Town, Faridabad",HAR_VUN_2022-10-02-10.00-1-1401.jpg,2022,10,2,12,230,e_Very_Unhealthy,2022-10-02,16.6,23.7,513.0,2.0,1.8,93.0
"Knowledge park, Greater Noida",UP_UN_2023-03-01-08.30-1-101.jpg,2023,3,1,12,199,d_Unhealthy,2023-03-01,21.1,47.7,354.0,67.2,13.3,48.0
Mumbai,MH_UH_2023-02-18-11.00-1-50.jpg,2023,2,18,12,151,d_Unhealthy,2023-02-18,100.4,145.8,792.0,40.1,53.4,275.0
Mumbai,MH_VUN_2023-02-25-10.00-1-286.jpg,2023,2,25,12,206,e_Very_Unhealthy,2023-02-25,64.3,98.3,654.0,37.4,50.9,173.0
"ITO, Delhi",DEL_SEV_2023-02-07-14.00-1-74.jpg,2023,2,7,12,449,f_Severe,2023-02-07,3.0,5.3,89.0,0.3,0.1,54.0
"ITO, Delhi",DEL_VUH_2023-02-04-17.00-2-124.jpg,2023,2,4,12,281,e_Very_Unhealthy,2023-02-04,2.8,4.9,89.0,0.2,0.1,62.0
Mumbai,MH_UnFSG_2023-03-10-16.00-1-201.jpg,2023,3,10,12,141,c_Unhealthy_for_Sensitive_Groups,2023-03-10,51.1,75.7,577.0,42.8,39.8,185.0
"Knowledge park, Greater Noida",UP_UHFSG_2023-03-06-11.30-1-297.jpg,2023,3,6,12,104,c_Unhealthy_for_Sensitive_Groups,2023-03-06,57.3,103.8,710.0,101.0,20.8,124.0
"ITO, Delhi",DEL_SEV_2023-02-20-14.00-2-476.jpg,2023,2,20,12,363,f_Severe,2023-02-20,4.4,7.8,136.0,0.3,0.0,76.0
Tamil Nadu,TN_Mod_2023-02-28-08.30-1-146.jpg,2023,2,28,12,73,b_Moderate,2023-02-28,3.8,5.7,174.0,4.3,0.9,75.0
"Biratnagar, Nepal",BRI_UFSG_2023-02-03- 15.00-10.jpg,2023,2,3,12,141,c_Unhealthy_for_Sensitive_Groups,2023-02-03,69.8,99.7,581.0,11.6,6.8,112.0
Bengaluru,BENGR_Mod_2023-03-09-08.30-1-481.jpg,2023,3,9,12,51,b_Moderate,2023-03-09,32.7,47.8,341.0,6.8,6.3,123.0
Mumbai,MH_UH_2023-02-02- 09.30-1-46.jpg,2023,2,2,12,182,d_Unhealthy,2023-02-02,122.9,179.7,829.0,44.0,61.7,239.0
"Dimapur, Nagaland",Dimapur_MOD_2023-02-10-08.30-1-14.jpg,2023,2,10,12,63,b_Moderate,2023-02-10,95.7,140.2,322.0,4.6,4.8,113.0
"ITO, Delhi",DEL_SEV_2023-02-07-14.00-1-3.jpg,2023,2,7,12,449,f_Severe,2023-02-07,3.0,5.3,89.0,0.3,0.1,54.0
"ITO, Delhi",DEL_UnH_2023-02-15-11.30-1-5.jpg,2023,2,15,12,179,d_Unhealthy,2023-02-15,2.5,3.7,124.0,1.0,0.0,54.0
"ITO, Delhi",DEL_UnH_2023-02-15-11.30-2-1.jpg,2023,2,15,12,179,d_Unhealthy,2023-02-15,2.5,3.7,124.0,1.0,0.0,54.0
Tamil Nadu,TN_UNH_2023-02-03-13.30-1-12.jpg,2023,2,3,12,167,d_Unhealthy,2023-02-03,26.3,38.1,500.0,65.8,1.9,18.0
"New Ind Town, Faridabad",HAR_VUN_2022-10-02-10.00-1-929.jpg,2022,10,2,12,230,e_Very_Unhealthy,2022-10-02,16.6,23.7,513.0,2.0,1.8,93.0
"ITO, Delhi",DEL_VUnH_2023-02-16-17.00-1-8.jpg,2023,2,16,12,293,e_Very_Unhealthy,2023-02-16,2.0,3.3,115.0,0.6,0.0,52.0
"Biratnagar, Nepal",BIR_UNFSG_VF_2023-02-03-16.00-2-60.jpg,2023,2,3,12,141,c_Unhealthy_for_Sensitive_Groups,2023-02-03,69.8,99.7,581.0,11.6,6.8,112.0
"Biratnagar, Nepal",BIR_UFSG_2023-02-14- 14.30-3-86.jpg,2023,2,14,12,101,c_Unhealthy_for_Sensitive_Groups,2023-02-14,43.3,62.6,471.0,15.4,7.5,101.0
Mumbai,MH_UH_2023-02-14-11.30-1-32.jpg,2023,2,14,12,160,d_Unhealthy,2023-02-14,81.3,119.0,721.0,41.8,52.8,260.0
"Dimapur, Nagaland",Dimapur_UHFSG_2023-02-02- 09.00-2-39.jpg,2023,2,2,12,103,c_Unhealthy_for_Sensitive_Groups,2023-02-02,39.6,56.9,296.0,6.5,2.7,107.0
"Dimapur, Nagaland",Dimapur_UHFSG_2023-02-02- 09.00-3-33.jpg,2023,2,2,12,103,c_Unhealthy_for_Sensitive_Groups,2023-02-02,39.6,56.9,296.0,6.5,2.7,107.0
Bengaluru,BENGR_UnFSG_2023-03-08-08.30-1-116.jpg,2023,3,8,12,106,c_Unhealthy_for_Sensitive_Groups,2023-03-08,16.9,24.7,244.0,5.9,5.7,120.0
"Biratnagar, Nepal",BIR_UFSG_2023-02-14- 14.30-3-53.jpg,2023,2,14,12,101,c_Unhealthy_for_Sensitive_Groups,2023-02-14,43.3,62.6,471.0,15.4,7.5,101.0
Bengaluru,BENGR_Mod_2023-03-06-08.30-1-376.jpg,2023,3,6,12,68,b_Moderate,2023-03-06,12.6,18.6,218.0,6.5,8.2,129.0
Mumbai,MH_UnFSG_2023-03-08-11.00-1-166.jpg,2023,3,8,12,124,c_Unhealthy_for_Sensitive_Groups,2023-03-08,97.1,144.8,836.0,49.2,63.9,264.0
"New Ind Town, Faridabad",HAR_VUN_2022-10-02-10.00-1-4721.jpg,2022,10,2,12,230,e_Very_Unhealthy,2022-10-02,16.6,23.7,513.0,2.0,1.8,93.0
Mumbai,MH_VUN_2023-02-25-10.00-1-116.jpg,2023,2,25,12,206,e_Very_Unhealthy,2023-02-25,64.3,98.3,654.0,37.4,50.9,173.0
Bengaluru,BENGR_Mod_2023-03-01-08.30-1-241.jpg,2023,3,1,12,70,b_Moderate,2023-03-01,17.0,25.4,362.0,6.3,6.0,122.0
"New Ind Town, Faridabad",HAR_VUN_2022-10-02-10.00-1-1761.jpg,2022,10,2,12,230,e_Very_Unhealthy,2022-10-02,16.6,23.7,513.0,2.0,1.8,93.0
"Biratnagar, Nepal",BIR_UNFSG_VF_2023-02-03-16.00-2-33.jpg,2023,2,3,12,141,c_Unhealthy_for_Sensitive_Groups,2023-02-03,69.8,99.7,581.0,11.6,6.8,112.0
"ITO, Delhi",DEL_VUnH_2023-02-16-17.00-1-159.jpg,2023,2,16,12,293,e_Very_Unhealthy,2023-02-16,2.0,3.3,115.0,0.6,0.0,52.0
Mumbai,MH_UnFSG_2023-02-17-13.00-2-3.jpg,2023,2,17,12,140,c_Unhealthy_for_Sensitive_Groups,2023-02-17,64.3,96.9,620.0,42.0,43.7,225.0
"Biratnagar, Nepal",BIR_UNH_VF_2023-02-03- 10.00-3-30.jpg,2023,2,3,12,163,d_Unhealthy,2023-02-03,69.8,99.7,581.0,11.6,6.8,112.0
"New Ind Town, Faridabad",HAR_VUN_2022-10-02-10.00-1-2937.jpg,2022,10,2,12,230,e_Very_Unhealthy,2022-10-02,16.6,23.7,513.0,2.0,1.8,93.0
Mumbai,MH_UN_2023-03-12-13.00-1-309.jpg,2023,3,12,12,156,d_Unhealthy,2023-03-12,240.3,345.5,1730.0,61.2,111.6,478.0
"Biratnagar, Nepal",BIR_UNH_VF_2023-02-02- 15.00-4-72.jpg,2023,2,2,12,156,d_Unhealthy,2023-02-02,57.2,81.7,581.0,12.1,8.5,98.0
Mumbai,MH_UnFSG_2023-02-15-10.30-1-39.jpg,2023,2,15,12,143,c_Unhealthy_for_Sensitive_Groups,2023-02-15,82.2,119.0,737.0,40.3,51.8,253.0
Mumbai,MH_UH_2023-02-18-11.00-1-63.jpg,2023,2,18,12,151,d_Unhealthy,2023-02-18,100.4,145.8,792.0,40.1,53.4,275.0
Bengaluru,BENGR_Mod_2023-03-13-08.30-1-393.jpg,2023,3,13,12,53,b_Moderate,2023-03-13,27.1,39.7,365.0,8.1,8.5,111.0
Bengaluru,BENGR_UnFSG_2023-03-08-08.30-1-96.jpg,2023,3,8,12,106,c_Unhealthy_for_Sensitive_Groups,2023-03-08,16.9,24.7,244.0,5.9,5.7,120.0
Tamil Nadu,TN_Good_2023-02-20-08.30-1-23.jpg,2023,2,20,12,37,a_Good,2023-02-20,2.1,3.0,150.0,2.1,0.4,78.0
"ITO, Delhi",DEL_VUnH_2023-02-16-17.00-2-25.jpg,2023,2,16,12,293,e_Very_Unhealthy,2023-02-16,2.0,3.3,115.0,0.6,0.0,52.0
Mumbai,MH_Good_2023-03-22-18.00-1-37.jpg,2023,3,22,12,47,a_Good,2023-03-22,16.2,31.8,249.0,15.6,16.8,76.0
"Biratnagar, Nepal",BIR_MOD_2023-02-13-09.30-3-27.jpg,2023,2,13,12,91,b_Moderate,2023-02-13,40.7,59.3,429.0,13.7,9.2,101.0
Mumbai,MH_UH_2023-02-14-11.30-1-21.jpg,2023,2,14,12,160,d_Unhealthy,2023-02-14,81.3,119.0,721.0,41.8,52.8,260.0
Bengaluru,BENGR_UHFSG_2023-02-15-14.30-1-48.jpg,2023,2,15,12,103,c_Unhealthy_for_Sensitive_Groups,2023-02-15,18.6,26.8,278.0,7.8,11.8,147.0
"Knowledge park, Greater Noida",UP_UHFSG_2023-03-06-11.30-1-113.jpg,2023,3,6,12,104,c_Unhealthy_for_Sensitive_Groups,2023-03-06,57.3,103.8,710.0,101.0,20.8,124.0
"ITO, Delhi",DEL_SEV_2023-02-16-18.00-2-51.jpg,2023,2,16,12,330,f_Severe,2023-02-16,2.0,3.3,115.0,0.6,0.0,52.0
"ITO, Delhi",DEL_VUnH_2023-02-16-14.30-1-64.jpg,2023,2,16,12,245,e_Very_Unhealthy,2023-02-16,2.0,3.3,115.0,0.6,0.0,52.0
"New Ind Town, Faridabad",HAR_VUN_2022-10-02-10.00-1-3049.jpg,2022,10,2,12,230,e_Very_Unhealthy,2022-10-02,16.6,23.7,513.0,2.0,1.8,93.0
"ITO, Delhi",DEL_VUnH_2023-02-16-14.30-1-188.jpg,2023,2,16,12,245,e_Very_Unhealthy,2023-02-16,2.0,3.3,115.0,0.6,0.0,52.0
"Biratnagar, Nepal",BIR_UNH_VF_2023-02-02- 12.00-3-16.jpg,2023,2,2,12,158,d_Unhealthy,2023-02-02,57.2,81.7,581.0,12.1,8.5,98.0
"Biratnagar, Nepal",BIR_MOD_2023-02-13-09.30-4-37.jpg,2023,2,13,12,91,b_Moderate,2023-02-13,40.7,59.3,429.0,13.7,9.2,101.0
"ITO, Delhi",DEL_SEV_2023-02-20-14.00-3-361.jpg,2023,2,20,12,363,f_Severe,2023-02-20,4.4,7.8,136.0,0.3,0.0,76.0
Tamil Nadu,TN_MOD_2023-02-09-08.30-2-29.jpg,2023,2,9,12,78,b_Moderate,2023-02-09,20.1,29.8,485.0,57.4,2.2,10.0
Tamil Nadu,TN_UN_2023-03-06-09.00-1-231.jpg,2023,3,6,12,161,d_Unhealthy,2023-03-06,15.6,22.5,298.0,24.2,0.8,36.0
"Biratnagar, Nepal",BIR_UNH_VF_2023-02-02- 12.00-1-29.jpg,2023,2,2,12,158,d_Unhealthy,2023-02-02,57.2,81.7,581.0,12.1,8.5,98.0
"New Ind Town, Faridabad",HAR_VUN_2022-10-02-10.00-1-857.jpg,2022,10,2,12,230,e_Very_Unhealthy,2022-10-02,16.6,23.7,513.0,2.0,1.8,93.0
Mumbai,MH_Good_2023-03-23-17.00-1-253.jpg,2023,3,23,12,47,a_Good,2023-03-23,18.4,34.5,257.0,17.2,19.2,71.0
"Biratnagar, Nepal",BRI_UFSG_2023-02-03- 16.00-3.jpg,2023,2,3,12,141,c_Unhealthy_for_Sensitive_Groups,2023-02-03,69.8,99.7,581.0,11.6,6.8,112.0
"New Ind Town, Faridabad",HAR_VUN_2022-10-02-10.00-1-1057.jpg,2022,10,2,12,230,e_Very_Unhealthy,2022-10-02,16.6,23.7,513.0,2.0,1.8,93.0
"ITO, Delhi",DEL_SEV_2023-02-22-14.00-2-381.jpg,2023,2,22,12,450,f_Severe,2023-02-22,2.4,4.2,128.0,0.1,0.0,83.0
"Biratnagar, Nepal",BIR_UH_2023-03-16-12.30-2-120.jpg,2023,3,16,12,154,d_Unhealthy,2023-03-16,68.5,98.7,456.0,5.4,8.3,132.0
"Knowledge park, Greater Noida",UP_UHFSG_2023-03-06-11.30-1-109.jpg,2023,3,6,12,104,c_Unhealthy_for_Sensitive_Groups,2023-03-06,57.3,103.8,710.0,101.0,20.8,124.0
"ITO, Delhi",DEL_VUnH_2023-02-16-14.30-1-243.jpg,2023,2,16,12,245,e_Very_Unhealthy,2023-02-16,2.0,3.3,115.0,0.6,0.0,52.0
Mumbai,MH_UH_2023-02-10-14.30-1-43.jpg,2023,2,10,12,160,d_Unhealthy,2023-02-10,74.7,110.8,581.0,28.9,36.7,198.0
Mumbai,MH_UnFSG_2023-02-23-11.00-1-196.jpg,2023,2,23,12,130,c_Unhealthy_for_Sensitive_Groups,2023-02-23,70.5,109.9,662.0,40.6,61.8,226.0
Mumbai,MH_Good_2023-03-22-18.00-1-367.jpg,2023,3,22,12,47,a_Good,2023-03-22,16.2,31.8,249.0,15.6,16.8,76.0
Bengaluru,BENGR_Mod_2023-03-04-08.30-1-316.jpg,2023,3,4,12,71,b_Moderate,2023-03-04,17.8,26.3,251.0,6.2,6.9,118.0
Tamil Nadu,TN_UnFSG_2023-03-03-09.00-1-171.jpg,2023,3,3,12,121,c_Unhealthy_for_Sensitive_Groups,2023-03-03,5.2,9.4,154.0,1.6,1.3,86.0
"Dimapur, Nagaland",Dimapur_UHFSG_2023-02-02- 09.00-2-10.jpg,2023,2,2,12,103,c_Unhealthy_for_Sensitive_Groups,2023-02-02,39.6,56.9,296.0,6.5,2.7,107.0
Bengaluru,BENGR_Mod_2023-02-21-08.30-1-191.jpg,2023,2,21,12,56,b_Moderate,2023-02-21,26.0,37.8,303.0,8.9,11.2,152.0
Mumbai,MH_VUN_2023-02-24-15.00-1-281.jpg,2023,2,24,12,202,e_Very_Unhealthy,2023-02-24,73.3,112.7,633.0,41.2,49.7,231.0
"Dimapur, Nagaland",Dimapur_MOD_2023-02-10-08.30-3.jpg,2023,2,10,12,63,b_Moderate,2023-02-10,95.7,140.2,322.0,4.6,4.8,113.0
Mumbai,MH_UnFSG_2023-03-18-11.00-4.jpg,2023,3,18,12,114,c_Unhealthy_for_Sensitive_Groups,2023-03-18,59.0,94.8,678.0,39.3,48.8,177.0
"Biratnagar, Nepal",BIR_MOD_2023-02-13-09.30-3-13.jpg,2023,2,13,12,91,b_Moderate,2023-02-13,40.7,59.3,429.0,13.7,9.2,101.0
Mumbai,MH_VUN_2023-02-25-10.00-1-221.jpg,2023,2,25,12,206,e_Very_Unhealthy,2023-02-25,64.3,98.3,654.0,37.4,50.9,173.0
"ITO, Delhi",DEL_SEV_2023-02-07-14.00-1-38.jpg,2023,2,7,12,449,f_Severe,2023-02-07,3.0,5.3,89.0,0.3,0.1,54.0
Tamil Nadu,TN_UNH_2023-02-03-12.30-1-9.jpg,2023,2,3,12,150,d_Unhealthy,2023-02-03,26.3,38.1,500.0,65.8,1.9,18.0
"Dimapur, Nagaland",Dimapur_MOD_2023-02-10-08.30-2-43.jpg,2023,2,10,12,63,b_Moderate,2023-02-10,95.7,140.2,322.0,4.6,4.8,113.0
Bengaluru,BENGR_Mod_2023-02-25-08.30-1-426.jpg,2023,2,25,12,73,b_Moderate,2023-02-25,19.2,27.9,256.0,7.8,9.3,142.0
"ITO, Delhi",DEL_SEV_2023-02-22-14.00-2-566.jpg,2023,2,22,12,450,f_Severe,2023-02-22,2.4,4.2,128.0,0.1,0.0,83.0
"New Ind Town, Faridabad",HAR_VUN_2022-10-02-10.00-1-2401.jpg,2022,10,2,12,230,e_Very_Unhealthy,2022-10-02,16.6,23.7,513.0,2.0,1.8,93.0
"ITO, Delhi",DEL_VUnH_2023-02-16-14.30-1-273.jpg,2023,2,16,12,245,e_Very_Unhealthy,2023-02-16,2.0,3.3,115.0,0.6,0.0,52.0
"Knowledge park, Greater Noida",UP_VUN_2023-02-27-10.30-4.jpg,2023,2,27,12,299,e_Very_Unhealthy,2023-02-27,44.7,71.7,613.0,101.2,20.5,98.0
"Knowledge park, Greater Noida",UP_UHFSG_2023-02-24-08.30-1-277.jpg,2023,2,24,12,141,c_Unhealthy_for_Sensitive_Groups,2023-02-24,132.7,224.4,1109.0,243.3,40.8,181.0
"Biratnagar, Nepal",BIR_MOD_2023-02-13-09.30-3-64.jpg,2023,2,13,12,91,b_Moderate,2023-02-13,40.7,59.3,429.0,13.7,9.2,101.0
"Biratnagar, Nepal",BIR_UNFSG_VF_2023-02-03-16.00-1-99.jpg,2023,2,3,12,141,c_Unhealthy_for_Sensitive_Groups,2023-02-03,69.8,99.7,581.0,11.6,6.8,112.0
"Knowledge park, Greater Noida",UP_UHFSG_2023-03-06-11.30-1-393.jpg,2023,3,6,12,104,c_Unhealthy_for_Sensitive_Groups,2023-03-06,57.3,103.8,710.0,101.0,20.8,124.0
Tamil Nadu,TN_UN_2023-03-06-09.00-1-26.jpg,2023,3,6,12,161,d_Unhealthy,2023-03-06,15.6,22.5,298.0,24.2,0.8,36.0
Tamil Nadu,TN_Good_2023-02-20-16.30-1-101.jpg,2023,2,20,12,43,a_Good,2023-02-20,2.1,3.0,150.0,2.1,0.4,78.0
"Knowledge park, Greater Noida",UP_SEV_2023-02-18-14.30-1-10.jpg,2023,2,18,12,331,f_Severe,2023-02-18,24.9,48.1,246.0,27.6,8.9,84.0
"ITO, Delhi",DEL_VUH_2023-02-04-17.00-2-64.jpg,2023,2,4,12,281,e_Very_Unhealthy,2023-02-04,2.8,4.9,89.0,0.2,0.1,62.0
"Knowledge park, Greater Noida",UP_SEV_2023-02-18-11.00-1-22.jpg,2023,2,18,12,320,f_Severe,2023-02-18,24.9,48.1,246.0,27.6,8.9,84.0
"ITO, Delhi",DEL_SEV_2023-02-16-18.00-2-84.jpg,2023,2,16,12,330,f_Severe,2023-02-16,2.0,3.3,115.0,0.6,0.0,52.0
"ITO, Delhi",DEL_UnH_2023-02-15-11.30-2-44.jpg,2023,2,15,12,179,d_Unhealthy,2023-02-15,2.5,3.7,124.0,1.0,0.0,54.0
Bengaluru,BENGR_Mod_2023-02-21-08.30-1-331.jpg,2023,2,21,12,56,b_Moderate,2023-02-21,26.0,37.8,303.0,8.9,11.2,152.0
Bengaluru,BENGR_Mod_2023-03-13-08.30-1-372.jpg,2023,3,13,12,53,b_Moderate,2023-03-13,27.1,39.7,365.0,8.1,8.5,111.0
Mumbai,MH_Good_2023-03-23-17.00-1-99.jpg,2023,3,23,12,47,a_Good,2023-03-23,18.4,34.5,257.0,17.2,19.2,71.0
"ITO, Delhi",DEL_VUnH_2023-02-16-14.00-3-43.jpg,2023,2,16,12,268,e_Very_Unhealthy,2023-02-16,2.0,3.3,115.0,0.6,0.0,52.0
"ITO, Delhi",DEL_SEV_2023-02-22-14.00-2-481.jpg,2023,2,22,12,450,f_Severe,2023-02-22,2.4,4.2,128.0,0.1,0.0,83.0
Tamil Nadu,TN_UnFSG_2023-03-09-09.00-1-51.jpg,2023,3,9,12,134,c_Unhealthy_for_Sensitive_Groups,2023-03-09,10.4,15.2,234.0,12.8,0.9,62.0
"Biratnagar, Nepal",BIR_UNFSG_VF_2023-02-03-16.00-2-95.jpg,2023,2,3,12,141,c_Unhealthy_for_Sensitive_Groups,2023-02-03,69.8,99.7,581.0,11.6,6.8,112.0
Bengaluru,BENGR_Good_2023-03-25-08.30-1-79.jpg,2023,3,25,12,32,a_Good,2023-03-25,26.6,39.9,248.0,8.4,5.4,133.0
"Biratnagar, Nepal",BIR_UNH_VF_2023-02-02- 12.00-3-4.jpg,2023,2,2,12,158,d_Unhealthy,2023-02-02,57.2,81.7,581.0,12.1,8.5,98.0
"New Ind Town, Faridabad",HAR_VUN_2022-10-02-10.00-1-4193.jpg,2022,10,2,12,230,e_Very_Unhealthy,2022-10-02,16.6,23.7,513.0,2.0,1.8,93.0
Bengaluru,BENGR_Mod_2023-02-21-08.30-1-376.jpg,2023,2,21,12,56,b_Moderate,2023-02-21,26.0,37.8,303.0,8.9,11.2,152.0
"Biratnagar, Nepal",BIR_UFSG_2023-02-14- 14.30-3-19.jpg,2023,2,14,12,101,c_Unhealthy_for_Sensitive_Groups,2023-02-14,43.3,62.6,471.0,15.4,7.5,101.0
Tamil Nadu,TN_Good_2023-02-20-16.30-1-251.jpg,2023,2,20,12,43,a_Good,2023-02-20,2.1,3.0,150.0,2.1,0.4,78.0
"Knowledge park, Greater Noida",UP_UHFSG_2023-02-08-08.30-1-15.jpg,2023,2,8,12,133,c_Unhealthy_for_Sensitive_Groups,2023-02-08,53.7,112.2,526.0,86.8,19.1,87.0
"Biratnagar, Nepal",BIR_UNH_VF_2023-02-03- 10.00-2-19.jpg,2023,2,3,12,163,d_Unhealthy,2023-02-03,69.8,99.7,581.0,11.6,6.8,112.0
"ITO, Delhi",DEL_UnH_2023-02-15-11.30-2-11.jpg,2023,2,15,12,179,d_Unhealthy,2023-02-15,2.5,3.7,124.0,1.0,0.0,54.0
"New Ind Town, Faridabad",HAR_VUN_2022-10-02-10.00-1-529.jpg,2022,10,2,12,230,e_Very_Unhealthy,2022-10-02,16.6,23.7,513.0,2.0,1.8,93.0
"Biratnagar, Nepal",BIR_MOD_2023-02-13-09.30-2-63.jpg,2023,2,13,12,91,b_Moderate,2023-02-13,40.7,59.3,429.0,13.7,9.2,101.0
Bengaluru,BENGR_Mod_2023-02-25-08.30-1-571.jpg,2023,2,25,12,73,b_Moderate,2023-02-25,19.2,27.9,256.0,7.8,9.3,142.0
Bengaluru,BENGR_UHFSG_2023-02-14-08.30-1-9.jpg,2023,2,14,12,102,c_Unhealthy_for_Sensitive_Groups,2023-02-14,18.2,26.3,268.0,8.6,13.0,152.0
Mumbai,MH_Good_2023-03-22-18.00-1-247.jpg,2023,3,22,12,47,a_Good,2023-03-22,16.2,31.8,249.0,15.6,16.8,76.0
"ITO, Delhi",DEL_SEV_2023-02-22-14.00-1-56.jpg,2023,2,22,12,450,f_Severe,2023-02-22,2.4,4.2,128.0,0.1,0.0,83.0
"New Ind Town, Faridabad",HAR_VUN_2022-10-02-10.00-1-3753.jpg,2022,10,2,12,230,e_Very_Unhealthy,2022-10-02,16.6,23.7,513.0,2.0,1.8,93.0
Tamil Nadu,TN_Good_2023-02-22-09.30-2-116.jpg,2023,2,22,12,36,a_Good,2023-02-22,8.3,12.4,216.0,13.8,2.4,52.0
Mumbai,MH_UH_2023-02-03- 09.30-1-10.jpg,2023,2,3,12,162,d_Unhealthy,2023-02-03,121.1,177.4,813.0,48.2,60.2,256.0
"ITO, Delhi",DEL_VUnH_2023-02-16-17.00-2-60.jpg,2023,2,16,12,293,e_Very_Unhealthy,2023-02-16,2.0,3.3,115.0,0.6,0.0,52.0
"Dimapur, Nagaland",Dimapur_UHFSG_2023-02-02- 09.00-2-14.jpg,2023,2,2,12,103,c_Unhealthy_for_Sensitive_Groups,2023-02-02,39.6,56.9,296.0,6.5,2.7,107.0
"ITO, Delhi",DEL_SEV_2023-02-20-14.00-2-386.jpg,2023,2,20,12,363,f_Severe,2023-02-20,4.4,7.8,136.0,0.3,0.0,76.0
"New Ind Town, Faridabad",HAR_VUN_2022-10-02-10.00-1-297.jpg,2022,10,2,12,230,e_Very_Unhealthy,2022-10-02,16.6,23.7,513.0,2.0,1.8,93.0
Tamil Nadu,TN_Good_2023-02-27-16.30-1-226.jpg,2023,2,27,12,43,a_Good,2023-02-27,5.9,9.2,177.0,7.1,1.1,74.0
"ITO, Delhi",DEL_UnH_2023-02-15-11.30-2-38.jpg,2023,2,15,12,179,d_Unhealthy,2023-02-15,2.5,3.7,124.0,1.0,0.0,54.0
Bengaluru,BENGR_Mod_2023-03-06-08.30-1-421.jpg,2023,3,6,12,68,b_Moderate,2023-03-06,12.6,18.6,218.0,6.5,8.2,129.0
Bengaluru,BENGR_UHFSG_2023-02-15-14.30-1-43.jpg,2023,2,15,12,103,c_Unhealthy_for_Sensitive_Groups,2023-02-15,18.6,26.8,278.0,7.8,11.8,147.0
"Knowledge park, Greater Noida",UP_SEV_2023-02-18-11.00-1-12.jpg,2023,2,18,12,320,f_Severe,2023-02-18,24.9,48.1,246.0,27.6,8.9,84.0
"New Ind Town, Faridabad",HAR_VUN_2022-10-02-10.00-1-1505.jpg,2022,10,2,12,230,e_Very_Unhealthy,2022-10-02,16.6,23.7,513.0,2.0,1.8,93.0
Tamil Nadu,TN_Good_2023-02-21-08.30-1-106.jpg,2023,2,21,12,29,a_Good,2023-02-21,2.1,3.2,146.0,1.6,0.3,82.0
"Biratnagar, Nepal",BIR_UNFSG_VF_2023-02-03-15.00-2-23.jpg,2023,2,3,12,141,c_Unhealthy_for_Sensitive_Groups,2023-02-03,69.8,99.7,581.0,11.6,6.8,112.0
Bengaluru,BENGR_Mod_2023-02-25-08.30-1-536.jpg,2023,2,25,12,73,b_Moderate,2023-02-25,19.2,27.9,256.0,7.8,9.3,142.0
Mumbai,MH_UH_2023-02-02- 09.30-1-78.jpg,2023,2,2,12,182,d_Unhealthy,2023-02-02,122.9,179.7,829.0,44.0,61.7,239.0
Mumbai,MH_UnFSG_2023-02-17-13.00-2-24.jpg,2023,2,17,12,140,c_Unhealthy_for_Sensitive_Groups,2023-02-17,64.3,96.9,620.0,42.0,43.7,225.0
Bengaluru,BENGR_Mod_2023-03-04-08.30-1-511.jpg,2023,3,4,12,71,b_Moderate,2023-03-04,17.8,26.3,251.0,6.2,6.9,118.0
Mumbai,MH_UH_2023-02-18-11.00-1-11.jpg,2023,2,18,12,151,d_Unhealthy,2023-02-18,100.4,145.8,792.0,40.1,53.4,275.0
Mumbai,MH_UH_2023-02-11-03.30-2-27.jpg,2023,2,11,12,154,d_Unhealthy,2023-02-11,50.5,82.9,477.0,34.0,35.6,181.0
"ITO, Delhi",DEL_SEV_2023-02-16-18.00-2-57.jpg,2023,2,16,12,330,f_Severe,2023-02-16,2.0,3.3,115.0,0.6,0.0,52.0
Mumbai,MH_UnFSG_2023-02-17-13.00-1-1.jpg,2023,2,17,12,140,c_Unhealthy_for_Sensitive_Groups,2023-02-17,64.3,96.9,620.0,42.0,43.7,225.0
Tamil Nadu,TN_UN_2023-03-06-09.00-2-201.jpg,2023,3,6,12,161,d_Unhealthy,2023-03-06,15.6,22.5,298.0,24.2,0.8,36.0
Bengaluru,BENGR_Good_2023-02-28-08.30-1-481.jpg,2023,2,28,12,37,a_Good,2023-02-28,27.2,39.7,398.0,7.6,7.8,127.0
"Knowledge park, Greater Noida",UP_SEV_2023-02-19-14.30-1-24.jpg,2023,2,19,12,357,f_Severe,2023-02-19,26.7,50.5,247.0,25.1,8.3,99.0
"Knowledge park, Greater Noida",UP_UHFSG_2023-03-06-11.30-1-333.jpg,2023,3,6,12,104,c_Unhealthy_for_Sensitive_Groups,2023-03-06,57.3,103.8,710.0,101.0,20.8,124.0
Bengaluru,BENGR_Mod_2023-03-04-08.30-1-66.jpg,2023,3,4,12,71,b_Moderate,2023-03-04,17.8,26.3,251.0,6.2,6.9,118.0
"Knowledge park, Greater Noida",UP_UN_2023-03-01-08.30-1-425.jpg,2023,3,1,12,199,d_Unhealthy,2023-03-01,21.1,47.7,354.0,67.2,13.3,48.0
"ITO, Delhi",DEL_VUH_2023-02-04-17.00-2-10.jpg,2023,2,4,12,281,e_Very_Unhealthy,2023-02-04,2.8,4.9,89.0,0.2,0.1,62.0
Bengaluru,BENGR_UnFSG_2023-03-08-08.30-1-306.jpg,2023,3,8,12,106,c_Unhealthy_for_Sensitive_Groups,2023-03-08,16.9,24.7,244.0,5.9,5.7,120.0
Mumbai,MH_UH_2023-02-18-11.00-1-38.jpg,2023,2,18,12,151,d_Unhealthy,2023-02-18,100.4,145.8,792.0,40.1,53.4,275.0
Tamil Nadu,TN_UnFSG_2023-03-02-08.30-1-191.jpg,2023,3,2,12,119,c_Unhealthy_for_Sensitive_Groups,2023-03-02,8.6,16.2,185.0,2.6,1.1,86.0
Tamil Nadu,TN_UnFSG_2023-03-01-08.30-1-121.jpg,2023,3,1,12,111,c_Unhealthy_for_Sensitive_Groups,2023-03-01,11.3,16.5,244.0,12.0,2.9,66.0
"New Ind Town, Faridabad",HAR_VUN_2022-10-02-10.00-1-2961.jpg,2022,10,2,12,230,e_Very_Unhealthy,2022-10-02,16.6,23.7,513.0,2.0,1.8,93.0
"Biratnagar, Nepal",BIR_UNH_VF_2023-02-02- 12.00-2-60.jpg,2023,2,2,12,158,d_Unhealthy,2023-02-02,57.2,81.7,581.0,12.1,8.5,98.0
"New Ind Town, Faridabad",HAR_VUN_2022-10-02-10.00-1-2281.jpg,2022,10,2,12,230,e_Very_Unhealthy,2022-10-02,16.6,23.7,513.0,2.0,1.8,93.0
"Biratnagar, Nepal",BIR_UNFSG_VF_2023-02-03-16.00-3-31.jpg,2023,2,3,12,141,c_Unhealthy_for_Sensitive_Groups,2023-02-03,69.8,99.7,581.0,11.6,6.8,112.0
"Biratnagar, Nepal",BIR_UNFSG_VF_2023-02-03-16.00-2-49.jpg,2023,2,3,12,141,c_Unhealthy_for_Sensitive_Groups,2023-02-03,69.8,99.7,581.0,11.6,6.8,112.0
"ITO, Delhi",DEL_SEV_2023-02-07-14.00-1-17.jpg,2023,2,7,12,449,f_Severe,2023-02-07,3.0,5.3,89.0,0.3,0.1,54.0
"Biratnagar, Nepal",BIR_UNH_VF_2023-02-02- 1700-3-64.jpg,2023,2,2,12,156,d_Unhealthy,2023-02-02,57.2,81.7,581.0,12.1,8.5,98.0
"Dimapur, Nagaland",Dimapur_MOD_2023-02-10-08.30-2-54.jpg,2023,2,10,12,63,b_Moderate,2023-02-10,95.7,140.2,322.0,4.6,4.8,113.0
Mumbai,MH_UH_2023-02-11-03.30-1-10.jpg,2023,2,11,12,154,d_Unhealthy,2023-02-11,50.5,82.9,477.0,34.0,35.6,181.0
"Biratnagar, Nepal",BIR_UNH_VF_2023-02-03- 10.00-1-46.jpg,2023,2,3,12,163,d_Unhealthy,2023-02-03,69.8,99.7,581.0,11.6,6.8,112.0
Tamil Nadu,TN_UnFSG_2023-03-09-09.00-2-131.jpg,2023,3,9,12,134,c_Unhealthy_for_Sensitive_Groups,2023-03-09,10.4,15.2,234.0,12.8,0.9,62.0
Mumbai,MH_VUN_2023-02-24-15.00-1-271.jpg,2023,2,24,12,202,e_Very_Unhealthy,2023-02-24,73.3,112.7,633.0,41.2,49.7,231.0
"Biratnagar, Nepal",BIR_UFSG_2023-02-14- 14.30-2-58.jpg,2023,2,14,12,101,c_Unhealthy_for_Sensitive_Groups,2023-02-14,43.3,62.6,471.0,15.4,7.5,101.0
Tamil Nadu,TN_UnFSG_2023-03-03-09.00-2-321.jpg,2023,3,3,12,121,c_Unhealthy_for_Sensitive_Groups,2023-03-03,5.2,9.4,154.0,1.6,1.3,86.0
Bengaluru,BENGR_Mod_2023-03-09-08.30-1-111.jpg,2023,3,9,12,51,b_Moderate,2023-03-09,32.7,47.8,341.0,6.8,6.3,123.0
"Knowledge park, Greater Noida",UP_SEV_2023-02-18-14.30-5.jpg,2023,2,18,12,331,f_Severe,2023-02-18,24.9,48.1,246.0,27.6,8.9,84.0
Mumbai,MH_UnFSG_2023-03-10-16.00-1-316.jpg,2023,3,10,12,141,c_Unhealthy_for_Sensitive_Groups,2023-03-10,51.1,75.7,577.0,42.8,39.8,185.0
"New Ind Town, Faridabad",HAR_VUN_2022-10-02-10.00-1-4225.jpg,2022,10,2,12,230,e_Very_Unhealthy,2022-10-02,16.6,23.7,513.0,2.0,1.8,93.0
Bengaluru,BENGR_Good_2023-03-21-08.30-1-190.jpg,2023,3,21,12,47,a_Good,2023-03-21,9.1,13.8,245.0,15.6,3.6,110.0
Mumbai,MH_UnFSG_2023-02-15-10.30-1-54.jpg,2023,2,15,12,143,c_Unhealthy_for_Sensitive_Groups,2023-02-15,82.2,119.0,737.0,40.3,51.8,253.0
Bengaluru,BENGR_Mod_2023-03-13-08.30-1-22.jpg,2023,3,13,12,53,b_Moderate,2023-03-13,27.1,39.7,365.0,8.1,8.5,111.0
"ITO, Delhi",DL_VUNH_2023-02-04-17.00-1-32.jpg,2023,2,4,12,281,e_Very_Unhealthy,2023-02-04,2.8,4.9,89.0,0.2,0.1,62.0
Tamil Nadu,TN_Good_2023-02-21-08.30-3-156.jpg,2023,2,21,12,29,a_Good,2023-02-21,2.1,3.2,146.0,1.6,0.3,82.0
"ITO, Delhi",DEL_SEV_2023-02-22-14.00-1-181.jpg,2023,2,22,12,450,f_Severe,2023-02-22,2.4,4.2,128.0,0.1,0.0,83.0
"Dimapur, Nagaland",Dimapur_MOD_2023-02-10-08.30-2-22.jpg,2023,2,10,12,63,b_Moderate,2023-02-10,95.7,140.2,322.0,4.6,4.8,113.0
Bengaluru,BENGR_Good_2023-02-19-08.30-1-32.jpg,2023,2,19,12,41,a_Good,2023-02-19,14.6,21.7,286.0,7.9,10.9,146.0
"New Ind Town, Faridabad",HAR_VUN_2022-10-02-10.00-1-2921.jpg,2022,10,2,12,230,e_Very_Unhealthy,2022-10-02,16.6,23.7,513.0,2.0,1.8,93.0
"ITO, Delhi",DEL_VUnH_2023-02-16-14.30-1-69.jpg,2023,2,16,12,245,e_Very_Unhealthy,2023-02-16,2.0,3.3,115.0,0.6,0.0,52.0
"ITO, Delhi",DEL_VUnH_2023-02-16-14.00-3-29.jpg,2023,2,16,12,268,e_Very_Unhealthy,2023-02-16,2.0,3.3,115.0,0.6,0.0,52.0
"Knowledge park, Greater Noida",UP_VUN_2023-03-02-09.00-1-97.jpg,2023,3,2,12,223,e_Very_Unhealthy,2023-03-02,20.5,48.2,338.0,56.9,14.0,72.0
Bengaluru,BENGR_Mod_2023-03-01-08.30-1-151.jpg,2023,3,1,12,70,b_Moderate,2023-03-01,17.0,25.4,362.0,6.3,6.0,122.0
"ITO, Delhi",DEL_VUnH_2023-02-16-17.00-1-135.jpg,2023,2,16,12,293,e_Very_Unhealthy,2023-02-16,2.0,3.3,115.0,0.6,0.0,52.0
Bengaluru,BENGR_Mod_2023-03-04-08.30-1-421.jpg,2023,3,4,12,71,b_Moderate,2023-03-04,17.8,26.3,251.0,6.2,6.9,118.0
Bengaluru,BENGR_Mod_2023-03-04-08.30-1-546.jpg,2023,3,4,12,71,b_Moderate,2023-03-04,17.8,26.3,251.0,6.2,6.9,118.0
Mumbai,MH_UnFSG_2023-03-18-11.00-1-260.jpg,2023,3,18,12,114,c_Unhealthy_for_Sensitive_Groups,2023-03-18,59.0,94.8,678.0,39.3,48.8,177.0
"ITO, Delhi",DEL_SEV_2023-02-07-14.00-2-25.jpg,2023,2,7,12,449,f_Severe,2023-02-07,3.0,5.3,89.0,0.3,0.1,54.0
Tamil Nadu,TN_UHFSG_2023-02-02- 09.00-1-3.jpg,2023,2,2,12,107,c_Unhealthy_for_Sensitive_Groups,2023-02-02,23.7,34.2,540.0,59.0,1.5,15.0
"Biratnagar, Nepal",BIR_UNFSG_VF_2023-02-03-16.00-2-16.jpg,2023,2,3,12,141,c_Unhealthy_for_Sensitive_Groups,2023-02-03,69.8,99.7,581.0,11.6,6.8,112.0
Tamil Nadu,TN_Good_2023-02-21-08.30-3-171.jpg,2023,2,21,12,29,a_Good,2023-02-21,2.1,3.2,146.0,1.6,0.3,82.0
"Biratnagar, Nepal",BIR_UNH_VF_2023-02-02- 15.00-2-91.jpg,2023,2,2,12,156,d_Unhealthy,2023-02-02,57.2,81.7,581.0,12.1,8.5,98.0
"ITO, Delhi",DEL_VUnH_2023-02-16-14.30-1-3.jpg,2023,2,16,12,245,e_Very_Unhealthy,2023-02-16,2.0,3.3,115.0,0.6,0.0,52.0
Mumbai,MH_UnFSG_2023-03-10-16.00-1-166.jpg,2023,3,10,12,141,c_Unhealthy_for_Sensitive_Groups,2023-03-10,51.1,75.7,577.0,42.8,39.8,185.0
Bengaluru,BENGR_UnFSG_2023-03-08-08.30-1-491.jpg,2023,3,8,12,106,c_Unhealthy_for_Sensitive_Groups,2023-03-08,16.9,24.7,244.0,5.9,5.7,120.0
"Biratnagar, Nepal",BIR_UFSG_2023-02-14- 14.30-13.jpg,2023,2,14,12,101,c_Unhealthy_for_Sensitive_Groups,2023-02-14,43.3,62.6,471.0,15.4,7.5,101.0
Mumbai,MH_UnFSG_2023-02-16-17.00-3.jpg,2023,2,16,12,128,c_Unhealthy_for_Sensitive_Groups,2023-02-16,80.8,118.3,643.0,38.1,47.3,247.0
Bengaluru,BENGR_Good_2023-02-19-08.30-1-22.jpg,2023,2,19,12,41,a_Good,2023-02-19,14.6,21.7,286.0,7.9,10.9,146.0
Mumbai,MH_UH_2023-02-11-03.30-4.jpg,2023,2,11,12,154,d_Unhealthy,2023-02-11,50.5,82.9,477.0,34.0,35.6,181.0
"Biratnagar, Nepal",BIR_UNH_VF_2023-02-02- 15.00-3-24.jpg,2023,2,2,12,156,d_Unhealthy,2023-02-02,57.2,81.7,581.0,12.1,8.5,98.0
Tamil Nadu,TN_UnFSG_2023-03-09-09.00-1-71.jpg,2023,3,9,12,134,c_Unhealthy_for_Sensitive_Groups,2023-03-09,10.4,15.2,234.0,12.8,0.9,62.0
"Knowledge park, Greater Noida",UP_SEV_2023-02-18-14.30-1-22.jpg,2023,2,18,12,331,f_Severe,2023-02-18,24.9,48.1,246.0,27.6,8.9,84.0
Tamil Nadu,TN_UnFSG_2023-03-09-09.00-1-131.jpg,2023,3,9,12,134,c_Unhealthy_for_Sensitive_Groups,2023-03-09,10.4,15.2,234.0,12.8,0.9,62.0
Tamil Nadu,TN_UN_2023-03-06-09.00-1-126.jpg,2023,3,6,12,161,d_Unhealthy,2023-03-06,15.6,22.5,298.0,24.2,0.8,36.0
Bengaluru,BENGR_Mod_2023-03-04-08.30-1-551.jpg,2023,3,4,12,71,b_Moderate,2023-03-04,17.8,26.3,251.0,6.2,6.9,118.0
"Biratnagar, Nepal",BIR_UNH_VF_2023-02-02- 12.00-1-36.jpg,2023,2,2,12,158,d_Unhealthy,2023-02-02,57.2,81.7,581.0,12.1,8.5,98.0
"Biratnagar, Nepal",BIR_MOD_2023-02-13-09.30-9.jpg,2023,2,13,12,91,b_Moderate,2023-02-13,40.7,59.3,429.0,13.7,9.2,101.0
"ITO, Delhi",DEL_SEV_2023-02-07-14.00-2-17.jpg,2023,2,7,12,449,f_Severe,2023-02-07,3.0,5.3,89.0,0.3,0.1,54.0
Bengaluru,BENGR_Mod_2023-03-06-08.30-1-316.jpg,2023,3,6,12,68,b_Moderate,2023-03-06,12.6,18.6,218.0,6.5,8.2,129.0
"ITO, Delhi",DEL_VUnH_2023-02-16-17.00-2-26.jpg,2023,2,16,12,293,e_Very_Unhealthy,2023-02-16,2.0,3.3,115.0,0.6,0.0,52.0
Mumbai,MH_UnFSG_2023-03-08-11.00-1-336.jpg,2023,3,8,12,124,c_Unhealthy_for_Sensitive_Groups,2023-03-08,97.1,144.8,836.0,49.2,63.9,264.0
Tamil Nadu,TN_Good_2023-02-23-08.30-1-191.jpg,2023,2,23,12,43,a_Good,2023-02-23,2.9,4.1,131.0,0.9,1.6,95.0
Bengaluru,BENGR_Mod_2023-02-21-08.30-1-226.jpg,2023,2,21,12,56,b_Moderate,2023-02-21,26.0,37.8,303.0,8.9,11.2,152.0
"Biratnagar, Nepal",BIR_UNH_VF_2023-02-03- 10.00-2-8.jpg,2023,2,3,12,163,d_Unhealthy,2023-02-03,69.8,99.7,581.0,11.6,6.8,112.0
Bengaluru,BENGR_Mod_2023-02-24-08.30-1-176.jpg,2023,2,24,12,68,b_Moderate,2023-02-24,11.3,16.6,250.0,9.2,10.1,126.0
"Biratnagar, Nepal",BIR_MOD_2023-02-13-09.30-1-40.jpg,2023,2,13,12,91,b_Moderate,2023-02-13,40.7,59.3,429.0,13.7,9.2,101.0
"ITO, Delhi",DEL_SEV_2023-02-20-14.00-3-171.jpg,2023,2,20,12,363,f_Severe,2023-02-20,4.4,7.8,136.0,0.3,0.0,76.0
"Knowledge park, Greater Noida",UP_SEV_2023-02-18-11.00-1-10.jpg,2023,2,18,12,320,f_Severe,2023-02-18,24.9,48.1,246.0,27.6,8.9,84.0
Mumbai,MH_UN_2023-03-12-13.00-1-29.jpg,2023,3,12,12,156,d_Unhealthy,2023-03-12,240.3,345.5,1730.0,61.2,111.6,478.0
Mumbai,MH_UH_2023-02-19-12.00-1-6.jpg,2023,2,19,12,160,d_Unhealthy,2023-02-19,143.0,205.8,1159.0,48.0,73.1,327.0
Tamil Nadu,TN_Good_2023-02-27-16.30-1-26.jpg,2023,2,27,12,43,a_Good,2023-02-27,5.9,9.2,177.0,7.1,1.1,74.0
"ITO, Delhi",DEL_VUnH_2023-02-16-14.30-1-21.jpg,2023,2,16,12,245,e_Very_Unhealthy,2023-02-16,2.0,3.3,115.0,0.6,0.0,52.0
"Biratnagar, Nepal",BIR_MOD_2023-02-13-09.30-3-75.jpg,2023,2,13,12,91,b_Moderate,2023-02-13,40.7,59.3,429.0,13.7,9.2,101.0
"Biratnagar, Nepal",BIR_UH_2023-03-16-12.30-3-1.jpg,2023,3,16,12,154,d_Unhealthy,2023-03-16,68.5,98.7,456.0,5.4,8.3,132.0
Bengaluru,BENGR_UHFSG_2023-02-15-14.30-1-5.jpg,2023,2,15,12,103,c_Unhealthy_for_Sensitive_Groups,2023-02-15,18.6,26.8,278.0,7.8,11.8,147.0
Mumbai,MH_UH_2023-02-11-03.30-1-9.jpg,2023,2,11,12,154,d_Unhealthy,2023-02-11,50.5,82.9,477.0,34.0,35.6,181.0
"Biratnagar, Nepal",BIR_UNH_VF_2023-02-02- 12.00-3-17.jpg,2023,2,2,12,158,d_Unhealthy,2023-02-02,57.2,81.7,581.0,12.1,8.5,98.0
"Biratnagar, Nepal",BRI_Un_2023-02-02-1700-4.jpg,2023,2,2,12,156,d_Unhealthy,2023-02-02,57.2,81.7,581.0,12.1,8.5,98.0
"Knowledge park, Greater Noida",UP_SEV_2023-02-18-11.00-1-94.jpg,2023,2,18,12,320,f_Severe,2023-02-18,24.9,48.1,246.0,27.6,8.9,84.0
"Biratnagar, Nepal",BIR_UNFSG_VF_2023-02-03-15.00-3-1.jpg,2023,2,3,12,141,c_Unhealthy_for_Sensitive_Groups,2023-02-03,69.8,99.7,581.0,11.6,6.8,112.0
"Biratnagar, Nepal",BIR_UNH_VF_2023-02-02- 15.00-3-45.jpg,2023,2,2,12,156,d_Unhealthy,2023-02-02,57.2,81.7,581.0,12.1,8.5,98.0
"Biratnagar, Nepal",BIR_UNH_VF_2023-02-02- 12.00-2-49.jpg,2023,2,2,12,158,d_Unhealthy,2023-02-02,57.2,81.7,581.0,12.1,8.5,98.0
"ITO, Delhi",DEL_VUnH_2023-02-16-17.00-2-102.jpg,2023,2,16,12,293,e_Very_Unhealthy,2023-02-16,2.0,3.3,115.0,0.6,0.0,52.0
Mumbai,MH_UnFSG_2023-02-17-19.00-1-3.jpg,2023,2,17,12,145,c_Unhealthy_for_Sensitive_Groups,2023-02-17,64.3,96.9,620.0,42.0,43.7,225.0
"Biratnagar, Nepal",BIR_UNH_VF_2023-02-03- 10.00-2-36.jpg,2023,2,3,12,163,d_Unhealthy,2023-02-03,69.8,99.7,581.0,11.6,6.8,112.0
Tamil Nadu,TN_UN_2023-03-11-08.00-1-211.jpg,2023,3,11,12,152,d_Unhealthy,2023-03-11,4.6,7.8,155.0,2.7,0.9,90.0
Mumbai,MH_UnFSG_2023-03-10-16.00-1-311.jpg,2023,3,10,12,141,c_Unhealthy_for_Sensitive_Groups,2023-03-10,51.1,75.7,577.0,42.8,39.8,185.0
Mumbai,MH_UN_2023-03-02-08.00-1-86.jpg,2023,3,2,12,156,d_Unhealthy,2023-03-02,165.8,246.8,1018.0,45.0,70.9,342.0
"Biratnagar, Nepal",BIR_UNH_VF_2023-02-03- 10.00-1-58.jpg,2023,2,3,12,163,d_Unhealthy,2023-02-03,69.8,99.7,581.0,11.6,6.8,112.0
Mumbai,MH_UH_2023-02-02- 09.30-1-52.jpg,2023,2,2,12,182,d_Unhealthy,2023-02-02,122.9,179.7,829.0,44.0,61.7,239.0
"ITO, Delhi",DEL_VUnH_2023-02-16-14.00-3-31.jpg,2023,2,16,12,268,e_Very_Unhealthy,2023-02-16,2.0,3.3,115.0,0.6,0.0,52.0
Bengaluru,BENGR_UnFSG_2023-03-08-08.30-1-11.jpg,2023,3,8,12,106,c_Unhealthy_for_Sensitive_Groups,2023-03-08,16.9,24.7,244.0,5.9,5.7,120.0
"ITO, Delhi",DEL_SEV_2023-02-22-14.00-2-696.jpg,2023,2,22,12,450,f_Severe,2023-02-22,2.4,4.2,128.0,0.1,0.0,83.0
Tamil Nadu,TN_UnFSG_2023-03-09-09.00-2-126.jpg,2023,3,9,12,134,c_Unhealthy_for_Sensitive_Groups,2023-03-09,10.4,15.2,234.0,12.8,0.9,62.0
Bengaluru,BENGR_Mod_2023-02-25-08.30-1-56.jpg,2023,2,25,12,73,b_Moderate,2023-02-25,19.2,27.9,256.0,7.8,9.3,142.0
Bengaluru,BENGR_UHFSG_2023-02-05-08.30-1-24.jpg,2023,2,3,12,111,c_Unhealthy_for_Sensitive_Groups,2023-02-03,19.7,31.1,321.0,13.6,3.8,86.0
"Knowledge park, Greater Noida",UP_SEV_2023-02-19-14.30-2.jpg,2023,2,19,12,357,f_Severe,2023-02-19,26.7,50.5,247.0,25.1,8.3,99.0
Tamil Nadu,TN_UnFSG_2023-03-03-09.00-1-116.jpg,2023,3,3,12,121,c_Unhealthy_for_Sensitive_Groups,2023-03-03,5.2,9.4,154.0,1.6,1.3,86.0
"ITO, Delhi",DEL_VUnH_2023-02-16-17.00-2-81.jpg,2023,2,16,12,293,e_Very_Unhealthy,2023-02-16,2.0,3.3,115.0,0.6,0.0,52.0
"Biratnagar, Nepal",BIR_UNH_VF_2023-02-03- 10.00-2-55.jpg,2023,2,3,12,163,d_Unhealthy,2023-02-03,69.8,99.7,581.0,11.6,6.8,112.0
"ITO, Delhi",DEL_SEV_2023-02-22-14.00-2-406.jpg,2023,2,22,12,450,f_Severe,2023-02-22,2.4,4.2,128.0,0.1,0.0,83.0
Tamil Nadu,TN_UNH_2023-02-03-13.30-1-32.jpg,2023,2,3,12,167,d_Unhealthy,2023-02-03,26.3,38.1,500.0,65.8,1.9,18.0
Mumbai,MH_UnFSG_2023-02-23-11.00-1-156.jpg,2023,2,23,12,130,c_Unhealthy_for_Sensitive_Groups,2023-02-23,70.5,109.9,662.0,40.6,61.8,226.0
Mumbai,MH_VUN_2023-03-05-08.30-2-31.jpg,2023,3,5,12,284,e_Very_Unhealthy,2023-03-05,278.5,401.4,1413.0,23.7,39.9,325.0
Mumbai,MH_UH_2023-02-03- 09.30-1-74.jpg,2023,2,3,12,162,d_Unhealthy,2023-02-03,121.1,177.4,813.0,48.2,60.2,256.0
"ITO, Delhi",DEL_UnH_2023-02-15-11.30-2-48.jpg,2023,2,15,12,179,d_Unhealthy,2023-02-15,2.5,3.7,124.0,1.0,0.0,54.0
"Knowledge park, Greater Noida",UP_VUN_2023-02-27-10.30-1-13.jpg,2023,2,27,12,299,e_Very_Unhealthy,2023-02-27,44.7,71.7,613.0,101.2,20.5,98.0
"Biratnagar, Nepal",BIR_UNH_VF_2023-02-02- 12.00-1-31.jpg,2023,2,2,12,158,d_Unhealthy,2023-02-02,57.2,81.7,581.0,12.1,8.5,98.0
"ITO, Delhi",DEL_VUnH_2023-02-16-14.00-3-7.jpg,2023,2,16,12,268,e_Very_Unhealthy,2023-02-16,2.0,3.3,115.0,0.6,0.0,52.0
Bengaluru,BENGR_Good_2023-02-28-08.30-1-441.jpg,2023,2,28,12,37,a_Good,2023-02-28,27.2,39.7,398.0,7.6,7.8,127.0
"Knowledge park, Greater Noida",UP_UHFSG_2023-02-08-08.30-1-56.jpg,2023,2,8,12,133,c_Unhealthy_for_Sensitive_Groups,2023-02-08,53.7,112.2,526.0,86.8,19.1,87.0
Tamil Nadu,TN_UN_2023-03-06-09.00-2-176.jpg,2023,3,6,12,161,d_Unhealthy,2023-03-06,15.6,22.5,298.0,24.2,0.8,36.0
"ITO, Delhi",DEL_SEV_2023-02-20-14.00-1-496.jpg,2023,2,20,12,363,f_Severe,2023-02-20,4.4,7.8,136.0,0.3,0.0,76.0
Mumbai,MH_UH_2023-02-11-03.30-1-18.jpg,2023,2,11,12,154,d_Unhealthy,2023-02-11,50.5,82.9,477.0,34.0,35.6,181.0
"Knowledge park, Greater Noida",UP_SEV_2023-02-17-12.00-2.jpg,2023,2,17,12,347,f_Severe,2023-02-17,32.0,70.8,327.0,40.4,10.2,83.0
"Biratnagar, Nepal",BIR_UNFSG_VF_2023-02-03-16.00-1-3.jpg,2023,2,3,12,141,c_Unhealthy_for_Sensitive_Groups,2023-02-03,69.8,99.7,581.0,11.6,6.8,112.0
Tamil Nadu,TN_UnFSG_2023-03-02-08.30-2-151.jpg,2023,3,2,12,119,c_Unhealthy_for_Sensitive_Groups,2023-03-02,8.6,16.2,185.0,2.6,1.1,86.0
Bengaluru,BENGR_Good_2023-02-26-08.30-1-266.jpg,2023,2,26,12,48,a_Good,2023-02-26,24.5,35.4,262.0,6.6,12.6,156.0
Tamil Nadu,TN_Good_2023-02-22-09.30-3-196.jpg,2023,2,22,12,36,a_Good,2023-02-22,8.3,12.4,216.0,13.8,2.4,52.0
Mumbai,MH_UH_2023-02-11-03.30-2-42.jpg,2023,2,11,12,154,d_Unhealthy,2023-02-11,50.5,82.9,477.0,34.0,35.6,181.0
"Biratnagar, Nepal",BIR_UNFSG_VF_2023-02-03-16.00-2-23.jpg,2023,2,3,12,141,c_Unhealthy_for_Sensitive_Groups,2023-02-03,69.8,99.7,581.0,11.6,6.8,112.0
Bengaluru,BENGR_Good_2023-02-26-08.30-1-151.jpg,2023,2,26,12,48,a_Good,2023-02-26,24.5,35.4,262.0,6.6,12.6,156.0
"ITO, Delhi",DEL_VUH_2023-02-04-17.00-2-56.jpg,2023,2,4,12,281,e_Very_Unhealthy,2023-02-04,2.8,4.9,89.0,0.2,0.1,62.0
Mumbai,MH_UH_2023-02-18-11.00-1-57.jpg,2023,2,18,12,151,d_Unhealthy,2023-02-18,100.4,145.8,792.0,40.1,53.4,275.0
"Knowledge park, Greater Noida",UP_SEV_2023-02-18-14.30-1-43.jpg,2023,2,18,12,331,f_Severe,2023-02-18,24.9,48.1,246.0,27.6,8.9,84.0
"Biratnagar, Nepal",BIR_UFSG_2023-02-14- 14.30-2-30.jpg,2023,2,14,12,101,c_Unhealthy_for_Sensitive_Groups,2023-02-14,43.3,62.6,471.0,15.4,7.5,101.0
"Dimapur, Nagaland",Dimapur_MOD_2023-02-10-08.30-2-40.jpg,2023,2,10,12,63,b_Moderate,2023-02-10,95.7,140.2,322.0,4.6,4.8,113.0
Tamil Nadu,TN_Good_2023-02-20-08.30-1-35.jpg,2023,2,20,12,37,a_Good,2023-02-20,2.1,3.0,150.0,2.1,0.4,78.0
"Biratnagar, Nepal",BIR_UFSG_2023-02-14- 14.30-2-59.jpg,2023,2,14,12,101,c_Unhealthy_for_Sensitive_Groups,2023-02-14,43.3,62.6,471.0,15.4,7.5,101.0
Tamil Nadu,TN_Good_2023-02-22-09.30-3-261.jpg,2023,2,22,12,36,a_Good,2023-02-22,8.3,12.4,216.0,13.8,2.4,52.0
"Biratnagar, Nepal",BIR_UNH_VF_2023-02-02- 12.00-2-52.jpg,2023,2,2,12,158,d_Unhealthy,2023-02-02,57.2,81.7,581.0,12.1,8.5,98.0
"ITO, Delhi",DEL_VUnH_2023-02-16-17.00-1-141.jpg,2023,2,16,12,293,e_Very_Unhealthy,2023-02-16,2.0,3.3,115.0,0.6,0.0,52.0
"ITO, Delhi",DEL_VUnH_2023-02-16-14.30-1-22.jpg,2023,2,16,12,245,e_Very_Unhealthy,2023-02-16,2.0,3.3,115.0,0.6,0.0,52.0
"New Ind Town, Faridabad",HAR_VUN_2022-10-02-10.00-1-4305.jpg,2022,10,2,12,230,e_Very_Unhealthy,2022-10-02,16.6,23.7,513.0,2.0,1.8,93.0
"Knowledge park, Greater Noida",UP_SEV_2023-02-20-08.30-1-38.jpg,2023,2,20,12,331,f_Severe,2023-02-20,26.1,49.7,219.0,20.0,5.1,100.0
"Biratnagar, Nepal",BIR_UFSG_2023-02-14- 14.30-3-5.jpg,2023,2,14,12,101,c_Unhealthy_for_Sensitive_Groups,2023-02-14,43.3,62.6,471.0,15.4,7.5,101.0
Mumbai,MH_VUN_2023-02-24-15.00-1-361.jpg,2023,2,24,12,202,e_Very_Unhealthy,2023-02-24,73.3,112.7,633.0,41.2,49.7,231.0
"Biratnagar, Nepal",BIR_UNH_VF_2023-02-02- 12.00-3-46.jpg,2023,2,2,12,158,d_Unhealthy,2023-02-02,57.2,81.7,581.0,12.1,8.5,98.0
Bengaluru,BENGR_Mod_2023-02-23-08.30-1-41.jpg,2023,2,23,12,97,b_Moderate,2023-02-23,18.2,26.4,272.0,8.0,8.1,126.0
"Biratnagar, Nepal",BIR_UNH_VF_2023-02-02- 15.00-2-80.jpg,2023,2,2,12,156,d_Unhealthy,2023-02-02,57.2,81.7,581.0,12.1,8.5,98.0
"ITO, Delhi",DEL_SEV_2023-02-20-14.00-1-421.jpg,2023,2,20,12,363,f_Severe,2023-02-20,4.4,7.8,136.0,0.3,0.0,76.0
Mumbai,MH_UN_2023-03-16-11.00-1-351.jpg,2023,3,16,12,159,d_Unhealthy,2023-03-16,59.3,90.6,871.0,64.4,81.4,199.0
Tamil Nadu,TN_MOD_2023-02-09-08.30-1-21.jpg,2023,2,9,12,78,b_Moderate,2023-02-09,20.1,29.8,485.0,57.4,2.2,10.0
"New Ind Town, Faridabad",HAR_VUN_2022-10-02-10.00-1-3969.jpg,2022,10,2,12,230,e_Very_Unhealthy,2022-10-02,16.6,23.7,513.0,2.0,1.8,93.0
"Biratnagar, Nepal",BIR_UFSG_2023-02-14- 14.30-2-11.jpg,2023,2,14,12,101,c_Unhealthy_for_Sensitive_Groups,2023-02-14,43.3,62.6,471.0,15.4,7.5,101.0
Tamil Nadu,TN_Mod_2023-02-28-08.30-1-106.jpg,2023,2,28,12,73,b_Moderate,2023-02-28,3.8,5.7,174.0,4.3,0.9,75.0
"ITO, Delhi",DEL_UnH_2023-02-15-11.30-1.jpg,2023,2,15,12,179,d_Unhealthy,2023-02-15,2.5,3.7,124.0,1.0,0.0,54.0
"ITO, Delhi",DEL_SEV_2023-02-07-14.00-2-9.jpg,2023,2,7,12,449,f_Severe,2023-02-07,3.0,5.3,89.0,0.3,0.1,54.0
"Biratnagar, Nepal",BIR_UNH_VF_2023-02-02- 12.00-2-1.jpg,2023,2,2,12,158,d_Unhealthy,2023-02-02,57.2,81.7,581.0,12.1,8.5,98.0
Mumbai,MH_UnFSG_2023-03-18-11.00-2.jpg,2023,3,18,12,114,c_Unhealthy_for_Sensitive_Groups,2023-03-18,59.0,94.8,678.0,39.3,48.8,177.0
Tamil Nadu,TN_UN_2023-03-11-08.00-1-36.jpg,2023,3,11,12,152,d_Unhealthy,2023-03-11,4.6,7.8,155.0,2.7,0.9,90.0
Bengaluru,BENGR_Mod_2023-03-01-08.30-1-321.jpg,2023,3,1,12,70,b_Moderate,2023-03-01,17.0,25.4,362.0,6.3,6.0,122.0
Tamil Nadu,TN_UnFSG_2023-03-09-09.00-2-46.jpg,2023,3,9,12,134,c_Unhealthy_for_Sensitive_Groups,2023-03-09,10.4,15.2,234.0,12.8,0.9,62.0
Mumbai,MH_UnFSG_2023-03-18-11.00-1-1.jpg,2023,3,18,12,114,c_Unhealthy_for_Sensitive_Groups,2023-03-18,59.0,94.8,678.0,39.3,48.8,177.0
"ITO, Delhi",DEL_VUnH_2023-02-16-17.00-1-9.jpg,2023,2,16,12,293,e_Very_Unhealthy,2023-02-16,2.0,3.3,115.0,0.6,0.0,52.0
Bengaluru,BENGR_Good_2023-03-21-08.30-1-421.jpg,2023,3,21,12,47,a_Good,2023-03-21,9.1,13.8,245.0,15.6,3.6,110.0
Tamil Nadu,TN_Good_2023-02-21-08.30-1-146.jpg,2023,2,21,12,29,a_Good,2023-02-21,2.1,3.2,146.0,1.6,0.3,82.0
"ITO, Delhi",DEL_SEV_2023-02-16-18.00-2-39.jpg,2023,2,16,12,330,f_Severe,2023-02-16,2.0,3.3,115.0,0.6,0.0,52.0
"Knowledge park, Greater Noida",UP_UHFSG_2023-02-08-08.30-1-74.jpg,2023,2,8,12,133,c_Unhealthy_for_Sensitive_Groups,2023-02-08,53.7,112.2,526.0,86.8,19.1,87.0
"New Ind Town, Faridabad",HAR_VUN_2022-10-02-10.00-1-3361.jpg,2022,10,2,12,230,e_Very_Unhealthy,2022-10-02,16.6,23.7,513.0,2.0,1.8,93.0
Mumbai,MH_UH_2023-02-02- 09.30-1-28.jpg,2023,2,2,12,182,d_Unhealthy,2023-02-02,122.9,179.7,829.0,44.0,61.7,239.0
"Knowledge park, Greater Noida",UP_UHFSG_2023-02-08-08.30-1-115.jpg,2023,2,8,12,133,c_Unhealthy_for_Sensitive_Groups,2023-02-08,53.7,112.2,526.0,86.8,19.1,87.0
"Dimapur, Nagaland",Dimapur_MOD_2023-02-10-08.30-2-23.jpg,2023,2,10,12,63,b_Moderate,2023-02-10,95.7,140.2,322.0,4.6,4.8,113.0
"Knowledge park, Greater Noida",UP_VUN_2023-03-02-09.00-1-293.jpg,2023,3,2,12,223,e_Very_Unhealthy,2023-03-02,20.5,48.2,338.0,56.9,14.0,72.0
"Knowledge park, Greater Noida",UP_VUN_2023-02-27-10.30-1-265.jpg,2023,2,27,12,299,e_Very_Unhealthy,2023-02-27,44.7,71.7,613.0,101.2,20.5,98.0
"Knowledge park, Greater Noida",UP_SEV_2023-02-18-14.30-1-82.jpg,2023,2,18,12,331,f_Severe,2023-02-18,24.9,48.1,246.0,27.6,8.9,84.0
"Biratnagar, Nepal",BIR_UNH_VF_2023-02-02- 12.00-2-36.jpg,2023,2,2,12,158,d_Unhealthy,2023-02-02,57.2,81.7,581.0,12.1,8.5,98.0
Tamil Nadu,TN_Good_2023-02-21-08.30-2-216.jpg,2023,2,21,12,29,a_Good,2023-02-21,2.1,3.2,146.0,1.6,0.3,82.0
"ITO, Delhi",DEL_SEV_2023-02-17-13.00-1-33.jpg,2023,2,17,12,372,f_Severe,2023-02-17,0.2,0.3,91.0,0.1,0.0,49.0
"Biratnagar, Nepal",BIR_UH_2023-03-16-12.30-1-183.jpg,2023,3,16,12,154,d_Unhealthy,2023-03-16,68.5,98.7,456.0,5.4,8.3,132.0
"ITO, Delhi",DEL_SEV_2023-02-22-14.00-2-116.jpg,2023,2,22,12,450,f_Severe,2023-02-22,2.4,4.2,128.0,0.1,0.0,83.0
"ITO, Delhi",DEL_SEV_2023-02-20-14.00-3-391.jpg,2023,2,20,12,363,f_Severe,2023-02-20,4.4,7.8,136.0,0.3,0.0,76.0
Tamil Nadu,TN_MOD_2023-02-09-08.30-1-16.jpg,2023,2,9,12,78,b_Moderate,2023-02-09,20.1,29.8,485.0,57.4,2.2,10.0
"Biratnagar, Nepal",BIR_UNH_VF_2023-02-02- 12.00-2-57.jpg,2023,2,2,12,158,d_Unhealthy,2023-02-02,57.2,81.7,581.0,12.1,8.5,98.0
"ITO, Delhi",DEL_VUnH_2023-02-16-17.00-2-126.jpg,2023,2,16,12,293,e_Very_Unhealthy,2023-02-16,2.0,3.3,115.0,0.6,0.0,52.0
Bengaluru,BENGR_Mod_2023-02-21-08.30-1-116.jpg,2023,2,21,12,56,b_Moderate,2023-02-21,26.0,37.8,303.0,8.9,11.2,152.0
"ITO, Delhi",DEL_SEV_2023-02-07-14.00-1-130.jpg,2023,2,7,12,449,f_Severe,2023-02-07,3.0,5.3,89.0,0.3,0.1,54.0
Tamil Nadu,TN_Good_2023-02-27-16.30-2-61.jpg,2023,2,27,12,43,a_Good,2023-02-27,5.9,9.2,177.0,7.1,1.1,74.0
Tamil Nadu,TN_UN_2023-03-06-09.00-1-1.jpg,2023,3,6,12,161,d_Unhealthy,2023-03-06,15.6,22.5,298.0,24.2,0.8,36.0
"Knowledge park, Greater Noida",UP_UHFSG_2023-02-08-08.30-5.jpg,2023,2,8,12,133,c_Unhealthy_for_Sensitive_Groups,2023-02-08,53.7,112.2,526.0,86.8,19.1,87.0
Mumbai,MH_Good_2023-03-23-17.00-1-351.jpg,2023,3,23,12,47,a_Good,2023-03-23,18.4,34.5,257.0,17.2,19.2,71.0
"New Ind Town, Faridabad",HAR_VUN_2022-10-02-10.00-1-2385.jpg,2022,10,2,12,230,e_Very_Unhealthy,2022-10-02,16.6,23.7,513.0,2.0,1.8,93.0
Bengaluru,BENGR_Good_2023-03-21-08.30-1-204.jpg,2023,3,21,12,47,a_Good,2023-03-21,9.1,13.8,245.0,15.6,3.6,110.0
"ITO, Delhi",DEL_SEV_2023-02-16-18.00-2-38.jpg,2023,2,16,12,330,f_Severe,2023-02-16,2.0,3.3,115.0,0.6,0.0,52.0
Mumbai,MH_VUN_2023-02-25-10.00-1-321.jpg,2023,2,25,12,206,e_Very_Unhealthy,2023-02-25,64.3,98.3,654.0,37.4,50.9,173.0
Tamil Nadu,TN_UN_2023-03-06-09.00-2-21.jpg,2023,3,6,12,161,d_Unhealthy,2023-03-06,15.6,22.5,298.0,24.2,0.8,36.0
"Knowledge park, Greater Noida",UP_SEV_2023-02-18-14.30-1-14.jpg,2023,2,18,12,331,f_Severe,2023-02-18,24.9,48.1,246.0,27.6,8.9,84.0
"ITO, Delhi",DEL_SEV_2023-02-07-14.00-1-45.jpg,2023,2,7,12,449,f_Severe,2023-02-07,3.0,5.3,89.0,0.3,0.1,54.0
Mumbai,MH_UN_2023-03-16-11.00-1-253.jpg,2023,3,16,12,159,d_Unhealthy,2023-03-16,59.3,90.6,871.0,64.4,81.4,199.0
Tamil Nadu,TN_Good_2023-03-21-08.30-1-106.jpg,2023,3,21,12,27,a_Good,2023-03-21,8.3,12.3,214.0,11.7,1.2,58.0
Tamil Nadu,TN_Good_2023-02-23-08.30-2-91.jpg,2023,2,23,12,43,a_Good,2023-02-23,2.9,4.1,131.0,0.9,1.6,95.0
"Dimapur, Nagaland",Dimapur_UHFSG_2023-02-02- 09.00-1-75.jpg,2023,2,2,12,103,c_Unhealthy_for_Sensitive_Groups,2023-02-02,39.6,56.9,296.0,6.5,2.7,107.0
Mumbai,MH_UH_2023-02-02- 09.30-1-62.jpg,2023,2,2,12,182,d_Unhealthy,2023-02-02,122.9,179.7,829.0,44.0,61.7,239.0
"Knowledge park, Greater Noida",UP_UN_2023-03-01-08.30-1-125.jpg,2023,3,1,12,199,d_Unhealthy,2023-03-01,21.1,47.7,354.0,67.2,13.3,48.0
Mumbai,MH_UN_2023-03-12-13.00-1-85.jpg,2023,3,12,12,156,d_Unhealthy,2023-03-12,240.3,345.5,1730.0,61.2,111.6,478.0
"Dimapur, Nagaland",Dimapur_UHFSG_2023-02-02- 09.00-3.jpg,2023,2,2,12,103,c_Unhealthy_for_Sensitive_Groups,2023-02-02,39.6,56.9,296.0,6.5,2.7,107.0
Mumbai,MH_UH_2023-02-18-11.00-1-30.jpg,2023,2,18,12,151,d_Unhealthy,2023-02-18,100.4,145.8,792.0,40.1,53.4,275.0
"ITO, Delhi",DEL_SEV_2023-02-17-13.00-2-58.jpg,2023,2,17,12,372,f_Severe,2023-02-17,0.2,0.3,91.0,0.1,0.0,49.0
Tamil Nadu,TN_UN_2023-03-06-09.00-2-126.jpg,2023,3,6,12,161,d_Unhealthy,2023-03-06,15.6,22.5,298.0,24.2,0.8,36.0
Mumbai,MH_UH_2023-02-14-11.30-1-18.jpg,2023,2,14,12,160,d_Unhealthy,2023-02-14,81.3,119.0,721.0,41.8,52.8,260.0
"ITO, Delhi",DEL_VUnH_2023-02-16-14.30-1-191.jpg,2023,2,16,12,245,e_Very_Unhealthy,2023-02-16,2.0,3.3,115.0,0.6,0.0,52.0
Tamil Nadu,TN_Good_2023-02-23-08.30-2-71.jpg,2023,2,23,12,43,a_Good,2023-02-23,2.9,4.1,131.0,0.9,1.6,95.0
"Biratnagar, Nepal",BIR_UNH_VF_2023-02-02- 15.00-2-93.jpg,2023,2,2,12,156,d_Unhealthy,2023-02-02,57.2,81.7,581.0,12.1,8.5,98.0
Mumbai,MH_VUN_2023-02-24-15.00-1-276.jpg,2023,2,24,12,202,e_Very_Unhealthy,2023-02-24,73.3,112.7,633.0,41.2,49.7,231.0
Tamil Nadu,TN_Good_2023-02-23-08.30-1-171.jpg,2023,2,23,12,43,a_Good,2023-02-23,2.9,4.1,131.0,0.9,1.6,95.0
"ITO, Delhi",DEL_SEV_2023-02-16-18.00-2-90.jpg,2023,2,16,12,330,f_Severe,2023-02-16,2.0,3.3,115.0,0.6,0.0,52.0
"New Ind Town, Faridabad",HAR_VUN_2022-10-02-10.00-1-353.jpg,2022,10,2,12,230,e_Very_Unhealthy,2022-10-02,16.6,23.7,513.0,2.0,1.8,93.0
Mumbai,MH_UH_2023-02-10-14.30-1-11.jpg,2023,2,10,12,160,d_Unhealthy,2023-02-10,74.7,110.8,581.0,28.9,36.7,198.0
"Knowledge park, Greater Noida",UP_UN_2023-03-01-08.30-1-289.jpg,2023,3,1,12,199,d_Unhealthy,2023-03-01,21.1,47.7,354.0,67.2,13.3,48.0
Bengaluru,BENGR_Good_2023-02-27-08.30-1-91.jpg,2023,2,27,12,47,a_Good,2023-02-27,10.8,15.8,277.0,6.9,7.3,131.0
"Dimapur, Nagaland",Dimapur_MOD_2023-02-10-08.30-2-55.jpg,2023,2,10,12,63,b_Moderate,2023-02-10,95.7,140.2,322.0,4.6,4.8,113.0
Mumbai,MH_UN_2023-03-12-13.00-1-141.jpg,2023,3,12,12,156,d_Unhealthy,2023-03-12,240.3,345.5,1730.0,61.2,111.6,478.0
Tamil Nadu,TN_UnFSG_2023-03-09-09.00-1-86.jpg,2023,3,9,12,134,c_Unhealthy_for_Sensitive_Groups,2023-03-09,10.4,15.2,234.0,12.8,0.9,62.0
"Knowledge park, Greater Noida",UP_SEV_2023-02-18-11.00-1-34.jpg,2023,2,18,12,320,f_Severe,2023-02-18,24.9,48.1,246.0,27.6,8.9,84.0
"Biratnagar, Nepal",BRI_Un_2023-02-02- 12.00-3.jpg,2023,2,2,12,158,d_Unhealthy,2023-02-02,57.2,81.7,581.0,12.1,8.5,98.0
Mumbai,MH_UH_2023-02-10-14.30-1-53.jpg,2023,2,10,12,160,d_Unhealthy,2023-02-10,74.7,110.8,581.0,28.9,36.7,198.0
"Knowledge park, Greater Noida",UP_UHFSG_2023-02-24-08.30-1-409.jpg,2023,2,24,12,141,c_Unhealthy_for_Sensitive_Groups,2023-02-24,132.7,224.4,1109.0,243.3,40.8,181.0
Tamil Nadu,TN_Good_2023-02-20-08.30-1-13.jpg,2023,2,20,12,37,a_Good,2023-02-20,2.1,3.0,150.0,2.1,0.4,78.0
"Biratnagar, Nepal",BIR_UNH_VF_2023-02-02- 12.00-1-111.jpg,2023,2,2,12,158,d_Unhealthy,2023-02-02,57.2,81.7,581.0,12.1,8.5,98.0
Tamil Nadu,TN_UnFSG_2023-03-03-09.00-2-216.jpg,2023,3,3,12,121,c_Unhealthy_for_Sensitive_Groups,2023-03-03,5.2,9.4,154.0,1.6,1.3,86.0
Tamil Nadu,TN_Good_2023-02-21-08.30-2-191.jpg,2023,2,21,12,29,a_Good,2023-02-21,2.1,3.2,146.0,1.6,0.3,82.0
Mumbai,MH_UH_2023-02-10-14.30-1-50.jpg,2023,2,10,12,160,d_Unhealthy,2023-02-10,74.7,110.8,581.0,28.9,36.7,198.0
Tamil Nadu,TN_UnFSG_2023-03-01-08.30-1-276.jpg,2023,3,1,12,111,c_Unhealthy_for_Sensitive_Groups,2023-03-01,11.3,16.5,244.0,12.0,2.9,66.0
"New Ind Town, Faridabad",HAR_VUN_2022-10-02-10.00-1-401.jpg,2022,10,2,12,230,e_Very_Unhealthy,2022-10-02,16.6,23.7,513.0,2.0,1.8,93.0
"Knowledge park, Greater Noida",UP_UHFSG_2023-02-24-08.30-3.jpg,2023,2,24,12,141,c_Unhealthy_for_Sensitive_Groups,2023-02-24,132.7,224.4,1109.0,243.3,40.8,181.0
Mumbai,MH_UnFSG_2023-02-17-13.00-2-39.jpg,2023,2,17,12,140,c_Unhealthy_for_Sensitive_Groups,2023-02-17,64.3,96.9,620.0,42.0,43.7,225.0
Bengaluru,BENGR_Mod_2023-02-23-08.30-1-251.jpg,2023,2,23,12,97,b_Moderate,2023-02-23,18.2,26.4,272.0,8.0,8.1,126.0
Bengaluru,BENGR_Good_2023-03-25-08.30-1-72.jpg,2023,3,25,12,32,a_Good,2023-03-25,26.6,39.9,248.0,8.4,5.4,133.0
"Biratnagar, Nepal",BIR_UNH_VF_2023-02-02- 12.00-3-9.jpg,2023,2,2,12,158,d_Unhealthy,2023-02-02,57.2,81.7,581.0,12.1,8.5,98.0
Mumbai,MH_UN_2023-03-12-13.00-1-260.jpg,2023,3,12,12,156,d_Unhealthy,2023-03-12,240.3,345.5,1730.0,61.2,111.6,478.0
"Knowledge park, Greater Noida",UP_VUN_2023-02-27-10.30-1-93.jpg,2023,2,27,12,299,e_Very_Unhealthy,2023-02-27,44.7,71.7,613.0,101.2,20.5,98.0
Tamil Nadu,TN_MOD_2023-02-09-08.30-2-18.jpg,2023,2,9,12,78,b_Moderate,2023-02-09,20.1,29.8,485.0,57.4,2.2,10.0
"ITO, Delhi",DEL_SEV_2023-02-16-18.00-2-65.jpg,2023,2,16,12,330,f_Severe,2023-02-16,2.0,3.3,115.0,0.6,0.0,52.0
"ITO, Delhi",DEL_SEV_2023-02-22-14.00-2-201.jpg,2023,2,22,12,450,f_Severe,2023-02-22,2.4,4.2,128.0,0.1,0.0,83.0
"ITO, Delhi",DEL_VUnH_2023-02-16-17.00-1-127.jpg,2023,2,16,12,293,e_Very_Unhealthy,2023-02-16,2.0,3.3,115.0,0.6,0.0,52.0
Bengaluru,BENGR_Mod_2023-02-23-08.30-1-341.jpg,2023,2,23,12,97,b_Moderate,2023-02-23,18.2,26.4,272.0,8.0,8.1,126.0
"Biratnagar, Nepal",BIR_UNH_VF_2023-02-02- 12.00-1-3.jpg,2023,2,2,12,158,d_Unhealthy,2023-02-02,57.2,81.7,581.0,12.1,8.5,98.0
"New Ind Town, Faridabad",HAR_VUN_2022-10-02-10.00-1-2313.jpg,2022,10,2,12,230,e_Very_Unhealthy,2022-10-02,16.6,23.7,513.0,2.0,1.8,93.0
Bengaluru,BENGR_Mod_2023-03-09-08.30-1-411.jpg,2023,3,9,12,51,b_Moderate,2023-03-09,32.7,47.8,341.0,6.8,6.3,123.0
Mumbai,MH_UH_2023-02-10-14.30-1-101.jpg,2023,2,10,12,160,d_Unhealthy,2023-02-10,74.7,110.8,581.0,28.9,36.7,198.0
Mumbai,MH_UnFSG_2023-02-23-11.00-1-26.jpg,2023,2,23,12,130,c_Unhealthy_for_Sensitive_Groups,2023-02-23,70.5,109.9,662.0,40.6,61.8,226.0
Mumbai,MH_VUN_2023-03-05-08.30-1-96.jpg,2023,3,5,12,284,e_Very_Unhealthy,2023-03-05,278.5,401.4,1413.0,23.7,39.9,325.0
Mumbai,MH_Good_2023-03-22-18.00-4.jpg,2023,3,22,12,47,a_Good,2023-03-22,16.2,31.8,249.0,15.6,16.8,76.0
"Biratnagar, Nepal",BIR_UFSG_2023-02-14- 14.30-1-25.jpg,2023,2,14,12,101,c_Unhealthy_for_Sensitive_Groups,2023-02-14,43.3,62.6,471.0,15.4,7.5,101.0
Mumbai,MH_UH_2023-02-10-14.30-1-79.jpg,2023,2,10,12,160,d_Unhealthy,2023-02-10,74.7,110.8,581.0,28.9,36.7,198.0
"Knowledge park, Greater Noida",UP_SEV_2023-02-20-08.30-1-16.jpg,2023,2,20,12,331,f_Severe,2023-02-20,26.1,49.7,219.0,20.0,5.1,100.0
Bengaluru,BENGR_Mod_2023-03-13-08.30-1-36.jpg,2023,3,13,12,53,b_Moderate,2023-03-13,27.1,39.7,365.0,8.1,8.5,111.0
Mumbai,MH_UH_2023-02-11-03.30-2-14.jpg,2023,2,11,12,154,d_Unhealthy,2023-02-11,50.5,82.9,477.0,34.0,35.6,181.0
Tamil Nadu,TN_Good_2023-02-22-09.30-2-121.jpg,2023,2,22,12,36,a_Good,2023-02-22,8.3,12.4,216.0,13.8,2.4,52.0
"ITO, Delhi",DEL_VUH_2023-02-04-17.00-2-143.jpg,2023,2,4,12,281,e_Very_Unhealthy,2023-02-04,2.8,4.9,89.0,0.2,0.1,62.0
"Knowledge park, Greater Noida",UP_SEV_2023-02-18-11.00-1-11.jpg,2023,2,18,12,320,f_Severe,2023-02-18,24.9,48.1,246.0,27.6,8.9,84.0
"ITO, Delhi",DEL_SEV_2023-02-20-14.00-1-21.jpg,2023,2,20,12,363,f_Severe,2023-02-20,4.4,7.8,136.0,0.3,0.0,76.0
Bengaluru,BENGR_Mod_2023-03-06-08.30-1-216.jpg,2023,3,6,12,68,b_Moderate,2023-03-06,12.6,18.6,218.0,6.5,8.2,129.0
Bengaluru,BENGR_Mod_2023-03-09-08.30-1-191.jpg,2023,3,9,12,51,b_Moderate,2023-03-09,32.7,47.8,341.0,6.8,6.3,123.0
Mumbai,MH_UH_2023-02-14-11.30-1-20.jpg,2023,2,14,12,160,d_Unhealthy,2023-02-14,81.3,119.0,721.0,41.8,52.8,260.0
"Biratnagar, Nepal",BIR_UNH_VF_2023-02-02- 12.00-1-110.jpg,2023,2,2,12,158,d_Unhealthy,2023-02-02,57.2,81.7,581.0,12.1,8.5,98.0
"Biratnagar, Nepal",BIR_UH_2023-03-16-12.30-4-78.jpg,2023,3,16,12,154,d_Unhealthy,2023-03-16,68.5,98.7,456.0,5.4,8.3,132.0
Tamil Nadu,TN_Good_2023-02-20-16.30-1-11.jpg,2023,2,20,12,43,a_Good,2023-02-20,2.1,3.0,150.0,2.1,0.4,78.0
Mumbai,MH_UnFSG_2023-03-18-11.00-1-253.jpg,2023,3,18,12,114,c_Unhealthy_for_Sensitive_Groups,2023-03-18,59.0,94.8,678.0,39.3,48.8,177.0
Mumbai,MH_UnFSG_2023-02-17-13.00-2-65.jpg,2023,2,17,12,140,c_Unhealthy_for_Sensitive_Groups,2023-02-17,64.3,96.9,620.0,42.0,43.7,225.0
"ITO, Delhi",DEL_SEV_2023-02-20-14.00-2-96.jpg,2023,2,20,12,363,f_Severe,2023-02-20,4.4,7.8,136.0,0.3,0.0,76.0
"Knowledge park, Greater Noida",UP_UHFSG_2023-02-14-10.00-1.jpg,2023,2,14,12,127,c_Unhealthy_for_Sensitive_Groups,2023-02-14,95.2,147.1,446.0,56.2,14.9,262.0
"New Ind Town, Faridabad",HAR_VUN_2022-10-02-10.00-1-2721.jpg,2022,10,2,12,230,e_Very_Unhealthy,2022-10-02,16.6,23.7,513.0,2.0,1.8,93.0
"Knowledge park, Greater Noida",UP_VUN_2023-03-02-09.00-1-589.jpg,2023,3,2,12,223,e_Very_Unhealthy,2023-03-02,20.5,48.2,338.0,56.9,14.0,72.0
Mumbai,MH_UnFSG_2023-03-08-11.00-1-256.jpg,2023,3,8,12,124,c_Unhealthy_for_Sensitive_Groups,2023-03-08,97.1,144.8,836.0,49.2,63.9,264.0
"Biratnagar, Nepal",BIR_UNH_VF_2023-02-02- 15.00-2-77.jpg,2023,2,2,12,156,d_Unhealthy,2023-02-02,57.2,81.7,581.0,12.1,8.5,98.0
"Biratnagar, Nepal",BIR_UNFSG_VF_2023-02-03-16.00-1-76.jpg,2023,2,3,12,141,c_Unhealthy_for_Sensitive_Groups,2023-02-03,69.8,99.7,581.0,11.6,6.8,112.0
"Biratnagar, Nepal",BIR_UNH_VF_2023-02-02- 1700-3-21.jpg,2023,2,2,12,156,d_Unhealthy,2023-02-02,57.2,81.7,581.0,12.1,8.5,98.0
Mumbai,MH_UnFSG_2023-03-10-16.00-1-381.jpg,2023,3,10,12,141,c_Unhealthy_for_Sensitive_Groups,2023-03-10,51.1,75.7,577.0,42.8,39.8,185.0
"New Ind Town, Faridabad",HAR_VUN_2022-10-02-10.00-1-4905.jpg,2022,10,2,12,230,e_Very_Unhealthy,2022-10-02,16.6,23.7,513.0,2.0,1.8,93.0
"ITO, Delhi",DEL_VUnH_2023-02-16-14.30-1-155.jpg,2023,2,16,12,245,e_Very_Unhealthy,2023-02-16,2.0,3.3,115.0,0.6,0.0,52.0
"Knowledge park, Greater Noida",UP_UHFSG_2023-03-06-11.30-1-257.jpg,2023,3,6,12,104,c_Unhealthy_for_Sensitive_Groups,2023-03-06,57.3,103.8,710.0,101.0,20.8,124.0
"Biratnagar, Nepal",BIR_UNH_VF_2023-02-02- 15.00-4-58.jpg,2023,2,2,12,156,d_Unhealthy,2023-02-02,57.2,81.7,581.0,12.1,8.5,98.0
Bengaluru,BENGR_Mod_2023-02-25-08.30-1-36.jpg,2023,2,25,12,73,b_Moderate,2023-02-25,19.2,27.9,256.0,7.8,9.3,142.0
"ITO, Delhi",DEL_VUnH_2023-02-16-14.30-1-266.jpg,2023,2,16,12,245,e_Very_Unhealthy,2023-02-16,2.0,3.3,115.0,0.6,0.0,52.0
"New Ind Town, Faridabad",HAR_VUN_2022-10-02-10.00-1-2649.jpg,2022,10,2,12,230,e_Very_Unhealthy,2022-10-02,16.6,23.7,513.0,2.0,1.8,93.0
"ITO, Delhi",DEL_UnH_2023-02-15-11.30-2-34.jpg,2023,2,15,12,179,d_Unhealthy,2023-02-15,2.5,3.7,124.0,1.0,0.0,54.0
"Biratnagar, Nepal",BIR_UNFSG_VF_2023-02-03-15.00-3-57.jpg,2023,2,3,12,141,c_Unhealthy_for_Sensitive_Groups,2023-02-03,69.8,99.7,581.0,11.6,6.8,112.0
"ITO, Delhi",DEL_SEV_2023-02-22-14.00-2-426.jpg,2023,2,22,12,450,f_Severe,2023-02-22,2.4,4.2,128.0,0.1,0.0,83.0
"Biratnagar, Nepal",BIR_UNH_VF_2023-02-02- 12.00-1-28.jpg,2023,2,2,12,158,d_Unhealthy,2023-02-02,57.2,81.7,581.0,12.1,8.5,98.0
Bengaluru,BENGR_Good_2023-03-17-08.30-1-253.jpg,2023,3,17,12,15,a_Good,2023-03-17,20.8,31.4,332.0,11.4,4.1,112.0
Mumbai,MH_Mod_2023-03-21-15.00-1-141.jpg,2023,3,21,12,92,b_Moderate,2023-03-21,15.9,32.0,246.0,16.3,15.8,72.0
"Biratnagar, Nepal",BIR_UNFSG_VF_2023-02-03-15.00-3-71.jpg,2023,2,3,12,141,c_Unhealthy_for_Sensitive_Groups,2023-02-03,69.8,99.7,581.0,11.6,6.8,112.0
Tamil Nadu,TN_Good_2023-02-23-08.30-1-11.jpg,2023,2,23,12,43,a_Good,2023-02-23,2.9,4.1,131.0,0.9,1.6,95.0
Mumbai,MH_UnFSG_2023-02-17-19.00-2-49.jpg,2023,2,17,12,145,c_Unhealthy_for_Sensitive_Groups,2023-02-17,64.3,96.9,620.0,42.0,43.7,225.0
Bengaluru,BENGR_Mod_2023-03-09-08.30-1-41.jpg,2023,3,9,12,51,b_Moderate,2023-03-09,32.7,47.8,341.0,6.8,6.3,123.0
"Biratnagar, Nepal",BIR_UNH_VF_2023-02-02- 15.00-3-16.jpg,2023,2,2,12,156,d_Unhealthy,2023-02-02,57.2,81.7,581.0,12.1,8.5,98.0
"Biratnagar, Nepal",BIR_UFSG_2023-02-14- 14.30-16.jpg,2023,2,14,12,101,c_Unhealthy_for_Sensitive_Groups,2023-02-14,43.3,62.6,471.0,15.4,7.5,101.0
"ITO, Delhi",DEL_SEV_2023-02-16-18.00-1-12.jpg,2023,2,16,12,330,f_Severe,2023-02-16,2.0,3.3,115.0,0.6,0.0,52.0
Bengaluru,BENGR_Good_2023-02-27-08.30-1-46.jpg,2023,2,27,12,47,a_Good,2023-02-27,10.8,15.8,277.0,6.9,7.3,131.0
"Biratnagar, Nepal",BIR_UNH_VF_2023-02-02- 1700-3-12.jpg,2023,2,2,12,156,d_Unhealthy,2023-02-02,57.2,81.7,581.0,12.1,8.5,98.0
"Biratnagar, Nepal",BIR_UNH_VF_2023-02-02- 1700-2-15.jpg,2023,2,2,12,156,d_Unhealthy,2023-02-02,57.2,81.7,581.0,12.1,8.5,98.0
"New Ind Town, Faridabad",HAR_VUN_2022-10-02-10.00-1-553.jpg,2022,10,2,12,230,e_Very_Unhealthy,2022-10-02,16.6,23.7,513.0,2.0,1.8,93.0
Mumbai,MH_Good_2023-03-22-11.00-1-50.jpg,2023,3,22,12,49,a_Good,2023-03-22,16.2,31.8,249.0,15.6,16.8,76.0
"Biratnagar, Nepal",BIR_UFSG_2023-02-14- 14.30-10.jpg,2023,2,14,12,101,c_Unhealthy_for_Sensitive_Groups,2023-02-14,43.3,62.6,471.0,15.4,7.5,101.0
Mumbai,MH_UnFSG_2023-03-14-13.00-1-199.jpg,2023,3,14,12,138,c_Unhealthy_for_Sensitive_Groups,2023-03-14,160.7,240.3,1639.0,42.4,85.0,345.0
Bengaluru,BENGR_Good_2023-03-25-08.30-1-37.jpg,2023,3,25,12,32,a_Good,2023-03-25,26.6,39.9,248.0,8.4,5.4,133.0
"ITO, Delhi",DEL_SEV_2023-02-17-13.00-1-31.jpg,2023,2,17,12,372,f_Severe,2023-02-17,0.2,0.3,91.0,0.1,0.0,49.0
"ITO, Delhi",DEL_UnH_2023-02-15-11.30-2-41.jpg,2023,2,15,12,179,d_Unhealthy,2023-02-15,2.5,3.7,124.0,1.0,0.0,54.0
"Knowledge park, Greater Noida",UP_SEV_2023-02-18-11.00-1-82.jpg,2023,2,18,12,320,f_Severe,2023-02-18,24.9,48.1,246.0,27.6,8.9,84.0
"ITO, Delhi",DEL_VUH_2023-02-04-17.00-2-107.jpg,2023,2,4,12,281,e_Very_Unhealthy,2023-02-04,2.8,4.9,89.0,0.2,0.1,62.0
"Biratnagar, Nepal",BIR_UNFSG_VF_2023-02-03-16.00-2-103.jpg,2023,2,3,12,141,c_Unhealthy_for_Sensitive_Groups,2023-02-03,69.8,99.7,581.0,11.6,6.8,112.0
"Knowledge park, Greater Noida",UP_SEV_2023-02-19-14.30-1-22.jpg,2023,2,19,12,357,f_Severe,2023-02-19,26.7,50.5,247.0,25.1,8.3,99.0
"Dimapur, Nagaland",Dimapur_MOD_2023-02-10-08.30-2-32.jpg,2023,2,10,12,63,b_Moderate,2023-02-10,95.7,140.2,322.0,4.6,4.8,113.0
Mumbai,MH_VUN_2023-02-24-15.00-1-241.jpg,2023,2,24,12,202,e_Very_Unhealthy,2023-02-24,73.3,112.7,633.0,41.2,49.7,231.0
"Biratnagar, Nepal",BIR_UNH_VF_2023-02-02- 12.00-2-13.jpg,2023,2,2,12,158,d_Unhealthy,2023-02-02,57.2,81.7,581.0,12.1,8.5,98.0
Tamil Nadu,TN_UnFSG_2023-03-08-08.30-1-211.jpg,2023,3,8,12,121,c_Unhealthy_for_Sensitive_Groups,2023-03-08,21.1,30.5,475.0,70.5,1.8,17.0
"Biratnagar, Nepal",BIR_UNH_VF_2023-02-02- 12.00-1-94.jpg,2023,2,2,12,158,d_Unhealthy,2023-02-02,57.2,81.7,581.0,12.1,8.5,98.0
"Knowledge park, Greater Noida",UP_VUN_2023-02-27-10.30-1-301.jpg,2023,2,27,12,299,e_Very_Unhealthy,2023-02-27,44.7,71.7,613.0,101.2,20.5,98.0
Bengaluru,BENGR_Good_2023-03-21-08.30-1-316.jpg,2023,3,21,12,47,a_Good,2023-03-21,9.1,13.8,245.0,15.6,3.6,110.0
"Biratnagar, Nepal",BIR_MOD_2023-02-13-09.30-3-46.jpg,2023,2,13,12,91,b_Moderate,2023-02-13,40.7,59.3,429.0,13.7,9.2,101.0
"Knowledge park, Greater Noida",UP_UN_2023-02-21-08.30-4.jpg,2023,2,21,12,189,d_Unhealthy,2023-02-21,19.8,39.7,224.0,28.1,6.5,85.0
Bengaluru,BENGR_Mod_2023-02-21-08.30-1-81.jpg,2023,2,21,12,56,b_Moderate,2023-02-21,26.0,37.8,303.0,8.9,11.2,152.0
Tamil Nadu,TN_UnFSG_2023-03-08-08.30-1-306.jpg,2023,3,8,12,121,c_Unhealthy_for_Sensitive_Groups,2023-03-08,21.1,30.5,475.0,70.5,1.8,17.0
Bengaluru,BENGR_Mod_2023-03-04-08.30-1-271.jpg,2023,3,4,12,71,b_Moderate,2023-03-04,17.8,26.3,251.0,6.2,6.9,118.0
Mumbai,MH_UH_2023-02-11-03.30-1-31.jpg,2023,2,11,12,154,d_Unhealthy,2023-02-11,50.5,82.9,477.0,34.0,35.6,181.0
"ITO, Delhi",DEL_VUnH_2023-02-16-14.30-1-34.jpg,2023,2,16,12,245,e_Very_Unhealthy,2023-02-16,2.0,3.3,115.0,0.6,0.0,52.0
"New Ind Town, Faridabad",HAR_VUN_2022-10-02-10.00-1-5001.jpg,2022,10,2,12,230,e_Very_Unhealthy,2022-10-02,16.6,23.7,513.0,2.0,1.8,93.0
Mumbai,MH_UH_2023-02-19-12.00-1-69.jpg,2023,2,19,12,160,d_Unhealthy,2023-02-19,143.0,205.8,1159.0,48.0,73.1,327.0
"ITO, Delhi",DEL_SEV_2023-02-20-14.00-2-166.jpg,2023,2,20,12,363,f_Severe,2023-02-20,4.4,7.8,136.0,0.3,0.0,76.0
"Biratnagar, Nepal",BIR_UNH_VF_2023-02-02- 1700-3-25.jpg,2023,2,2,12,156,d_Unhealthy,2023-02-02,57.2,81.7,581.0,12.1,8.5,98.0
"Biratnagar, Nepal",BIR_UNH_VF_2023-02-02- 12.00-1-118.jpg,2023,2,2,12,158,d_Unhealthy,2023-02-02,57.2,81.7,581.0,12.1,8.5,98.0
"Biratnagar, Nepal",BIR_UNH_VF_2023-02-02- 15.00-2-89.jpg,2023,2,2,12,156,d_Unhealthy,2023-02-02,57.2,81.7,581.0,12.1,8.5,98.0
Bengaluru,BENGR_Good_2023-03-21-08.30-1-197.jpg,2023,3,21,12,47,a_Good,2023-03-21,9.1,13.8,245.0,15.6,3.6,110.0
Tamil Nadu,TN_MOD_2023-02-09-08.30-2-33.jpg,2023,2,9,12,78,b_Moderate,2023-02-09,20.1,29.8,485.0,57.4,2.2,10.0
Bengaluru,BENGR_Good_2023-02-27-08.30-1-26.jpg,2023,2,27,12,47,a_Good,2023-02-27,10.8,15.8,277.0,6.9,7.3,131.0
Mumbai,MH_VUN_2023-02-25-10.00-4.jpg,2023,2,25,12,206,e_Very_Unhealthy,2023-02-25,64.3,98.3,654.0,37.4,50.9,173.0
"Knowledge park, Greater Noida",UP_UN_2023-03-01-08.30-1-161.jpg,2023,3,1,12,199,d_Unhealthy,2023-03-01,21.1,47.7,354.0,67.2,13.3,48.0
"New Ind Town, Faridabad",HAR_VUN_2022-10-02-10.00-1-1065.jpg,2022,10,2,12,230,e_Very_Unhealthy,2022-10-02,16.6,23.7,513.0,2.0,1.8,93.0
Tamil Nadu,TN_UnFSG_2023-03-01-08.30-1-256.jpg,2023,3,1,12,111,c_Unhealthy_for_Sensitive_Groups,2023-03-01,11.3,16.5,244.0,12.0,2.9,66.0
"Knowledge park, Greater Noida",UP_SEV_2023-02-18-14.30-1-33.jpg,2023,2,18,12,331,f_Severe,2023-02-18,24.9,48.1,246.0,27.6,8.9,84.0
Tamil Nadu,TN_Good_2023-02-22-09.30-3-71.jpg,2023,2,22,12,36,a_Good,2023-02-22,8.3,12.4,216.0,13.8,2.4,52.0
"Knowledge park, Greater Noida",UP_SEV_2023-02-20-08.30-1-69.jpg,2023,2,20,12,331,f_Severe,2023-02-20,26.1,49.7,219.0,20.0,5.1,100.0
Mumbai,MH_UH_2023-02-10-14.30-1-5.jpg,2023,2,10,12,160,d_Unhealthy,2023-02-10,74.7,110.8,581.0,28.9,36.7,198.0
"ITO, Delhi",DEL_UnH_2023-02-15-11.30-2-18.jpg,2023,2,15,12,179,d_Unhealthy,2023-02-15,2.5,3.7,124.0,1.0,0.0,54.0
Tamil Nadu,TN_Mod_2023-02-28-08.30-1-81.jpg,2023,2,28,12,73,b_Moderate,2023-02-28,3.8,5.7,174.0,4.3,0.9,75.0
"ITO, Delhi",DEL_SEV_2023-02-17-13.00-1-85.jpg,2023,2,17,12,372,f_Severe,2023-02-17,0.2,0.3,91.0,0.1,0.0,49.0
Mumbai,MH_UnFSG_2023-03-14-13.00-1-55.jpg,2023,3,14,12,138,c_Unhealthy_for_Sensitive_Groups,2023-03-14,160.7,240.3,1639.0,42.4,85.0,345.0
Tamil Nadu,TN_UnFSG_2023-03-03-09.00-2-301.jpg,2023,3,3,12,121,c_Unhealthy_for_Sensitive_Groups,2023-03-03,5.2,9.4,154.0,1.6,1.3,86.0
"ITO, Delhi",DEL_SEV_2023-02-07-14.00-2-26.jpg,2023,2,7,12,449,f_Severe,2023-02-07,3.0,5.3,89.0,0.3,0.1,54.0
Bengaluru,BENGR_Good_2023-02-26-08.30-1-356.jpg,2023,2,26,12,48,a_Good,2023-02-26,24.5,35.4,262.0,6.6,12.6,156.0
Mumbai,MH_UN_2023-03-16-11.00-1-113.jpg,2023,3,16,12,159,d_Unhealthy,2023-03-16,59.3,90.6,871.0,64.4,81.4,199.0
"Biratnagar, Nepal",BIR_UNH_VF_2023-02-02- 12.00-1-114.jpg,2023,2,2,12,158,d_Unhealthy,2023-02-02,57.2,81.7,581.0,12.1,8.5,98.0
"ITO, Delhi",DEL_VUnH_2023-02-16-17.00-2-128.jpg,2023,2,16,12,293,e_Very_Unhealthy,2023-02-16,2.0,3.3,115.0,0.6,0.0,52.0
"Knowledge park, Greater Noida",UP_UHFSG_2023-03-06-11.30-1-57.jpg,2023,3,6,12,104,c_Unhealthy_for_Sensitive_Groups,2023-03-06,57.3,103.8,710.0,101.0,20.8,124.0
"New Ind Town, Faridabad",HAR_VUN_2022-10-02-10.00-1-281.jpg,2022,10,2,12,230,e_Very_Unhealthy,2022-10-02,16.6,23.7,513.0,2.0,1.8,93.0
"Biratnagar, Nepal",BIR_UFSG_2023-02-14- 14.30-3-9.jpg,2023,2,14,12,101,c_Unhealthy_for_Sensitive_Groups,2023-02-14,43.3,62.6,471.0,15.4,7.5,101.0
"Biratnagar, Nepal",BIR_UNFSG_VF_2023-02-03-16.00-3-25.jpg,2023,2,3,12,141,c_Unhealthy_for_Sensitive_Groups,2023-02-03,69.8,99.7,581.0,11.6,6.8,112.0
Mumbai,MH_VUN_2023-02-24-15.00-1-81.jpg,2023,2,24,12,202,e_Very_Unhealthy,2023-02-24,73.3,112.7,633.0,41.2,49.7,231.0
"Biratnagar, Nepal",BIR_UNH_VF_2023-02-02- 15.00-2-13.jpg,2023,2,2,12,156,d_Unhealthy,2023-02-02,57.2,81.7,581.0,12.1,8.5,98.0
"Knowledge park, Greater Noida",UP_UHFSG_2023-03-06-11.30-1-585.jpg,2023,3,6,12,104,c_Unhealthy_for_Sensitive_Groups,2023-03-06,57.3,103.8,710.0,101.0,20.8,124.0
"Biratnagar, Nepal",BIR_UFSG_2023-02-14- 14.30-15.jpg,2023,2,14,12,101,c_Unhealthy_for_Sensitive_Groups,2023-02-14,43.3,62.6,471.0,15.4,7.5,101.0
"Biratnagar, Nepal",BIR_UNH_VF_2023-02-02- 1700-3-15.jpg,2023,2,2,12,156,d_Unhealthy,2023-02-02,57.2,81.7,581.0,12.1,8.5,98.0
"Knowledge park, Greater Noida",UP_SEV_2023-02-19-14.30-1-18.jpg,2023,2,19,12,357,f_Severe,2023-02-19,26.7,50.5,247.0,25.1,8.3,99.0
"Biratnagar, Nepal",BIR_UNH_VF_2023-02-02- 12.00-1-8.jpg,2023,2,2,12,158,d_Unhealthy,2023-02-02,57.2,81.7,581.0,12.1,8.5,98.0
"Knowledge park, Greater Noida",UP_VUN_2023-03-02-09.00-1-89.jpg,2023,3,2,12,223,e_Very_Unhealthy,2023-03-02,20.5,48.2,338.0,56.9,14.0,72.0
Bengaluru,BENGR_UHFSG_2023-02-05-08.30-1-19.jpg,2023,2,3,12,111,c_Unhealthy_for_Sensitive_Groups,2023-02-03,19.7,31.1,321.0,13.6,3.8,86.0
"ITO, Delhi",DEL_SEV_2023-02-22-14.00-2-401.jpg,2023,2,22,12,450,f_Severe,2023-02-22,2.4,4.2,128.0,0.1,0.0,83.0
"Biratnagar, Nepal",BIR_MOD_2023-02-13-09.30-1-25.jpg,2023,2,13,12,91,b_Moderate,2023-02-13,40.7,59.3,429.0,13.7,9.2,101.0
Mumbai,MH_UH_2023-02-02- 09.30-1-25.jpg,2023,2,2,12,182,d_Unhealthy,2023-02-02,122.9,179.7,829.0,44.0,61.7,239.0
Tamil Nadu,TN_Good_2023-02-21-08.30-1-1.jpg,2023,2,21,12,29,a_Good,2023-02-21,2.1,3.2,146.0,1.6,0.3,82.0
"Knowledge park, Greater Noida",UP_VUN_2023-03-02-09.00-1-193.jpg,2023,3,2,12,223,e_Very_Unhealthy,2023-03-02,20.5,48.2,338.0,56.9,14.0,72.0
"ITO, Delhi",DEL_VUnH_2023-02-16-17.00-2-114.jpg,2023,2,16,12,293,e_Very_Unhealthy,2023-02-16,2.0,3.3,115.0,0.6,0.0,52.0
Mumbai,MH_UH_2023-02-10-14.30-1-71.jpg,2023,2,10,12,160,d_Unhealthy,2023-02-10,74.7,110.8,581.0,28.9,36.7,198.0
Mumbai,MH_UH_2023-02-18-11.00-1-55.jpg,2023,2,18,12,151,d_Unhealthy,2023-02-18,100.4,145.8,792.0,40.1,53.4,275.0
"Biratnagar, Nepal",BIR_UNFSG_VF_2023-02-03-15.00-3-35.jpg,2023,2,3,12,141,c_Unhealthy_for_Sensitive_Groups,2023-02-03,69.8,99.7,581.0,11.6,6.8,112.0
"Dimapur, Nagaland",Dimapur_UHFSG_2023-02-02- 09.00-3-54.jpg,2023,2,2,12,103,c_Unhealthy_for_Sensitive_Groups,2023-02-02,39.6,56.9,296.0,6.5,2.7,107.0
Bengaluru,BENGR_Mod_2023-03-09-08.30-1-176.jpg,2023,3,9,12,51,b_Moderate,2023-03-09,32.7,47.8,341.0,6.8,6.3,123.0
Tamil Nadu,TN_UHFSG_2023-02-10-08.30-1-32.jpg,2023,2,10,12,105,c_Unhealthy_for_Sensitive_Groups,2023-02-10,3.4,5.3,152.0,3.8,0.5,78.0
"ITO, Delhi",DEL_VUnH_2023-02-16-17.00-2-74.jpg,2023,2,16,12,293,e_Very_Unhealthy,2023-02-16,2.0,3.3,115.0,0.6,0.0,52.0
Mumbai,MH_UH_2023-02-03- 09.30-1-85.jpg,2023,2,3,12,162,d_Unhealthy,2023-02-03,121.1,177.4,813.0,48.2,60.2,256.0
"ITO, Delhi",DEL_SEV_2023-02-22-14.00-2-646.jpg,2023,2,22,12,450,f_Severe,2023-02-22,2.4,4.2,128.0,0.1,0.0,83.0
Bengaluru,BENGR_UnFSG_2023-03-08-08.30-1-266.jpg,2023,3,8,12,106,c_Unhealthy_for_Sensitive_Groups,2023-03-08,16.9,24.7,244.0,5.9,5.7,120.0
Tamil Nadu,TN_Mod_2023-02-28-08.30-1-61.jpg,2023,2,28,12,73,b_Moderate,2023-02-28,3.8,5.7,174.0,4.3,0.9,75.0
Bengaluru,BENGR_Good_2023-02-28-08.30-1-616.jpg,2023,2,28,12,37,a_Good,2023-02-28,27.2,39.7,398.0,7.6,7.8,127.0
Tamil Nadu,TN_Good_2023-02-20-08.30-1-46.jpg,2023,2,20,12,37,a_Good,2023-02-20,2.1,3.0,150.0,2.1,0.4,78.0
"Biratnagar, Nepal",BIR_MOD_2023-02-13-09.30-2-8.jpg,2023,2,13,12,91,b_Moderate,2023-02-13,40.7,59.3,429.0,13.7,9.2,101.0
Bengaluru,BENGR_Mod_2023-02-25-08.30-1-526.jpg,2023,2,25,12,73,b_Moderate,2023-02-25,19.2,27.9,256.0,7.8,9.3,142.0
"Knowledge park, Greater Noida",UP_UHFSG_2023-03-06-11.30-1-321.jpg,2023,3,6,12,104,c_Unhealthy_for_Sensitive_Groups,2023-03-06,57.3,103.8,710.0,101.0,20.8,124.0
"Biratnagar, Nepal",BIR_UNH_VF_2023-02-02- 1700-2-57.jpg,2023,2,2,12,156,d_Unhealthy,2023-02-02,57.2,81.7,581.0,12.1,8.5,98.0
Mumbai,MH_UH_2023-02-11-03.30-1-17.jpg,2023,2,11,12,154,d_Unhealthy,2023-02-11,50.5,82.9,477.0,34.0,35.6,181.0
Bengaluru,BENGR_Mod_2023-03-06-08.30-1-566.jpg,2023,3,6,12,68,b_Moderate,2023-03-06,12.6,18.6,218.0,6.5,8.2,129.0
"ITO, Delhi",DEL_SEV_2023-02-17-13.00-2-50.jpg,2023,2,17,12,372,f_Severe,2023-02-17,0.2,0.3,91.0,0.1,0.0,49.0
"Biratnagar, Nepal",BIR_UNH_VF_2023-02-02- 12.00-2-47.jpg,2023,2,2,12,158,d_Unhealthy,2023-02-02,57.2,81.7,581.0,12.1,8.5,98.0
Bengaluru,BENGR_Mod_2023-02-24-08.30-1-131.jpg,2023,2,24,12,68,b_Moderate,2023-02-24,11.3,16.6,250.0,9.2,10.1,126.0
"New Ind Town, Faridabad",HAR_VUN_2022-10-02-10.00-1-4537.jpg,2022,10,2,12,230,e_Very_Unhealthy,2022-10-02,16.6,23.7,513.0,2.0,1.8,93.0
"Knowledge park, Greater Noida",UP_UHFSG_2023-02-08-08.30-1-5.jpg,2023,2,8,12,133,c_Unhealthy_for_Sensitive_Groups,2023-02-08,53.7,112.2,526.0,86.8,19.1,87.0
"Knowledge park, Greater Noida",UP_UHFSG_2023-03-06-11.30-1-209.jpg,2023,3,6,12,104,c_Unhealthy_for_Sensitive_Groups,2023-03-06,57.3,103.8,710.0,101.0,20.8,124.0
"Biratnagar, Nepal",BIR_UFSG_2023-02-14- 14.30-1-55.jpg,2023,2,14,12,101,c_Unhealthy_for_Sensitive_Groups,2023-02-14,43.3,62.6,471.0,15.4,7.5,101.0
Bengaluru,BENGR_Mod_2023-03-04-08.30-1-106.jpg,2023,3,4,12,71,b_Moderate,2023-03-04,17.8,26.3,251.0,6.2,6.9,118.0
Mumbai,MH_UnFSG_2023-02-17-13.00-2-23.jpg,2023,2,17,12,140,c_Unhealthy_for_Sensitive_Groups,2023-02-17,64.3,96.9,620.0,42.0,43.7,225.0
Mumbai,MH_UN_2023-03-12-13.00-1-239.jpg,2023,3,12,12,156,d_Unhealthy,2023-03-12,240.3,345.5,1730.0,61.2,111.6,478.0
Mumbai,MH_UN_2023-03-13-10.00-1-190.jpg,2023,3,13,12,197,d_Unhealthy,2023-03-13,346.5,501.1,2447.0,38.8,125.9,577.0
"Biratnagar, Nepal",BIR_UNFSG_VF_2023-02-03-15.00-2-9.jpg,2023,2,3,12,141,c_Unhealthy_for_Sensitive_Groups,2023-02-03,69.8,99.7,581.0,11.6,6.8,112.0
"ITO, Delhi",DEL_VUnH_2023-02-16-17.00-2-124.jpg,2023,2,16,12,293,e_Very_Unhealthy,2023-02-16,2.0,3.3,115.0,0.6,0.0,52.0
Tamil Nadu,TN_Good_2023-02-22-09.30-1-11.jpg,2023,2,22,12,36,a_Good,2023-02-22,8.3,12.4,216.0,13.8,2.4,52.0
"Biratnagar, Nepal",BIR_UNH_VF_2023-02-03- 10.00-1-57.jpg,2023,2,3,12,163,d_Unhealthy,2023-02-03,69.8,99.7,581.0,11.6,6.8,112.0
"Biratnagar, Nepal",BIR_MOD_2023-02-13-09.30-3-54.jpg,2023,2,13,12,91,b_Moderate,2023-02-13,40.7,59.3,429.0,13.7,9.2,101.0
Mumbai,MH_UnFSG_2023-02-15-10.30-1-61.jpg,2023,2,15,12,143,c_Unhealthy_for_Sensitive_Groups,2023-02-15,82.2,119.0,737.0,40.3,51.8,253.0
Bengaluru,BENGR_Good_2023-03-25-08.30-1-73.jpg,2023,3,25,12,32,a_Good,2023-03-25,26.6,39.9,248.0,8.4,5.4,133.0
"Biratnagar, Nepal",BIR_UNH_VF_2023-02-02- 15.00-4-51.jpg,2023,2,2,12,156,d_Unhealthy,2023-02-02,57.2,81.7,581.0,12.1,8.5,98.0
"ITO, Delhi",DEL_SEV_2023-02-22-14.00-1-31.jpg,2023,2,22,12,450,f_Severe,2023-02-22,2.4,4.2,128.0,0.1,0.0,83.0
"Biratnagar, Nepal",BIR_UNFSG_VF_2023-02-03-15.00-3-53.jpg,2023,2,3,12,141,c_Unhealthy_for_Sensitive_Groups,2023-02-03,69.8,99.7,581.0,11.6,6.8,112.0
Tamil Nadu,TN_Good_2023-02-20-16.30-1-26.jpg,2023,2,20,12,43,a_Good,2023-02-20,2.1,3.0,150.0,2.1,0.4,78.0
"New Ind Town, Faridabad",HAR_VUN_2022-10-02-10.00-1-4577.jpg,2022,10,2,12,230,e_Very_Unhealthy,2022-10-02,16.6,23.7,513.0,2.0,1.8,93.0
"Biratnagar, Nepal",BIR_UNH_VF_2023-02-02- 1700-3-53.jpg,2023,2,2,12,156,d_Unhealthy,2023-02-02,57.2,81.7,581.0,12.1,8.5,98.0
Mumbai,MH_UH_2023-02-18-11.00-1-59.jpg,2023,2,18,12,151,d_Unhealthy,2023-02-18,100.4,145.8,792.0,40.1,53.4,275.0
Tamil Nadu,TN_Good_2023-02-27-16.30-1-186.jpg,2023,2,27,12,43,a_Good,2023-02-27,5.9,9.2,177.0,7.1,1.1,74.0
Mumbai,MH_VUN_2023-03-05-08.30-2-381.jpg,2023,3,5,12,284,e_Very_Unhealthy,2023-03-05,278.5,401.4,1413.0,23.7,39.9,325.0
"Biratnagar, Nepal",BIR_UNFSG_VF_2023-02-03-15.00-1-29.jpg,2023,2,3,12,141,c_Unhealthy_for_Sensitive_Groups,2023-02-03,69.8,99.7,581.0,11.6,6.8,112.0
"ITO, Delhi",DEL_VUnH_2023-02-16-14.00-3-41.jpg,2023,2,16,12,268,e_Very_Unhealthy,2023-02-16,2.0,3.3,115.0,0.6,0.0,52.0
Mumbai,MH_UH_2023-02-18-11.00-1-52.jpg,2023,2,18,12,151,d_Unhealthy,2023-02-18,100.4,145.8,792.0,40.1,53.4,275.0
Tamil Nadu,TN_Good_2023-02-23-08.30-1-81.jpg,2023,2,23,12,43,a_Good,2023-02-23,2.9,4.1,131.0,0.9,1.6,95.0
Tamil Nadu,TN_Good_2023-02-21-08.30-3-176.jpg,2023,2,21,12,29,a_Good,2023-02-21,2.1,3.2,146.0,1.6,0.3,82.0
Bengaluru,BENGR_UHFSG_2023-02-14-08.30-1-14.jpg,2023,2,14,12,102,c_Unhealthy_for_Sensitive_Groups,2023-02-14,18.2,26.3,268.0,8.6,13.0,152.0
Mumbai,MH_UN_2023-03-15-15.00-1-414.jpg,2023,3,15,12,162,d_Unhealthy,2023-03-15,190.5,276.6,1537.0,57.3,103.4,404.0
"Biratnagar, Nepal",BIR_UNH_VF_2023-02-02- 12.00-3-66.jpg,2023,2,2,12,158,d_Unhealthy,2023-02-02,57.2,81.7,581.0,12.1,8.5,98.0
Mumbai,MH_UH_2023-02-03- 09.30-1-72.jpg,2023,2,3,12,162,d_Unhealthy,2023-02-03,121.1,177.4,813.0,48.2,60.2,256.0
Mumbai,MH_UN_2023-03-12-13.00-1-1.jpg,2023,3,12,12,156,d_Unhealthy,2023-03-12,240.3,345.5,1730.0,61.2,111.6,478.0
"ITO, Delhi",DEL_SEV_2023-02-20-14.00-2-231.jpg,2023,2,20,12,363,f_Severe,2023-02-20,4.4,7.8,136.0,0.3,0.0,76.0
Tamil Nadu,TN_Good_2023-02-21-08.30-3-76.jpg,2023,2,21,12,29,a_Good,2023-02-21,2.1,3.2,146.0,1.6,0.3,82.0
"Knowledge park, Greater Noida",UP_SEV_2023-02-18-14.30-1-119.jpg,2023,2,18,12,331,f_Severe,2023-02-18,24.9,48.1,246.0,27.6,8.9,84.0
Tamil Nadu,TN_UN_2023-03-06-09.00-1-276.jpg,2023,3,6,12,161,d_Unhealthy,2023-03-06,15.6,22.5,298.0,24.2,0.8,36.0
"ITO, Delhi",DEL_UnH_2023-02-15-11.30-2-39.jpg,2023,2,15,12,179,d_Unhealthy,2023-02-15,2.5,3.7,124.0,1.0,0.0,54.0
Bengaluru,BENGR_Good_2023-03-17-08.30-1-246.jpg,2023,3,17,12,15,a_Good,2023-03-17,20.8,31.4,332.0,11.4,4.1,112.0
"ITO, Delhi",DEL_SEV_2023-02-16-18.00-2-44.jpg,2023,2,16,12,330,f_Severe,2023-02-16,2.0,3.3,115.0,0.6,0.0,52.0
Mumbai,MH_UN_2023-03-15-15.00-1-428.jpg,2023,3,15,12,162,d_Unhealthy,2023-03-15,190.5,276.6,1537.0,57.3,103.4,404.0
"ITO, Delhi",DEL_VUH_2023-02-04-17.00-2-49.jpg,2023,2,4,12,281,e_Very_Unhealthy,2023-02-04,2.8,4.9,89.0,0.2,0.1,62.0
Tamil Nadu,TN_MOD_2023-02-09-08.30-1-7.jpg,2023,2,9,12,78,b_Moderate,2023-02-09,20.1,29.8,485.0,57.4,2.2,10.0
"Biratnagar, Nepal",BIR_UNH_VF_2023-02-03- 10.00-3-42.jpg,2023,2,3,12,163,d_Unhealthy,2023-02-03,69.8,99.7,581.0,11.6,6.8,112.0
"ITO, Delhi",DEL_VUnH_2023-02-16-14.30-2.jpg,2023,2,16,12,245,e_Very_Unhealthy,2023-02-16,2.0,3.3,115.0,0.6,0.0,52.0
"ITO, Delhi",DEL_UnH_2023-02-15-11.30-1-58.jpg,2023,2,15,12,179,d_Unhealthy,2023-02-15,2.5,3.7,124.0,1.0,0.0,54.0
Tamil Nadu,TN_Good_2023-02-27-16.30-1-76.jpg,2023,2,27,12,43,a_Good,2023-02-27,5.9,9.2,177.0,7.1,1.1,74.0
Mumbai,MH_UN_2023-03-12-13.00-1-344.jpg,2023,3,12,12,156,d_Unhealthy,2023-03-12,240.3,345.5,1730.0,61.2,111.6,478.0
"New Ind Town, Faridabad",HAR_VUN_2022-10-02-10.00-1-2089.jpg,2022,10,2,12,230,e_Very_Unhealthy,2022-10-02,16.6,23.7,513.0,2.0,1.8,93.0
Mumbai,MH_UnFSG_2023-02-23-11.00-1-6.jpg,2023,2,23,12,130,c_Unhealthy_for_Sensitive_Groups,2023-02-23,70.5,109.9,662.0,40.6,61.8,226.0
"Dimapur, Nagaland",Dimapur_UHFSG_2023-02-02- 09.00-1-11.jpg,2023,2,2,12,103,c_Unhealthy_for_Sensitive_Groups,2023-02-02,39.6,56.9,296.0,6.5,2.7,107.0
"Biratnagar, Nepal",BIR_UNFSG_VF_2023-02-03-16.00-1-97.jpg,2023,2,3,12,141,c_Unhealthy_for_Sensitive_Groups,2023-02-03,69.8,99.7,581.0,11.6,6.8,112.0
Mumbai,MH_UH_2023-02-10-14.30-1-65.jpg,2023,2,10,12,160,d_Unhealthy,2023-02-10,74.7,110.8,581.0,28.9,36.7,198.0
"ITO, Delhi",DEL_SEV_2023-02-20-14.00-1-561.jpg,2023,2,20,12,363,f_Severe,2023-02-20,4.4,7.8,136.0,0.3,0.0,76.0
Bengaluru,BENGR_Good_2023-02-27-08.30-1-186.jpg,2023,2,27,12,47,a_Good,2023-02-27,10.8,15.8,277.0,6.9,7.3,131.0
"Knowledge park, Greater Noida",UP_VUN_2023-02-27-10.30-7.jpg,2023,2,27,12,299,e_Very_Unhealthy,2023-02-27,44.7,71.7,613.0,101.2,20.5,98.0
"ITO, Delhi",DEL_VUnH_2023-02-16-17.00-2-73.jpg,2023,2,16,12,293,e_Very_Unhealthy,2023-02-16,2.0,3.3,115.0,0.6,0.0,52.0
Bengaluru,BENGR_Mod_2023-03-06-08.30-1-266.jpg,2023,3,6,12,68,b_Moderate,2023-03-06,12.6,18.6,218.0,6.5,8.2,129.0
Tamil Nadu,TN_Good_2023-02-22-09.30-1-86.jpg,2023,2,22,12,36,a_Good,2023-02-22,8.3,12.4,216.0,13.8,2.4,52.0
Mumbai,MH_VUN_2023-02-25-10.00-1-271.jpg,2023,2,25,12,206,e_Very_Unhealthy,2023-02-25,64.3,98.3,654.0,37.4,50.9,173.0
"Knowledge park, Greater Noida",UP_VUN_2023-03-02-09.00-1-61.jpg,2023,3,2,12,223,e_Very_Unhealthy,2023-03-02,20.5,48.2,338.0,56.9,14.0,72.0
Bengaluru,BENGR_Mod_2023-03-04-08.30-1-241.jpg,2023,3,4,12,71,b_Moderate,2023-03-04,17.8,26.3,251.0,6.2,6.9,118.0
"New Ind Town, Faridabad",HAR_VUN_2022-10-02-10.00-1-2889.jpg,2022,10,2,12,230,e_Very_Unhealthy,2022-10-02,16.6,23.7,513.0,2.0,1.8,93.0
"ITO, Delhi",DEL_SEV_2023-02-20-14.00-1-316.jpg,2023,2,20,12,363,f_Severe,2023-02-20,4.4,7.8,136.0,0.3,0.0,76.0
"ITO, Delhi",DEL_VUnH_2023-02-16-14.30-1-20.jpg,2023,2,16,12,245,e_Very_Unhealthy,2023-02-16,2.0,3.3,115.0,0.6,0.0,52.0
"New Ind Town, Faridabad",HAR_VUN_2022-10-02-10.00-1-273.jpg,2022,10,2,12,230,e_Very_Unhealthy,2022-10-02,16.6,23.7,513.0,2.0,1.8,93.0
Bengaluru,BENGR_Good_2023-03-21-08.30-1-260.jpg,2023,3,21,12,47,a_Good,2023-03-21,9.1,13.8,245.0,15.6,3.6,110.0
"ITO, Delhi",DEL_SEV_2023-02-16-18.00-2-119.jpg,2023,2,16,12,330,f_Severe,2023-02-16,2.0,3.3,115.0,0.6,0.0,52.0
"ITO, Delhi",DEL_VUnH_2023-02-16-14.00-3-57.jpg,2023,2,16,12,268,e_Very_Unhealthy,2023-02-16,2.0,3.3,115.0,0.6,0.0,52.0
"Knowledge park, Greater Noida",UP_UHFSG_2023-03-06-11.30-1-481.jpg,2023,3,6,12,104,c_Unhealthy_for_Sensitive_Groups,2023-03-06,57.3,103.8,710.0,101.0,20.8,124.0
Mumbai,MH_Good_2023-03-22-18.00-1-349.jpg,2023,3,22,12,47,a_Good,2023-03-22,16.2,31.8,249.0,15.6,16.8,76.0
Tamil Nadu,TN_UnFSG_2023-03-03-09.00-1-106.jpg,2023,3,3,12,121,c_Unhealthy_for_Sensitive_Groups,2023-03-03,5.2,9.4,154.0,1.6,1.3,86.0
"Biratnagar, Nepal",BIR_UFSG_2023-02-14- 14.30-3-75.jpg,2023,2,14,12,101,c_Unhealthy_for_Sensitive_Groups,2023-02-14,43.3,62.6,471.0,15.4,7.5,101.0
Mumbai,MH_UH_2023-02-11-03.30-2-18.jpg,2023,2,11,12,154,d_Unhealthy,2023-02-11,50.5,82.9,477.0,34.0,35.6,181.0
Mumbai,MH_UH_2023-02-11-03.30-1-15.jpg,2023,2,11,12,154,d_Unhealthy,2023-02-11,50.5,82.9,477.0,34.0,35.6,181.0
"Biratnagar, Nepal",BIR_UNFSG_VF_2023-02-03-15.00-1-10.jpg,2023,2,3,12,141,c_Unhealthy_for_Sensitive_Groups,2023-02-03,69.8,99.7,581.0,11.6,6.8,112.0
Tamil Nadu,TN_Good_2023-02-21-08.30-2-76.jpg,2023,2,21,12,29,a_Good,2023-02-21,2.1,3.2,146.0,1.6,0.3,82.0
"New Ind Town, Faridabad",HAR_VUN_2022-10-02-10.00-1-3881.jpg,2022,10,2,12,230,e_Very_Unhealthy,2022-10-02,16.6,23.7,513.0,2.0,1.8,93.0
"Dimapur, Nagaland",Dimapur_UHFSG_2023-02-02- 09.00-1-26.jpg,2023,2,2,12,103,c_Unhealthy_for_Sensitive_Groups,2023-02-02,39.6,56.9,296.0,6.5,2.7,107.0
Bengaluru,BENGR_Mod_2023-03-06-08.30-1-391.jpg,2023,3,6,12,68,b_Moderate,2023-03-06,12.6,18.6,218.0,6.5,8.2,129.0
"ITO, Delhi",DL_VUNH_2023-02-04-17.00-1-48.jpg,2023,2,4,12,281,e_Very_Unhealthy,2023-02-04,2.8,4.9,89.0,0.2,0.1,62.0
Mumbai,MH_UH_2023-02-18-11.00-1-1.jpg,2023,2,18,12,151,d_Unhealthy,2023-02-18,100.4,145.8,792.0,40.1,53.4,275.0
"Knowledge park, Greater Noida",UP_VUN_2023-03-02-09.00-1-329.jpg,2023,3,2,12,223,e_Very_Unhealthy,2023-03-02,20.5,48.2,338.0,56.9,14.0,72.0
"Knowledge park, Greater Noida",UP_VUN_2023-03-02-09.00-1-461.jpg,2023,3,2,12,223,e_Very_Unhealthy,2023-03-02,20.5,48.2,338.0,56.9,14.0,72.0
Mumbai,MH_UN_2023-03-12-13.00-1-8.jpg,2023,3,12,12,156,d_Unhealthy,2023-03-12,240.3,345.5,1730.0,61.2,111.6,478.0
"ITO, Delhi",DEL_VUnH_2023-02-16-17.00-1-121.jpg,2023,2,16,12,293,e_Very_Unhealthy,2023-02-16,2.0,3.3,115.0,0.6,0.0,52.0
"Biratnagar, Nepal",BIR_UNFSG_VF_2023-02-03-16.00-2-58.jpg,2023,2,3,12,141,c_Unhealthy_for_Sensitive_Groups,2023-02-03,69.8,99.7,581.0,11.6,6.8,112.0
"Biratnagar, Nepal",BIR_UNH_VF_2023-02-02- 15.00-4-10.jpg,2023,2,2,12,156,d_Unhealthy,2023-02-02,57.2,81.7,581.0,12.1,8.5,98.0
Bengaluru,BENGR_Good_2023-02-27-08.30-1-301.jpg,2023,2,27,12,47,a_Good,2023-02-27,10.8,15.8,277.0,6.9,7.3,131.0
Mumbai,MH_Good_2023-03-22-18.00-7.jpg,2023,3,22,12,47,a_Good,2023-03-22,16.2,31.8,249.0,15.6,16.8,76.0
Tamil Nadu,TN_Good_2023-02-27-16.30-1-221.jpg,2023,2,27,12,43,a_Good,2023-02-27,5.9,9.2,177.0,7.1,1.1,74.0
"New Ind Town, Faridabad",HAR_VUN_2022-10-02-10.00-1-137.jpg,2022,10,2,12,230,e_Very_Unhealthy,2022-10-02,16.6,23.7,513.0,2.0,1.8,93.0
"Biratnagar, Nepal",BIR_UNH_VF_2023-02-03- 10.00-3-76.jpg,2023,2,3,12,163,d_Unhealthy,2023-02-03,69.8,99.7,581.0,11.6,6.8,112.0
Mumbai,MH_UnFSG_2023-02-15-10.30-1-59.jpg,2023,2,15,12,143,c_Unhealthy_for_Sensitive_Groups,2023-02-15,82.2,119.0,737.0,40.3,51.8,253.0
"ITO, Delhi",DEL_VUnH_2023-02-16-14.00-3-47.jpg,2023,2,16,12,268,e_Very_Unhealthy,2023-02-16,2.0,3.3,115.0,0.6,0.0,52.0
Bengaluru,BENGR_Mod_2023-02-24-08.30-1-156.jpg,2023,2,24,12,68,b_Moderate,2023-02-24,11.3,16.6,250.0,9.2,10.1,126.0
"ITO, Delhi",DEL_SEV_2023-02-20-14.00-1-286.jpg,2023,2,20,12,363,f_Severe,2023-02-20,4.4,7.8,136.0,0.3,0.0,76.0
"New Ind Town, Faridabad",HAR_VUN_2022-10-02-10.00-1-377.jpg,2022,10,2,12,230,e_Very_Unhealthy,2022-10-02,16.6,23.7,513.0,2.0,1.8,93.0
"Biratnagar, Nepal",BIR_UNFSG_VF_2023-02-03-16.00-1-60.jpg,2023,2,3,12,141,c_Unhealthy_for_Sensitive_Groups,2023-02-03,69.8,99.7,581.0,11.6,6.8,112.0
"Biratnagar, Nepal",BRI_Un_2023-02-02- 12.00-14.jpg,2023,2,2,12,158,d_Unhealthy,2023-02-02,57.2,81.7,581.0,12.1,8.5,98.0
"ITO, Delhi",DEL_VUnH_2023-02-16-14.00-3-45.jpg,2023,2,16,12,268,e_Very_Unhealthy,2023-02-16,2.0,3.3,115.0,0.6,0.0,52.0
"New Ind Town, Faridabad",HAR_VUN_2022-10-02-10.00-1-3609.jpg,2022,10,2,12,230,e_Very_Unhealthy,2022-10-02,16.6,23.7,513.0,2.0,1.8,93.0
"Biratnagar, Nepal",BIR_UNFSG_VF_2023-02-03-15.00-3-15.jpg,2023,2,3,12,141,c_Unhealthy_for_Sensitive_Groups,2023-02-03,69.8,99.7,581.0,11.6,6.8,112.0
"Knowledge park, Greater Noida",UP_UN_2023-03-01-08.30-1-401.jpg,2023,3,1,12,199,d_Unhealthy,2023-03-01,21.1,47.7,354.0,67.2,13.3,48.0
"ITO, Delhi",DEL_VUnH_2023-02-16-17.00-1-64.jpg,2023,2,16,12,293,e_Very_Unhealthy,2023-02-16,2.0,3.3,115.0,0.6,0.0,52.0
Mumbai,MH_UnFSG_2023-02-15-10.30-1-57.jpg,2023,2,15,12,143,c_Unhealthy_for_Sensitive_Groups,2023-02-15,82.2,119.0,737.0,40.3,51.8,253.0
"New Ind Town, Faridabad",HAR_VUN_2022-10-02-10.00-1-1585.jpg,2022,10,2,12,230,e_Very_Unhealthy,2022-10-02,16.6,23.7,513.0,2.0,1.8,93.0
"Biratnagar, Nepal",BRI_Un_2023-02-02- 15.00-5.jpg,2023,2,2,12,156,d_Unhealthy,2023-02-02,57.2,81.7,581.0,12.1,8.5,98.0
"Biratnagar, Nepal",BIR_MOD_2023-02-13-09.30-2-52.jpg,2023,2,13,12,91,b_Moderate,2023-02-13,40.7,59.3,429.0,13.7,9.2,101.0
Mumbai,MH_VUN_2023-03-05-08.30-2-191.jpg,2023,3,5,12,284,e_Very_Unhealthy,2023-03-05,278.5,401.4,1413.0,23.7,39.9,325.0
"Biratnagar, Nepal",BIR_UNH_VF_2023-02-02- 1700-2-33.jpg,2023,2,2,12,156,d_Unhealthy,2023-02-02,57.2,81.7,581.0,12.1,8.5,98.0
"Biratnagar, Nepal",BIR_UNH_VF_2023-02-03- 10.00-2-14.jpg,2023,2,3,12,163,d_Unhealthy,2023-02-03,69.8,99.7,581.0,11.6,6.8,112.0
"Knowledge park, Greater Noida",UP_UHFSG_2023-02-24-08.30-1-369.jpg,2023,2,24,12,141,c_Unhealthy_for_Sensitive_Groups,2023-02-24,132.7,224.4,1109.0,243.3,40.8,181.0
"ITO, Delhi",DEL_SEV_2023-02-07-14.00-1-121.jpg,2023,2,7,12,449,f_Severe,2023-02-07,3.0,5.3,89.0,0.3,0.1,54.0
Bengaluru,BENGR_Good_2023-02-26-08.30-1-391.jpg,2023,2,26,12,48,a_Good,2023-02-26,24.5,35.4,262.0,6.6,12.6,156.0
Mumbai,MH_UnFSG_2023-03-14-13.00-1-181.jpg,2023,3,14,12,138,c_Unhealthy_for_Sensitive_Groups,2023-03-14,160.7,240.3,1639.0,42.4,85.0,345.0
Bengaluru,BENGR_Mod_2023-02-21-08.30-1-66.jpg,2023,2,21,12,56,b_Moderate,2023-02-21,26.0,37.8,303.0,8.9,11.2,152.0
"Biratnagar, Nepal",BIR_UNH_VF_2023-02-02- 15.00-4-41.jpg,2023,2,2,12,156,d_Unhealthy,2023-02-02,57.2,81.7,581.0,12.1,8.5,98.0
"Biratnagar, Nepal",BIR_UNFSG_VF_2023-02-03-16.00-2-4.jpg,2023,2,3,12,141,c_Unhealthy_for_Sensitive_Groups,2023-02-03,69.8,99.7,581.0,11.6,6.8,112.0
"Biratnagar, Nepal",BIR_MOD_2023-02-13-09.30-1-15.jpg,2023,2,13,12,91,b_Moderate,2023-02-13,40.7,59.3,429.0,13.7,9.2,101.0
Mumbai,MH_UnFSG_2023-03-08-11.00-1-11.jpg,2023,3,8,12,124,c_Unhealthy_for_Sensitive_Groups,2023-03-08,97.1,144.8,836.0,49.2,63.9,264.0
"Dimapur, Nagaland",Dimapur_MOD_2023-02-10-08.30-1-8.jpg,2023,2,10,12,63,b_Moderate,2023-02-10,95.7,140.2,322.0,4.6,4.8,113.0
"Biratnagar, Nepal",BIR_UNH_VF_2023-02-03- 10.00-2-47.jpg,2023,2,3,12,163,d_Unhealthy,2023-02-03,69.8,99.7,581.0,11.6,6.8,112.0
"ITO, Delhi",DEL_SEV_2023-02-07-14.00-1-127.jpg,2023,2,7,12,449,f_Severe,2023-02-07,3.0,5.3,89.0,0.3,0.1,54.0
Bengaluru,BENGR_Good_2023-03-21-08.30-1-295.jpg,2023,3,21,12,47,a_Good,2023-03-21,9.1,13.8,245.0,15.6,3.6,110.0
Bengaluru,BENGR_Mod_2023-03-04-08.30-1-116.jpg,2023,3,4,12,71,b_Moderate,2023-03-04,17.8,26.3,251.0,6.2,6.9,118.0
Mumbai,MH_UH_2023-02-18-11.00-1-47.jpg,2023,2,18,12,151,d_Unhealthy,2023-02-18,100.4,145.8,792.0,40.1,53.4,275.0
Mumbai,MH_UnFSG_2023-03-14-13.00-1-277.jpg,2023,3,14,12,138,c_Unhealthy_for_Sensitive_Groups,2023-03-14,160.7,240.3,1639.0,42.4,85.0,345.0
Tamil Nadu,TN_UnFSG_2023-03-03-09.00-2-6.jpg,2023,3,3,12,121,c_Unhealthy_for_Sensitive_Groups,2023-03-03,5.2,9.4,154.0,1.6,1.3,86.0
"New Ind Town, Faridabad",HAR_VUN_2022-10-02-10.00-1-465.jpg,2022,10,2,12,230,e_Very_Unhealthy,2022-10-02,16.6,23.7,513.0,2.0,1.8,93.0
Tamil Nadu,TN_UN_2023-03-11-08.00-1-171.jpg,2023,3,11,12,152,d_Unhealthy,2023-03-11,4.6,7.8,155.0,2.7,0.9,90.0
"ITO, Delhi",DEL_SEV_2023-02-20-14.00-1-136.jpg,2023,2,20,12,363,f_Severe,2023-02-20,4.4,7.8,136.0,0.3,0.0,76.0
"ITO, Delhi",DEL_SEV_2023-02-20-14.00-1-281.jpg,2023,2,20,12,363,f_Severe,2023-02-20,4.4,7.8,136.0,0.3,0.0,76.0
"ITO, Delhi",DEL_SEV_2023-02-20-14.00-2-106.jpg,2023,2,20,12,363,f_Severe,2023-02-20,4.4,7.8,136.0,0.3,0.0,76.0
Mumbai,MH_UnFSG_2023-03-10-16.00-1-31.jpg,2023,3,10,12,141,c_Unhealthy_for_Sensitive_Groups,2023-03-10,51.1,75.7,577.0,42.8,39.8,185.0
Bengaluru,BENGR_Mod_2023-03-01-08.30-1-156.jpg,2023,3,1,12,70,b_Moderate,2023-03-01,17.0,25.4,362.0,6.3,6.0,122.0
"Knowledge park, Greater Noida",UP_SEV_2023-02-20-08.30-1-59.jpg,2023,2,20,12,331,f_Severe,2023-02-20,26.1,49.7,219.0,20.0,5.1,100.0
"ITO, Delhi",DEL_VUH_2023-02-04-17.00-2-44.jpg,2023,2,4,12,281,e_Very_Unhealthy,2023-02-04,2.8,4.9,89.0,0.2,0.1,62.0
"ITO, Delhi",DEL_VUnH_2023-02-16-14.30-1-58.jpg,2023,2,16,12,245,e_Very_Unhealthy,2023-02-16,2.0,3.3,115.0,0.6,0.0,52.0
Mumbai,MH_UH_2023-02-11-03.30-2-43.jpg,2023,2,11,12,154,d_Unhealthy,2023-02-11,50.5,82.9,477.0,34.0,35.6,181.0
"Biratnagar, Nepal",BIR_UFSG_2023-02-14- 14.30-1-29.jpg,2023,2,14,12,101,c_Unhealthy_for_Sensitive_Groups,2023-02-14,43.3,62.6,471.0,15.4,7.5,101.0
Mumbai,MH_VUN_2023-03-05-08.30-2-356.jpg,2023,3,5,12,284,e_Very_Unhealthy,2023-03-05,278.5,401.4,1413.0,23.7,39.9,325.0
"Knowledge park, Greater Noida",UP_SEV_2023-02-18-11.00-1-96.jpg,2023,2,18,12,320,f_Severe,2023-02-18,24.9,48.1,246.0,27.6,8.9,84.0
"Biratnagar, Nepal",BIR_MOD_2023-02-13-09.30-2-35.jpg,2023,2,13,12,91,b_Moderate,2023-02-13,40.7,59.3,429.0,13.7,9.2,101.0
"Biratnagar, Nepal",BIR_UNH_VF_2023-02-02- 12.00-3-47.jpg,2023,2,2,12,158,d_Unhealthy,2023-02-02,57.2,81.7,581.0,12.1,8.5,98.0
Mumbai,MH_UnFSG_2023-02-17-13.00-2-70.jpg,2023,2,17,12,140,c_Unhealthy_for_Sensitive_Groups,2023-02-17,64.3,96.9,620.0,42.0,43.7,225.0
"ITO, Delhi",DL_VUNH_2023-02-04-17.00-1-14.jpg,2023,2,4,12,281,e_Very_Unhealthy,2023-02-04,2.8,4.9,89.0,0.2,0.1,62.0
"ITO, Delhi",DEL_SEV_2023-02-07-14.00-1-68.jpg,2023,2,7,12,449,f_Severe,2023-02-07,3.0,5.3,89.0,0.3,0.1,54.0
"Biratnagar, Nepal",BIR_UNFSG_VF_2023-02-03-15.00-1-19.jpg,2023,2,3,12,141,c_Unhealthy_for_Sensitive_Groups,2023-02-03,69.8,99.7,581.0,11.6,6.8,112.0
Mumbai,MH_Mod_2023-03-21-15.00-13.jpg,2023,3,21,12,92,b_Moderate,2023-03-21,15.9,32.0,246.0,16.3,15.8,72.0
"New Ind Town, Faridabad",HAR_VUN_2022-10-02-10.00-1-1577.jpg,2022,10,2,12,230,e_Very_Unhealthy,2022-10-02,16.6,23.7,513.0,2.0,1.8,93.0
"Knowledge park, Greater Noida",UP_VUN_2023-03-02-09.00-1-449.jpg,2023,3,2,12,223,e_Very_Unhealthy,2023-03-02,20.5,48.2,338.0,56.9,14.0,72.0
Bengaluru,BENGR_Good_2023-03-21-08.30-1-400.jpg,2023,3,21,12,47,a_Good,2023-03-21,9.1,13.8,245.0,15.6,3.6,110.0
"Biratnagar, Nepal",BIR_UFSG_2023-02-14- 14.30-3-54.jpg,2023,2,14,12,101,c_Unhealthy_for_Sensitive_Groups,2023-02-14,43.3,62.6,471.0,15.4,7.5,101.0
"ITO, Delhi",DEL_VUnH_2023-02-16-14.30-1-178.jpg,2023,2,16,12,245,e_Very_Unhealthy,2023-02-16,2.0,3.3,115.0,0.6,0.0,52.0
Bengaluru,BENGR_Good_2023-03-25-08.30-1-2.jpg,2023,3,25,12,32,a_Good,2023-03-25,26.6,39.9,248.0,8.4,5.4,133.0
Tamil Nadu,TN_Mod_2023-02-28-08.30-1-41.jpg,2023,2,28,12,73,b_Moderate,2023-02-28,3.8,5.7,174.0,4.3,0.9,75.0
Bengaluru,BENGR_Mod_2023-03-09-08.30-1-156.jpg,2023,3,9,12,51,b_Moderate,2023-03-09,32.7,47.8,341.0,6.8,6.3,123.0
Bengaluru,BENGR_UnFSG_2023-03-08-08.30-1-31.jpg,2023,3,8,12,106,c_Unhealthy_for_Sensitive_Groups,2023-03-08,16.9,24.7,244.0,5.9,5.7,120.0
Bengaluru,BENGR_Mod_2023-03-01-08.30-1-276.jpg,2023,3,1,12,70,b_Moderate,2023-03-01,17.0,25.4,362.0,6.3,6.0,122.0
Tamil Nadu,TN_Good_2023-02-21-08.30-1-21.jpg,2023,2,21,12,29,a_Good,2023-02-21,2.1,3.2,146.0,1.6,0.3,82.0
"Biratnagar, Nepal",BIR_UNH_VF_2023-02-03- 10.00-1-29.jpg,2023,2,3,12,163,d_Unhealthy,2023-02-03,69.8,99.7,581.0,11.6,6.8,112.0
"Dimapur, Nagaland",Dimapur_MOD_2023-02-10-08.30-1-36.jpg,2023,2,10,12,63,b_Moderate,2023-02-10,95.7,140.2,322.0,4.6,4.8,113.0
"Biratnagar, Nepal",BIR_MOD_2023-02-13-09.30-2-34.jpg,2023,2,13,12,91,b_Moderate,2023-02-13,40.7,59.3,429.0,13.7,9.2,101.0
"Dimapur, Nagaland",Dimapur_MOD_2023-02-10-08.30-2-50.jpg,2023,2,10,12,63,b_Moderate,2023-02-10,95.7,140.2,322.0,4.6,4.8,113.0
"ITO, Delhi",DEL_SEV_2023-02-22-14.00-1-86.jpg,2023,2,22,12,450,f_Severe,2023-02-22,2.4,4.2,128.0,0.1,0.0,83.0
"ITO, Delhi",DEL_SEV_2023-02-20-14.00-3-291.jpg,2023,2,20,12,363,f_Severe,2023-02-20,4.4,7.8,136.0,0.3,0.0,76.0
"Biratnagar, Nepal",BIR_UNH_VF_2023-02-02- 12.00-3-75.jpg,2023,2,2,12,158,d_Unhealthy,2023-02-02,57.2,81.7,581.0,12.1,8.5,98.0
"Biratnagar, Nepal",BIR_UNFSG_VF_2023-02-03-15.00-3-11.jpg,2023,2,3,12,141,c_Unhealthy_for_Sensitive_Groups,2023-02-03,69.8,99.7,581.0,11.6,6.8,112.0
"Dimapur, Nagaland",Dimapur_UHFSG_2023-02-02- 09.00-3-77.jpg,2023,2,2,12,103,c_Unhealthy_for_Sensitive_Groups,2023-02-02,39.6,56.9,296.0,6.5,2.7,107.0
"Biratnagar, Nepal",BIR_UNH_VF_2023-02-02- 12.00-3-41.jpg,2023,2,2,12,158,d_Unhealthy,2023-02-02,57.2,81.7,581.0,12.1,8.5,98.0
Mumbai,MH_UN_2023-03-12-13.00-1-211.jpg,2023,3,12,12,156,d_Unhealthy,2023-03-12,240.3,345.5,1730.0,61.2,111.6,478.0
"Biratnagar, Nepal",BIR_UNFSG_VF_2023-02-03-16.00-2-15.jpg,2023,2,3,12,141,c_Unhealthy_for_Sensitive_Groups,2023-02-03,69.8,99.7,581.0,11.6,6.8,112.0
Tamil Nadu,TN_Good_2023-02-23-08.30-2-61.jpg,2023,2,23,12,43,a_Good,2023-02-23,2.9,4.1,131.0,0.9,1.6,95.0
Bengaluru,BENGR_Mod_2023-02-21-08.30-1-151.jpg,2023,2,21,12,56,b_Moderate,2023-02-21,26.0,37.8,303.0,8.9,11.2,152.0
"New Ind Town, Faridabad",HAR_VUN_2022-10-02-10.00-1-3161.jpg,2022,10,2,12,230,e_Very_Unhealthy,2022-10-02,16.6,23.7,513.0,2.0,1.8,93.0
"Biratnagar, Nepal",BIR_UNH_VF_2023-02-02- 1700-3-32.jpg,2023,2,2,12,156,d_Unhealthy,2023-02-02,57.2,81.7,581.0,12.1,8.5,98.0
Tamil Nadu,TN_Good_2023-02-23-08.30-1-166.jpg,2023,2,23,12,43,a_Good,2023-02-23,2.9,4.1,131.0,0.9,1.6,95.0
"ITO, Delhi",DEL_SEV_2023-02-20-14.00-2-176.jpg,2023,2,20,12,363,f_Severe,2023-02-20,4.4,7.8,136.0,0.3,0.0,76.0
Bengaluru,BENGR_Good_2023-02-28-08.30-1-631.jpg,2023,2,28,12,37,a_Good,2023-02-28,27.2,39.7,398.0,7.6,7.8,127.0
"Knowledge park, Greater Noida",UP_VUN_2023-03-02-09.00-1-453.jpg,2023,3,2,12,223,e_Very_Unhealthy,2023-03-02,20.5,48.2,338.0,56.9,14.0,72.0
Tamil Nadu,TN_UnFSG_2023-03-02-08.30-2-201.jpg,2023,3,2,12,119,c_Unhealthy_for_Sensitive_Groups,2023-03-02,8.6,16.2,185.0,2.6,1.1,86.0
Mumbai,MH_UH_2023-02-18-11.00-1-18.jpg,2023,2,18,12,151,d_Unhealthy,2023-02-18,100.4,145.8,792.0,40.1,53.4,275.0
"Dimapur, Nagaland",Dimapur_UHFSG_2023-02-02- 09.00-1-64.jpg,2023,2,2,12,103,c_Unhealthy_for_Sensitive_Groups,2023-02-02,39.6,56.9,296.0,6.5,2.7,107.0
Bengaluru,BENGR_Good_2023-02-27-08.30-1-116.jpg,2023,2,27,12,47,a_Good,2023-02-27,10.8,15.8,277.0,6.9,7.3,131.0
"ITO, Delhi",DEL_VUnH_2023-02-16-14.00-1-15.jpg,2023,2,16,12,268,e_Very_Unhealthy,2023-02-16,2.0,3.3,115.0,0.6,0.0,52.0
"Biratnagar, Nepal",BIR_UNFSG_VF_2023-02-03-16.00-1-18.jpg,2023,2,3,12,141,c_Unhealthy_for_Sensitive_Groups,2023-02-03,69.8,99.7,581.0,11.6,6.8,112.0
"Knowledge park, Greater Noida",UP_UHFSG_2023-02-24-08.30-1-433.jpg,2023,2,24,12,141,c_Unhealthy_for_Sensitive_Groups,2023-02-24,132.7,224.4,1109.0,243.3,40.8,181.0
"Biratnagar, Nepal",BIR_MOD_2023-02-13-09.30-3-40.jpg,2023,2,13,12,91,b_Moderate,2023-02-13,40.7,59.3,429.0,13.7,9.2,101.0
"Biratnagar, Nepal",BRI_Un_2023-02-03- 10.00-4.jpg,2023,2,3,12,163,d_Unhealthy,2023-02-03,69.8,99.7,581.0,11.6,6.8,112.0
"Knowledge park, Greater Noida",UP_SEV_2023-02-19-14.30-1-7.jpg,2023,2,19,12,357,f_Severe,2023-02-19,26.7,50.5,247.0,25.1,8.3,99.0
"Biratnagar, Nepal",BIR_UNH_VF_2023-02-02- 15.00-4-28.jpg,2023,2,2,12,156,d_Unhealthy,2023-02-02,57.2,81.7,581.0,12.1,8.5,98.0
"Knowledge park, Greater Noida",UP_UHFSG_2023-03-06-11.30-1-37.jpg,2023,3,6,12,104,c_Unhealthy_for_Sensitive_Groups,2023-03-06,57.3,103.8,710.0,101.0,20.8,124.0
Mumbai,MH_UN_2023-03-02-08.00-7.jpg,2023,3,2,12,156,d_Unhealthy,2023-03-02,165.8,246.8,1018.0,45.0,70.9,342.0
"Knowledge park, Greater Noida",UP_VUN_2023-03-02-09.00-1-361.jpg,2023,3,2,12,223,e_Very_Unhealthy,2023-03-02,20.5,48.2,338.0,56.9,14.0,72.0
Mumbai,MH_UnFSG_2023-03-18-11.00-8.jpg,2023,3,18,12,114,c_Unhealthy_for_Sensitive_Groups,2023-03-18,59.0,94.8,678.0,39.3,48.8,177.0
"Biratnagar, Nepal",BIR_MOD_2023-02-13-09.30-3-31.jpg,2023,2,13,12,91,b_Moderate,2023-02-13,40.7,59.3,429.0,13.7,9.2,101.0
"Biratnagar, Nepal",BIR_UNH_VF_2023-02-02- 15.00-2-69.jpg,2023,2,2,12,156,d_Unhealthy,2023-02-02,57.2,81.7,581.0,12.1,8.5,98.0
Mumbai,MH_UH_2023-02-18-11.00-1-4.jpg,2023,2,18,12,151,d_Unhealthy,2023-02-18,100.4,145.8,792.0,40.1,53.4,275.0
Bengaluru,BENGR_Mod_2023-03-04-08.30-1-86.jpg,2023,3,4,12,71,b_Moderate,2023-03-04,17.8,26.3,251.0,6.2,6.9,118.0
Mumbai,MH_UnFSG_2023-02-17-13.00-2-44.jpg,2023,2,17,12,140,c_Unhealthy_for_Sensitive_Groups,2023-02-17,64.3,96.9,620.0,42.0,43.7,225.0
"Biratnagar, Nepal",BIR_UH_2023-03-16-12.30-3-113.jpg,2023,3,16,12,154,d_Unhealthy,2023-03-16,68.5,98.7,456.0,5.4,8.3,132.0
Mumbai,MH_UN_2023-03-02-08.00-1-261.jpg,2023,3,2,12,156,d_Unhealthy,2023-03-02,165.8,246.8,1018.0,45.0,70.9,342.0
"Biratnagar, Nepal",BIR_MOD_2023-02-13-09.30-3-11.jpg,2023,2,13,12,91,b_Moderate,2023-02-13,40.7,59.3,429.0,13.7,9.2,101.0
"ITO, Delhi",DEL_SEV_2023-02-07-14.00-1-6.jpg,2023,2,7,12,449,f_Severe,2023-02-07,3.0,5.3,89.0,0.3,0.1,54.0
Bengaluru,BENGR_Mod_2023-02-21-08.30-1-581.jpg,2023,2,21,12,56,b_Moderate,2023-02-21,26.0,37.8,303.0,8.9,11.2,152.0
"ITO, Delhi",DEL_SEV_2023-02-20-14.00-1-146.jpg,2023,2,20,12,363,f_Severe,2023-02-20,4.4,7.8,136.0,0.3,0.0,76.0
Mumbai,MH_Good_2023-03-22-11.00-1-358.jpg,2023,3,22,12,49,a_Good,2023-03-22,16.2,31.8,249.0,15.6,16.8,76.0
Mumbai,MH_Good_2023-03-22-11.00-2.jpg,2023,3,22,12,49,a_Good,2023-03-22,16.2,31.8,249.0,15.6,16.8,76.0
Bengaluru,BENGR_Mod_2023-03-09-08.30-1-211.jpg,2023,3,9,12,51,b_Moderate,2023-03-09,32.7,47.8,341.0,6.8,6.3,123.0
Tamil Nadu,TN_Good_2023-02-21-08.30-3-131.jpg,2023,2,21,12,29,a_Good,2023-02-21,2.1,3.2,146.0,1.6,0.3,82.0
Mumbai,MH_VUN_2023-03-05-08.30-2-206.jpg,2023,3,5,12,284,e_Very_Unhealthy,2023-03-05,278.5,401.4,1413.0,23.7,39.9,325.0
"New Ind Town, Faridabad",HAR_VUN_2022-10-02-10.00-1-2273.jpg,2022,10,2,12,230,e_Very_Unhealthy,2022-10-02,16.6,23.7,513.0,2.0,1.8,93.0
Mumbai,MH_UnFSG_2023-03-08-11.00-1-46.jpg,2023,3,8,12,124,c_Unhealthy_for_Sensitive_Groups,2023-03-08,97.1,144.8,836.0,49.2,63.9,264.0
Tamil Nadu,TN_UN_2023-03-11-08.00-1-116.jpg,2023,3,11,12,152,d_Unhealthy,2023-03-11,4.6,7.8,155.0,2.7,0.9,90.0
Mumbai,MH_UH_2023-02-03- 09.30-1-70.jpg,2023,2,3,12,162,d_Unhealthy,2023-02-03,121.1,177.4,813.0,48.2,60.2,256.0
"ITO, Delhi",DEL_SEV_2023-02-22-14.00-2-356.jpg,2023,2,22,12,450,f_Severe,2023-02-22,2.4,4.2,128.0,0.1,0.0,83.0
Bengaluru,BENGR_Good_2023-02-26-08.30-1-76.jpg,2023,2,26,12,48,a_Good,2023-02-26,24.5,35.4,262.0,6.6,12.6,156.0
"ITO, Delhi",DEL_SEV_2023-02-22-14.00-1-51.jpg,2023,2,22,12,450,f_Severe,2023-02-22,2.4,4.2,128.0,0.1,0.0,83.0
Tamil Nadu,TN_Good_2023-02-20-08.30-1-6.jpg,2023,2,20,12,37,a_Good,2023-02-20,2.1,3.0,150.0,2.1,0.4,78.0
Mumbai,MH_UH_2023-02-10-14.30-1-57.jpg,2023,2,10,12,160,d_Unhealthy,2023-02-10,74.7,110.8,581.0,28.9,36.7,198.0
"Biratnagar, Nepal",BIR_UNH_VF_2023-02-02- 12.00-2-80.jpg,2023,2,2,12,158,d_Unhealthy,2023-02-02,57.2,81.7,581.0,12.1,8.5,98.0
"Dimapur, Nagaland",Dimapur_MOD_2023-02-10-08.30-2-4.jpg,2023,2,10,12,63,b_Moderate,2023-02-10,95.7,140.2,322.0,4.6,4.8,113.0
"Biratnagar, Nepal",BIR_UNH_VF_2023-02-02- 12.00-1-101.jpg,2023,2,2,12,158,d_Unhealthy,2023-02-02,57.2,81.7,581.0,12.1,8.5,98.0
Tamil Nadu,TN_UN_2023-03-06-09.00-1-136.jpg,2023,3,6,12,161,d_Unhealthy,2023-03-06,15.6,22.5,298.0,24.2,0.8,36.0
"Biratnagar, Nepal",BIR_MOD_2023-02-13-09.30-4-52.jpg,2023,2,13,12,91,b_Moderate,2023-02-13,40.7,59.3,429.0,13.7,9.2,101.0
Tamil Nadu,TN_MOD_2023-02-09-08.30-2-7.jpg,2023,2,9,12,78,b_Moderate,2023-02-09,20.1,29.8,485.0,57.4,2.2,10.0
"ITO, Delhi",DEL_SEV_2023-02-22-14.00-1-196.jpg,2023,2,22,12,450,f_Severe,2023-02-22,2.4,4.2,128.0,0.1,0.0,83.0
"Biratnagar, Nepal",BIR_UNH_VF_2023-02-02- 12.00-1-97.jpg,2023,2,2,12,158,d_Unhealthy,2023-02-02,57.2,81.7,581.0,12.1,8.5,98.0
Mumbai,MH_UH_2023-02-14-11.30-1-12.jpg,2023,2,14,12,160,d_Unhealthy,2023-02-14,81.3,119.0,721.0,41.8,52.8,260.0
"Biratnagar, Nepal",BIR_UNFSG_VF_2023-02-03-16.00-2-2.jpg,2023,2,3,12,141,c_Unhealthy_for_Sensitive_Groups,2023-02-03,69.8,99.7,581.0,11.6,6.8,112.0
"ITO, Delhi",DEL_SEV_2023-02-07-14.00-1-58.jpg,2023,2,7,12,449,f_Severe,2023-02-07,3.0,5.3,89.0,0.3,0.1,54.0
Bengaluru,BENGR_Mod_2023-03-01-08.30-1-441.jpg,2023,3,1,12,70,b_Moderate,2023-03-01,17.0,25.4,362.0,6.3,6.0,122.0
"Knowledge park, Greater Noida",UP_SEV_2023-02-18-11.00-1-66.jpg,2023,2,18,12,320,f_Severe,2023-02-18,24.9,48.1,246.0,27.6,8.9,84.0
"Dimapur, Nagaland",Dimapur_MOD_2023-02-10-08.30-2-57.jpg,2023,2,10,12,63,b_Moderate,2023-02-10,95.7,140.2,322.0,4.6,4.8,113.0
"ITO, Delhi",DEL_VUnH_2023-02-16-14.00-3-61.jpg,2023,2,16,12,268,e_Very_Unhealthy,2023-02-16,2.0,3.3,115.0,0.6,0.0,52.0
"Biratnagar, Nepal",BIR_UNH_VF_2023-02-02- 12.00-1-32.jpg,2023,2,2,12,158,d_Unhealthy,2023-02-02,57.2,81.7,581.0,12.1,8.5,98.0
Tamil Nadu,TN_UNH_2023-02-03-12.30-1-12.jpg,2023,2,3,12,150,d_Unhealthy,2023-02-03,26.3,38.1,500.0,65.8,1.9,18.0
"Biratnagar, Nepal",BIR_UNH_VF_2023-02-03- 10.00-1-49.jpg,2023,2,3,12,163,d_Unhealthy,2023-02-03,69.8,99.7,581.0,11.6,6.8,112.0
"ITO, Delhi",DEL_VUnH_2023-02-16-14.00-2-23.jpg,2023,2,16,12,268,e_Very_Unhealthy,2023-02-16,2.0,3.3,115.0,0.6,0.0,52.0
"ITO, Delhi",DEL_VUnH_2023-02-16-14.30-1-170.jpg,2023,2,16,12,245,e_Very_Unhealthy,2023-02-16,2.0,3.3,115.0,0.6,0.0,52.0
Bengaluru,BENGR_Good_2023-03-21-08.30-1-386.jpg,2023,3,21,12,47,a_Good,2023-03-21,9.1,13.8,245.0,15.6,3.6,110.0
"ITO, Delhi",DEL_VUnH_2023-02-16-14.30-1-220.jpg,2023,2,16,12,245,e_Very_Unhealthy,2023-02-16,2.0,3.3,115.0,0.6,0.0,52.0
"Biratnagar, Nepal",BIR_UNH_VF_2023-02-02- 15.00-2-34.jpg,2023,2,2,12,156,d_Unhealthy,2023-02-02,57.2,81.7,581.0,12.1,8.5,98.0
"ITO, Delhi",DEL_VUnH_2023-02-16-14.30-1.jpg,2023,2,16,12,245,e_Very_Unhealthy,2023-02-16,2.0,3.3,115.0,0.6,0.0,52.0
Mumbai,MH_UH_2023-02-14-11.30-1.jpg,2023,2,14,12,160,d_Unhealthy,2023-02-14,81.3,119.0,721.0,41.8,52.8,260.0
"Knowledge park, Greater Noida",UP_VUN_2023-03-02-09.00-1-481.jpg,2023,3,2,12,223,e_Very_Unhealthy,2023-03-02,20.5,48.2,338.0,56.9,14.0,72.0
"ITO, Delhi",DEL_VUH_2023-02-04-17.00-2-67.jpg,2023,2,4,12,281,e_Very_Unhealthy,2023-02-04,2.8,4.9,89.0,0.2,0.1,62.0
"Biratnagar, Nepal",BIR_UNFSG_VF_2023-02-03-16.00-1-74.jpg,2023,2,3,12,141,c_Unhealthy_for_Sensitive_Groups,2023-02-03,69.8,99.7,581.0,11.6,6.8,112.0
Tamil Nadu,TN_Good_2023-02-22-09.30-3-251.jpg,2023,2,22,12,36,a_Good,2023-02-22,8.3,12.4,216.0,13.8,2.4,52.0
"ITO, Delhi",DEL_VUnH_2023-02-16-14.30-1-282.jpg,2023,2,16,12,245,e_Very_Unhealthy,2023-02-16,2.0,3.3,115.0,0.6,0.0,52.0
Mumbai,MH_VUN_2023-02-25-10.00-1-251.jpg,2023,2,25,12,206,e_Very_Unhealthy,2023-02-25,64.3,98.3,654.0,37.4,50.9,173.0
Bengaluru,BENGR_Mod_2023-03-13-08.30-1-85.jpg,2023,3,13,12,53,b_Moderate,2023-03-13,27.1,39.7,365.0,8.1,8.5,111.0
Mumbai,MH_UnFSG_2023-02-17-19.00-2-34.jpg,2023,2,17,12,145,c_Unhealthy_for_Sensitive_Groups,2023-02-17,64.3,96.9,620.0,42.0,43.7,225.0
"Dimapur, Nagaland",Dimapur_UHFSG_2023-02-02- 09.00-3-17.jpg,2023,2,2,12,103,c_Unhealthy_for_Sensitive_Groups,2023-02-02,39.6,56.9,296.0,6.5,2.7,107.0
Mumbai,MH_UH_2023-02-11-03.30-1-32.jpg,2023,2,11,12,154,d_Unhealthy,2023-02-11,50.5,82.9,477.0,34.0,35.6,181.0
"Biratnagar, Nepal",BIR_MOD_2023-02-13-09.30-4-51.jpg,2023,2,13,12,91,b_Moderate,2023-02-13,40.7,59.3,429.0,13.7,9.2,101.0
"Knowledge park, Greater Noida",UP_SEV_2023-02-18-14.30-1-1.jpg,2023,2,18,12,331,f_Severe,2023-02-18,24.9,48.1,246.0,27.6,8.9,84.0
Bengaluru,BENGR_UHFSG_2023-02-09-08.30-1-46.jpg,2023,2,9,12,103,c_Unhealthy_for_Sensitive_Groups,2023-02-09,28.2,41.3,282.0,10.7,8.9,132.0
Tamil Nadu,TN_UnFSG_2023-03-02-08.30-2-196.jpg,2023,3,2,12,119,c_Unhealthy_for_Sensitive_Groups,2023-03-02,8.6,16.2,185.0,2.6,1.1,86.0
"Knowledge park, Greater Noida",UP_VUN_2023-02-25-14.30-1.jpg,2023,2,25,12,203,e_Very_Unhealthy,2023-02-25,81.0,127.6,426.0,45.2,13.2,250.0
Mumbai,MH_UnFSG_2023-03-08-11.00-1-411.jpg,2023,3,8,12,124,c_Unhealthy_for_Sensitive_Groups,2023-03-08,97.1,144.8,836.0,49.2,63.9,264.0
"Biratnagar, Nepal",BIR_UH_2023-03-16-12.30-4-239.jpg,2023,3,16,12,154,d_Unhealthy,2023-03-16,68.5,98.7,456.0,5.4,8.3,132.0
Mumbai,MH_UH_2023-02-03- 09.30-1-33.jpg,2023,2,3,12,162,d_Unhealthy,2023-02-03,121.1,177.4,813.0,48.2,60.2,256.0
"Biratnagar, Nepal",BIR_UFSG_2023-02-14- 14.30-3-38.jpg,2023,2,14,12,101,c_Unhealthy_for_Sensitive_Groups,2023-02-14,43.3,62.6,471.0,15.4,7.5,101.0
"Biratnagar, Nepal",BIR_MOD_2023-02-13-09.30-4-49.jpg,2023,2,13,12,91,b_Moderate,2023-02-13,40.7,59.3,429.0,13.7,9.2,101.0
"ITO, Delhi",DEL_SEV_2023-02-07-14.00-1-86.jpg,2023,2,7,12,449,f_Severe,2023-02-07,3.0,5.3,89.0,0.3,0.1,54.0
"ITO, Delhi",DEL_VUnH_2023-02-16-14.30-1-272.jpg,2023,2,16,12,245,e_Very_Unhealthy,2023-02-16,2.0,3.3,115.0,0.6,0.0,52.0
Mumbai,MH_UnFSG_2023-02-17-19.00-1-2.jpg,2023,2,17,12,145,c_Unhealthy_for_Sensitive_Groups,2023-02-17,64.3,96.9,620.0,42.0,43.7,225.0
Tamil Nadu,TN_Good_2023-02-22-09.30-1-181.jpg,2023,2,22,12,36,a_Good,2023-02-22,8.3,12.4,216.0,13.8,2.4,52.0
"New Ind Town, Faridabad",HAR_VUN_2022-10-02-10.00-1-4497.jpg,2022,10,2,12,230,e_Very_Unhealthy,2022-10-02,16.6,23.7,513.0,2.0,1.8,93.0
Bengaluru,BENGR_Good_2023-02-27-08.30-1-151.jpg,2023,2,27,12,47,a_Good,2023-02-27,10.8,15.8,277.0,6.9,7.3,131.0
"Biratnagar, Nepal",BRI_UFSG_2023-02-03- 16.00-1.jpg,2023,2,3,12,141,c_Unhealthy_for_Sensitive_Groups,2023-02-03,69.8,99.7,581.0,11.6,6.8,112.0
Tamil Nadu,TN_UnFSG_2023-03-03-09.00-1-136.jpg,2023,3,3,12,121,c_Unhealthy_for_Sensitive_Groups,2023-03-03,5.2,9.4,154.0,1.6,1.3,86.0
"ITO, Delhi",DEL_UnH_2023-02-15-11.30-1-9.jpg,2023,2,15,12,179,d_Unhealthy,2023-02-15,2.5,3.7,124.0,1.0,0.0,54.0
Tamil Nadu,TN_UnFSG_2023-03-02-08.30-2-106.jpg,2023,3,2,12,119,c_Unhealthy_for_Sensitive_Groups,2023-03-02,8.6,16.2,185.0,2.6,1.1,86.0
"Knowledge park, Greater Noida",UP_UHFSG_2023-03-06-11.30-1-93.jpg,2023,3,6,12,104,c_Unhealthy_for_Sensitive_Groups,2023-03-06,57.3,103.8,710.0,101.0,20.8,124.0
Mumbai,MH_UnFSG_2023-02-17-19.00-2-35.jpg,2023,2,17,12,145,c_Unhealthy_for_Sensitive_Groups,2023-02-17,64.3,96.9,620.0,42.0,43.7,225.0
"Biratnagar, Nepal",BRI_Un_2023-02-09-08.00-1.jpg,2023,2,9,12,171,d_Unhealthy,2023-02-09,94.8,138.8,596.0,11.1,12.4,122.0
"ITO, Delhi",DEL_SEV_2023-02-17-13.00-2-25.jpg,2023,2,17,12,372,f_Severe,2023-02-17,0.2,0.3,91.0,0.1,0.0,49.0
"New Ind Town, Faridabad",HAR_VUN_2022-10-02-10.00-1-1489.jpg,2022,10,2,12,230,e_Very_Unhealthy,2022-10-02,16.6,23.7,513.0,2.0,1.8,93.0
Mumbai,MH_UnFSG_2023-03-14-13.00-1-385.jpg,2023,3,14,12,138,c_Unhealthy_for_Sensitive_Groups,2023-03-14,160.7,240.3,1639.0,42.4,85.0,345.0
Mumbai,MH_UH_2023-02-11-03.30-2-41.jpg,2023,2,11,12,154,d_Unhealthy,2023-02-11,50.5,82.9,477.0,34.0,35.6,181.0
